date,time,project,site_id,site_name,lat,lon,sample_type,ecoli_value,unit,qualifier,detection_condition,method
2019-05-15,12:20:00,Enhanced Bacterial Monitoring 2019,DRBC-DEL-FA,Frankford Arsenal Access,40.007211,-75.0558775,Sample-Routine,1299.7,MPN/100mL,,,9223 B ~ Enzyme substrate assay for measuring total coliforms and E. coli (ONPG-MUG test or CPRG-MUG test)
2019-05-15,11:15:00,Enhanced Bacterial Monitoring 2019,DRBC-DEL-LL,Penns Landing Lagoon,39.944955,-75.140115,Sample-Routine,1203.3,MPN/100mL,,,9223 B ~ Enzyme substrate assay for measuring total coliforms and E. coli (ONPG-MUG test or CPRG-MUG test)
2019-05-15,10:40:00,Enhanced Bacterial Monitoring 2019,DRBC-DEL-NP,National Park,39.870183,-75.191331,Sample-Routine,387.3,MPN/100mL,,,9223 B ~ Enzyme substrate assay for measuring total coliforms and E. coli (ONPG-MUG test or CPRG-MUG test)
2019-05-15,11:30:00,Enhanced Bacterial Monitoring 2019,DRBC-DEL-PT,Penn Treaty Park,39.965881,-75.12755,Sample-Routine,1203.3,MPN/100mL,,,9223 B ~ Enzyme substrate assay for measuring total coliforms and E. coli (ONPG-MUG test or CPRG-MUG test)
2019-05-15,11:33:00,Enhanced Bacterial Monitoring 2019,DRBC-DEL-RC,Palmyra Cove,40.009172,-75.042703,Sample-Routine,770.1,MPN/100mL,,,9223 B ~ Enzyme substrate assay for measuring total coliforms and E. coli (ONPG-MUG test or CPRG-MUG test)
2019-05-15,11:55:00,Enhanced Bacterial Monitoring 2019,DRBC-DEL-RY,Riverton Yacht Club,40.01542,-75.018062,Sample-Routine,727,MPN/100mL,,,9223 B ~ Enzyme substrate assay for measuring total coliforms and E. coli (ONPG-MUG test or CPRG-MUG test)
2019-05-15,11:15:00,Enhanced Bacterial Monitoring 2019,DRBC-DEL-SK,Pennsauken Access,39.981027,-75.066045,Sample-Routine,920.8,MPN/100mL,,,9223 B ~ Enzyme substrate assay for measuring total coliforms and E. coli (ONPG-MUG test or CPRG-MUG test)
2019-05-15,10:50:00,Enhanced Bacterial Monitoring 2019,DRBC-DEL-WA,Washington Ave. Green,39.932115,-75.140613,Sample-Routine,686.7,MPN/100mL,,,9223 B ~ Enzyme substrate assay for measuring total coliforms and E. coli (ONPG-MUG test or CPRG-MUG test)
2019-05-20,11:55:00,Enhanced Bacterial Monitoring 2019,DRBC-DEL-FA,Frankford Arsenal Access,40.007211,-75.0558775,Sample-Routine,2419.6,MPN/100mL,,,9223 B ~ Enzyme substrate assay for measuring total coliforms and E. coli (ONPG-MUG test or CPRG-MUG test)
2019-05-20,11:10:00,Enhanced Bacterial Monitoring 2019,DRBC-DEL-LL,Penns Landing Lagoon,39.944955,-75.140115,Sample-Routine,71.2,MPN/100mL,,,9223 B ~ Enzyme substrate assay for measuring total coliforms and E. coli (ONPG-MUG test or CPRG-MUG test)
2019-05-20,10:40:00,Enhanced Bacterial Monitoring 2019,DRBC-DEL-WA,Washington Ave. Green,39.932115,-75.140613,Sample-Routine,44.1,MPN/100mL,,,9223 B ~ Enzyme substrate assay for measuring total coliforms and E. coli (ONPG-MUG test or CPRG-MUG test)
2019-05-21,08:30:00,Enhanced Bacterial Monitoring 2019,DRBC-DEL-NP,National Park,39.870183,-75.191331,Sample-Routine,201.4,MPN/100mL,,,9223 B ~ Enzyme substrate assay for measuring total coliforms and E. coli (ONPG-MUG test or CPRG-MUG test)
2019-05-21,09:05:00,Enhanced Bacterial Monitoring 2019,DRBC-DEL-PP,Payne Poynt Park,39.957888,-75.11444,Sample-Routine,547.5,MPN/100mL,,,9223 B ~ Enzyme substrate assay for measuring total coliforms and E. coli (ONPG-MUG test or CPRG-MUG test)
2019-05-21,09:50:00,Enhanced Bacterial Monitoring 2019,DRBC-DEL-RC,Palmyra Cove,40.009172,-75.042703,Sample-Routine,160.7,MPN/100mL,,,9223 B ~ Enzyme substrate assay for measuring total coliforms and E. coli (ONPG-MUG test or CPRG-MUG test)
2019-05-21,10:15:00,Enhanced Bacterial Monitoring 2019,DRBC-DEL-RY,Riverton Yacht Club,40.01542,-75.018062,Sample-Routine,69.7,MPN/100mL,,,9223 B ~ Enzyme substrate assay for measuring total coliforms and E. coli (ONPG-MUG test or CPRG-MUG test)
2019-05-21,09:30:00,Enhanced Bacterial Monitoring 2019,DRBC-DEL-SK,Pennsauken Access,39.981027,-75.066045,Sample-Routine,81.3,MPN/100mL,,,9223 B ~ Enzyme substrate assay for measuring total coliforms and E. coli (ONPG-MUG test or CPRG-MUG test)
2019-05-29,13:01:00,Enhanced Bacterial Monitoring 2019,DRBC-DEL-FA,Frankford Arsenal Access,40.007211,-75.0558775,Sample-Routine,1553.1,MPN/100mL,,,9223 B ~ Enzyme substrate assay for measuring total coliforms and E. coli (ONPG-MUG test or CPRG-MUG test)
2019-05-29,11:10:00,Enhanced Bacterial Monitoring 2019,DRBC-DEL-LL,Penns Landing Lagoon,39.944955,-75.140115,Sample-Routine,90.9,MPN/100mL,,,9223 B ~ Enzyme substrate assay for measuring total coliforms and E. coli (ONPG-MUG test or CPRG-MUG test)
2019-05-29,10:53:00,Enhanced Bacterial Monitoring 2019,DRBC-DEL-NP,National Park,39.870183,-75.191331,Sample-Routine,35.5,MPN/100mL,,,9223 B ~ Enzyme substrate assay for measuring total coliforms and E. coli (ONPG-MUG test or CPRG-MUG test)
2019-05-29,11:32:00,Enhanced Bacterial Monitoring 2019,DRBC-DEL-PP,Payne Poynt Park,39.957888,-75.11444,Sample-Routine,980.4,MPN/100mL,,,9223 B ~ Enzyme substrate assay for measuring total coliforms and E. coli (ONPG-MUG test or CPRG-MUG test)
2019-05-29,12:15:00,Enhanced Bacterial Monitoring 2019,DRBC-DEL-RC,Palmyra Cove,40.009172,-75.042703,Sample-Routine,214.2,MPN/100mL,,,9223 B ~ Enzyme substrate assay for measuring total coliforms and E. coli (ONPG-MUG test or CPRG-MUG test)
2019-05-29,12:37:00,Enhanced Bacterial Monitoring 2019,DRBC-DEL-RY,Riverton Yacht Club,40.01542,-75.018062,Sample-Routine,96,MPN/100mL,,,9223 B ~ Enzyme substrate assay for measuring total coliforms and E. coli (ONPG-MUG test or CPRG-MUG test)
2019-05-29,11:53:00,Enhanced Bacterial Monitoring 2019,DRBC-DEL-SK,Pennsauken Access,39.981027,-75.066045,Sample-Routine,365.4,MPN/100mL,,,9223 B ~ Enzyme substrate assay for measuring total coliforms and E. coli (ONPG-MUG test or CPRG-MUG test)
2019-05-29,10:50:00,Enhanced Bacterial Monitoring 2019,DRBC-DEL-WA,Washington Ave. Green,39.932115,-75.140613,Sample-Routine,93.3,MPN/100mL,,,9223 B ~ Enzyme substrate assay for measuring total coliforms and E. coli (ONPG-MUG test or CPRG-MUG test)
2019-06-10,10:03:00,Enhanced Bacterial Monitoring 2019,DRBC-DEL-FA,Frankford Arsenal Access,40.007211,-75.0558775,Sample-Routine,128.4,MPN/100mL,,,9223 B ~ Enzyme substrate assay for measuring total coliforms and E. coli (ONPG-MUG test or CPRG-MUG test)
2019-06-10,10:30:00,Enhanced Bacterial Monitoring 2019,DRBC-DEL-LL,Penns Landing Lagoon,39.944955,-75.140115,Sample-Routine,118.7,MPN/100mL,,,9223 B ~ Enzyme substrate assay for measuring total coliforms and E. coli (ONPG-MUG test or CPRG-MUG test)
2019-06-10,11:25:00,Enhanced Bacterial Monitoring 2019,DRBC-DEL-NP,National Park,39.870183,-75.191331,Sample-Routine,111.9,MPN/100mL,,,9223 B ~ Enzyme substrate assay for measuring total coliforms and E. coli (ONPG-MUG test or CPRG-MUG test)
2019-06-10,11:48:00,Enhanced Bacterial Monitoring 2019,DRBC-DEL-PP,Payne Poynt Park,39.957888,-75.11444,Sample-Routine,816.4,MPN/100mL,,,9223 B ~ Enzyme substrate assay for measuring total coliforms and E. coli (ONPG-MUG test or CPRG-MUG test)
2019-06-10,12:20:00,Enhanced Bacterial Monitoring 2019,DRBC-DEL-RC,Palmyra Cove,40.009172,-75.042703,Sample-Routine,307.6,MPN/100mL,,,9223 B ~ Enzyme substrate assay for measuring total coliforms and E. coli (ONPG-MUG test or CPRG-MUG test)
2019-06-10,12:45:00,Enhanced Bacterial Monitoring 2019,DRBC-DEL-RY,Riverton Yacht Club,40.01542,-75.018062,Sample-Routine,165.8,MPN/100mL,,,9223 B ~ Enzyme substrate assay for measuring total coliforms and E. coli (ONPG-MUG test or CPRG-MUG test)
2019-06-10,12:05:00,Enhanced Bacterial Monitoring 2019,DRBC-DEL-SK,Pennsauken Access,39.981027,-75.066045,Sample-Routine,90.9,MPN/100mL,,,9223 B ~ Enzyme substrate assay for measuring total coliforms and E. coli (ONPG-MUG test or CPRG-MUG test)
2019-06-10,10:45:00,Enhanced Bacterial Monitoring 2019,DRBC-DEL-WA,Washington Ave. Green,39.932115,-75.140613,Sample-Routine,727,MPN/100mL,,,9223 B ~ Enzyme substrate assay for measuring total coliforms and E. coli (ONPG-MUG test or CPRG-MUG test)
2019-06-19,09:31:00,Enhanced Bacterial Monitoring 2019,DRBC-DEL-FA,Frankford Arsenal Access,40.007211,-75.0558775,Sample-Routine,613.1,MPN/100mL,,,9223 B ~ Enzyme substrate assay for measuring total coliforms and E. coli (ONPG-MUG test or CPRG-MUG test)
2019-06-19,09:51:00,Enhanced Bacterial Monitoring 2019,DRBC-DEL-LL,Penns Landing Lagoon,39.944955,-75.140115,Sample-Routine,298.7,MPN/100mL,,,9223 B ~ Enzyme substrate assay for measuring total coliforms and E. coli (ONPG-MUG test or CPRG-MUG test)
2019-06-19,11:03:00,Enhanced Bacterial Monitoring 2019,DRBC-DEL-NP,National Park,39.870183,-75.191331,Sample-Routine,150,MPN/100mL,,,9223 B ~ Enzyme substrate assay for measuring total coliforms and E. coli (ONPG-MUG test or CPRG-MUG test)
2019-06-19,11:32:00,Enhanced Bacterial Monitoring 2019,DRBC-DEL-PP,Payne Poynt Park,39.957888,-75.11444,Sample-Routine,980.4,MPN/100mL,,,9223 B ~ Enzyme substrate assay for measuring total coliforms and E. coli (ONPG-MUG test or CPRG-MUG test)
2019-06-19,12:11:00,Enhanced Bacterial Monitoring 2019,DRBC-DEL-RC,Palmyra Cove,40.009172,-75.042703,Sample-Routine,866.4,MPN/100mL,,,9223 B ~ Enzyme substrate assay for measuring total coliforms and E. coli (ONPG-MUG test or CPRG-MUG test)
2019-06-19,12:39:00,Enhanced Bacterial Monitoring 2019,DRBC-DEL-RY,Riverton Yacht Club,40.01542,-75.018062,Sample-Routine,372.5,MPN/100mL,,,9223 B ~ Enzyme substrate assay for measuring total coliforms and E. coli (ONPG-MUG test or CPRG-MUG test)
2019-06-19,11:55:00,Enhanced Bacterial Monitoring 2019,DRBC-DEL-SK,Pennsauken Access,39.981027,-75.066045,Sample-Routine,365.4,MPN/100mL,,,9223 B ~ Enzyme substrate assay for measuring total coliforms and E. coli (ONPG-MUG test or CPRG-MUG test)
2019-06-19,10:26:00,Enhanced Bacterial Monitoring 2019,DRBC-DEL-WA,Washington Ave. Green,39.932115,-75.140613,Sample-Routine,686.7,MPN/100mL,,,9223 B ~ Enzyme substrate assay for measuring total coliforms and E. coli (ONPG-MUG test or CPRG-MUG test)
2019-06-25,13:25:00,Enhanced Bacterial Monitoring 2019,DRBC-DEL-FA,Frankford Arsenal Access,40.007211,-75.0558775,Sample-Routine,,MPN/100mL,K,Not Detected,9223 B ~ Enzyme substrate assay for measuring total coliforms and E. coli (ONPG-MUG test or CPRG-MUG test)
2019-06-25,12:50:00,Enhanced Bacterial Monitoring 2019,DRBC-DEL-LL,Penns Landing Lagoon,39.944955,-75.140115,Sample-Routine,307.6,MPN/100mL,,,9223 B ~ Enzyme substrate assay for measuring total coliforms and E. coli (ONPG-MUG test or CPRG-MUG test)
2019-06-25,11:30:00,Enhanced Bacterial Monitoring 2019,DRBC-DEL-NP,National Park,39.870183,-75.191331,Sample-Routine,1986.3,MPN/100mL,,,9223 B ~ Enzyme substrate assay for measuring total coliforms and E. coli (ONPG-MUG test or CPRG-MUG test)
2019-06-25,10:45:00,Enhanced Bacterial Monitoring 2019,DRBC-DEL-PP,Payne Poynt Park,39.957888,-75.11444,Sample-Routine,488.4,MPN/100mL,,,9223 B ~ Enzyme substrate assay for measuring total coliforms and E. coli (ONPG-MUG test or CPRG-MUG test)
2019-06-25,10:00:00,Enhanced Bacterial Monitoring 2019,DRBC-DEL-RC,Palmyra Cove,40.009172,-75.042703,Sample-Routine,160.7,MPN/100mL,,,9223 B ~ Enzyme substrate assay for measuring total coliforms and E. coli (ONPG-MUG test or CPRG-MUG test)
2019-06-25,09:35:00,Enhanced Bacterial Monitoring 2019,DRBC-DEL-RY,Riverton Yacht Club,40.01542,-75.018062,Sample-Routine,185,MPN/100mL,,,9223 B ~ Enzyme substrate assay for measuring total coliforms and E. coli (ONPG-MUG test or CPRG-MUG test)
2019-06-25,10:25:00,Enhanced Bacterial Monitoring 2019,DRBC-DEL-SK,Pennsauken Access,39.981027,-75.066045,Sample-Routine,275.5,MPN/100mL,,,9223 B ~ Enzyme substrate assay for measuring total coliforms and E. coli (ONPG-MUG test or CPRG-MUG test)
2019-06-25,12:25:00,Enhanced Bacterial Monitoring 2019,DRBC-DEL-WA,Washington Ave. Green,39.932115,-75.140613,Sample-Routine,727,MPN/100mL,,,9223 B ~ Enzyme substrate assay for measuring total coliforms and E. coli (ONPG-MUG test or CPRG-MUG test)
2019-07-01,13:10:00,Enhanced Bacterial Monitoring 2019,DRBC-DEL-FA,Frankford Arsenal Access,40.007211,-75.0558775,Sample-Routine,79.4,MPN/100mL,,,9223 B ~ Enzyme substrate assay for measuring total coliforms and E. coli (ONPG-MUG test or CPRG-MUG test)
2019-07-01,12:35:00,Enhanced Bacterial Monitoring 2019,DRBC-DEL-LL,Penns Landing Lagoon,39.944955,-75.140115,Sample-Routine,1046.2,MPN/100mL,,,9223 B ~ Enzyme substrate assay for measuring total coliforms and E. coli (ONPG-MUG test or CPRG-MUG test)
2019-07-01,11:10:00,Enhanced Bacterial Monitoring 2019,DRBC-DEL-NP,National Park,39.870183,-75.191331,Sample-Routine,365.4,MPN/100mL,,,9223 B ~ Enzyme substrate assay for measuring total coliforms and E. coli (ONPG-MUG test or CPRG-MUG test)
2019-07-01,10:35:00,Enhanced Bacterial Monitoring 2019,DRBC-DEL-PP,Payne Poynt Park,39.957888,-75.11444,Sample-Routine,,MPN/100mL,K,Not Detected,9223 B ~ Enzyme substrate assay for measuring total coliforms and E. coli (ONPG-MUG test or CPRG-MUG test)
2019-07-01,09:45:00,Enhanced Bacterial Monitoring 2019,DRBC-DEL-RC,Palmyra Cove,40.009172,-75.042703,Sample-Routine,191.8,MPN/100mL,,,9223 B ~ Enzyme substrate assay for measuring total coliforms and E. coli (ONPG-MUG test or CPRG-MUG test)
2019-07-01,09:25:00,Enhanced Bacterial Monitoring 2019,DRBC-DEL-RY,Riverton Yacht Club,40.01542,-75.018062,Sample-Routine,79.8,MPN/100mL,,,9223 B ~ Enzyme substrate assay for measuring total coliforms and E. coli (ONPG-MUG test or CPRG-MUG test)
2019-07-01,10:10:00,Enhanced Bacterial Monitoring 2019,DRBC-DEL-SK,Pennsauken Access,39.981027,-75.066045,Sample-Routine,157.6,MPN/100mL,,,9223 B ~ Enzyme substrate assay for measuring total coliforms and E. coli (ONPG-MUG test or CPRG-MUG test)
2019-07-01,12:00:00,Enhanced Bacterial Monitoring 2019,DRBC-DEL-WA,Washington Ave. Green,39.932115,-75.140613,Sample-Routine,816.4,MPN/100mL,,,9223 B ~ Enzyme substrate assay for measuring total coliforms and E. coli (ONPG-MUG test or CPRG-MUG test)
2019-07-09,10:10:00,Enhanced Bacterial Monitoring 2019,DRBC-DEL-FA,Frankford Arsenal Access,40.007211,-75.0558775,Sample-Routine,816.4,MPN/100mL,,,9223 B ~ Enzyme substrate assay for measuring total coliforms and E. coli (ONPG-MUG test or CPRG-MUG test)
2019-07-09,10:45:00,Enhanced Bacterial Monitoring 2019,DRBC-DEL-LL,Penns Landing Lagoon,39.944955,-75.140115,Sample-Routine,261.3,MPN/100mL,,,9223 B ~ Enzyme substrate assay for measuring total coliforms and E. coli (ONPG-MUG test or CPRG-MUG test)
2019-07-09,11:45:00,Enhanced Bacterial Monitoring 2019,DRBC-DEL-NP,National Park,39.870183,-75.191331,Sample-Routine,260.3,MPN/100mL,,,9223 B ~ Enzyme substrate assay for measuring total coliforms and E. coli (ONPG-MUG test or CPRG-MUG test)
2019-07-09,12:10:00,Enhanced Bacterial Monitoring 2019,DRBC-DEL-PP,Payne Poynt Park,39.957888,-75.11444,Sample-Routine,344.8,MPN/100mL,,,9223 B ~ Enzyme substrate assay for measuring total coliforms and E. coli (ONPG-MUG test or CPRG-MUG test)
2019-07-09,12:45:00,Enhanced Bacterial Monitoring 2019,DRBC-DEL-RC,Palmyra Cove,40.009172,-75.042703,Sample-Routine,579.4,MPN/100mL,,,9223 B ~ Enzyme substrate assay for measuring total coliforms and E. coli (ONPG-MUG test or CPRG-MUG test)
2019-07-09,12:45:00,Enhanced Bacterial Monitoring 2019,DRBC-DEL-RC,Palmyra Cove,40.009172,-75.042703,Sample-Routine,648.8,MPN/100mL,,,9223 B ~ Enzyme substrate assay for measuring total coliforms and E. coli (ONPG-MUG test or CPRG-MUG test)
2019-07-09,13:00:00,Enhanced Bacterial Monitoring 2019,DRBC-DEL-RY,Riverton Yacht Club,40.01542,-75.018062,Sample-Routine,93.4,MPN/100mL,,,9223 B ~ Enzyme substrate assay for measuring total coliforms and E. coli (ONPG-MUG test or CPRG-MUG test)
2019-07-09,13:00:00,Enhanced Bacterial Monitoring 2019,DRBC-DEL-RY,Riverton Yacht Club,40.01542,-75.018062,Sample-Routine,106.7,MPN/100mL,,,9223 B ~ Enzyme substrate assay for measuring total coliforms and E. coli (ONPG-MUG test or CPRG-MUG test)
2019-07-09,12:30:00,Enhanced Bacterial Monitoring 2019,DRBC-DEL-SK,Pennsauken Access,39.981027,-75.066045,Sample-Routine,185,MPN/100mL,,,9223 B ~ Enzyme substrate assay for measuring total coliforms and E. coli (ONPG-MUG test or CPRG-MUG test)
2019-07-09,12:30:00,Enhanced Bacterial Monitoring 2019,DRBC-DEL-SK,Pennsauken Access,39.981027,-75.066045,Sample-Routine,137.4,MPN/100mL,,,9223 B ~ Enzyme substrate assay for measuring total coliforms and E. coli (ONPG-MUG test or CPRG-MUG test)
2019-07-09,11:10:00,Enhanced Bacterial Monitoring 2019,DRBC-DEL-WA,Washington Ave. Green,39.932115,-75.140613,Sample-Routine,261.3,MPN/100mL,,,9223 B ~ Enzyme substrate assay for measuring total coliforms and E. coli (ONPG-MUG test or CPRG-MUG test)
2019-07-22,09:58:00,Enhanced Bacterial Monitoring 2019,DRBC-DEL-FA,Frankford Arsenal Access,40.007211,-75.0558775,Sample-Routine,2419.6,MPN/100mL,,,9223 B ~ Enzyme substrate assay for measuring total coliforms and E. coli (ONPG-MUG test or CPRG-MUG test)
2019-07-22,10:25:00,Enhanced Bacterial Monitoring 2019,DRBC-DEL-LL,Penns Landing Lagoon,39.944955,-75.140115,Sample-Routine,184.2,MPN/100mL,,,9223 B ~ Enzyme substrate assay for measuring total coliforms and E. coli (ONPG-MUG test or CPRG-MUG test)
2019-07-22,11:15:00,Enhanced Bacterial Monitoring 2019,DRBC-DEL-NP,National Park,39.870183,-75.191331,Sample-Routine,260.3,MPN/100mL,,,9223 B ~ Enzyme substrate assay for measuring total coliforms and E. coli (ONPG-MUG test or CPRG-MUG test)
2019-07-22,11:15:00,Enhanced Bacterial Monitoring 2019,DRBC-DEL-NP,National Park,39.870183,-75.191331,Sample-Routine,248.1,MPN/100mL,,,9223 B ~ Enzyme substrate assay for measuring total coliforms and E. coli (ONPG-MUG test or CPRG-MUG test)
2019-07-22,11:45:00,Enhanced Bacterial Monitoring 2019,DRBC-DEL-PP,Payne Poynt Park,39.957888,-75.11444,Sample-Routine,435.2,MPN/100mL,,,9223 B ~ Enzyme substrate assay for measuring total coliforms and E. coli (ONPG-MUG test or CPRG-MUG test)
2019-07-22,12:25:00,Enhanced Bacterial Monitoring 2019,DRBC-DEL-RC,Palmyra Cove,40.009172,-75.042703,Sample-Routine,517.2,MPN/100mL,,,9223 B ~ Enzyme substrate assay for measuring total coliforms and E. coli (ONPG-MUG test or CPRG-MUG test)
2019-07-22,12:45:00,Enhanced Bacterial Monitoring 2019,DRBC-DEL-RY,Riverton Yacht Club,40.01542,-75.018062,Sample-Routine,156.5,MPN/100mL,,,9223 B ~ Enzyme substrate assay for measuring total coliforms and E. coli (ONPG-MUG test or CPRG-MUG test)
2019-07-22,12:05:00,Enhanced Bacterial Monitoring 2019,DRBC-DEL-SK,Pennsauken Access,39.981027,-75.066045,Sample-Routine,93.3,MPN/100mL,,,9223 B ~ Enzyme substrate assay for measuring total coliforms and E. coli (ONPG-MUG test or CPRG-MUG test)
2019-07-22,12:05:00,Enhanced Bacterial Monitoring 2019,DRBC-DEL-SK,Pennsauken Access,39.981027,-75.066045,Sample-Routine,70.3,MPN/100mL,,,9223 B ~ Enzyme substrate assay for measuring total coliforms and E. coli (ONPG-MUG test or CPRG-MUG test)
2019-07-22,10:45:00,Enhanced Bacterial Monitoring 2019,DRBC-DEL-WA,Washington Ave. Green,39.932115,-75.140613,Sample-Routine,104.3,MPN/100mL,,,9223 B ~ Enzyme substrate assay for measuring total coliforms and E. coli (ONPG-MUG test or CPRG-MUG test)
2019-07-30,09:59:00,Enhanced Bacterial Monitoring 2019,DRBC-DEL-FA,Frankford Arsenal Access,40.007211,-75.0558775,Sample-Routine,41.4,MPN/100mL,,,9223 B ~ Enzyme substrate assay for measuring total coliforms and E. coli (ONPG-MUG test or CPRG-MUG test)
2019-07-30,10:28:00,Enhanced Bacterial Monitoring 2019,DRBC-DEL-LL,Penns Landing Lagoon,39.944955,-75.140115,Sample-Routine,59.1,MPN/100mL,,,9223 B ~ Enzyme substrate assay for measuring total coliforms and E. coli (ONPG-MUG test or CPRG-MUG test)
2019-07-30,11:30:00,Enhanced Bacterial Monitoring 2019,DRBC-DEL-NP,National Park,39.870183,-75.191331,Sample-Routine,32.7,MPN/100mL,,,9223 B ~ Enzyme substrate assay for measuring total coliforms and E. coli (ONPG-MUG test or CPRG-MUG test)
2019-07-30,12:02:00,Enhanced Bacterial Monitoring 2019,DRBC-DEL-PP,Payne Poynt Park,39.957888,-75.11444,Sample-Routine,2419.6,MPN/100mL,,,9223 B ~ Enzyme substrate assay for measuring total coliforms and E. coli (ONPG-MUG test or CPRG-MUG test)
2019-07-30,12:37:00,Enhanced Bacterial Monitoring 2019,DRBC-DEL-RC,Palmyra Cove,40.009172,-75.042703,Sample-Routine,275.5,MPN/100mL,,,9223 B ~ Enzyme substrate assay for measuring total coliforms and E. coli (ONPG-MUG test or CPRG-MUG test)
2019-07-30,12:58:00,Enhanced Bacterial Monitoring 2019,DRBC-DEL-RY,Riverton Yacht Club,40.01542,-75.018062,Sample-Routine,35.5,MPN/100mL,,,9223 B ~ Enzyme substrate assay for measuring total coliforms and E. coli (ONPG-MUG test or CPRG-MUG test)
2019-07-30,12:20:00,Enhanced Bacterial Monitoring 2019,DRBC-DEL-SK,Pennsauken Access,39.981027,-75.066045,Sample-Routine,184.2,MPN/100mL,,,9223 B ~ Enzyme substrate assay for measuring total coliforms and E. coli (ONPG-MUG test or CPRG-MUG test)
2019-07-30,10:49:00,Enhanced Bacterial Monitoring 2019,DRBC-DEL-WA,Washington Ave. Green,39.932115,-75.140613,Sample-Routine,49.6,MPN/100mL,,,9223 B ~ Enzyme substrate assay for measuring total coliforms and E. coli (ONPG-MUG test or CPRG-MUG test)
2019-08-06,10:36:00,Enhanced Bacterial Monitoring 2019,DRBC-DEL-FA,Frankford Arsenal Access,40.007211,-75.0558775,Sample-Routine,193.5,MPN/100mL,,,9223 B ~ Enzyme substrate assay for measuring total coliforms and E. coli (ONPG-MUG test or CPRG-MUG test)
2019-08-06,10:36:00,Enhanced Bacterial Monitoring 2019,DRBC-DEL-FA,Frankford Arsenal Access,40.007211,-75.0558775,Sample-Routine,,MPN/100mL,K,Not Detected,9223 B ~ Enzyme substrate assay for measuring total coliforms and E. coli (ONPG-MUG test or CPRG-MUG test)
2019-08-06,11:02:00,Enhanced Bacterial Monitoring 2019,DRBC-DEL-LL,Penns Landing Lagoon,39.944955,-75.140115,Sample-Routine,866.4,MPN/100mL,,,9223 B ~ Enzyme substrate assay for measuring total coliforms and E. coli (ONPG-MUG test or CPRG-MUG test)
2019-08-06,11:02:00,Enhanced Bacterial Monitoring 2019,DRBC-DEL-LL,Penns Landing Lagoon,39.944955,-75.140115,Sample-Routine,866.4,MPN/100mL,,,9223 B ~ Enzyme substrate assay for measuring total coliforms and E. coli (ONPG-MUG test or CPRG-MUG test)
2019-08-06,12:00:00,Enhanced Bacterial Monitoring 2019,DRBC-DEL-NP,National Park,39.870183,-75.191331,Sample-Routine,,MPN/100mL,K,Not Detected,9223 B ~ Enzyme substrate assay for measuring total coliforms and E. coli (ONPG-MUG test or CPRG-MUG test)
2019-08-06,12:00:00,Enhanced Bacterial Monitoring 2019,DRBC-DEL-NP,National Park,39.870183,-75.191331,Sample-Routine,,MPN/100mL,K,Not Detected,9223 B ~ Enzyme substrate assay for measuring total coliforms and E. coli (ONPG-MUG test or CPRG-MUG test)
2019-08-06,12:33:00,Enhanced Bacterial Monitoring 2019,DRBC-DEL-PP,Payne Poynt Park,39.957888,-75.11444,Sample-Routine,2419.6,MPN/100mL,,,9223 B ~ Enzyme substrate assay for measuring total coliforms and E. coli (ONPG-MUG test or CPRG-MUG test)
2019-08-06,12:33:00,Enhanced Bacterial Monitoring 2019,DRBC-DEL-PP,Payne Poynt Park,39.957888,-75.11444,Sample-Routine,2419.6,MPN/100mL,,,9223 B ~ Enzyme substrate assay for measuring total coliforms and E. coli (ONPG-MUG test or CPRG-MUG test)
2019-08-06,13:07:00,Enhanced Bacterial Monitoring 2019,DRBC-DEL-RC,Palmyra Cove,40.009172,-75.042703,Sample-Routine,96,MPN/100mL,,,9223 B ~ Enzyme substrate assay for measuring total coliforms and E. coli (ONPG-MUG test or CPRG-MUG test)
2019-08-06,13:07:00,Enhanced Bacterial Monitoring 2019,DRBC-DEL-RC,Palmyra Cove,40.009172,-75.042703,Sample-Routine,,MPN/100mL,K,Not Detected,9223 B ~ Enzyme substrate assay for measuring total coliforms and E. coli (ONPG-MUG test or CPRG-MUG test)
2019-08-06,13:30:00,Enhanced Bacterial Monitoring 2019,DRBC-DEL-RY,Riverton Yacht Club,40.01542,-75.018062,Sample-Routine,,MPN/100mL,K,Not Detected,9223 B ~ Enzyme substrate assay for measuring total coliforms and E. coli (ONPG-MUG test or CPRG-MUG test)
2019-08-06,13:30:00,Enhanced Bacterial Monitoring 2019,DRBC-DEL-RY,Riverton Yacht Club,40.01542,-75.018062,Sample-Routine,60.9,MPN/100mL,,,9223 B ~ Enzyme substrate assay for measuring total coliforms and E. coli (ONPG-MUG test or CPRG-MUG test)
2019-08-06,12:52:00,Enhanced Bacterial Monitoring 2019,DRBC-DEL-SK,Pennsauken Access,39.981027,-75.066045,Sample-Routine,2419.6,MPN/100mL,,,9223 B ~ Enzyme substrate assay for measuring total coliforms and E. coli (ONPG-MUG test or CPRG-MUG test)
2019-08-06,12:52:00,Enhanced Bacterial Monitoring 2019,DRBC-DEL-SK,Pennsauken Access,39.981027,-75.066045,Sample-Routine,,MPN/100mL,K,Not Detected,9223 B ~ Enzyme substrate assay for measuring total coliforms and E. coli (ONPG-MUG test or CPRG-MUG test)
2019-08-06,11:25:00,Enhanced Bacterial Monitoring 2019,DRBC-DEL-WA,Washington Ave. Green,39.932115,-75.140613,Sample-Routine,1119.9,MPN/100mL,,,9223 B ~ Enzyme substrate assay for measuring total coliforms and E. coli (ONPG-MUG test or CPRG-MUG test)
2019-08-06,11:25:00,Enhanced Bacterial Monitoring 2019,DRBC-DEL-WA,Washington Ave. Green,39.932115,-75.140613,Sample-Routine,866.4,MPN/100mL,,,9223 B ~ Enzyme substrate assay for measuring total coliforms and E. coli (ONPG-MUG test or CPRG-MUG test)
2019-08-12,13:30:00,Enhanced Bacterial Monitoring 2019,DRBC-DEL-FA,Frankford Arsenal Access,40.007211,-75.0558775,Sample-Routine,206.4,MPN/100mL,,,9223 B ~ Enzyme substrate assay for measuring total coliforms and E. coli (ONPG-MUG test or CPRG-MUG test)
2019-08-12,13:05:00,Enhanced Bacterial Monitoring 2019,DRBC-DEL-LL,Penns Landing Lagoon,39.944955,-75.140115,Sample-Routine,579.4,MPN/100mL,,,9223 B ~ Enzyme substrate assay for measuring total coliforms and E. coli (ONPG-MUG test or CPRG-MUG test)
2019-08-12,11:35:00,Enhanced Bacterial Monitoring 2019,DRBC-DEL-NP,National Park,39.870183,-75.191331,Sample-Routine,1986.3,MPN/100mL,,,9223 B ~ Enzyme substrate assay for measuring total coliforms and E. coli (ONPG-MUG test or CPRG-MUG test)
2019-08-12,11:00:00,Enhanced Bacterial Monitoring 2019,DRBC-DEL-PP,Payne Poynt Park,39.957888,-75.11444,Sample-Routine,2419.6,MPN/100mL,,,9223 B ~ Enzyme substrate assay for measuring total coliforms and E. coli (ONPG-MUG test or CPRG-MUG test)
2019-08-12,10:15:00,Enhanced Bacterial Monitoring 2019,DRBC-DEL-RC,Palmyra Cove,40.009172,-75.042703,Sample-Routine,17.5,MPN/100mL,,,9223 B ~ Enzyme substrate assay for measuring total coliforms and E. coli (ONPG-MUG test or CPRG-MUG test)
2019-08-12,09:45:00,Enhanced Bacterial Monitoring 2019,DRBC-DEL-RY,Riverton Yacht Club,40.01542,-75.018062,Sample-Routine,67.7,MPN/100mL,,,9223 B ~ Enzyme substrate assay for measuring total coliforms and E. coli (ONPG-MUG test or CPRG-MUG test)
2019-08-12,09:45:00,Enhanced Bacterial Monitoring 2019,DRBC-DEL-RY,Riverton Yacht Club,40.01542,-75.018062,Sample-Routine,2419.6,MPN/100mL,,,9223 B ~ Enzyme substrate assay for measuring total coliforms and E. coli (ONPG-MUG test or CPRG-MUG test)
2019-08-12,10:30:00,Enhanced Bacterial Monitoring 2019,DRBC-DEL-SK,Pennsauken Access,39.981027,-75.066045,Sample-Routine,67,MPN/100mL,,,9223 B ~ Enzyme substrate assay for measuring total coliforms and E. coli (ONPG-MUG test or CPRG-MUG test)
2019-08-12,10:30:00,Enhanced Bacterial Monitoring 2019,DRBC-DEL-SK,Pennsauken Access,39.981027,-75.066045,Sample-Routine,52,MPN/100mL,,,9223 B ~ Enzyme substrate assay for measuring total coliforms and E. coli (ONPG-MUG test or CPRG-MUG test)
2019-08-12,12:35:00,Enhanced Bacterial Monitoring 2019,DRBC-DEL-WA,Washington Ave. Green,39.932115,-75.140613,Sample-Routine,62.9,MPN/100mL,,,9223 B ~ Enzyme substrate assay for measuring total coliforms and E. coli (ONPG-MUG test or CPRG-MUG test)
2019-08-12,12:35:00,Enhanced Bacterial Monitoring 2019,DRBC-DEL-WA,Washington Ave. Green,39.932115,-75.140613,Sample-Routine,83.9,MPN/100mL,,,9223 B ~ Enzyme substrate assay for measuring total coliforms and E. coli (ONPG-MUG test or CPRG-MUG test)
2019-08-19,09:26:00,Enhanced Bacterial Monitoring 2019,DRBC-DEL-FA,Frankford Arsenal Access,40.007211,-75.0558775,Sample-Routine,547.5,MPN/100mL,,,9223 B ~ Enzyme substrate assay for measuring total coliforms and E. coli (ONPG-MUG test or CPRG-MUG test)
2019-08-19,09:26:00,Enhanced Bacterial Monitoring 2019,DRBC-DEL-FA,Frankford Arsenal Access,40.007211,-75.0558775,Sample-Routine,416,MPN/100mL,,,9223 B ~ Enzyme substrate assay for measuring total coliforms and E. coli (ONPG-MUG test or CPRG-MUG test)
2019-08-19,11:00:00,Enhanced Bacterial Monitoring 2019,DRBC-DEL-LL,Penns Landing Lagoon,39.944955,-75.140115,Sample-Routine,145,MPN/100mL,,,9223 B ~ Enzyme substrate assay for measuring total coliforms and E. coli (ONPG-MUG test or CPRG-MUG test)
2019-08-19,11:00:00,Enhanced Bacterial Monitoring 2019,DRBC-DEL-LL,Penns Landing Lagoon,39.944955,-75.140115,Sample-Routine,110.6,MPN/100mL,,,9223 B ~ Enzyme substrate assay for measuring total coliforms and E. coli (ONPG-MUG test or CPRG-MUG test)
2019-08-19,11:56:00,Enhanced Bacterial Monitoring 2019,DRBC-DEL-NP,National Park,39.870183,-75.191331,Sample-Routine,517.2,MPN/100mL,,,9223 B ~ Enzyme substrate assay for measuring total coliforms and E. coli (ONPG-MUG test or CPRG-MUG test)
2019-08-19,12:23:00,Enhanced Bacterial Monitoring 2019,DRBC-DEL-PP,Payne Poynt Park,39.957888,-75.11444,Sample-Routine,2419.6,MPN/100mL,,,9223 B ~ Enzyme substrate assay for measuring total coliforms and E. coli (ONPG-MUG test or CPRG-MUG test)
2019-08-19,13:00:00,Enhanced Bacterial Monitoring 2019,DRBC-DEL-RC,Palmyra Cove,40.009172,-75.042703,Sample-Routine,145,MPN/100mL,,,9223 B ~ Enzyme substrate assay for measuring total coliforms and E. coli (ONPG-MUG test or CPRG-MUG test)
2019-08-19,13:20:00,Enhanced Bacterial Monitoring 2019,DRBC-DEL-RY,Riverton Yacht Club,40.01542,-75.018062,Sample-Routine,40.4,MPN/100mL,,,9223 B ~ Enzyme substrate assay for measuring total coliforms and E. coli (ONPG-MUG test or CPRG-MUG test)
2019-08-19,12:45:00,Enhanced Bacterial Monitoring 2019,DRBC-DEL-SK,Pennsauken Access,39.981027,-75.066045,Sample-Routine,104.6,MPN/100mL,,,9223 B ~ Enzyme substrate assay for measuring total coliforms and E. coli (ONPG-MUG test or CPRG-MUG test)
2019-08-19,11:25:00,Enhanced Bacterial Monitoring 2019,DRBC-DEL-WA,Washington Ave. Green,39.932115,-75.140613,Sample-Routine,42,MPN/100mL,,,9223 B ~ Enzyme substrate assay for measuring total coliforms and E. coli (ONPG-MUG test or CPRG-MUG test)
2019-08-19,11:25:00,Enhanced Bacterial Monitoring 2019,DRBC-DEL-WA,Washington Ave. Green,39.932115,-75.140613,Sample-Routine,52,MPN/100mL,,,9223 B ~ Enzyme substrate assay for measuring total coliforms and E. coli (ONPG-MUG test or CPRG-MUG test)
2019-08-28,13:05:00,Enhanced Bacterial Monitoring 2019,DRBC-DEL-FA,Frankford Arsenal Access,40.007211,-75.0558775,Sample-Routine,261.3,MPN/100mL,,,9223 B ~ Enzyme substrate assay for measuring total coliforms and E. coli (ONPG-MUG test or CPRG-MUG test)
2019-08-28,13:05:00,Enhanced Bacterial Monitoring 2019,DRBC-DEL-FA,Frankford Arsenal Access,40.007211,-75.0558775,Sample-Routine,248.9,MPN/100mL,,,9223 B ~ Enzyme substrate assay for measuring total coliforms and E. coli (ONPG-MUG test or CPRG-MUG test)
2019-08-28,12:40:00,Enhanced Bacterial Monitoring 2019,DRBC-DEL-LL,Penns Landing Lagoon,39.944955,-75.140115,Sample-Routine,488.4,MPN/100mL,,,9223 B ~ Enzyme substrate assay for measuring total coliforms and E. coli (ONPG-MUG test or CPRG-MUG test)
2019-08-28,11:41:00,Enhanced Bacterial Monitoring 2019,DRBC-DEL-NP,National Park,39.870183,-75.191331,Sample-Routine,57.1,MPN/100mL,,,9223 B ~ Enzyme substrate assay for measuring total coliforms and E. coli (ONPG-MUG test or CPRG-MUG test)
2019-08-28,11:10:00,Enhanced Bacterial Monitoring 2019,DRBC-DEL-PP,Payne Poynt Park,39.957888,-75.11444,Sample-Routine,920.8,MPN/100mL,,,9223 B ~ Enzyme substrate assay for measuring total coliforms and E. coli (ONPG-MUG test or CPRG-MUG test)
2019-08-28,10:35:00,Enhanced Bacterial Monitoring 2019,DRBC-DEL-RC,Palmyra Cove,40.009172,-75.042703,Sample-Routine,91,MPN/100mL,,,9223 B ~ Enzyme substrate assay for measuring total coliforms and E. coli (ONPG-MUG test or CPRG-MUG test)
2019-08-28,10:35:00,Enhanced Bacterial Monitoring 2019,DRBC-DEL-RC,Palmyra Cove,40.009172,-75.042703,Sample-Routine,101.4,MPN/100mL,,,9223 B ~ Enzyme substrate assay for measuring total coliforms and E. coli (ONPG-MUG test or CPRG-MUG test)
2019-08-28,10:20:00,Enhanced Bacterial Monitoring 2019,DRBC-DEL-RY,Riverton Yacht Club,40.01542,-75.018062,Sample-Routine,110.6,MPN/100mL,,,9223 B ~ Enzyme substrate assay for measuring total coliforms and E. coli (ONPG-MUG test or CPRG-MUG test)
2019-08-28,10:50:00,Enhanced Bacterial Monitoring 2019,DRBC-DEL-SK,Pennsauken Access,39.981027,-75.066045,Sample-Routine,71.2,MPN/100mL,,,9223 B ~ Enzyme substrate assay for measuring total coliforms and E. coli (ONPG-MUG test or CPRG-MUG test)
2019-08-28,10:50:00,Enhanced Bacterial Monitoring 2019,DRBC-DEL-SK,Pennsauken Access,39.981027,-75.066045,Sample-Routine,104.6,MPN/100mL,,,9223 B ~ Enzyme substrate assay for measuring total coliforms and E. coli (ONPG-MUG test or CPRG-MUG test)
2019-08-28,12:25:00,Enhanced Bacterial Monitoring 2019,DRBC-DEL-WA,Washington Ave. Green,39.932115,-75.140613,Sample-Routine,387.3,MPN/100mL,,,9223 B ~ Enzyme substrate assay for measuring total coliforms and E. coli (ONPG-MUG test or CPRG-MUG test)
2019-09-04,12:45:00,Enhanced Bacterial Monitoring 2019,DRBC-DEL-FA,Frankford Arsenal Access,40.007211,-75.0558775,Sample-Routine,2419.6,MPN/100mL,,,9223 B ~ Enzyme substrate assay for measuring total coliforms and E. coli (ONPG-MUG test or CPRG-MUG test)
2019-09-04,12:20:00,Enhanced Bacterial Monitoring 2019,DRBC-DEL-LL,Penns Landing Lagoon,39.944955,-75.140115,Sample-Routine,1732.9,MPN/100mL,,,9223 B ~ Enzyme substrate assay for measuring total coliforms and E. coli (ONPG-MUG test or CPRG-MUG test)
2019-09-04,12:20:00,Enhanced Bacterial Monitoring 2019,DRBC-DEL-LL,Penns Landing Lagoon,39.944955,-75.140115,Sample-Routine,2419.6,MPN/100mL,,,9223 B ~ Enzyme substrate assay for measuring total coliforms and E. coli (ONPG-MUG test or CPRG-MUG test)
2019-09-04,11:05:00,Enhanced Bacterial Monitoring 2019,DRBC-DEL-NP,National Park,39.870183,-75.191331,Sample-Routine,2419.6,MPN/100mL,,,9223 B ~ Enzyme substrate assay for measuring total coliforms and E. coli (ONPG-MUG test or CPRG-MUG test)
2019-09-04,10:40:00,Enhanced Bacterial Monitoring 2019,DRBC-DEL-PP,Payne Poynt Park,39.957888,-75.11444,Sample-Routine,980.4,MPN/100mL,,,9223 B ~ Enzyme substrate assay for measuring total coliforms and E. coli (ONPG-MUG test or CPRG-MUG test)
2019-09-04,10:00:00,Enhanced Bacterial Monitoring 2019,DRBC-DEL-RC,Palmyra Cove,40.009172,-75.042703,Sample-Routine,387.3,MPN/100mL,,,9223 B ~ Enzyme substrate assay for measuring total coliforms and E. coli (ONPG-MUG test or CPRG-MUG test)
2019-09-04,09:40:00,Enhanced Bacterial Monitoring 2019,DRBC-DEL-RY,Riverton Yacht Club,40.01542,-75.018062,Sample-Routine,172.5,MPN/100mL,,,9223 B ~ Enzyme substrate assay for measuring total coliforms and E. coli (ONPG-MUG test or CPRG-MUG test)
2019-09-04,09:40:00,Enhanced Bacterial Monitoring 2019,DRBC-DEL-RY,Riverton Yacht Club,40.01542,-75.018062,Sample-Routine,157.6,MPN/100mL,,,9223 B ~ Enzyme substrate assay for measuring total coliforms and E. coli (ONPG-MUG test or CPRG-MUG test)
2019-09-04,10:20:00,Enhanced Bacterial Monitoring 2019,DRBC-DEL-SK,Pennsauken Access,39.981027,-75.066045,Sample-Routine,461.1,MPN/100mL,,,9223 B ~ Enzyme substrate assay for measuring total coliforms and E. coli (ONPG-MUG test or CPRG-MUG test)
2019-09-04,10:20:00,Enhanced Bacterial Monitoring 2019,DRBC-DEL-SK,Pennsauken Access,39.981027,-75.066045,Sample-Routine,488.4,MPN/100mL,,,9223 B ~ Enzyme substrate assay for measuring total coliforms and E. coli (ONPG-MUG test or CPRG-MUG test)
2019-09-04,11:55:00,Enhanced Bacterial Monitoring 2019,DRBC-DEL-WA,Washington Ave. Green,39.932115,-75.140613,Sample-Routine,613.1,MPN/100mL,,,9223 B ~ Enzyme substrate assay for measuring total coliforms and E. coli (ONPG-MUG test or CPRG-MUG test)
2019-09-09,12:40:00,Enhanced Bacterial Monitoring 2019,DRBC-DEL-FA,Frankford Arsenal Access,40.007211,-75.0558775,Sample-Routine,69.7,MPN/100mL,,,9223 B ~ Enzyme substrate assay for measuring total coliforms and E. coli (ONPG-MUG test or CPRG-MUG test)
2019-09-09,12:40:00,Enhanced Bacterial Monitoring 2019,DRBC-DEL-FA,Frankford Arsenal Access,40.007211,-75.0558775,Sample-Routine,86,MPN/100mL,,,9223 B ~ Enzyme substrate assay for measuring total coliforms and E. coli (ONPG-MUG test or CPRG-MUG test)
2019-09-09,12:15:00,Enhanced Bacterial Monitoring 2019,DRBC-DEL-LL,Penns Landing Lagoon,39.944955,-75.140115,Sample-Routine,435.2,MPN/100mL,,,9223 B ~ Enzyme substrate assay for measuring total coliforms and E. coli (ONPG-MUG test or CPRG-MUG test)
2019-09-09,12:15:00,Enhanced Bacterial Monitoring 2019,DRBC-DEL-LL,Penns Landing Lagoon,39.944955,-75.140115,Sample-Routine,517.2,MPN/100mL,,,9223 B ~ Enzyme substrate assay for measuring total coliforms and E. coli (ONPG-MUG test or CPRG-MUG test)
2019-09-09,10:45:00,Enhanced Bacterial Monitoring 2019,DRBC-DEL-NP,National Park,39.870183,-75.191331,Sample-Routine,201.4,MPN/100mL,,,9223 B ~ Enzyme substrate assay for measuring total coliforms and E. coli (ONPG-MUG test or CPRG-MUG test)
2019-09-09,10:20:00,Enhanced Bacterial Monitoring 2019,DRBC-DEL-PP,Payne Poynt Park,39.957888,-75.11444,Sample-Routine,648.8,MPN/100mL,,,9223 B ~ Enzyme substrate assay for measuring total coliforms and E. coli (ONPG-MUG test or CPRG-MUG test)
2019-09-09,09:45:00,Enhanced Bacterial Monitoring 2019,DRBC-DEL-RC,Palmyra Cove,40.009172,-75.042703,Sample-Routine,146.7,MPN/100mL,,,9223 B ~ Enzyme substrate assay for measuring total coliforms and E. coli (ONPG-MUG test or CPRG-MUG test)
2019-09-09,09:45:00,Enhanced Bacterial Monitoring 2019,DRBC-DEL-RC,Palmyra Cove,40.009172,-75.042703,Sample-Routine,209.8,MPN/100mL,,,9223 B ~ Enzyme substrate assay for measuring total coliforms and E. coli (ONPG-MUG test or CPRG-MUG test)
2019-09-09,09:30:00,Enhanced Bacterial Monitoring 2019,DRBC-DEL-RY,Riverton Yacht Club,40.01542,-75.018062,Sample-Routine,125.9,MPN/100mL,,,9223 B ~ Enzyme substrate assay for measuring total coliforms and E. coli (ONPG-MUG test or CPRG-MUG test)
2019-09-09,10:00:00,Enhanced Bacterial Monitoring 2019,DRBC-DEL-SK,Pennsauken Access,39.981027,-75.066045,Sample-Routine,75.4,MPN/100mL,,,9223 B ~ Enzyme substrate assay for measuring total coliforms and E. coli (ONPG-MUG test or CPRG-MUG test)
2019-09-09,11:40:00,Enhanced Bacterial Monitoring 2019,DRBC-DEL-WA,Washington Ave. Green,39.932115,-75.140613,Sample-Routine,285.1,MPN/100mL,,,9223 B ~ Enzyme substrate assay for measuring total coliforms and E. coli (ONPG-MUG test or CPRG-MUG test)
2019-09-16,12:30:00,Enhanced Bacterial Monitoring 2019,DRBC-DEL-FA,Frankford Arsenal Access,40.007211,-75.0558775,Sample-Routine,2419.6,MPN/100mL,,,9223 B ~ Enzyme substrate assay for measuring total coliforms and E. coli (ONPG-MUG test or CPRG-MUG test)
2019-09-16,11:50:00,Enhanced Bacterial Monitoring 2019,DRBC-DEL-LL,Penns Landing Lagoon,39.944955,-75.140115,Sample-Routine,816.4,MPN/100mL,,,9223 B ~ Enzyme substrate assay for measuring total coliforms and E. coli (ONPG-MUG test or CPRG-MUG test)
2019-09-16,11:50:00,Enhanced Bacterial Monitoring 2019,DRBC-DEL-LL,Penns Landing Lagoon,39.944955,-75.140115,Sample-Routine,435.2,MPN/100mL,,,9223 B ~ Enzyme substrate assay for measuring total coliforms and E. coli (ONPG-MUG test or CPRG-MUG test)
2019-09-16,10:40:00,Enhanced Bacterial Monitoring 2019,DRBC-DEL-NP,National Park,39.870183,-75.191331,Sample-Routine,866.4,MPN/100mL,,,9223 B ~ Enzyme substrate assay for measuring total coliforms and E. coli (ONPG-MUG test or CPRG-MUG test)
2019-09-16,10:10:00,Enhanced Bacterial Monitoring 2019,DRBC-DEL-PP,Payne Poynt Park,39.957888,-75.11444,Sample-Routine,601.5,MPN/100mL,,,9223 B ~ Enzyme substrate assay for measuring total coliforms and E. coli (ONPG-MUG test or CPRG-MUG test)
2019-09-16,09:25:00,Enhanced Bacterial Monitoring 2019,DRBC-DEL-RC,Palmyra Cove,40.009172,-75.042703,Sample-Routine,149.7,MPN/100mL,,,9223 B ~ Enzyme substrate assay for measuring total coliforms and E. coli (ONPG-MUG test or CPRG-MUG test)
2019-09-16,09:05:00,Enhanced Bacterial Monitoring 2019,DRBC-DEL-RY,Riverton Yacht Club,40.01542,-75.018062,Sample-Routine,152.9,MPN/100mL,,,9223 B ~ Enzyme substrate assay for measuring total coliforms and E. coli (ONPG-MUG test or CPRG-MUG test)
2019-09-16,09:45:00,Enhanced Bacterial Monitoring 2019,DRBC-DEL-SK,Pennsauken Access,39.981027,-75.066045,Sample-Routine,686.7,MPN/100mL,,,9223 B ~ Enzyme substrate assay for measuring total coliforms and E. coli (ONPG-MUG test or CPRG-MUG test)
2019-09-16,09:45:00,Enhanced Bacterial Monitoring 2019,DRBC-DEL-SK,Pennsauken Access,39.981027,-75.066045,Sample-Routine,613.1,MPN/100mL,,,9223 B ~ Enzyme substrate assay for measuring total coliforms and E. coli (ONPG-MUG test or CPRG-MUG test)
2019-09-16,11:30:00,Enhanced Bacterial Monitoring 2019,DRBC-DEL-WA,Washington Ave. Green,39.932115,-75.140613,Sample-Routine,64.5,MPN/100mL,,,9223 B ~ Enzyme substrate assay for measuring total coliforms and E. coli (ONPG-MUG test or CPRG-MUG test)
2019-09-24,12:35:00,Enhanced Bacterial Monitoring 2019,DRBC-DEL-LL,Penns Landing Lagoon,39.944955,-75.140115,Sample-Routine,1553.1,MPN/100mL,,,9223 B ~ Enzyme substrate assay for measuring total coliforms and E. coli (ONPG-MUG test or CPRG-MUG test)
2019-09-24,12:35:00,Enhanced Bacterial Monitoring 2019,DRBC-DEL-LL,Penns Landing Lagoon,39.944955,-75.140115,Sample-Routine,1413.6,MPN/100mL,,,9223 B ~ Enzyme substrate assay for measuring total coliforms and E. coli (ONPG-MUG test or CPRG-MUG test)
2019-09-24,11:15:00,Enhanced Bacterial Monitoring 2019,DRBC-DEL-NP,National Park,39.870183,-75.191331,Sample-Routine,19.7,MPN/100mL,,,9223 B ~ Enzyme substrate assay for measuring total coliforms and E. coli (ONPG-MUG test or CPRG-MUG test)
2019-09-24,10:45:00,Enhanced Bacterial Monitoring 2019,DRBC-DEL-PP,Payne Poynt Park,39.957888,-75.11444,Sample-Routine,,MPN/100mL,K,Not Detected,9223 B ~ Enzyme substrate assay for measuring total coliforms and E. coli (ONPG-MUG test or CPRG-MUG test)
2019-09-24,10:00:00,Enhanced Bacterial Monitoring 2019,DRBC-DEL-RC,Palmyra Cove,40.009172,-75.042703,Sample-Routine,90.9,MPN/100mL,,,9223 B ~ Enzyme substrate assay for measuring total coliforms and E. coli (ONPG-MUG test or CPRG-MUG test)
2019-09-24,09:50:00,Enhanced Bacterial Monitoring 2019,DRBC-DEL-RY,Riverton Yacht Club,40.01542,-75.018062,Sample-Routine,128.1,MPN/100mL,,,9223 B ~ Enzyme substrate assay for measuring total coliforms and E. coli (ONPG-MUG test or CPRG-MUG test)
2019-09-24,10:25:00,Enhanced Bacterial Monitoring 2019,DRBC-DEL-SK,Pennsauken Access,39.981027,-75.066045,Sample-Routine,166.4,MPN/100mL,,,9223 B ~ Enzyme substrate assay for measuring total coliforms and E. coli (ONPG-MUG test or CPRG-MUG test)
2019-09-24,10:25:00,Enhanced Bacterial Monitoring 2019,DRBC-DEL-SK,Pennsauken Access,39.981027,-75.066045,Sample-Routine,248.9,MPN/100mL,,,9223 B ~ Enzyme substrate assay for measuring total coliforms and E. coli (ONPG-MUG test or CPRG-MUG test)
2019-09-24,12:10:00,Enhanced Bacterial Monitoring 2019,DRBC-DEL-WA,Washington Ave. Green,39.932115,-75.140613,Sample-Routine,151.5,MPN/100mL,,,9223 B ~ Enzyme substrate assay for measuring total coliforms and E. coli (ONPG-MUG test or CPRG-MUG test)
2020-07-14,12:09:59,Enhanced Bacterial Monitoring 2020,DRBC-DEL-FA,Frankford Arsenal Access,40.007211,-75.0558775,Sample-Routine,461.1,MPN/100mL,,,9223 B ~ Enzyme substrate assay for measuring total coliforms and E. coli (ONPG-MUG test or CPRG-MUG test)
2020-07-14,10:59:59,Enhanced Bacterial Monitoring 2020,DRBC-DEL-LL,Penns Landing Lagoon,39.944955,-75.140115,Sample-Routine,70.8,MPN/100mL,,,9223 B ~ Enzyme substrate assay for measuring total coliforms and E. coli (ONPG-MUG test or CPRG-MUG test)
2020-07-14,09:49:59,Enhanced Bacterial Monitoring 2020,DRBC-DEL-NP,National Park,39.870183,-75.191331,Sample-Routine,107.1,MPN/100mL,,,9223 B ~ Enzyme substrate assay for measuring total coliforms and E. coli (ONPG-MUG test or CPRG-MUG test)
2020-07-14,09:09:59,Enhanced Bacterial Monitoring 2020,DRBC-DEL-PP,Payne Poynt Park,39.957888,-75.11444,Sample-Routine,727,MPN/100mL,,,9223 B ~ Enzyme substrate assay for measuring total coliforms and E. coli (ONPG-MUG test or CPRG-MUG test)
2020-07-14,11:19:59,Enhanced Bacterial Monitoring 2020,DRBC-DEL-PT,Penn Treaty Park,39.965881,-75.12755,Sample-Routine,148.3,MPN/100mL,,,9223 B ~ Enzyme substrate assay for measuring total coliforms and E. coli (ONPG-MUG test or CPRG-MUG test)
2020-07-14,08:30:00,Enhanced Bacterial Monitoring 2020,DRBC-DEL-RC,Palmyra Cove,40.009172,-75.042703,Sample-Routine,79.8,MPN/100mL,,,9223 B ~ Enzyme substrate assay for measuring total coliforms and E. coli (ONPG-MUG test or CPRG-MUG test)
2020-07-14,08:10:00,Enhanced Bacterial Monitoring 2020,DRBC-DEL-RY,Riverton Yacht Club,40.01542,-75.018062,Sample-Routine,48,MPN/100mL,,,9223 B ~ Enzyme substrate assay for measuring total coliforms and E. coli (ONPG-MUG test or CPRG-MUG test)
2020-07-14,08:50:00,Enhanced Bacterial Monitoring 2020,DRBC-DEL-SK,Pennsauken Access,39.981027,-75.066045,Sample-Routine,186,MPN/100mL,,,9223 B ~ Enzyme substrate assay for measuring total coliforms and E. coli (ONPG-MUG test or CPRG-MUG test)
2020-07-14,08:50:00,Enhanced Bacterial Monitoring 2020,DRBC-DEL-SK,Pennsauken Access,39.981027,-75.066045,Sample-Routine,235.9,MPN/100mL,,,9223 B ~ Enzyme substrate assay for measuring total coliforms and E. coli (ONPG-MUG test or CPRG-MUG test)
2020-07-14,10:39:59,Enhanced Bacterial Monitoring 2020,DRBC-DEL-WA,Washington Ave. Green,39.932115,-75.140613,Sample-Routine,77.1,MPN/100mL,,,9223 B ~ Enzyme substrate assay for measuring total coliforms and E. coli (ONPG-MUG test or CPRG-MUG test)
2020-07-21,11:19:59,Enhanced Bacterial Monitoring 2020,DRBC-DEL-FA,Frankford Arsenal Access,40.007211,-75.0558775,Sample-Routine,75.4,MPN/100mL,,,9223 B ~ Enzyme substrate assay for measuring total coliforms and E. coli (ONPG-MUG test or CPRG-MUG test)
2020-07-21,10:25:00,Enhanced Bacterial Monitoring 2020,DRBC-DEL-LL,Penns Landing Lagoon,39.944955,-75.140115,Sample-Routine,21.3,MPN/100mL,,,9223 B ~ Enzyme substrate assay for measuring total coliforms and E. coli (ONPG-MUG test or CPRG-MUG test)
2020-07-21,09:15:00,Enhanced Bacterial Monitoring 2020,DRBC-DEL-NP,National Park,39.870183,-75.191331,Sample-Routine,322.3,MPN/100mL,,,9223 B ~ Enzyme substrate assay for measuring total coliforms and E. coli (ONPG-MUG test or CPRG-MUG test)
2020-07-21,08:44:59,Enhanced Bacterial Monitoring 2020,DRBC-DEL-PP,Payne Poynt Park,39.957888,-75.11444,Sample-Routine,1119.9,MPN/100mL,,,9223 B ~ Enzyme substrate assay for measuring total coliforms and E. coli (ONPG-MUG test or CPRG-MUG test)
2020-07-21,10:45:00,Enhanced Bacterial Monitoring 2020,DRBC-DEL-PT,Penn Treaty Park,39.965881,-75.12755,Sample-Routine,105.4,MPN/100mL,,,9223 B ~ Enzyme substrate assay for measuring total coliforms and E. coli (ONPG-MUG test or CPRG-MUG test)
2020-07-21,08:10:00,Enhanced Bacterial Monitoring 2020,DRBC-DEL-RC,Palmyra Cove,40.009172,-75.042703,Sample-Routine,2419.6,MPN/100mL,,,9223 B ~ Enzyme substrate assay for measuring total coliforms and E. coli (ONPG-MUG test or CPRG-MUG test)
2020-07-21,07:50:00,Enhanced Bacterial Monitoring 2020,DRBC-DEL-RY,Riverton Yacht Club,40.01542,-75.018062,Sample-Routine,1553.1,MPN/100mL,,,9223 B ~ Enzyme substrate assay for measuring total coliforms and E. coli (ONPG-MUG test or CPRG-MUG test)
2020-07-21,08:24:59,Enhanced Bacterial Monitoring 2020,DRBC-DEL-SK,Pennsauken Access,39.981027,-75.066045,Sample-Routine,159.7,MPN/100mL,,,9223 B ~ Enzyme substrate assay for measuring total coliforms and E. coli (ONPG-MUG test or CPRG-MUG test)
2020-07-21,10:05:00,Enhanced Bacterial Monitoring 2020,DRBC-DEL-WA,Washington Ave. Green,39.932115,-75.140613,Sample-Routine,50.4,MPN/100mL,,,9223 B ~ Enzyme substrate assay for measuring total coliforms and E. coli (ONPG-MUG test or CPRG-MUG test)
2020-07-21,10:05:00,Enhanced Bacterial Monitoring 2020,DRBC-DEL-WA,Washington Ave. Green,39.932115,-75.140613,Sample-Routine,38.8,MPN/100mL,,,9223 B ~ Enzyme substrate assay for measuring total coliforms and E. coli (ONPG-MUG test or CPRG-MUG test)
2020-07-29,11:39:59,Enhanced Bacterial Monitoring 2020,DRBC-DEL-FA,Frankford Arsenal Access,40.007211,-75.0558775,Sample-Routine,224.7,MPN/100mL,,,9223 B ~ Enzyme substrate assay for measuring total coliforms and E. coli (ONPG-MUG test or CPRG-MUG test)
2020-07-29,10:39:59,Enhanced Bacterial Monitoring 2020,DRBC-DEL-LL,Penns Landing Lagoon,39.944955,-75.140115,Sample-Routine,28.1,MPN/100mL,,,9223 B ~ Enzyme substrate assay for measuring total coliforms and E. coli (ONPG-MUG test or CPRG-MUG test)
2020-07-29,09:35:00,Enhanced Bacterial Monitoring 2020,DRBC-DEL-NP,National Park,39.870183,-75.191331,Sample-Routine,90.8,MPN/100mL,,,9223 B ~ Enzyme substrate assay for measuring total coliforms and E. coli (ONPG-MUG test or CPRG-MUG test)
2020-07-29,09:00:00,Enhanced Bacterial Monitoring 2020,DRBC-DEL-PP,Payne Poynt Park,39.957888,-75.11444,Sample-Routine,2419.6,MPN/100mL,L,,9223 B ~ Enzyme substrate assay for measuring total coliforms and E. coli (ONPG-MUG test or CPRG-MUG test)
2020-07-29,09:00:00,Enhanced Bacterial Monitoring 2020,DRBC-DEL-PP,Payne Poynt Park,39.957888,-75.11444,Sample-Routine,2419.6,MPN/100mL,,,9223 B ~ Enzyme substrate assay for measuring total coliforms and E. coli (ONPG-MUG test or CPRG-MUG test)
2020-07-29,10:59:59,Enhanced Bacterial Monitoring 2020,DRBC-DEL-PT,Penn Treaty Park,39.965881,-75.12755,Sample-Routine,410.6,MPN/100mL,,,9223 B ~ Enzyme substrate assay for measuring total coliforms and E. coli (ONPG-MUG test or CPRG-MUG test)
2020-07-29,08:15:00,Enhanced Bacterial Monitoring 2020,DRBC-DEL-RC,Palmyra Cove,40.009172,-75.042703,Sample-Routine,161.6,MPN/100mL,,,9223 B ~ Enzyme substrate assay for measuring total coliforms and E. coli (ONPG-MUG test or CPRG-MUG test)
2020-07-29,07:59:59,Enhanced Bacterial Monitoring 2020,DRBC-DEL-RY,Riverton Yacht Club,40.01542,-75.018062,Sample-Routine,98.7,MPN/100mL,,,9223 B ~ Enzyme substrate assay for measuring total coliforms and E. coli (ONPG-MUG test or CPRG-MUG test)
2020-07-29,08:35:00,Enhanced Bacterial Monitoring 2020,DRBC-DEL-SK,Pennsauken Access,39.981027,-75.066045,Sample-Routine,143.9,MPN/100mL,,,9223 B ~ Enzyme substrate assay for measuring total coliforms and E. coli (ONPG-MUG test or CPRG-MUG test)
2020-07-29,10:20:00,Enhanced Bacterial Monitoring 2020,DRBC-DEL-WA,Washington Ave. Green,39.932115,-75.140613,Sample-Routine,98.7,MPN/100mL,,,9223 B ~ Enzyme substrate assay for measuring total coliforms and E. coli (ONPG-MUG test or CPRG-MUG test)
2020-08-03,12:20:00,Enhanced Bacterial Monitoring 2020,DRBC-DEL-FA,Frankford Arsenal Access,40.007211,-75.0558775,Sample-Routine,48.7,MPN/100mL,,,9223 B ~ Enzyme substrate assay for measuring total coliforms and E. coli (ONPG-MUG test or CPRG-MUG test)
2020-08-03,11:19:59,Enhanced Bacterial Monitoring 2020,DRBC-DEL-LL,Penns Landing Lagoon,39.944955,-75.140115,Sample-Routine,18.1,MPN/100mL,,,9223 B ~ Enzyme substrate assay for measuring total coliforms and E. coli (ONPG-MUG test or CPRG-MUG test)
2020-08-03,10:09:59,Enhanced Bacterial Monitoring 2020,DRBC-DEL-NP,National Park,39.870183,-75.191331,Sample-Routine,26.6,MPN/100mL,,,9223 B ~ Enzyme substrate assay for measuring total coliforms and E. coli (ONPG-MUG test or CPRG-MUG test)
2020-08-03,09:35:00,Enhanced Bacterial Monitoring 2020,DRBC-DEL-PP,Payne Poynt Park,39.957888,-75.11444,Sample-Routine,2419.6,MPN/100mL,L,,9223 B ~ Enzyme substrate assay for measuring total coliforms and E. coli (ONPG-MUG test or CPRG-MUG test)
2020-08-03,11:44:59,Enhanced Bacterial Monitoring 2020,DRBC-DEL-PT,Penn Treaty Park,39.965881,-75.12755,Sample-Routine,41.4,MPN/100mL,,,9223 B ~ Enzyme substrate assay for measuring total coliforms and E. coli (ONPG-MUG test or CPRG-MUG test)
2020-08-03,11:44:59,Enhanced Bacterial Monitoring 2020,DRBC-DEL-PT,Penn Treaty Park,39.965881,-75.12755,Sample-Routine,30.1,MPN/100mL,,,9223 B ~ Enzyme substrate assay for measuring total coliforms and E. coli (ONPG-MUG test or CPRG-MUG test)
2020-08-03,08:50:00,Enhanced Bacterial Monitoring 2020,DRBC-DEL-RC,Palmyra Cove,40.009172,-75.042703,Sample-Routine,159.7,MPN/100mL,,,9223 B ~ Enzyme substrate assay for measuring total coliforms and E. coli (ONPG-MUG test or CPRG-MUG test)
2020-08-03,08:24:59,Enhanced Bacterial Monitoring 2020,DRBC-DEL-RY,Riverton Yacht Club,40.01542,-75.018062,Sample-Routine,86,MPN/100mL,,,9223 B ~ Enzyme substrate assay for measuring total coliforms and E. coli (ONPG-MUG test or CPRG-MUG test)
2020-08-03,09:09:59,Enhanced Bacterial Monitoring 2020,DRBC-DEL-SK,Pennsauken Access,39.981027,-75.066045,Sample-Routine,59.1,MPN/100mL,,,9223 B ~ Enzyme substrate assay for measuring total coliforms and E. coli (ONPG-MUG test or CPRG-MUG test)
2020-08-03,10:54:59,Enhanced Bacterial Monitoring 2020,DRBC-DEL-WA,Washington Ave. Green,39.932115,-75.140613,Sample-Routine,30.9,MPN/100mL,,,9223 B ~ Enzyme substrate assay for measuring total coliforms and E. coli (ONPG-MUG test or CPRG-MUG test)
2020-08-05,11:30:00,Enhanced Bacterial Monitoring 2020,DRBC-DEL-FA,Frankford Arsenal Access,40.007211,-75.0558775,Sample-Routine,1732.9,MPN/100mL,,,9223 B ~ Enzyme substrate assay for measuring total coliforms and E. coli (ONPG-MUG test or CPRG-MUG test)
2020-08-05,11:30:00,Enhanced Bacterial Monitoring 2020,DRBC-DEL-FA,Frankford Arsenal Access,40.007211,-75.0558775,Sample-Routine,1553.1,MPN/100mL,,,9223 B ~ Enzyme substrate assay for measuring total coliforms and E. coli (ONPG-MUG test or CPRG-MUG test)
2020-08-05,10:34:59,Enhanced Bacterial Monitoring 2020,DRBC-DEL-LL,Penns Landing Lagoon,39.944955,-75.140115,Sample-Routine,1553.1,MPN/100mL,,,9223 B ~ Enzyme substrate assay for measuring total coliforms and E. coli (ONPG-MUG test or CPRG-MUG test)
2020-08-05,09:35:00,Enhanced Bacterial Monitoring 2020,DRBC-DEL-NP,National Park,39.870183,-75.191331,Sample-Routine,1046.2,MPN/100mL,,,9223 B ~ Enzyme substrate assay for measuring total coliforms and E. coli (ONPG-MUG test or CPRG-MUG test)
2020-08-05,09:00:00,Enhanced Bacterial Monitoring 2020,DRBC-DEL-PP,Payne Poynt Park,39.957888,-75.11444,Sample-Routine,1011.2,MPN/100mL,,,9223 B ~ Enzyme substrate assay for measuring total coliforms and E. coli (ONPG-MUG test or CPRG-MUG test)
2020-08-05,10:54:59,Enhanced Bacterial Monitoring 2020,DRBC-DEL-PT,Penn Treaty Park,39.965881,-75.12755,Sample-Routine,1413.6,MPN/100mL,,,9223 B ~ Enzyme substrate assay for measuring total coliforms and E. coli (ONPG-MUG test or CPRG-MUG test)
2020-08-05,08:24:59,Enhanced Bacterial Monitoring 2020,DRBC-DEL-RC,Palmyra Cove,40.009172,-75.042703,Sample-Routine,1119.9,MPN/100mL,,,9223 B ~ Enzyme substrate assay for measuring total coliforms and E. coli (ONPG-MUG test or CPRG-MUG test)
2020-08-05,08:05:00,Enhanced Bacterial Monitoring 2020,DRBC-DEL-RY,Riverton Yacht Club,40.01542,-75.018062,Sample-Routine,1046.2,MPN/100mL,,,9223 B ~ Enzyme substrate assay for measuring total coliforms and E. coli (ONPG-MUG test or CPRG-MUG test)
2020-08-05,08:44:59,Enhanced Bacterial Monitoring 2020,DRBC-DEL-SK,Pennsauken Access,39.981027,-75.066045,Sample-Routine,686.7,MPN/100mL,,,9223 B ~ Enzyme substrate assay for measuring total coliforms and E. coli (ONPG-MUG test or CPRG-MUG test)
2020-08-05,10:25:00,Enhanced Bacterial Monitoring 2020,DRBC-DEL-WA,Washington Ave. Green,39.932115,-75.140613,Sample-Routine,1732.9,MPN/100mL,,,9223 B ~ Enzyme substrate assay for measuring total coliforms and E. coli (ONPG-MUG test or CPRG-MUG test)
2020-08-11,11:30:00,Enhanced Bacterial Monitoring 2020,DRBC-DEL-FA,Frankford Arsenal Access,40.007211,-75.0558775,Sample-Routine,488.4,MPN/100mL,,,9223 B ~ Enzyme substrate assay for measuring total coliforms and E. coli (ONPG-MUG test or CPRG-MUG test)
2020-08-11,10:34:59,Enhanced Bacterial Monitoring 2020,DRBC-DEL-LL,Penns Landing Lagoon,39.944955,-75.140115,Sample-Routine,82.3,MPN/100mL,,,9223 B ~ Enzyme substrate assay for measuring total coliforms and E. coli (ONPG-MUG test or CPRG-MUG test)
2020-08-11,09:29:59,Enhanced Bacterial Monitoring 2020,DRBC-DEL-NP,National Park,39.870183,-75.191331,Sample-Routine,185,MPN/100mL,,,9223 B ~ Enzyme substrate assay for measuring total coliforms and E. coli (ONPG-MUG test or CPRG-MUG test)
2020-08-11,09:04:59,Enhanced Bacterial Monitoring 2020,DRBC-DEL-PP,Payne Poynt Park,39.957888,-75.11444,Sample-Routine,387.3,MPN/100mL,,,9223 B ~ Enzyme substrate assay for measuring total coliforms and E. coli (ONPG-MUG test or CPRG-MUG test)
2020-08-11,10:59:59,Enhanced Bacterial Monitoring 2020,DRBC-DEL-PT,Penn Treaty Park,39.965881,-75.12755,Sample-Routine,248.1,MPN/100mL,,,9223 B ~ Enzyme substrate assay for measuring total coliforms and E. coli (ONPG-MUG test or CPRG-MUG test)
2020-08-11,08:24:59,Enhanced Bacterial Monitoring 2020,DRBC-DEL-RC,Palmyra Cove,40.009172,-75.042703,Sample-Routine,228.2,MPN/100mL,,,9223 B ~ Enzyme substrate assay for measuring total coliforms and E. coli (ONPG-MUG test or CPRG-MUG test)
2020-08-11,08:10:00,Enhanced Bacterial Monitoring 2020,DRBC-DEL-RY,Riverton Yacht Club,40.01542,-75.018062,Sample-Routine,50.4,MPN/100mL,,,9223 B ~ Enzyme substrate assay for measuring total coliforms and E. coli (ONPG-MUG test or CPRG-MUG test)
2020-08-11,08:10:00,Enhanced Bacterial Monitoring 2020,DRBC-DEL-RY,Riverton Yacht Club,40.01542,-75.018062,Sample-Routine,62.4,MPN/100mL,,,9223 B ~ Enzyme substrate assay for measuring total coliforms and E. coli (ONPG-MUG test or CPRG-MUG test)
2020-08-11,08:44:59,Enhanced Bacterial Monitoring 2020,DRBC-DEL-SK,Pennsauken Access,39.981027,-75.066045,Sample-Routine,110.6,MPN/100mL,,,9223 B ~ Enzyme substrate assay for measuring total coliforms and E. coli (ONPG-MUG test or CPRG-MUG test)
2020-08-11,10:14:59,Enhanced Bacterial Monitoring 2020,DRBC-DEL-WA,Washington Ave. Green,39.932115,-75.140613,Sample-Routine,93.4,MPN/100mL,,,9223 B ~ Enzyme substrate assay for measuring total coliforms and E. coli (ONPG-MUG test or CPRG-MUG test)
2020-08-12,10:39:59,Enhanced Bacterial Monitoring 2020,DRBC-DEL-LL,Penns Landing Lagoon,39.944955,-75.140115,Sample-Routine,93.3,MPN/100mL,,,9223 B ~ Enzyme substrate assay for measuring total coliforms and E. coli (ONPG-MUG test or CPRG-MUG test)
2020-08-12,10:39:59,Enhanced Bacterial Monitoring 2020,DRBC-DEL-LL,Penns Landing Lagoon,39.944955,-75.140115,Sample-Routine,104.6,MPN/100mL,,,9223 B ~ Enzyme substrate assay for measuring total coliforms and E. coli (ONPG-MUG test or CPRG-MUG test)
2020-08-12,09:00:00,Enhanced Bacterial Monitoring 2020,DRBC-DEL-NP,National Park,39.870183,-75.191331,Sample-Routine,107.6,MPN/100mL,,,9223 B ~ Enzyme substrate assay for measuring total coliforms and E. coli (ONPG-MUG test or CPRG-MUG test)
2020-08-12,09:00:00,Enhanced Bacterial Monitoring 2020,DRBC-DEL-PP,Payne Poynt Park,39.957888,-75.11444,Sample-Routine,648.8,MPN/100mL,,,9223 B ~ Enzyme substrate assay for measuring total coliforms and E. coli (ONPG-MUG test or CPRG-MUG test)
2020-08-12,10:59:59,Enhanced Bacterial Monitoring 2020,DRBC-DEL-PT,Penn Treaty Park,39.965881,-75.12755,Sample-Routine,517.2,MPN/100mL,,,9223 B ~ Enzyme substrate assay for measuring total coliforms and E. coli (ONPG-MUG test or CPRG-MUG test)
2020-08-12,08:24:59,Enhanced Bacterial Monitoring 2020,DRBC-DEL-RC,Palmyra Cove,40.009172,-75.042703,Sample-Routine,225.4,MPN/100mL,,,9223 B ~ Enzyme substrate assay for measuring total coliforms and E. coli (ONPG-MUG test or CPRG-MUG test)
2020-08-12,08:10:00,Enhanced Bacterial Monitoring 2020,DRBC-DEL-RY,Riverton Yacht Club,40.01542,-75.018062,Sample-Routine,387.3,MPN/100mL,,,9223 B ~ Enzyme substrate assay for measuring total coliforms and E. coli (ONPG-MUG test or CPRG-MUG test)
2020-08-12,08:44:59,Enhanced Bacterial Monitoring 2020,DRBC-DEL-SK,Pennsauken Access,39.981027,-75.066045,Sample-Routine,435.2,MPN/100mL,,,9223 B ~ Enzyme substrate assay for measuring total coliforms and E. coli (ONPG-MUG test or CPRG-MUG test)
2020-08-12,10:25:00,Enhanced Bacterial Monitoring 2020,DRBC-DEL-WA,Washington Ave. Green,39.932115,-75.140613,Sample-Routine,110,MPN/100mL,,,9223 B ~ Enzyme substrate assay for measuring total coliforms and E. coli (ONPG-MUG test or CPRG-MUG test)
2020-08-17,12:20:00,Enhanced Bacterial Monitoring 2020,DRBC-DEL-LL,Penns Landing Lagoon,39.944955,-75.140115,Sample-Routine,178.9,MPN/100mL,,,9223 B ~ Enzyme substrate assay for measuring total coliforms and E. coli (ONPG-MUG test or CPRG-MUG test)
2020-08-17,10:09:59,Enhanced Bacterial Monitoring 2020,DRBC-DEL-NP,National Park,39.870183,-75.191331,Sample-Routine,178.5,MPN/100mL,,,9223 B ~ Enzyme substrate assay for measuring total coliforms and E. coli (ONPG-MUG test or CPRG-MUG test)
2020-08-17,09:40:00,Enhanced Bacterial Monitoring 2020,DRBC-DEL-PP,Payne Poynt Park,39.957888,-75.11444,Sample-Routine,2419.6,MPN/100mL,,,9223 B ~ Enzyme substrate assay for measuring total coliforms and E. coli (ONPG-MUG test or CPRG-MUG test)
2020-08-17,09:00:00,Enhanced Bacterial Monitoring 2020,DRBC-DEL-RC,Palmyra Cove,40.009172,-75.042703,Sample-Routine,72.7,MPN/100mL,,,9223 B ~ Enzyme substrate assay for measuring total coliforms and E. coli (ONPG-MUG test or CPRG-MUG test)
2020-08-17,08:39:59,Enhanced Bacterial Monitoring 2020,DRBC-DEL-RY,Riverton Yacht Club,40.01542,-75.018062,Sample-Routine,154.1,MPN/100mL,,,9223 B ~ Enzyme substrate assay for measuring total coliforms and E. coli (ONPG-MUG test or CPRG-MUG test)
2020-08-17,09:15:00,Enhanced Bacterial Monitoring 2020,DRBC-DEL-SK,Pennsauken Access,39.981027,-75.066045,Sample-Routine,151.5,MPN/100mL,,,9223 B ~ Enzyme substrate assay for measuring total coliforms and E. coli (ONPG-MUG test or CPRG-MUG test)
2020-08-17,09:15:00,Enhanced Bacterial Monitoring 2020,DRBC-DEL-SK,Pennsauken Access,39.981027,-75.066045,Sample-Routine,108.6,MPN/100mL,,,9223 B ~ Enzyme substrate assay for measuring total coliforms and E. coli (ONPG-MUG test or CPRG-MUG test)
2020-08-17,10:54:59,Enhanced Bacterial Monitoring 2020,DRBC-DEL-WA,Washington Ave. Green,39.932115,-75.140613,Sample-Routine,231,MPN/100mL,,,9223 B ~ Enzyme substrate assay for measuring total coliforms and E. coli (ONPG-MUG test or CPRG-MUG test)
2020-08-18,11:39:59,Enhanced Bacterial Monitoring 2020,DRBC-DEL-FA,Frankford Arsenal Access,40.007211,-75.0558775,Sample-Routine,93.3,MPN/100mL,,,9223 B ~ Enzyme substrate assay for measuring total coliforms and E. coli (ONPG-MUG test or CPRG-MUG test)
2020-08-18,11:39:59,Enhanced Bacterial Monitoring 2020,DRBC-DEL-FA,Frankford Arsenal Access,40.007211,-75.0558775,Sample-Routine,107.6,MPN/100mL,,,9223 B ~ Enzyme substrate assay for measuring total coliforms and E. coli (ONPG-MUG test or CPRG-MUG test)
2020-08-18,10:39:59,Enhanced Bacterial Monitoring 2020,DRBC-DEL-LL,Penns Landing Lagoon,39.944955,-75.140115,Sample-Routine,131.4,MPN/100mL,,,9223 B ~ Enzyme substrate assay for measuring total coliforms and E. coli (ONPG-MUG test or CPRG-MUG test)
2020-08-18,09:29:59,Enhanced Bacterial Monitoring 2020,DRBC-DEL-NP,National Park,39.870183,-75.191331,Sample-Routine,325.5,MPN/100mL,,,9223 B ~ Enzyme substrate assay for measuring total coliforms and E. coli (ONPG-MUG test or CPRG-MUG test)
2020-08-18,09:00:00,Enhanced Bacterial Monitoring 2020,DRBC-DEL-PP,Payne Poynt Park,39.957888,-75.11444,Sample-Routine,2419.6,MPN/100mL,,,9223 B ~ Enzyme substrate assay for measuring total coliforms and E. coli (ONPG-MUG test or CPRG-MUG test)
2020-08-18,10:59:59,Enhanced Bacterial Monitoring 2020,DRBC-DEL-PT,Penn Treaty Park,39.965881,-75.12755,Sample-Routine,166.4,MPN/100mL,,,9223 B ~ Enzyme substrate assay for measuring total coliforms and E. coli (ONPG-MUG test or CPRG-MUG test)
2020-08-18,10:59:59,Enhanced Bacterial Monitoring 2020,DRBC-DEL-PT,Penn Treaty Park,39.965881,-75.12755,Sample-Routine,222.4,MPN/100mL,,,9223 B ~ Enzyme substrate assay for measuring total coliforms and E. coli (ONPG-MUG test or CPRG-MUG test)
2020-08-18,08:24:59,Enhanced Bacterial Monitoring 2020,DRBC-DEL-RC,Palmyra Cove,40.009172,-75.042703,Sample-Routine,292.4,MPN/100mL,,,9223 B ~ Enzyme substrate assay for measuring total coliforms and E. coli (ONPG-MUG test or CPRG-MUG test)
2020-08-18,08:05:00,Enhanced Bacterial Monitoring 2020,DRBC-DEL-RY,Riverton Yacht Club,40.01542,-75.018062,Sample-Routine,272.3,MPN/100mL,,,9223 B ~ Enzyme substrate assay for measuring total coliforms and E. coli (ONPG-MUG test or CPRG-MUG test)
2020-08-18,08:39:59,Enhanced Bacterial Monitoring 2020,DRBC-DEL-SK,Pennsauken Access,39.981027,-75.066045,Sample-Routine,148.3,MPN/100mL,,,9223 B ~ Enzyme substrate assay for measuring total coliforms and E. coli (ONPG-MUG test or CPRG-MUG test)
2020-08-18,10:20:00,Enhanced Bacterial Monitoring 2020,DRBC-DEL-WA,Washington Ave. Green,39.932115,-75.140613,Sample-Routine,88,MPN/100mL,,,9223 B ~ Enzyme substrate assay for measuring total coliforms and E. coli (ONPG-MUG test or CPRG-MUG test)
2020-08-25,11:50:00,Enhanced Bacterial Monitoring 2020,DRBC-DEL-FA,Frankford Arsenal Access,40.007211,-75.0558775,Sample-Routine,816.4,MPN/100mL,,,9223 B ~ Enzyme substrate assay for measuring total coliforms and E. coli (ONPG-MUG test or CPRG-MUG test)
2020-08-25,11:50:00,Enhanced Bacterial Monitoring 2020,DRBC-DEL-FA,Frankford Arsenal Access,40.007211,-75.0558775,Sample-Routine,579.4,MPN/100mL,,,9223 B ~ Enzyme substrate assay for measuring total coliforms and E. coli (ONPG-MUG test or CPRG-MUG test)
2020-08-25,10:50:00,Enhanced Bacterial Monitoring 2020,DRBC-DEL-LL,Penns Landing Lagoon,39.944955,-75.140115,Sample-Routine,209.8,MPN/100mL,,,9223 B ~ Enzyme substrate assay for measuring total coliforms and E. coli (ONPG-MUG test or CPRG-MUG test)
2020-08-25,09:40:00,Enhanced Bacterial Monitoring 2020,DRBC-DEL-NP,National Park,39.870183,-75.191331,Sample-Routine,61.3,MPN/100mL,,,9223 B ~ Enzyme substrate assay for measuring total coliforms and E. coli (ONPG-MUG test or CPRG-MUG test)
2020-08-25,09:15:00,Enhanced Bacterial Monitoring 2020,DRBC-DEL-PP,Payne Poynt Park,39.957888,-75.11444,Sample-Routine,517.2,MPN/100mL,,,9223 B ~ Enzyme substrate assay for measuring total coliforms and E. coli (ONPG-MUG test or CPRG-MUG test)
2020-08-25,11:15:00,Enhanced Bacterial Monitoring 2020,DRBC-DEL-PT,Penn Treaty Park,39.965881,-75.12755,Sample-Routine,325.5,MPN/100mL,,,9223 B ~ Enzyme substrate assay for measuring total coliforms and E. coli (ONPG-MUG test or CPRG-MUG test)
2020-08-25,11:15:00,Enhanced Bacterial Monitoring 2020,DRBC-DEL-PT,Penn Treaty Park,39.965881,-75.12755,Sample-Routine,547.5,MPN/100mL,,,9223 B ~ Enzyme substrate assay for measuring total coliforms and E. coli (ONPG-MUG test or CPRG-MUG test)
2020-08-25,08:30:00,Enhanced Bacterial Monitoring 2020,DRBC-DEL-RC,Palmyra Cove,40.009172,-75.042703,Sample-Routine,172.6,MPN/100mL,,,9223 B ~ Enzyme substrate assay for measuring total coliforms and E. coli (ONPG-MUG test or CPRG-MUG test)
2020-08-25,08:15:00,Enhanced Bacterial Monitoring 2020,DRBC-DEL-RY,Riverton Yacht Club,40.01542,-75.018062,Sample-Routine,88.4,MPN/100mL,,,9223 B ~ Enzyme substrate assay for measuring total coliforms and E. coli (ONPG-MUG test or CPRG-MUG test)
2020-08-25,08:50:00,Enhanced Bacterial Monitoring 2020,DRBC-DEL-SK,Pennsauken Access,39.981027,-75.066045,Sample-Routine,410.6,MPN/100mL,,,9223 B ~ Enzyme substrate assay for measuring total coliforms and E. coli (ONPG-MUG test or CPRG-MUG test)
2020-08-25,10:30:00,Enhanced Bacterial Monitoring 2020,DRBC-DEL-WA,Washington Ave. Green,39.932115,-75.140613,Sample-Routine,488.4,MPN/100mL,,,9223 B ~ Enzyme substrate assay for measuring total coliforms and E. coli (ONPG-MUG test or CPRG-MUG test)
2020-08-26,10:50:00,Enhanced Bacterial Monitoring 2020,DRBC-DEL-FA,Frankford Arsenal Access,40.007211,-75.0558775,Sample-Routine,290.9,MPN/100mL,,,9223 B ~ Enzyme substrate assay for measuring total coliforms and E. coli (ONPG-MUG test or CPRG-MUG test)
2020-08-26,10:00:00,Enhanced Bacterial Monitoring 2020,DRBC-DEL-LL,Penns Landing Lagoon,39.944955,-75.140115,Sample-Routine,146.7,MPN/100mL,,,9223 B ~ Enzyme substrate assay for measuring total coliforms and E. coli (ONPG-MUG test or CPRG-MUG test)
2020-08-26,09:00:00,Enhanced Bacterial Monitoring 2020,DRBC-DEL-NP,National Park,39.870183,-75.191331,Sample-Routine,59.8,MPN/100mL,,,9223 B ~ Enzyme substrate assay for measuring total coliforms and E. coli (ONPG-MUG test or CPRG-MUG test)
2020-08-26,08:30:00,Enhanced Bacterial Monitoring 2020,DRBC-DEL-PP,Payne Poynt Park,39.957888,-75.11444,Sample-Routine,517.2,MPN/100mL,,,9223 B ~ Enzyme substrate assay for measuring total coliforms and E. coli (ONPG-MUG test or CPRG-MUG test)
2020-08-26,10:20:00,Enhanced Bacterial Monitoring 2020,DRBC-DEL-PT,Penn Treaty Park,39.965881,-75.12755,Sample-Routine,178.5,MPN/100mL,,,9223 B ~ Enzyme substrate assay for measuring total coliforms and E. coli (ONPG-MUG test or CPRG-MUG test)
2020-08-26,07:59:59,Enhanced Bacterial Monitoring 2020,DRBC-DEL-RC,Palmyra Cove,40.009172,-75.042703,Sample-Routine,93.3,MPN/100mL,,,9223 B ~ Enzyme substrate assay for measuring total coliforms and E. coli (ONPG-MUG test or CPRG-MUG test)
2020-08-26,07:59:59,Enhanced Bacterial Monitoring 2020,DRBC-DEL-RC,Palmyra Cove,40.009172,-75.042703,Sample-Routine,107.6,MPN/100mL,,,9223 B ~ Enzyme substrate assay for measuring total coliforms and E. coli (ONPG-MUG test or CPRG-MUG test)
2020-08-26,08:15:00,Enhanced Bacterial Monitoring 2020,DRBC-DEL-SK,Pennsauken Access,39.981027,-75.066045,Sample-Routine,365.4,MPN/100mL,,,9223 B ~ Enzyme substrate assay for measuring total coliforms and E. coli (ONPG-MUG test or CPRG-MUG test)
2020-08-26,09:45:00,Enhanced Bacterial Monitoring 2020,DRBC-DEL-WA,Washington Ave. Green,39.932115,-75.140613,Sample-Routine,172.3,MPN/100mL,,,9223 B ~ Enzyme substrate assay for measuring total coliforms and E. coli (ONPG-MUG test or CPRG-MUG test)
2020-08-31,10:50:00,Enhanced Bacterial Monitoring 2020,DRBC-DEL-FA,Frankford Arsenal Access,40.007211,-75.0558775,Sample-Routine,435.2,MPN/100mL,,,9223 B ~ Enzyme substrate assay for measuring total coliforms and E. coli (ONPG-MUG test or CPRG-MUG test)
2020-08-31,10:25:00,Enhanced Bacterial Monitoring 2020,DRBC-DEL-LL,Penns Landing Lagoon,39.944955,-75.140115,Sample-Routine,325.5,MPN/100mL,,,9223 B ~ Enzyme substrate assay for measuring total coliforms and E. coli (ONPG-MUG test or CPRG-MUG test)
2020-08-31,10:25:00,Enhanced Bacterial Monitoring 2020,DRBC-DEL-LL,Penns Landing Lagoon,39.944955,-75.140115,Sample-Routine,238.2,MPN/100mL,,,9223 B ~ Enzyme substrate assay for measuring total coliforms and E. coli (ONPG-MUG test or CPRG-MUG test)
2020-08-31,09:20:00,Enhanced Bacterial Monitoring 2020,DRBC-DEL-NP,National Park,39.870183,-75.191331,Sample-Routine,50.4,MPN/100mL,,,9223 B ~ Enzyme substrate assay for measuring total coliforms and E. coli (ONPG-MUG test or CPRG-MUG test)
2020-08-31,08:15:00,Enhanced Bacterial Monitoring 2020,DRBC-DEL-RY,Riverton Yacht Club,40.01542,-75.018062,Sample-Routine,488.4,MPN/100mL,,,9223 B ~ Enzyme substrate assay for measuring total coliforms and E. coli (ONPG-MUG test or CPRG-MUG test)
2020-08-31,08:15:00,Enhanced Bacterial Monitoring 2020,DRBC-DEL-RY,Riverton Yacht Club,40.01542,-75.018062,Sample-Routine,547.5,MPN/100mL,,,9223 B ~ Enzyme substrate assay for measuring total coliforms and E. coli (ONPG-MUG test or CPRG-MUG test)
2020-08-31,08:39:59,Enhanced Bacterial Monitoring 2020,DRBC-DEL-SK,Pennsauken Access,39.981027,-75.066045,Sample-Routine,344.8,MPN/100mL,,,9223 B ~ Enzyme substrate assay for measuring total coliforms and E. coli (ONPG-MUG test or CPRG-MUG test)
2020-08-31,10:09:59,Enhanced Bacterial Monitoring 2020,DRBC-DEL-WA,Washington Ave. Green,39.932115,-75.140613,Sample-Routine,235.9,MPN/100mL,,,9223 B ~ Enzyme substrate assay for measuring total coliforms and E. coli (ONPG-MUG test or CPRG-MUG test)
2020-09-01,10:39:59,Enhanced Bacterial Monitoring 2020,DRBC-DEL-LL,Penns Landing Lagoon,39.944955,-75.140115,Sample-Routine,152.9,MPN/100mL,,,9223 B ~ Enzyme substrate assay for measuring total coliforms and E. coli (ONPG-MUG test or CPRG-MUG test)
2020-09-01,09:35:00,Enhanced Bacterial Monitoring 2020,DRBC-DEL-NP,National Park,39.870183,-75.191331,Sample-Routine,33.3,MPN/100mL,,,9223 B ~ Enzyme substrate assay for measuring total coliforms and E. coli (ONPG-MUG test or CPRG-MUG test)
2020-09-01,09:04:59,Enhanced Bacterial Monitoring 2020,DRBC-DEL-PP,Payne Poynt Park,39.957888,-75.11444,Sample-Routine,2419.6,MPN/100mL,L,,9223 B ~ Enzyme substrate assay for measuring total coliforms and E. coli (ONPG-MUG test or CPRG-MUG test)
2020-09-01,10:59:59,Enhanced Bacterial Monitoring 2020,DRBC-DEL-PT,Penn Treaty Park,39.965881,-75.12755,Sample-Routine,461.1,MPN/100mL,,,9223 B ~ Enzyme substrate assay for measuring total coliforms and E. coli (ONPG-MUG test or CPRG-MUG test)
2020-09-01,08:30:00,Enhanced Bacterial Monitoring 2020,DRBC-DEL-RC,Palmyra Cove,40.009172,-75.042703,Sample-Routine,100.3,MPN/100mL,,,9223 B ~ Enzyme substrate assay for measuring total coliforms and E. coli (ONPG-MUG test or CPRG-MUG test)
2020-09-01,08:30:00,Enhanced Bacterial Monitoring 2020,DRBC-DEL-RC,Palmyra Cove,40.009172,-75.042703,Sample-Routine,73.7,MPN/100mL,,,9223 B ~ Enzyme substrate assay for measuring total coliforms and E. coli (ONPG-MUG test or CPRG-MUG test)
2020-09-01,08:10:00,Enhanced Bacterial Monitoring 2020,DRBC-DEL-RY,Riverton Yacht Club,40.01542,-75.018062,Sample-Routine,80.8,MPN/100mL,,,9223 B ~ Enzyme substrate assay for measuring total coliforms and E. coli (ONPG-MUG test or CPRG-MUG test)
2020-09-01,08:44:59,Enhanced Bacterial Monitoring 2020,DRBC-DEL-SK,Pennsauken Access,39.981027,-75.066045,Sample-Routine,129.6,MPN/100mL,,,9223 B ~ Enzyme substrate assay for measuring total coliforms and E. coli (ONPG-MUG test or CPRG-MUG test)
2020-09-01,10:20:00,Enhanced Bacterial Monitoring 2020,DRBC-DEL-WA,Washington Ave. Green,39.932115,-75.140613,Sample-Routine,167.4,MPN/100mL,,,9223 B ~ Enzyme substrate assay for measuring total coliforms and E. coli (ONPG-MUG test or CPRG-MUG test)
2020-09-08,11:50:00,Enhanced Bacterial Monitoring 2020,DRBC-DEL-FA,Frankford Arsenal Access,40.007211,-75.0558775,Sample-Routine,45.7,MPN/100mL,,,9223 B ~ Enzyme substrate assay for measuring total coliforms and E. coli (ONPG-MUG test or CPRG-MUG test)
2020-09-08,11:50:00,Enhanced Bacterial Monitoring 2020,DRBC-DEL-FA,Frankford Arsenal Access,40.007211,-75.0558775,Sample-Routine,46.5,MPN/100mL,,,9223 B ~ Enzyme substrate assay for measuring total coliforms and E. coli (ONPG-MUG test or CPRG-MUG test)
2020-09-08,10:54:59,Enhanced Bacterial Monitoring 2020,DRBC-DEL-LL,Penns Landing Lagoon,39.944955,-75.140115,Sample-Routine,27.9,MPN/100mL,,,9223 B ~ Enzyme substrate assay for measuring total coliforms and E. coli (ONPG-MUG test or CPRG-MUG test)
2020-09-08,09:49:59,Enhanced Bacterial Monitoring 2020,DRBC-DEL-NP,National Park,39.870183,-75.191331,Sample-Routine,95.9,MPN/100mL,,,9223 B ~ Enzyme substrate assay for measuring total coliforms and E. coli (ONPG-MUG test or CPRG-MUG test)
2020-09-08,09:20:00,Enhanced Bacterial Monitoring 2020,DRBC-DEL-PP,Payne Poynt Park,39.957888,-75.11444,Sample-Routine,159.7,MPN/100mL,,,9223 B ~ Enzyme substrate assay for measuring total coliforms and E. coli (ONPG-MUG test or CPRG-MUG test)
2020-09-08,09:20:00,Enhanced Bacterial Monitoring 2020,DRBC-DEL-PP,Payne Poynt Park,39.957888,-75.11444,Sample-Routine,172.5,MPN/100mL,,,9223 B ~ Enzyme substrate assay for measuring total coliforms and E. coli (ONPG-MUG test or CPRG-MUG test)
2020-09-08,11:15:00,Enhanced Bacterial Monitoring 2020,DRBC-DEL-PT,Penn Treaty Park,39.965881,-75.12755,Sample-Routine,31.3,MPN/100mL,,,9223 B ~ Enzyme substrate assay for measuring total coliforms and E. coli (ONPG-MUG test or CPRG-MUG test)
2020-09-08,08:39:59,Enhanced Bacterial Monitoring 2020,DRBC-DEL-RC,Palmyra Cove,40.009172,-75.042703,Sample-Routine,25.9,MPN/100mL,,,9223 B ~ Enzyme substrate assay for measuring total coliforms and E. coli (ONPG-MUG test or CPRG-MUG test)
2020-09-08,08:24:59,Enhanced Bacterial Monitoring 2020,DRBC-DEL-RY,Riverton Yacht Club,40.01542,-75.018062,Sample-Routine,74.9,MPN/100mL,,,9223 B ~ Enzyme substrate assay for measuring total coliforms and E. coli (ONPG-MUG test or CPRG-MUG test)
2020-09-08,08:55:00,Enhanced Bacterial Monitoring 2020,DRBC-DEL-SK,Pennsauken Access,39.981027,-75.066045,Sample-Routine,37.9,MPN/100mL,,,9223 B ~ Enzyme substrate assay for measuring total coliforms and E. coli (ONPG-MUG test or CPRG-MUG test)
2020-09-08,10:34:59,Enhanced Bacterial Monitoring 2020,DRBC-DEL-WA,Washington Ave. Green,39.932115,-75.140613,Sample-Routine,26.9,MPN/100mL,,,9223 B ~ Enzyme substrate assay for measuring total coliforms and E. coli (ONPG-MUG test or CPRG-MUG test)
2020-09-14,10:39:59,Enhanced Bacterial Monitoring 2020,DRBC-DEL-FA,Frankford Arsenal Access,40.007211,-75.0558775,Sample-Routine,461.1,MPN/100mL,,,9223 B ~ Enzyme substrate assay for measuring total coliforms and E. coli (ONPG-MUG test or CPRG-MUG test)
2020-09-14,10:39:59,Enhanced Bacterial Monitoring 2020,DRBC-DEL-FA,Frankford Arsenal Access,40.007211,-75.0558775,Sample-Routine,307.6,MPN/100mL,,,9223 B ~ Enzyme substrate assay for measuring total coliforms and E. coli (ONPG-MUG test or CPRG-MUG test)
2020-09-14,10:20:00,Enhanced Bacterial Monitoring 2020,DRBC-DEL-LL,Penns Landing Lagoon,39.944955,-75.140115,Sample-Routine,61.6,MPN/100mL,,,9223 B ~ Enzyme substrate assay for measuring total coliforms and E. coli (ONPG-MUG test or CPRG-MUG test)
2020-09-14,10:20:00,Enhanced Bacterial Monitoring 2020,DRBC-DEL-LL,Penns Landing Lagoon,39.944955,-75.140115,Sample-Routine,44.1,MPN/100mL,,,9223 B ~ Enzyme substrate assay for measuring total coliforms and E. coli (ONPG-MUG test or CPRG-MUG test)
2020-09-14,09:15:00,Enhanced Bacterial Monitoring 2020,DRBC-DEL-NP,National Park,39.870183,-75.191331,Sample-Routine,157.6,MPN/100mL,,,9223 B ~ Enzyme substrate assay for measuring total coliforms and E. coli (ONPG-MUG test or CPRG-MUG test)
2020-09-14,09:15:00,Enhanced Bacterial Monitoring 2020,DRBC-DEL-NP,National Park,39.870183,-75.191331,Sample-Routine,325.5,MPN/100mL,,,9223 B ~ Enzyme substrate assay for measuring total coliforms and E. coli (ONPG-MUG test or CPRG-MUG test)
2020-09-14,08:44:59,Enhanced Bacterial Monitoring 2020,DRBC-DEL-PP,Payne Poynt Park,39.957888,-75.11444,Sample-Routine,218.7,MPN/100mL,,,9223 B ~ Enzyme substrate assay for measuring total coliforms and E. coli (ONPG-MUG test or CPRG-MUG test)
2020-09-14,08:05:00,Enhanced Bacterial Monitoring 2020,DRBC-DEL-RC,Palmyra Cove,40.009172,-75.042703,Sample-Routine,206.4,MPN/100mL,,,9223 B ~ Enzyme substrate assay for measuring total coliforms and E. coli (ONPG-MUG test or CPRG-MUG test)
2020-09-14,08:24:59,Enhanced Bacterial Monitoring 2020,DRBC-DEL-SK,Pennsauken Access,39.981027,-75.066045,Sample-Routine,131.4,MPN/100mL,,,9223 B ~ Enzyme substrate assay for measuring total coliforms and E. coli (ONPG-MUG test or CPRG-MUG test)
2020-09-14,10:00:00,Enhanced Bacterial Monitoring 2020,DRBC-DEL-WA,Washington Ave. Green,39.932115,-75.140613,Sample-Routine,73.8,MPN/100mL,,,9223 B ~ Enzyme substrate assay for measuring total coliforms and E. coli (ONPG-MUG test or CPRG-MUG test)
2020-09-15,10:59:59,Enhanced Bacterial Monitoring 2020,DRBC-DEL-LL,Penns Landing Lagoon,39.944955,-75.140115,Sample-Routine,41,MPN/100mL,,,9223 B ~ Enzyme substrate assay for measuring total coliforms and E. coli (ONPG-MUG test or CPRG-MUG test)
2020-09-15,09:49:59,Enhanced Bacterial Monitoring 2020,DRBC-DEL-NP,National Park,39.870183,-75.191331,Sample-Routine,104.6,MPN/100mL,,,9223 B ~ Enzyme substrate assay for measuring total coliforms and E. coli (ONPG-MUG test or CPRG-MUG test)
2020-09-15,09:24:59,Enhanced Bacterial Monitoring 2020,DRBC-DEL-PP,Payne Poynt Park,39.957888,-75.11444,Sample-Routine,152.9,MPN/100mL,,,9223 B ~ Enzyme substrate assay for measuring total coliforms and E. coli (ONPG-MUG test or CPRG-MUG test)
2020-09-15,11:19:59,Enhanced Bacterial Monitoring 2020,DRBC-DEL-PT,Penn Treaty Park,39.965881,-75.12755,Sample-Routine,44.8,MPN/100mL,,,9223 B ~ Enzyme substrate assay for measuring total coliforms and E. coli (ONPG-MUG test or CPRG-MUG test)
2020-09-15,11:19:59,Enhanced Bacterial Monitoring 2020,DRBC-DEL-PT,Penn Treaty Park,39.965881,-75.12755,Sample-Routine,53.7,MPN/100mL,,,9223 B ~ Enzyme substrate assay for measuring total coliforms and E. coli (ONPG-MUG test or CPRG-MUG test)
2020-09-15,08:44:59,Enhanced Bacterial Monitoring 2020,DRBC-DEL-RC,Palmyra Cove,40.009172,-75.042703,Sample-Routine,40.4,MPN/100mL,,,9223 B ~ Enzyme substrate assay for measuring total coliforms and E. coli (ONPG-MUG test or CPRG-MUG test)
2020-09-15,08:24:59,Enhanced Bacterial Monitoring 2020,DRBC-DEL-RY,Riverton Yacht Club,40.01542,-75.018062,Sample-Routine,63.1,MPN/100mL,,,9223 B ~ Enzyme substrate assay for measuring total coliforms and E. coli (ONPG-MUG test or CPRG-MUG test)
2020-09-15,08:24:59,Enhanced Bacterial Monitoring 2020,DRBC-DEL-RY,Riverton Yacht Club,40.01542,-75.018062,Sample-Routine,56.1,MPN/100mL,,,9223 B ~ Enzyme substrate assay for measuring total coliforms and E. coli (ONPG-MUG test or CPRG-MUG test)
2020-09-15,09:04:59,Enhanced Bacterial Monitoring 2020,DRBC-DEL-SK,Pennsauken Access,39.981027,-75.066045,Sample-Routine,51.2,MPN/100mL,,,9223 B ~ Enzyme substrate assay for measuring total coliforms and E. coli (ONPG-MUG test or CPRG-MUG test)
2020-09-15,10:39:59,Enhanced Bacterial Monitoring 2020,DRBC-DEL-WA,Washington Ave. Green,39.932115,-75.140613,Sample-Routine,36.8,MPN/100mL,,,9223 B ~ Enzyme substrate assay for measuring total coliforms and E. coli (ONPG-MUG test or CPRG-MUG test)
2020-09-22,12:40:00,Enhanced Bacterial Monitoring 2020,DRBC-DEL-FA,Frankford Arsenal Access,40.007211,-75.0558775,Sample-Routine,25.3,MPN/100mL,,,9223 B ~ Enzyme substrate assay for measuring total coliforms and E. coli (ONPG-MUG test or CPRG-MUG test)
2020-09-22,12:40:00,Enhanced Bacterial Monitoring 2020,DRBC-DEL-FA,Frankford Arsenal Access,40.007211,-75.0558775,Sample-Routine,30.5,MPN/100mL,,,9223 B ~ Enzyme substrate assay for measuring total coliforms and E. coli (ONPG-MUG test or CPRG-MUG test)
2020-09-22,11:39:59,Enhanced Bacterial Monitoring 2020,DRBC-DEL-LL,Penns Landing Lagoon,39.944955,-75.140115,Sample-Routine,30.5,MPN/100mL,,,9223 B ~ Enzyme substrate assay for measuring total coliforms and E. coli (ONPG-MUG test or CPRG-MUG test)
2020-09-22,10:34:59,Enhanced Bacterial Monitoring 2020,DRBC-DEL-NP,National Park,39.870183,-75.191331,Sample-Routine,46.5,MPN/100mL,,,9223 B ~ Enzyme substrate assay for measuring total coliforms and E. coli (ONPG-MUG test or CPRG-MUG test)
2020-09-22,10:09:59,Enhanced Bacterial Monitoring 2020,DRBC-DEL-PP,Payne Poynt Park,39.957888,-75.11444,Sample-Routine,365.4,MPN/100mL,,,9223 B ~ Enzyme substrate assay for measuring total coliforms and E. coli (ONPG-MUG test or CPRG-MUG test)
2020-09-22,12:09:59,Enhanced Bacterial Monitoring 2020,DRBC-DEL-PT,Penn Treaty Park,39.965881,-75.12755,Sample-Routine,31.8,MPN/100mL,,,9223 B ~ Enzyme substrate assay for measuring total coliforms and E. coli (ONPG-MUG test or CPRG-MUG test)
2020-09-22,09:20:00,Enhanced Bacterial Monitoring 2020,DRBC-DEL-RC,Palmyra Cove,40.009172,-75.042703,Sample-Routine,74.3,MPN/100mL,,,9223 B ~ Enzyme substrate assay for measuring total coliforms and E. coli (ONPG-MUG test or CPRG-MUG test)
2020-09-22,09:00:00,Enhanced Bacterial Monitoring 2020,DRBC-DEL-RY,Riverton Yacht Club,40.01542,-75.018062,Sample-Routine,23.3,MPN/100mL,,,9223 B ~ Enzyme substrate assay for measuring total coliforms and E. coli (ONPG-MUG test or CPRG-MUG test)
2020-09-22,09:40:00,Enhanced Bacterial Monitoring 2020,DRBC-DEL-SK,Pennsauken Access,39.981027,-75.066045,Sample-Routine,32.3,MPN/100mL,,,9223 B ~ Enzyme substrate assay for measuring total coliforms and E. coli (ONPG-MUG test or CPRG-MUG test)
2020-09-22,09:40:00,Enhanced Bacterial Monitoring 2020,DRBC-DEL-SK,Pennsauken Access,39.981027,-75.066045,Sample-Routine,34.5,MPN/100mL,,,9223 B ~ Enzyme substrate assay for measuring total coliforms and E. coli (ONPG-MUG test or CPRG-MUG test)
2020-09-22,11:24:59,Enhanced Bacterial Monitoring 2020,DRBC-DEL-WA,Washington Ave. Green,39.932115,-75.140613,Sample-Routine,25.9,MPN/100mL,,,9223 B ~ Enzyme substrate assay for measuring total coliforms and E. coli (ONPG-MUG test or CPRG-MUG test)
2021-05-24,12:24:59,Enhanced Bacterial Monitoring 2021,DRBC-DEL-FA,Frankford Arsenal Access,40.007211,-75.0558775,Sample-Routine,18.7,MPN/100mL,,,9223 B ~ Enzyme substrate assay for measuring total coliforms and E. coli (ONPG-MUG test or CPRG-MUG test)
2021-05-24,11:35:00,Enhanced Bacterial Monitoring 2021,DRBC-DEL-LL,Penns Landing Lagoon,39.944955,-75.140115,Sample-Routine,39.9,MPN/100mL,,,9223 B ~ Enzyme substrate assay for measuring total coliforms and E. coli (ONPG-MUG test or CPRG-MUG test)
2021-05-24,10:14:59,Enhanced Bacterial Monitoring 2021,DRBC-DEL-NP,National Park,39.870183,-75.191331,Sample-Routine,218.7,MPN/100mL,,,9223 B ~ Enzyme substrate assay for measuring total coliforms and E. coli (ONPG-MUG test or CPRG-MUG test)
2021-05-24,09:40:00,Enhanced Bacterial Monitoring 2021,DRBC-DEL-PP,Payne Poynt Park,39.957888,-75.11444,Sample-Routine,2419.6,MPN/100mL,L,,9223 B ~ Enzyme substrate assay for measuring total coliforms and E. coli (ONPG-MUG test or CPRG-MUG test)
2021-05-24,11:50:00,Enhanced Bacterial Monitoring 2021,DRBC-DEL-PT,Penn Treaty Park,39.965881,-75.12755,Sample-Routine,96,MPN/100mL,,,9223 B ~ Enzyme substrate assay for measuring total coliforms and E. coli (ONPG-MUG test or CPRG-MUG test)
2021-05-24,09:00:00,Enhanced Bacterial Monitoring 2021,DRBC-DEL-RC,Palmyra Cove,40.009172,-75.042703,Sample-Routine,193.5,MPN/100mL,,,9223 B ~ Enzyme substrate assay for measuring total coliforms and E. coli (ONPG-MUG test or CPRG-MUG test)
2021-05-24,08:44:00,Enhanced Bacterial Monitoring 2021,DRBC-DEL-RY,Riverton Yacht Club,40.01542,-75.018062,Sample-Routine,224.7,MPN/100mL,,,9223 B ~ Enzyme substrate assay for measuring total coliforms and E. coli (ONPG-MUG test or CPRG-MUG test)
2021-05-24,09:15:00,Enhanced Bacterial Monitoring 2021,DRBC-DEL-SK,Pennsauken Access,39.981027,-75.066045,Sample-Routine,45.7,MPN/100mL,,,9223 B ~ Enzyme substrate assay for measuring total coliforms and E. coli (ONPG-MUG test or CPRG-MUG test)
2021-05-24,11:15:00,Enhanced Bacterial Monitoring 2021,DRBC-DEL-WA,Washington Ave. Green,39.932115,-75.140613,Sample-Routine,90.8,MPN/100mL,,,9223 B ~ Enzyme substrate assay for measuring total coliforms and E. coli (ONPG-MUG test or CPRG-MUG test)
2021-05-24,11:15:00,Enhanced Bacterial Monitoring 2021,DRBC-DEL-WA,Washington Ave. Green,39.932115,-75.140613,Sample-Routine,79.4,MPN/100mL,,,9223 B ~ Enzyme substrate assay for measuring total coliforms and E. coli (ONPG-MUG test or CPRG-MUG test)
2021-06-01,12:20:00,Enhanced Bacterial Monitoring 2021,DRBC-DEL-FA,Frankford Arsenal Access,40.007211,-75.0558775,Sample-Routine,272.3,MPN/100mL,,,9223 B ~ Enzyme substrate assay for measuring total coliforms and E. coli (ONPG-MUG test or CPRG-MUG test)
2021-06-01,12:20:00,Enhanced Bacterial Monitoring 2021,DRBC-DEL-FA,Frankford Arsenal Access,40.007211,-75.0558775,Sample-Routine,313,MPN/100mL,,,9223 B ~ Enzyme substrate assay for measuring total coliforms and E. coli (ONPG-MUG test or CPRG-MUG test)
2021-06-01,11:35:00,Enhanced Bacterial Monitoring 2021,DRBC-DEL-LL,Penns Landing Lagoon,39.944955,-75.140115,Sample-Routine,101.4,MPN/100mL,,,9223 B ~ Enzyme substrate assay for measuring total coliforms and E. coli (ONPG-MUG test or CPRG-MUG test)
2021-06-01,10:20:00,Enhanced Bacterial Monitoring 2021,DRBC-DEL-NP,National Park,39.870183,-75.191331,Sample-Routine,214.3,MPN/100mL,,,9223 B ~ Enzyme substrate assay for measuring total coliforms and E. coli (ONPG-MUG test or CPRG-MUG test)
2021-06-01,09:24:59,Enhanced Bacterial Monitoring 2021,DRBC-DEL-PP,Payne Poynt Park,39.957888,-75.11444,Sample-Routine,344.8,MPN/100mL,,,9223 B ~ Enzyme substrate assay for measuring total coliforms and E. coli (ONPG-MUG test or CPRG-MUG test)
2021-06-01,11:55:00,Enhanced Bacterial Monitoring 2021,DRBC-DEL-PT,Penn Treaty Park,39.965881,-75.12755,Sample-Routine,103.9,MPN/100mL,,,9223 B ~ Enzyme substrate assay for measuring total coliforms and E. coli (ONPG-MUG test or CPRG-MUG test)
2021-06-01,08:50:00,Enhanced Bacterial Monitoring 2021,DRBC-DEL-RC,Palmyra Cove,40.009172,-75.042703,Sample-Routine,83,MPN/100mL,,,9223 B ~ Enzyme substrate assay for measuring total coliforms and E. coli (ONPG-MUG test or CPRG-MUG test)
2021-06-01,08:35:00,Enhanced Bacterial Monitoring 2021,DRBC-DEL-RY,Riverton Yacht Club,40.01542,-75.018062,Sample-Routine,115.3,MPN/100mL,,,9223 B ~ Enzyme substrate assay for measuring total coliforms and E. coli (ONPG-MUG test or CPRG-MUG test)
2021-06-01,09:04:59,Enhanced Bacterial Monitoring 2021,DRBC-DEL-SK,Pennsauken Access,39.981027,-75.066045,Sample-Routine,156.5,MPN/100mL,,,9223 B ~ Enzyme substrate assay for measuring total coliforms and E. coli (ONPG-MUG test or CPRG-MUG test)
2021-06-01,11:19:59,Enhanced Bacterial Monitoring 2021,DRBC-DEL-WA,Washington Ave. Green,39.932115,-75.140613,Sample-Routine,111.8,MPN/100mL,,,9223 B ~ Enzyme substrate assay for measuring total coliforms and E. coli (ONPG-MUG test or CPRG-MUG test)
2021-06-08,12:49:59,Enhanced Bacterial Monitoring 2021,DRBC-DEL-FA,Frankford Arsenal Access,40.007211,-75.0558775,Sample-Routine,83.3,MPN/100mL,,,9223 B ~ Enzyme substrate assay for measuring total coliforms and E. coli (ONPG-MUG test or CPRG-MUG test)
2021-06-08,11:55:59,Enhanced Bacterial Monitoring 2021,DRBC-DEL-LL,Penns Landing Lagoon,39.944955,-75.140115,Sample-Routine,76.7,MPN/100mL,,,9223 B ~ Enzyme substrate assay for measuring total coliforms and E. coli (ONPG-MUG test or CPRG-MUG test)
2021-06-08,10:25:00,Enhanced Bacterial Monitoring 2021,DRBC-DEL-NP,National Park,39.870183,-75.191331,Sample-Routine,540,MPN/100mL,,,9223 B ~ Enzyme substrate assay for measuring total coliforms and E. coli (ONPG-MUG test or CPRG-MUG test)
2021-06-08,10:25:00,Enhanced Bacterial Monitoring 2021,DRBC-DEL-NP,National Park,39.870183,-75.191331,Sample-Routine,547.5,MPN/100mL,,,9223 B ~ Enzyme substrate assay for measuring total coliforms and E. coli (ONPG-MUG test or CPRG-MUG test)
2021-06-08,09:49:59,Enhanced Bacterial Monitoring 2021,DRBC-DEL-PP,Payne Poynt Park,39.957888,-75.11444,Sample-Routine,2419.6,MPN/100mL,,,9223 B ~ Enzyme substrate assay for measuring total coliforms and E. coli (ONPG-MUG test or CPRG-MUG test)
2021-06-08,12:17:00,Enhanced Bacterial Monitoring 2021,DRBC-DEL-PT,Penn Treaty Park,39.965881,-75.12755,Sample-Routine,110.6,MPN/100mL,,,9223 B ~ Enzyme substrate assay for measuring total coliforms and E. coli (ONPG-MUG test or CPRG-MUG test)
2021-06-08,09:09:59,Enhanced Bacterial Monitoring 2021,DRBC-DEL-RC,Palmyra Cove,40.009172,-75.042703,Sample-Routine,1203.3,MPN/100mL,,,9223 B ~ Enzyme substrate assay for measuring total coliforms and E. coli (ONPG-MUG test or CPRG-MUG test)
2021-06-08,08:44:59,Enhanced Bacterial Monitoring 2021,DRBC-DEL-RY,Riverton Yacht Club,40.01542,-75.018062,Sample-Routine,228.2,MPN/100mL,,,9223 B ~ Enzyme substrate assay for measuring total coliforms and E. coli (ONPG-MUG test or CPRG-MUG test)
2021-06-08,09:26:00,Enhanced Bacterial Monitoring 2021,DRBC-DEL-SK,Pennsauken Access,39.981027,-75.066045,Sample-Routine,178.9,MPN/100mL,,,9223 B ~ Enzyme substrate assay for measuring total coliforms and E. coli (ONPG-MUG test or CPRG-MUG test)
2021-06-08,11:39:59,Enhanced Bacterial Monitoring 2021,DRBC-DEL-WA,Washington Ave. Green,39.932115,-75.140613,Sample-Routine,222.4,MPN/100mL,,,9223 B ~ Enzyme substrate assay for measuring total coliforms and E. coli (ONPG-MUG test or CPRG-MUG test)
2021-06-14,13:09:59,Enhanced Bacterial Monitoring 2021,DRBC-DEL-FA,Frankford Arsenal Access,40.007211,-75.0558775,Sample-Routine,579.4,MPN/100mL,,,9223 B ~ Enzyme substrate assay for measuring total coliforms and E. coli (ONPG-MUG test or CPRG-MUG test)
2021-06-14,12:29:59,Enhanced Bacterial Monitoring 2021,DRBC-DEL-LL,Penns Landing Lagoon,39.944955,-75.140115,Sample-Routine,43.5,MPN/100mL,,,9223 B ~ Enzyme substrate assay for measuring total coliforms and E. coli (ONPG-MUG test or CPRG-MUG test)
2021-06-14,10:54:59,Enhanced Bacterial Monitoring 2021,DRBC-DEL-NP,National Park,39.870183,-75.191331,Sample-Routine,218.7,MPN/100mL,,,9223 B ~ Enzyme substrate assay for measuring total coliforms and E. coli (ONPG-MUG test or CPRG-MUG test)
2021-06-14,10:20:00,Enhanced Bacterial Monitoring 2021,DRBC-DEL-PP,Payne Poynt Park,39.957888,-75.11444,Sample-Routine,1732.9,MPN/100mL,,,9223 B ~ Enzyme substrate assay for measuring total coliforms and E. coli (ONPG-MUG test or CPRG-MUG test)
2021-06-14,12:54:59,Enhanced Bacterial Monitoring 2021,DRBC-DEL-PT,Penn Treaty Park,39.965881,-75.12755,Sample-Routine,131.4,MPN/100mL,,,9223 B ~ Enzyme substrate assay for measuring total coliforms and E. coli (ONPG-MUG test or CPRG-MUG test)
2021-06-14,09:29:59,Enhanced Bacterial Monitoring 2021,DRBC-DEL-RC,Palmyra Cove,40.009172,-75.042703,Sample-Routine,816.4,MPN/100mL,,,9223 B ~ Enzyme substrate assay for measuring total coliforms and E. coli (ONPG-MUG test or CPRG-MUG test)
2021-06-14,09:00:00,Enhanced Bacterial Monitoring 2021,DRBC-DEL-RY,Riverton Yacht Club,40.01542,-75.018062,Sample-Routine,114.5,MPN/100mL,,,9223 B ~ Enzyme substrate assay for measuring total coliforms and E. coli (ONPG-MUG test or CPRG-MUG test)
2021-06-14,09:49:59,Enhanced Bacterial Monitoring 2021,DRBC-DEL-SK,Pennsauken Access,39.981027,-75.066045,Sample-Routine,172.3,MPN/100mL,,,9223 B ~ Enzyme substrate assay for measuring total coliforms and E. coli (ONPG-MUG test or CPRG-MUG test)
2021-06-14,12:09:59,Enhanced Bacterial Monitoring 2021,DRBC-DEL-WA,Washington Ave. Green,39.932115,-75.140613,Sample-Routine,218.7,MPN/100mL,,,9223 B ~ Enzyme substrate assay for measuring total coliforms and E. coli (ONPG-MUG test or CPRG-MUG test)
2021-06-21,13:45:00,Enhanced Bacterial Monitoring 2021,DRBC-DEL-FA,Frankford Arsenal Access,40.007211,-75.0558775,Sample-Routine,272.3,MPN/100mL,,,9223 B ~ Enzyme substrate assay for measuring total coliforms and E. coli (ONPG-MUG test or CPRG-MUG test)
2021-06-21,13:00:00,Enhanced Bacterial Monitoring 2021,DRBC-DEL-LL,Penns Landing Lagoon,39.944955,-75.140115,Sample-Routine,48.8,MPN/100mL,,,9223 B ~ Enzyme substrate assay for measuring total coliforms and E. coli (ONPG-MUG test or CPRG-MUG test)
2021-06-21,11:19:59,Enhanced Bacterial Monitoring 2021,DRBC-DEL-NP,National Park,39.870183,-75.191331,Sample-Routine,686.7,MPN/100mL,,,9223 B ~ Enzyme substrate assay for measuring total coliforms and E. coli (ONPG-MUG test or CPRG-MUG test)
2021-06-21,11:55:00,Enhanced Bacterial Monitoring 2021,DRBC-DEL-PP,Payne Poynt Park,39.957888,-75.11444,Sample-Routine,344.8,MPN/100mL,,,9223 B ~ Enzyme substrate assay for measuring total coliforms and E. coli (ONPG-MUG test or CPRG-MUG test)
2021-06-21,13:20:00,Enhanced Bacterial Monitoring 2021,DRBC-DEL-PT,Penn Treaty Park,39.965881,-75.12755,Sample-Routine,135.4,MPN/100mL,,,9223 B ~ Enzyme substrate assay for measuring total coliforms and E. coli (ONPG-MUG test or CPRG-MUG test)
2021-06-21,09:15:00,Enhanced Bacterial Monitoring 2021,DRBC-DEL-RC,Palmyra Cove,40.009172,-75.042703,Sample-Routine,488.4,MPN/100mL,,,9223 B ~ Enzyme substrate assay for measuring total coliforms and E. coli (ONPG-MUG test or CPRG-MUG test)
2021-06-21,08:55:00,Enhanced Bacterial Monitoring 2021,DRBC-DEL-RY,Riverton Yacht Club,40.01542,-75.018062,Sample-Routine,71.2,MPN/100mL,,,9223 B ~ Enzyme substrate assay for measuring total coliforms and E. coli (ONPG-MUG test or CPRG-MUG test)
2021-06-21,10:39:59,Enhanced Bacterial Monitoring 2021,DRBC-DEL-SK,Pennsauken Access,39.981027,-75.066045,Sample-Routine,298.7,MPN/100mL,,,9223 B ~ Enzyme substrate assay for measuring total coliforms and E. coli (ONPG-MUG test or CPRG-MUG test)
2021-06-21,12:49:59,Enhanced Bacterial Monitoring 2021,DRBC-DEL-WA,Washington Ave. Green,39.932115,-75.140613,Sample-Routine,2419.6,MPN/100mL,L,,9223 B ~ Enzyme substrate assay for measuring total coliforms and E. coli (ONPG-MUG test or CPRG-MUG test)
2021-06-28,14:10:00,Enhanced Bacterial Monitoring 2021,DRBC-DEL-FA,Frankford Arsenal Access,40.007211,-75.0558775,Sample-Routine,42.2,MPN/100mL,,,9223 B ~ Enzyme substrate assay for measuring total coliforms and E. coli (ONPG-MUG test or CPRG-MUG test)
2021-06-28,11:57:59,Enhanced Bacterial Monitoring 2021,DRBC-DEL-LL,Penns Landing Lagoon,39.944955,-75.140115,Sample-Routine,90.6,MPN/100mL,,,9223 B ~ Enzyme substrate assay for measuring total coliforms and E. coli (ONPG-MUG test or CPRG-MUG test)
2021-06-28,10:50:00,Enhanced Bacterial Monitoring 2021,DRBC-DEL-NP,National Park,39.870183,-75.191331,Sample-Routine,920.8,MPN/100mL,,,9223 B ~ Enzyme substrate assay for measuring total coliforms and E. coli (ONPG-MUG test or CPRG-MUG test)
2021-06-28,10:20:00,Enhanced Bacterial Monitoring 2021,DRBC-DEL-PP,Payne Poynt Park,39.957888,-75.11444,Sample-Routine,1986.3,MPN/100mL,,,9223 B ~ Enzyme substrate assay for measuring total coliforms and E. coli (ONPG-MUG test or CPRG-MUG test)
2021-06-28,13:45:00,Enhanced Bacterial Monitoring 2021,DRBC-DEL-PT,Penn Treaty Park,39.965881,-75.12755,Sample-Routine,118.7,MPN/100mL,,,9223 B ~ Enzyme substrate assay for measuring total coliforms and E. coli (ONPG-MUG test or CPRG-MUG test)
2021-06-28,09:24:59,Enhanced Bacterial Monitoring 2021,DRBC-DEL-RC,Palmyra Cove,40.009172,-75.042703,Sample-Routine,214.3,MPN/100mL,,,9223 B ~ Enzyme substrate assay for measuring total coliforms and E. coli (ONPG-MUG test or CPRG-MUG test)
2021-06-28,09:00:00,Enhanced Bacterial Monitoring 2021,DRBC-DEL-RY,Riverton Yacht Club,40.01542,-75.018062,Sample-Routine,101.9,MPN/100mL,,,9223 B ~ Enzyme substrate assay for measuring total coliforms and E. coli (ONPG-MUG test or CPRG-MUG test)
2021-06-28,09:54:59,Enhanced Bacterial Monitoring 2021,DRBC-DEL-SK,Pennsauken Access,39.981027,-75.066045,Sample-Routine,261.3,MPN/100mL,,,9223 B ~ Enzyme substrate assay for measuring total coliforms and E. coli (ONPG-MUG test or CPRG-MUG test)
2021-06-28,11:30:00,Enhanced Bacterial Monitoring 2021,DRBC-DEL-WA,Washington Ave. Green,39.932115,-75.140613,Sample-Routine,64.4,MPN/100mL,,,9223 B ~ Enzyme substrate assay for measuring total coliforms and E. coli (ONPG-MUG test or CPRG-MUG test)
2021-07-06,12:20:59,Enhanced Bacterial Monitoring 2021,DRBC-DEL-FA,Frankford Arsenal Access,40.007211,-75.0558775,Sample-Routine,186,MPN/100mL,,,9223 B ~ Enzyme substrate assay for measuring total coliforms and E. coli (ONPG-MUG test or CPRG-MUG test)
2021-07-06,11:39:59,Enhanced Bacterial Monitoring 2021,DRBC-DEL-LL,Penns Landing Lagoon,39.944955,-75.140115,Sample-Routine,139.6,MPN/100mL,,,9223 B ~ Enzyme substrate assay for measuring total coliforms and E. coli (ONPG-MUG test or CPRG-MUG test)
2021-07-06,10:09:59,Enhanced Bacterial Monitoring 2021,DRBC-DEL-NP,National Park,39.870183,-75.191331,Sample-Routine,1553.1,MPN/100mL,,,9223 B ~ Enzyme substrate assay for measuring total coliforms and E. coli (ONPG-MUG test or CPRG-MUG test)
2021-07-06,10:09:59,Enhanced Bacterial Monitoring 2021,DRBC-DEL-NP,National Park,39.870183,-75.191331,Sample-Routine,1299.7,MPN/100mL,,,9223 B ~ Enzyme substrate assay for measuring total coliforms and E. coli (ONPG-MUG test or CPRG-MUG test)
2021-07-06,09:40:00,Enhanced Bacterial Monitoring 2021,DRBC-DEL-PP,Payne Poynt Park,39.957888,-75.11444,Sample-Routine,1986.3,MPN/100mL,,,9223 B ~ Enzyme substrate assay for measuring total coliforms and E. coli (ONPG-MUG test or CPRG-MUG test)
2021-07-06,12:02:00,Enhanced Bacterial Monitoring 2021,DRBC-DEL-PT,Penn Treaty Park,39.965881,-75.12755,Sample-Routine,117.8,MPN/100mL,,,9223 B ~ Enzyme substrate assay for measuring total coliforms and E. coli (ONPG-MUG test or CPRG-MUG test)
2021-07-06,08:51:59,Enhanced Bacterial Monitoring 2021,DRBC-DEL-RC,Palmyra Cove,40.009172,-75.042703,Sample-Routine,275.5,MPN/100mL,,,9223 B ~ Enzyme substrate assay for measuring total coliforms and E. coli (ONPG-MUG test or CPRG-MUG test)
2021-07-06,08:30:00,Enhanced Bacterial Monitoring 2021,DRBC-DEL-RY,Riverton Yacht Club,40.01542,-75.018062,Sample-Routine,129.6,MPN/100mL,,,9223 B ~ Enzyme substrate assay for measuring total coliforms and E. coli (ONPG-MUG test or CPRG-MUG test)
2021-07-06,09:09:59,Enhanced Bacterial Monitoring 2021,DRBC-DEL-SK,Pennsauken Access,39.981027,-75.066045,Sample-Routine,63.8,MPN/100mL,,,9223 B ~ Enzyme substrate assay for measuring total coliforms and E. coli (ONPG-MUG test or CPRG-MUG test)
2021-07-06,10:50:00,Enhanced Bacterial Monitoring 2021,DRBC-DEL-WA,Washington Ave. Green,39.932115,-75.140613,Sample-Routine,101.2,MPN/100mL,,,9223 B ~ Enzyme substrate assay for measuring total coliforms and E. coli (ONPG-MUG test or CPRG-MUG test)
2021-07-13,12:24:59,Enhanced Bacterial Monitoring 2021,DRBC-DEL-FA,Frankford Arsenal Access,40.007211,-75.0558775,Sample-Routine,2419.6,MPN/100mL,,,9223 B ~ Enzyme substrate assay for measuring total coliforms and E. coli (ONPG-MUG test or CPRG-MUG test)
2021-07-13,11:30:00,Enhanced Bacterial Monitoring 2021,DRBC-DEL-LL,Penns Landing Lagoon,39.944955,-75.140115,Sample-Routine,2419.6,MPN/100mL,L,,9223 B ~ Enzyme substrate assay for measuring total coliforms and E. coli (ONPG-MUG test or CPRG-MUG test)
2021-07-13,11:30:00,Enhanced Bacterial Monitoring 2021,DRBC-DEL-LL,Penns Landing Lagoon,39.944955,-75.140115,Sample-Routine,2419.6,MPN/100mL,L,,9223 B ~ Enzyme substrate assay for measuring total coliforms and E. coli (ONPG-MUG test or CPRG-MUG test)
2021-07-13,10:14:59,Enhanced Bacterial Monitoring 2021,DRBC-DEL-NP,National Park,39.870183,-75.191331,Sample-Routine,344.8,MPN/100mL,,,9223 B ~ Enzyme substrate assay for measuring total coliforms and E. coli (ONPG-MUG test or CPRG-MUG test)
2021-07-13,09:40:00,Enhanced Bacterial Monitoring 2021,DRBC-DEL-PP,Payne Poynt Park,39.957888,-75.11444,Sample-Routine,2419.6,MPN/100mL,L,,9223 B ~ Enzyme substrate assay for measuring total coliforms and E. coli (ONPG-MUG test or CPRG-MUG test)
2021-07-13,11:55:00,Enhanced Bacterial Monitoring 2021,DRBC-DEL-PT,Penn Treaty Park,39.965881,-75.12755,Sample-Routine,2419.6,MPN/100mL,L,,9223 B ~ Enzyme substrate assay for measuring total coliforms and E. coli (ONPG-MUG test or CPRG-MUG test)
2021-07-13,09:04:59,Enhanced Bacterial Monitoring 2021,DRBC-DEL-RC,Palmyra Cove,40.009172,-75.042703,Sample-Routine,1553.1,MPN/100mL,,,9223 B ~ Enzyme substrate assay for measuring total coliforms and E. coli (ONPG-MUG test or CPRG-MUG test)
2021-07-13,08:50:00,Enhanced Bacterial Monitoring 2021,DRBC-DEL-RY,Riverton Yacht Club,40.01542,-75.018062,Sample-Routine,2419.6,MPN/100mL,,,9223 B ~ Enzyme substrate assay for measuring total coliforms and E. coli (ONPG-MUG test or CPRG-MUG test)
2021-07-13,09:20:00,Enhanced Bacterial Monitoring 2021,DRBC-DEL-SK,Pennsauken Access,39.981027,-75.066045,Sample-Routine,1553.1,MPN/100mL,,,9223 B ~ Enzyme substrate assay for measuring total coliforms and E. coli (ONPG-MUG test or CPRG-MUG test)
2021-07-13,11:10:00,Enhanced Bacterial Monitoring 2021,DRBC-DEL-WA,Washington Ave. Green,39.932115,-75.140613,Sample-Routine,2419.6,MPN/100mL,,,9223 B ~ Enzyme substrate assay for measuring total coliforms and E. coli (ONPG-MUG test or CPRG-MUG test)
2021-07-20,11:15:00,Enhanced Bacterial Monitoring 2021 X-sections,DRBC-1343 ICP,"Delaware River at Calhoun Street Bridge, Trenton",40.22032,-74.7777,Sample-Routine,727,MPN/100mL,,,9223 B ~ Enzyme substrate assay for measuring total coliforms and E. coli (ONPG-MUG test or CPRG-MUG test)
2021-07-20,09:10:00,Enhanced Bacterial Monitoring 2021 X-sections,DRBC-A1,"Chester Section, Station 1",39.8413348846,-75.3597903378,Sample-Routine,63.1,MPN/100mL,,,9223 B ~ Enzyme substrate assay for measuring total coliforms and E. coli (ONPG-MUG test or CPRG-MUG test)
2021-07-20,09:12:00,Enhanced Bacterial Monitoring 2021 X-sections,DRBC-A2,"Chester Section, Station 2",39.8380247951,-75.356353983,Sample-Routine,59.8,MPN/100mL,,,9223 B ~ Enzyme substrate assay for measuring total coliforms and E. coli (ONPG-MUG test or CPRG-MUG test)
2021-07-20,09:14:00,Enhanced Bacterial Monitoring 2021 X-sections,DRBC-A3,"Chester Section, Station 3",39.8347146005,-75.3529179586,Sample-Routine,29.5,MPN/100mL,,,9223 B ~ Enzyme substrate assay for measuring total coliforms and E. coli (ONPG-MUG test or CPRG-MUG test)
2021-07-20,09:16:00,Enhanced Bacterial Monitoring 2021 X-sections,DRBC-A4,"Chester Section, Station 4",39.8314043007,-75.3494822644,Sample-Routine,43.7,MPN/100mL,,,9223 B ~ Enzyme substrate assay for measuring total coliforms and E. coli (ONPG-MUG test or CPRG-MUG test)
2021-07-20,09:18:00,Enhanced Bacterial Monitoring 2021 X-sections,DRBC-A5,"Chester Section, Station 5",39.8280938959,-75.3460469005,Sample-Routine,43.2,MPN/100mL,,,9223 B ~ Enzyme substrate assay for measuring total coliforms and E. coli (ONPG-MUG test or CPRG-MUG test)
2021-07-20,09:18:00,Enhanced Bacterial Monitoring 2021 X-sections,DRBC-A5,"Chester Section, Station 5",39.8280938959,-75.3460469005,Sample-Routine,34.5,MPN/100mL,,,9223 B ~ Enzyme substrate assay for measuring total coliforms and E. coli (ONPG-MUG test or CPRG-MUG test)
2021-07-20,09:44:00,Enhanced Bacterial Monitoring 2021 X-sections,DRBC-B1,"Red Bank Section, Station 1",39.8786388425,-75.2054130887,Sample-Routine,131.7,MPN/100mL,,,9223 B ~ Enzyme substrate assay for measuring total coliforms and E. coli (ONPG-MUG test or CPRG-MUG test)
2021-07-20,09:46:00,Enhanced Bacterial Monitoring 2021 X-sections,DRBC-B2,"Red Bank Section, Station 2",39.876622347,-75.2019284604,Sample-Routine,108.1,MPN/100mL,,,9223 B ~ Enzyme substrate assay for measuring total coliforms and E. coli (ONPG-MUG test or CPRG-MUG test)
2021-07-20,09:48:00,Enhanced Bacterial Monitoring 2021 X-sections,DRBC-B3,"Red Bank Section, Station 3",39.8746057457,-75.1984440359,Sample-Routine,106.7,MPN/100mL,,,9223 B ~ Enzyme substrate assay for measuring total coliforms and E. coli (ONPG-MUG test or CPRG-MUG test)
2021-07-20,09:50:00,Enhanced Bacterial Monitoring 2021 X-sections,DRBC-B4,"Red Bank Section, Station 4",39.8725890385,-75.1949598154,Sample-Routine,125.9,MPN/100mL,,,9223 B ~ Enzyme substrate assay for measuring total coliforms and E. coli (ONPG-MUG test or CPRG-MUG test)
2021-07-20,09:52:00,Enhanced Bacterial Monitoring 2021 X-sections,DRBC-B5,"Red Bank Section, Station 5",39.8705722254,-75.1914757988,Sample-Routine,104.6,MPN/100mL,,,9223 B ~ Enzyme substrate assay for measuring total coliforms and E. coli (ONPG-MUG test or CPRG-MUG test)
2021-07-20,10:20:00,Enhanced Bacterial Monitoring 2021 X-sections,DRBC-C1,"Penns Landing Section, Station 1",39.9418316141,-75.1410914722,Sample-Routine,613.1,MPN/100mL,,,9223 B ~ Enzyme substrate assay for measuring total coliforms and E. coli (ONPG-MUG test or CPRG-MUG test)
2021-07-20,10:20:00,Enhanced Bacterial Monitoring 2021 X-sections,DRBC-C2,"Penns Landing Section, Station 2",39.9416211018,-75.1389047219,Sample-Routine,613.1,MPN/100mL,,,9223 B ~ Enzyme substrate assay for measuring total coliforms and E. coli (ONPG-MUG test or CPRG-MUG test)
2021-07-20,10:20:00,Enhanced Bacterial Monitoring 2021 X-sections,DRBC-C3,"Penns Landing Section, Station 3",39.9414105895,-75.1367179716,Sample-Routine,579.4,MPN/100mL,,,9223 B ~ Enzyme substrate assay for measuring total coliforms and E. coli (ONPG-MUG test or CPRG-MUG test)
2021-07-20,10:20:00,Enhanced Bacterial Monitoring 2021 X-sections,DRBC-C4,"Penns Landing Section, Station 4",39.9412000772,-75.1345312214,Sample-Routine,344.8,MPN/100mL,,,9223 B ~ Enzyme substrate assay for measuring total coliforms and E. coli (ONPG-MUG test or CPRG-MUG test)
2021-07-20,10:20:00,Enhanced Bacterial Monitoring 2021 X-sections,DRBC-C5,"Penns Landing Section, Station 5",39.9409895648,-75.1323444711,Sample-Routine,435.2,MPN/100mL,,,9223 B ~ Enzyme substrate assay for measuring total coliforms and E. coli (ONPG-MUG test or CPRG-MUG test)
2021-07-20,10:42:00,Enhanced Bacterial Monitoring 2021 X-sections,DRBC-D1,"Pyne Poynt Park Section, Station 1",39.9663703015,-75.1257326109,Sample-Routine,579.4,MPN/100mL,,,9223 B ~ Enzyme substrate assay for measuring total coliforms and E. coli (ONPG-MUG test or CPRG-MUG test)
2021-07-20,10:44:00,Enhanced Bacterial Monitoring 2021 X-sections,DRBC-D2,"Pyne Poynt Park Section, Station 2",39.9636471951,-75.1213229325,Sample-Routine,461.1,MPN/100mL,,,9223 B ~ Enzyme substrate assay for measuring total coliforms and E. coli (ONPG-MUG test or CPRG-MUG test)
2021-07-20,10:46:00,Enhanced Bacterial Monitoring 2021 X-sections,DRBC-D3,"Pyne Poynt Park Section, Station 3",39.9609240887,-75.1169132541,Sample-Routine,547.5,MPN/100mL,,,9223 B ~ Enzyme substrate assay for measuring total coliforms and E. coli (ONPG-MUG test or CPRG-MUG test)
2021-07-20,10:48:00,Enhanced Bacterial Monitoring 2021 X-sections,DRBC-D4,"Pyne Poynt Park Section, Station 4",39.9582009823,-75.1125035756,Sample-Routine,435.2,MPN/100mL,,,9223 B ~ Enzyme substrate assay for measuring total coliforms and E. coli (ONPG-MUG test or CPRG-MUG test)
2021-07-20,10:50:00,Enhanced Bacterial Monitoring 2021 X-sections,DRBC-D5,"Pyne Poynt Park Section, Station 5",39.9554778759,-75.1080938972,Sample-Routine,461.1,MPN/100mL,,,9223 B ~ Enzyme substrate assay for measuring total coliforms and E. coli (ONPG-MUG test or CPRG-MUG test)
2021-07-20,11:16:00,Enhanced Bacterial Monitoring 2021 X-sections,DRBC-E1,"Frankford Arsenal Section, Station 1",40.0073074926,-75.055815947,Sample-Routine,517.2,MPN/100mL,,,9223 B ~ Enzyme substrate assay for measuring total coliforms and E. coli (ONPG-MUG test or CPRG-MUG test)
2021-07-20,11:18:00,Enhanced Bacterial Monitoring 2021 X-sections,DRBC-E2,"Frankford Arsenal Section, Station 2",40.0060545917,-75.0545299294,Sample-Routine,387.3,MPN/100mL,,,9223 B ~ Enzyme substrate assay for measuring total coliforms and E. coli (ONPG-MUG test or CPRG-MUG test)
2021-07-20,11:20:00,Enhanced Bacterial Monitoring 2021 X-sections,DRBC-E3,"Frankford Arsenal Section, Station 3",40.0048016908,-75.0532439118,Sample-Routine,325.5,MPN/100mL,,,9223 B ~ Enzyme substrate assay for measuring total coliforms and E. coli (ONPG-MUG test or CPRG-MUG test)
2021-07-20,11:22:00,Enhanced Bacterial Monitoring 2021 X-sections,DRBC-E4,"Frankford Arsenal Section, Station 4",40.0035487899,-75.0519578942,Sample-Routine,410.6,MPN/100mL,,,9223 B ~ Enzyme substrate assay for measuring total coliforms and E. coli (ONPG-MUG test or CPRG-MUG test)
2021-07-20,11:24:00,Enhanced Bacterial Monitoring 2021 X-sections,DRBC-E5,"Frankford Arsenal Section, Station 5",40.0022668123,-75.0506535958,Sample-Routine,172.3,MPN/100mL,,,9223 B ~ Enzyme substrate assay for measuring total coliforms and E. coli (ONPG-MUG test or CPRG-MUG test)
2021-07-21,11:50:00,Enhanced Bacterial Monitoring 2021,DRBC-DEL-FA,Frankford Arsenal Access,40.007211,-75.0558775,Sample-Routine,165.8,MPN/100mL,,,9223 B ~ Enzyme substrate assay for measuring total coliforms and E. coli (ONPG-MUG test or CPRG-MUG test)
2021-07-21,11:10:00,Enhanced Bacterial Monitoring 2021,DRBC-DEL-LL,Penns Landing Lagoon,39.944955,-75.140115,Sample-Routine,123.4,MPN/100mL,,,9223 B ~ Enzyme substrate assay for measuring total coliforms and E. coli (ONPG-MUG test or CPRG-MUG test)
2021-07-21,09:45:00,Enhanced Bacterial Monitoring 2021,DRBC-DEL-NP,National Park,39.870183,-75.191331,Sample-Routine,218.7,MPN/100mL,,,9223 B ~ Enzyme substrate assay for measuring total coliforms and E. coli (ONPG-MUG test or CPRG-MUG test)
2021-07-21,09:24:59,Enhanced Bacterial Monitoring 2021,DRBC-DEL-PP,Payne Poynt Park,39.957888,-75.11444,Sample-Routine,1986.3,MPN/100mL,,,9223 B ~ Enzyme substrate assay for measuring total coliforms and E. coli (ONPG-MUG test or CPRG-MUG test)
2021-07-21,11:24:59,Enhanced Bacterial Monitoring 2021,DRBC-DEL-PT,Penn Treaty Park,39.965881,-75.12755,Sample-Routine,238.2,MPN/100mL,,,9223 B ~ Enzyme substrate assay for measuring total coliforms and E. coli (ONPG-MUG test or CPRG-MUG test)
2021-07-21,08:50:00,Enhanced Bacterial Monitoring 2021,DRBC-DEL-RC,Palmyra Cove,40.009172,-75.042703,Sample-Routine,435.2,MPN/100mL,,,9223 B ~ Enzyme substrate assay for measuring total coliforms and E. coli (ONPG-MUG test or CPRG-MUG test)
2021-07-21,08:30:00,Enhanced Bacterial Monitoring 2021,DRBC-DEL-RY,Riverton Yacht Club,40.01542,-75.018062,Sample-Routine,260.3,MPN/100mL,,,9223 B ~ Enzyme substrate assay for measuring total coliforms and E. coli (ONPG-MUG test or CPRG-MUG test)
2021-07-21,09:00:00,Enhanced Bacterial Monitoring 2021,DRBC-DEL-SK,Pennsauken Access,39.981027,-75.066045,Sample-Routine,111.2,MPN/100mL,,,9223 B ~ Enzyme substrate assay for measuring total coliforms and E. coli (ONPG-MUG test or CPRG-MUG test)
2021-07-21,09:00:00,Enhanced Bacterial Monitoring 2021,DRBC-DEL-SK,Pennsauken Access,39.981027,-75.066045,Sample-Routine,101.9,MPN/100mL,,,9223 B ~ Enzyme substrate assay for measuring total coliforms and E. coli (ONPG-MUG test or CPRG-MUG test)
2021-07-21,10:45:00,Enhanced Bacterial Monitoring 2021,DRBC-DEL-WA,Washington Ave. Green,39.932115,-75.140613,Sample-Routine,770.1,MPN/100mL,,,9223 B ~ Enzyme substrate assay for measuring total coliforms and E. coli (ONPG-MUG test or CPRG-MUG test)
2021-07-26,09:55:00,Enhanced Bacterial Monitoring 2021 X-sections,DRBC-1343 ICP,"Delaware River at Calhoun Street Bridge, Trenton",40.22032,-74.7777,Sample-Routine,25.6,MPN/100mL,,,9223 B ~ Enzyme substrate assay for measuring total coliforms and E. coli (ONPG-MUG test or CPRG-MUG test)
2021-07-26,09:18:00,Enhanced Bacterial Monitoring 2021 X-sections,DRBC-A1,"Chester Section, Station 1",39.8413348846,-75.3597903378,Sample-Routine,307.6,MPN/100mL,,,9223 B ~ Enzyme substrate assay for measuring total coliforms and E. coli (ONPG-MUG test or CPRG-MUG test)
2021-07-26,09:20:00,Enhanced Bacterial Monitoring 2021 X-sections,DRBC-A2,"Chester Section, Station 2",39.8380247951,-75.356353983,Sample-Routine,27.9,MPN/100mL,,,9223 B ~ Enzyme substrate assay for measuring total coliforms and E. coli (ONPG-MUG test or CPRG-MUG test)
2021-07-26,09:22:00,Enhanced Bacterial Monitoring 2021 X-sections,DRBC-A3,"Chester Section, Station 3",39.8347146005,-75.3529179586,Sample-Routine,14.6,MPN/100mL,,,9223 B ~ Enzyme substrate assay for measuring total coliforms and E. coli (ONPG-MUG test or CPRG-MUG test)
2021-07-26,09:24:00,Enhanced Bacterial Monitoring 2021 X-sections,DRBC-A4,"Chester Section, Station 4",39.8314043007,-75.3494822644,Sample-Routine,13.4,MPN/100mL,,,9223 B ~ Enzyme substrate assay for measuring total coliforms and E. coli (ONPG-MUG test or CPRG-MUG test)
2021-07-26,09:26:00,Enhanced Bacterial Monitoring 2021 X-sections,DRBC-A5,"Chester Section, Station 5",39.8280938959,-75.3460469005,Sample-Routine,17.5,MPN/100mL,,,9223 B ~ Enzyme substrate assay for measuring total coliforms and E. coli (ONPG-MUG test or CPRG-MUG test)
2021-07-26,10:00:00,Enhanced Bacterial Monitoring 2021 X-sections,DRBC-B1,"Red Bank Section, Station 1",39.8786388425,-75.2054130887,Sample-Routine,35.5,MPN/100mL,,,9223 B ~ Enzyme substrate assay for measuring total coliforms and E. coli (ONPG-MUG test or CPRG-MUG test)
2021-07-26,10:10:00,Enhanced Bacterial Monitoring 2021 X-sections,DRBC-B2,"Red Bank Section, Station 2",39.876622347,-75.2019284604,Sample-Routine,54.6,MPN/100mL,,,9223 B ~ Enzyme substrate assay for measuring total coliforms and E. coli (ONPG-MUG test or CPRG-MUG test)
2021-07-26,10:12:00,Enhanced Bacterial Monitoring 2021 X-sections,DRBC-B3,"Red Bank Section, Station 3",39.8746057457,-75.1984440359,Sample-Routine,30.1,MPN/100mL,,,9223 B ~ Enzyme substrate assay for measuring total coliforms and E. coli (ONPG-MUG test or CPRG-MUG test)
2021-07-26,10:14:00,Enhanced Bacterial Monitoring 2021 X-sections,DRBC-B4,"Red Bank Section, Station 4",39.8725890385,-75.1949598154,Sample-Routine,39.9,MPN/100mL,,,9223 B ~ Enzyme substrate assay for measuring total coliforms and E. coli (ONPG-MUG test or CPRG-MUG test)
2021-07-26,10:16:00,Enhanced Bacterial Monitoring 2021 X-sections,DRBC-B5,"Red Bank Section, Station 5",39.8705722254,-75.1914757988,Sample-Routine,22.6,MPN/100mL,,,9223 B ~ Enzyme substrate assay for measuring total coliforms and E. coli (ONPG-MUG test or CPRG-MUG test)
2021-07-26,10:16:00,Enhanced Bacterial Monitoring 2021 X-sections,DRBC-B5,"Red Bank Section, Station 5",39.8705722254,-75.1914757988,Sample-Routine,27.2,MPN/100mL,,,9223 B ~ Enzyme substrate assay for measuring total coliforms and E. coli (ONPG-MUG test or CPRG-MUG test)
2021-07-26,10:45:00,Enhanced Bacterial Monitoring 2021 X-sections,DRBC-C1,"Penns Landing Section, Station 1",39.9418316141,-75.1410914722,Sample-Routine,131.4,MPN/100mL,,,9223 B ~ Enzyme substrate assay for measuring total coliforms and E. coli (ONPG-MUG test or CPRG-MUG test)
2021-07-26,10:47:00,Enhanced Bacterial Monitoring 2021 X-sections,DRBC-C2,"Penns Landing Section, Station 2",39.9416211018,-75.1389047219,Sample-Routine,272.3,MPN/100mL,,,9223 B ~ Enzyme substrate assay for measuring total coliforms and E. coli (ONPG-MUG test or CPRG-MUG test)
2021-07-26,10:49:00,Enhanced Bacterial Monitoring 2021 X-sections,DRBC-C3,"Penns Landing Section, Station 3",39.9414105895,-75.1367179716,Sample-Routine,228.2,MPN/100mL,,,9223 B ~ Enzyme substrate assay for measuring total coliforms and E. coli (ONPG-MUG test or CPRG-MUG test)
2021-07-26,10:51:00,Enhanced Bacterial Monitoring 2021 X-sections,DRBC-C4,"Penns Landing Section, Station 4",39.9412000772,-75.1345312214,Sample-Routine,143.9,MPN/100mL,,,9223 B ~ Enzyme substrate assay for measuring total coliforms and E. coli (ONPG-MUG test or CPRG-MUG test)
2021-07-26,10:53:00,Enhanced Bacterial Monitoring 2021 X-sections,DRBC-C5,"Penns Landing Section, Station 5",39.9409895648,-75.1323444711,Sample-Routine,93.2,MPN/100mL,,,9223 B ~ Enzyme substrate assay for measuring total coliforms and E. coli (ONPG-MUG test or CPRG-MUG test)
2021-07-26,11:00:00,Enhanced Bacterial Monitoring 2021 X-sections,DRBC-D1,"Pyne Poynt Park Section, Station 1",39.9663703015,-75.1257326109,Sample-Routine,547.5,MPN/100mL,,,9223 B ~ Enzyme substrate assay for measuring total coliforms and E. coli (ONPG-MUG test or CPRG-MUG test)
2021-07-26,11:02:00,Enhanced Bacterial Monitoring 2021 X-sections,DRBC-D2,"Pyne Poynt Park Section, Station 2",39.9636471951,-75.1213229325,Sample-Routine,131.4,MPN/100mL,,,9223 B ~ Enzyme substrate assay for measuring total coliforms and E. coli (ONPG-MUG test or CPRG-MUG test)
2021-07-26,11:04:00,Enhanced Bacterial Monitoring 2021 X-sections,DRBC-D3,"Pyne Poynt Park Section, Station 3",39.9609240887,-75.1169132541,Sample-Routine,113,MPN/100mL,,,9223 B ~ Enzyme substrate assay for measuring total coliforms and E. coli (ONPG-MUG test or CPRG-MUG test)
2021-07-26,11:06:00,Enhanced Bacterial Monitoring 2021 X-sections,DRBC-D4,"Pyne Poynt Park Section, Station 4",39.9582009823,-75.1125035756,Sample-Routine,198.9,MPN/100mL,,,9223 B ~ Enzyme substrate assay for measuring total coliforms and E. coli (ONPG-MUG test or CPRG-MUG test)
2021-07-26,11:08:00,Enhanced Bacterial Monitoring 2021 X-sections,DRBC-D5,"Pyne Poynt Park Section, Station 5",39.9554778759,-75.1080938972,Sample-Routine,2419.6,MPN/100mL,,,9223 B ~ Enzyme substrate assay for measuring total coliforms and E. coli (ONPG-MUG test or CPRG-MUG test)
2021-07-26,11:28:00,Enhanced Bacterial Monitoring 2021 X-sections,DRBC-E1,"Frankford Arsenal Section, Station 1",40.0073074926,-75.055815947,Sample-Routine,2419.6,MPN/100mL,,,9223 B ~ Enzyme substrate assay for measuring total coliforms and E. coli (ONPG-MUG test or CPRG-MUG test)
2021-07-26,11:30:00,Enhanced Bacterial Monitoring 2021 X-sections,DRBC-E2,"Frankford Arsenal Section, Station 2",40.0060545917,-75.0545299294,Sample-Routine,727,MPN/100mL,,,9223 B ~ Enzyme substrate assay for measuring total coliforms and E. coli (ONPG-MUG test or CPRG-MUG test)
2021-07-26,11:32:00,Enhanced Bacterial Monitoring 2021 X-sections,DRBC-E3,"Frankford Arsenal Section, Station 3",40.0048016908,-75.0532439118,Sample-Routine,81.6,MPN/100mL,,,9223 B ~ Enzyme substrate assay for measuring total coliforms and E. coli (ONPG-MUG test or CPRG-MUG test)
2021-07-26,11:34:00,Enhanced Bacterial Monitoring 2021 X-sections,DRBC-E4,"Frankford Arsenal Section, Station 4",40.0035487899,-75.0519578942,Sample-Routine,104.6,MPN/100mL,,,9223 B ~ Enzyme substrate assay for measuring total coliforms and E. coli (ONPG-MUG test or CPRG-MUG test)
2021-07-26,11:36:00,Enhanced Bacterial Monitoring 2021 X-sections,DRBC-E5,"Frankford Arsenal Section, Station 5",40.0022668123,-75.0506535958,Sample-Routine,290.9,MPN/100mL,,,9223 B ~ Enzyme substrate assay for measuring total coliforms and E. coli (ONPG-MUG test or CPRG-MUG test)
2021-07-27,12:20:00,Enhanced Bacterial Monitoring 2021,DRBC-DEL-FA,Frankford Arsenal Access,40.007211,-75.0558775,Sample-Routine,727,MPN/100mL,,,9223 B ~ Enzyme substrate assay for measuring total coliforms and E. coli (ONPG-MUG test or CPRG-MUG test)
2021-07-27,11:30:00,Enhanced Bacterial Monitoring 2021,DRBC-DEL-LL,Penns Landing Lagoon,39.944955,-75.140115,Sample-Routine,88.4,MPN/100mL,,,9223 B ~ Enzyme substrate assay for measuring total coliforms and E. coli (ONPG-MUG test or CPRG-MUG test)
2021-07-27,09:49:00,Enhanced Bacterial Monitoring 2021,DRBC-DEL-NP,National Park,39.870183,-75.191331,Sample-Routine,70.8,MPN/100mL,,,9223 B ~ Enzyme substrate assay for measuring total coliforms and E. coli (ONPG-MUG test or CPRG-MUG test)
2021-07-27,09:18:00,Enhanced Bacterial Monitoring 2021,DRBC-DEL-PP,Payne Poynt Park,39.957888,-75.11444,Sample-Routine,1413.6,MPN/100mL,,,9223 B ~ Enzyme substrate assay for measuring total coliforms and E. coli (ONPG-MUG test or CPRG-MUG test)
2021-07-27,11:55:00,Enhanced Bacterial Monitoring 2021,DRBC-DEL-PT,Penn Treaty Park,39.965881,-75.12755,Sample-Routine,727,MPN/100mL,,,9223 B ~ Enzyme substrate assay for measuring total coliforms and E. coli (ONPG-MUG test or CPRG-MUG test)
2021-07-27,11:55:00,Enhanced Bacterial Monitoring 2021,DRBC-DEL-PT,Penn Treaty Park,39.965881,-75.12755,Sample-Routine,613.1,MPN/100mL,,,9223 B ~ Enzyme substrate assay for measuring total coliforms and E. coli (ONPG-MUG test or CPRG-MUG test)
2021-07-27,08:35:00,Enhanced Bacterial Monitoring 2021,DRBC-DEL-RC,Palmyra Cove,40.009172,-75.042703,Sample-Routine,290.9,MPN/100mL,,,9223 B ~ Enzyme substrate assay for measuring total coliforms and E. coli (ONPG-MUG test or CPRG-MUG test)
2021-07-27,08:19:59,Enhanced Bacterial Monitoring 2021,DRBC-DEL-RY,Riverton Yacht Club,40.01542,-75.018062,Sample-Routine,119.1,MPN/100mL,,,9223 B ~ Enzyme substrate assay for measuring total coliforms and E. coli (ONPG-MUG test or CPRG-MUG test)
2021-07-27,08:51:59,Enhanced Bacterial Monitoring 2021,DRBC-DEL-SK,Pennsauken Access,39.981027,-75.066045,Sample-Routine,185,MPN/100mL,,,9223 B ~ Enzyme substrate assay for measuring total coliforms and E. coli (ONPG-MUG test or CPRG-MUG test)
2021-07-27,10:25:59,Enhanced Bacterial Monitoring 2021,DRBC-DEL-WA,Washington Ave. Green,39.932115,-75.140613,Sample-Routine,98.8,MPN/100mL,,,9223 B ~ Enzyme substrate assay for measuring total coliforms and E. coli (ONPG-MUG test or CPRG-MUG test)
2021-08-03,12:49:59,Enhanced Bacterial Monitoring 2021,DRBC-DEL-FA,Frankford Arsenal Access,40.007211,-75.0558775,Sample-Routine,150,MPN/100mL,,,9223 B ~ Enzyme substrate assay for measuring total coliforms and E. coli (ONPG-MUG test or CPRG-MUG test)
2021-08-03,12:04:59,Enhanced Bacterial Monitoring 2021,DRBC-DEL-LL,Penns Landing Lagoon,39.944955,-75.140115,Sample-Routine,62,MPN/100mL,,,9223 B ~ Enzyme substrate assay for measuring total coliforms and E. coli (ONPG-MUG test or CPRG-MUG test)
2021-08-03,10:30:00,Enhanced Bacterial Monitoring 2021,DRBC-DEL-NP,National Park,39.870183,-75.191331,Sample-Routine,88.8,MPN/100mL,,,9223 B ~ Enzyme substrate assay for measuring total coliforms and E. coli (ONPG-MUG test or CPRG-MUG test)
2021-08-03,10:00:00,Enhanced Bacterial Monitoring 2021,DRBC-DEL-PP,Payne Poynt Park,39.957888,-75.11444,Sample-Routine,549.3,MPN/100mL,,,9223 B ~ Enzyme substrate assay for measuring total coliforms and E. coli (ONPG-MUG test or CPRG-MUG test)
2021-08-03,12:29:59,Enhanced Bacterial Monitoring 2021,DRBC-DEL-PT,Penn Treaty Park,39.965881,-75.12755,Sample-Routine,59.1,MPN/100mL,,,9223 B ~ Enzyme substrate assay for measuring total coliforms and E. coli (ONPG-MUG test or CPRG-MUG test)
2021-08-03,09:20:00,Enhanced Bacterial Monitoring 2021,DRBC-DEL-RC,Palmyra Cove,40.009172,-75.042703,Sample-Routine,63.1,MPN/100mL,,,9223 B ~ Enzyme substrate assay for measuring total coliforms and E. coli (ONPG-MUG test or CPRG-MUG test)
2021-08-03,09:00:00,Enhanced Bacterial Monitoring 2021,DRBC-DEL-RY,Riverton Yacht Club,40.01542,-75.018062,Sample-Routine,48.8,MPN/100mL,,,9223 B ~ Enzyme substrate assay for measuring total coliforms and E. coli (ONPG-MUG test or CPRG-MUG test)
2021-08-03,09:40:00,Enhanced Bacterial Monitoring 2021,DRBC-DEL-SK,Pennsauken Access,39.981027,-75.066045,Sample-Routine,77.1,MPN/100mL,,,9223 B ~ Enzyme substrate assay for measuring total coliforms and E. coli (ONPG-MUG test or CPRG-MUG test)
2021-08-03,11:50:00,Enhanced Bacterial Monitoring 2021,DRBC-DEL-WA,Washington Ave. Green,39.932115,-75.140613,Sample-Routine,224.7,MPN/100mL,,,9223 B ~ Enzyme substrate assay for measuring total coliforms and E. coli (ONPG-MUG test or CPRG-MUG test)
2021-08-09,11:30:00,Enhanced Bacterial Monitoring 2021 X-sections,DRBC-1343 ICP,"Delaware River at Calhoun Street Bridge, Trenton",40.22032,-74.7777,Sample-Routine,13.2,MPN/100mL,,,9223 B ~ Enzyme substrate assay for measuring total coliforms and E. coli (ONPG-MUG test or CPRG-MUG test)
2021-08-09,10:08:00,Enhanced Bacterial Monitoring 2021 X-sections,DRBC-A1,"Chester Section, Station 1",39.8413348846,-75.3597903378,Sample-Routine,52.9,MPN/100mL,,,9223 B ~ Enzyme substrate assay for measuring total coliforms and E. coli (ONPG-MUG test or CPRG-MUG test)
2021-08-09,10:10:00,Enhanced Bacterial Monitoring 2021 X-sections,DRBC-A2,"Chester Section, Station 2",39.8380247951,-75.356353983,Sample-Routine,26.5,MPN/100mL,,,9223 B ~ Enzyme substrate assay for measuring total coliforms and E. coli (ONPG-MUG test or CPRG-MUG test)
2021-08-09,10:12:00,Enhanced Bacterial Monitoring 2021 X-sections,DRBC-A3,"Chester Section, Station 3",39.8347146005,-75.3529179586,Sample-Routine,18.9,MPN/100mL,,,9223 B ~ Enzyme substrate assay for measuring total coliforms and E. coli (ONPG-MUG test or CPRG-MUG test)
2021-08-09,10:14:00,Enhanced Bacterial Monitoring 2021 X-sections,DRBC-A4,"Chester Section, Station 4",39.8314043007,-75.3494822644,Sample-Routine,24.9,MPN/100mL,,,9223 B ~ Enzyme substrate assay for measuring total coliforms and E. coli (ONPG-MUG test or CPRG-MUG test)
2021-08-09,10:16:00,Enhanced Bacterial Monitoring 2021 X-sections,DRBC-A5,"Chester Section, Station 5",39.8280938959,-75.3460469005,Sample-Routine,28.2,MPN/100mL,,,9223 B ~ Enzyme substrate assay for measuring total coliforms and E. coli (ONPG-MUG test or CPRG-MUG test)
2021-08-09,10:39:00,Enhanced Bacterial Monitoring 2021 X-sections,DRBC-B1,"Red Bank Section, Station 1",39.8786388425,-75.2054130887,Sample-Routine,240,MPN/100mL,,,9223 B ~ Enzyme substrate assay for measuring total coliforms and E. coli (ONPG-MUG test or CPRG-MUG test)
2021-08-09,10:41:00,Enhanced Bacterial Monitoring 2021 X-sections,DRBC-B2,"Red Bank Section, Station 2",39.876622347,-75.2019284604,Sample-Routine,101.9,MPN/100mL,,,9223 B ~ Enzyme substrate assay for measuring total coliforms and E. coli (ONPG-MUG test or CPRG-MUG test)
2021-08-09,10:43:00,Enhanced Bacterial Monitoring 2021 X-sections,DRBC-B3,"Red Bank Section, Station 3",39.8746057457,-75.1984440359,Sample-Routine,116.9,MPN/100mL,,,9223 B ~ Enzyme substrate assay for measuring total coliforms and E. coli (ONPG-MUG test or CPRG-MUG test)
2021-08-09,10:45:00,Enhanced Bacterial Monitoring 2021 X-sections,DRBC-B4,"Red Bank Section, Station 4",39.8725890385,-75.1949598154,Sample-Routine,95.9,MPN/100mL,,,9223 B ~ Enzyme substrate assay for measuring total coliforms and E. coli (ONPG-MUG test or CPRG-MUG test)
2021-08-09,10:47:00,Enhanced Bacterial Monitoring 2021 X-sections,DRBC-B5,"Red Bank Section, Station 5",39.8705722254,-75.1914757988,Sample-Routine,71.7,MPN/100mL,,,9223 B ~ Enzyme substrate assay for measuring total coliforms and E. coli (ONPG-MUG test or CPRG-MUG test)
2021-08-09,11:01:00,Enhanced Bacterial Monitoring 2021 X-sections,DRBC-C1,"Penns Landing Section, Station 1",39.9418316141,-75.1410914722,Sample-Routine,365.4,MPN/100mL,,,9223 B ~ Enzyme substrate assay for measuring total coliforms and E. coli (ONPG-MUG test or CPRG-MUG test)
2021-08-09,11:03:00,Enhanced Bacterial Monitoring 2021 X-sections,DRBC-C2,"Penns Landing Section, Station 2",39.9416211018,-75.1389047219,Sample-Routine,307.6,MPN/100mL,,,9223 B ~ Enzyme substrate assay for measuring total coliforms and E. coli (ONPG-MUG test or CPRG-MUG test)
2021-08-09,11:05:00,Enhanced Bacterial Monitoring 2021 X-sections,DRBC-C3,"Penns Landing Section, Station 3",39.9414105895,-75.1367179716,Sample-Routine,435.2,MPN/100mL,,,9223 B ~ Enzyme substrate assay for measuring total coliforms and E. coli (ONPG-MUG test or CPRG-MUG test)
2021-08-09,11:07:00,Enhanced Bacterial Monitoring 2021 X-sections,DRBC-C4,"Penns Landing Section, Station 4",39.9412000772,-75.1345312214,Sample-Routine,613.1,MPN/100mL,,,9223 B ~ Enzyme substrate assay for measuring total coliforms and E. coli (ONPG-MUG test or CPRG-MUG test)
2021-08-09,11:07:00,Enhanced Bacterial Monitoring 2021 X-sections,DRBC-C4,"Penns Landing Section, Station 4",39.9412000772,-75.1345312214,Sample-Routine,770.1,MPN/100mL,,,9223 B ~ Enzyme substrate assay for measuring total coliforms and E. coli (ONPG-MUG test or CPRG-MUG test)
2021-08-09,11:09:00,Enhanced Bacterial Monitoring 2021 X-sections,DRBC-C5,"Penns Landing Section, Station 5",39.9409895648,-75.1323444711,Sample-Routine,1299.7,MPN/100mL,,,9223 B ~ Enzyme substrate assay for measuring total coliforms and E. coli (ONPG-MUG test or CPRG-MUG test)
2021-08-09,11:20:00,Enhanced Bacterial Monitoring 2021 X-sections,DRBC-D1,"Pyne Poynt Park Section, Station 1",39.9663703015,-75.1257326109,Sample-Routine,547.5,MPN/100mL,,,9223 B ~ Enzyme substrate assay for measuring total coliforms and E. coli (ONPG-MUG test or CPRG-MUG test)
2021-08-09,11:22:00,Enhanced Bacterial Monitoring 2021 X-sections,DRBC-D2,"Pyne Poynt Park Section, Station 2",39.9636471951,-75.1213229325,Sample-Routine,2419.6,MPN/100mL,,,9223 B ~ Enzyme substrate assay for measuring total coliforms and E. coli (ONPG-MUG test or CPRG-MUG test)
2021-08-09,11:24:00,Enhanced Bacterial Monitoring 2021 X-sections,DRBC-D3,"Pyne Poynt Park Section, Station 3",39.9609240887,-75.1169132541,Sample-Routine,2419.6,MPN/100mL,,,9223 B ~ Enzyme substrate assay for measuring total coliforms and E. coli (ONPG-MUG test or CPRG-MUG test)
2021-08-09,11:26:00,Enhanced Bacterial Monitoring 2021 X-sections,DRBC-D4,"Pyne Poynt Park Section, Station 4",39.9582009823,-75.1125035756,Sample-Routine,2419.6,MPN/100mL,,,9223 B ~ Enzyme substrate assay for measuring total coliforms and E. coli (ONPG-MUG test or CPRG-MUG test)
2021-08-09,11:28:00,Enhanced Bacterial Monitoring 2021 X-sections,DRBC-D5,"Pyne Poynt Park Section, Station 5",39.9554778759,-75.1080938972,Sample-Routine,2419.6,MPN/100mL,,,9223 B ~ Enzyme substrate assay for measuring total coliforms and E. coli (ONPG-MUG test or CPRG-MUG test)
2021-08-09,11:45:00,Enhanced Bacterial Monitoring 2021 X-sections,DRBC-E1,"Frankford Arsenal Section, Station 1",40.0073074926,-75.055815947,Sample-Routine,517.2,MPN/100mL,,,9223 B ~ Enzyme substrate assay for measuring total coliforms and E. coli (ONPG-MUG test or CPRG-MUG test)
2021-08-09,11:47:00,Enhanced Bacterial Monitoring 2021 X-sections,DRBC-E2,"Frankford Arsenal Section, Station 2",40.0060545917,-75.0545299294,Sample-Routine,71.2,MPN/100mL,,,9223 B ~ Enzyme substrate assay for measuring total coliforms and E. coli (ONPG-MUG test or CPRG-MUG test)
2021-08-09,11:49:00,Enhanced Bacterial Monitoring 2021 X-sections,DRBC-E3,"Frankford Arsenal Section, Station 3",40.0048016908,-75.0532439118,Sample-Routine,101.7,MPN/100mL,,,9223 B ~ Enzyme substrate assay for measuring total coliforms and E. coli (ONPG-MUG test or CPRG-MUG test)
2021-08-09,11:51:00,Enhanced Bacterial Monitoring 2021 X-sections,DRBC-E4,"Frankford Arsenal Section, Station 4",40.0035487899,-75.0519578942,Sample-Routine,157.6,MPN/100mL,,,9223 B ~ Enzyme substrate assay for measuring total coliforms and E. coli (ONPG-MUG test or CPRG-MUG test)
2021-08-09,11:53:00,Enhanced Bacterial Monitoring 2021 X-sections,DRBC-E5,"Frankford Arsenal Section, Station 5",40.0022668123,-75.0506535958,Sample-Routine,148.3,MPN/100mL,,,9223 B ~ Enzyme substrate assay for measuring total coliforms and E. coli (ONPG-MUG test or CPRG-MUG test)
2021-08-10,13:05:00,Enhanced Bacterial Monitoring 2021,DRBC-DEL-FA,Frankford Arsenal Access,40.007211,-75.0558775,Sample-Routine,2419.6,MPN/100mL,,,9223 B ~ Enzyme substrate assay for measuring total coliforms and E. coli (ONPG-MUG test or CPRG-MUG test)
2021-08-10,12:20:00,Enhanced Bacterial Monitoring 2021,DRBC-DEL-LL,Penns Landing Lagoon,39.944955,-75.140115,Sample-Routine,1119.9,MPN/100mL,,,9223 B ~ Enzyme substrate assay for measuring total coliforms and E. coli (ONPG-MUG test or CPRG-MUG test)
2021-08-10,10:59:59,Enhanced Bacterial Monitoring 2021,DRBC-DEL-NP,National Park,39.870183,-75.191331,Sample-Routine,195.6,MPN/100mL,,,9223 B ~ Enzyme substrate assay for measuring total coliforms and E. coli (ONPG-MUG test or CPRG-MUG test)
2021-08-10,10:30:00,Enhanced Bacterial Monitoring 2021,DRBC-DEL-PP,Payne Poynt Park,39.957888,-75.11444,Sample-Routine,2419.6,MPN/100mL,L,,9223 B ~ Enzyme substrate assay for measuring total coliforms and E. coli (ONPG-MUG test or CPRG-MUG test)
2021-08-10,12:40:00,Enhanced Bacterial Monitoring 2021,DRBC-DEL-PT,Penn Treaty Park,39.965881,-75.12755,Sample-Routine,1732.9,MPN/100mL,,,9223 B ~ Enzyme substrate assay for measuring total coliforms and E. coli (ONPG-MUG test or CPRG-MUG test)
2021-08-10,09:45:00,Enhanced Bacterial Monitoring 2021,DRBC-DEL-RC,Palmyra Cove,40.009172,-75.042703,Sample-Routine,178.9,MPN/100mL,,,9223 B ~ Enzyme substrate assay for measuring total coliforms and E. coli (ONPG-MUG test or CPRG-MUG test)
2021-08-10,09:15:00,Enhanced Bacterial Monitoring 2021,DRBC-DEL-RY,Riverton Yacht Club,40.01542,-75.018062,Sample-Routine,224.7,MPN/100mL,,,9223 B ~ Enzyme substrate assay for measuring total coliforms and E. coli (ONPG-MUG test or CPRG-MUG test)
2021-08-10,10:14:59,Enhanced Bacterial Monitoring 2021,DRBC-DEL-SK,Pennsauken Access,39.981027,-75.066045,Sample-Routine,1119.9,MPN/100mL,,,9223 B ~ Enzyme substrate assay for measuring total coliforms and E. coli (ONPG-MUG test or CPRG-MUG test)
2021-08-10,12:04:59,Enhanced Bacterial Monitoring 2021,DRBC-DEL-WA,Washington Ave. Green,39.932115,-75.140613,Sample-Routine,416,MPN/100mL,,,9223 B ~ Enzyme substrate assay for measuring total coliforms and E. coli (ONPG-MUG test or CPRG-MUG test)
2021-08-16,12:20:00,Enhanced Bacterial Monitoring 2021,DRBC-DEL-FA,Frankford Arsenal Access,40.007211,-75.0558775,Sample-Routine,36.8,MPN/100mL,,,9223 B ~ Enzyme substrate assay for measuring total coliforms and E. coli (ONPG-MUG test or CPRG-MUG test)
2021-08-16,12:20:00,Enhanced Bacterial Monitoring 2021,DRBC-DEL-FA,Frankford Arsenal Access,40.007211,-75.0558775,Sample-Routine,52.9,MPN/100mL,,,9223 B ~ Enzyme substrate assay for measuring total coliforms and E. coli (ONPG-MUG test or CPRG-MUG test)
2021-08-16,11:35:00,Enhanced Bacterial Monitoring 2021,DRBC-DEL-LL,Penns Landing Lagoon,39.944955,-75.140115,Sample-Routine,38.8,MPN/100mL,,,9223 B ~ Enzyme substrate assay for measuring total coliforms and E. coli (ONPG-MUG test or CPRG-MUG test)
2021-08-16,10:09:59,Enhanced Bacterial Monitoring 2021,DRBC-DEL-NP,National Park,39.870183,-75.191331,Sample-Routine,218.7,MPN/100mL,,,9223 B ~ Enzyme substrate assay for measuring total coliforms and E. coli (ONPG-MUG test or CPRG-MUG test)
2021-08-16,09:40:00,Enhanced Bacterial Monitoring 2021,DRBC-DEL-PP,Payne Poynt Park,39.957888,-75.11444,Sample-Routine,248.9,MPN/100mL,,,9223 B ~ Enzyme substrate assay for measuring total coliforms and E. coli (ONPG-MUG test or CPRG-MUG test)
2021-08-16,11:50:00,Enhanced Bacterial Monitoring 2021,DRBC-DEL-PT,Penn Treaty Park,39.965881,-75.12755,Sample-Routine,95.9,MPN/100mL,,,9223 B ~ Enzyme substrate assay for measuring total coliforms and E. coli (ONPG-MUG test or CPRG-MUG test)
2021-08-16,09:00:00,Enhanced Bacterial Monitoring 2021,DRBC-DEL-RC,Palmyra Cove,40.009172,-75.042703,Sample-Routine,66.3,MPN/100mL,,,9223 B ~ Enzyme substrate assay for measuring total coliforms and E. coli (ONPG-MUG test or CPRG-MUG test)
2021-08-16,08:44:59,Enhanced Bacterial Monitoring 2021,DRBC-DEL-RY,Riverton Yacht Club,40.01542,-75.018062,Sample-Routine,25,MPN/100mL,,,9223 B ~ Enzyme substrate assay for measuring total coliforms and E. coli (ONPG-MUG test or CPRG-MUG test)
2021-08-16,09:20:00,Enhanced Bacterial Monitoring 2021,DRBC-DEL-SK,Pennsauken Access,39.981027,-75.066045,Sample-Routine,63.8,MPN/100mL,,,9223 B ~ Enzyme substrate assay for measuring total coliforms and E. coli (ONPG-MUG test or CPRG-MUG test)
2021-08-16,11:10:00,Enhanced Bacterial Monitoring 2021,DRBC-DEL-WA,Washington Ave. Green,39.932115,-75.140613,Sample-Routine,104.3,MPN/100mL,,,9223 B ~ Enzyme substrate assay for measuring total coliforms and E. coli (ONPG-MUG test or CPRG-MUG test)
2021-08-23,10:32:00,Enhanced Bacterial Monitoring 2021 X-sections,DRBC-1343 ICP,"Delaware River at Calhoun Street Bridge, Trenton",40.22032,-74.7777,Sample-Routine,1119.9,MPN/100mL,,,9223 B ~ Enzyme substrate assay for measuring total coliforms and E. coli (ONPG-MUG test or CPRG-MUG test)
2021-08-23,09:32:00,Enhanced Bacterial Monitoring 2021 X-sections,DRBC-A1,"Chester Section, Station 1",39.8413348846,-75.3597903378,Sample-Routine,290.9,MPN/100mL,,,9223 B ~ Enzyme substrate assay for measuring total coliforms and E. coli (ONPG-MUG test or CPRG-MUG test)
2021-08-23,09:40:00,Enhanced Bacterial Monitoring 2021 X-sections,DRBC-A2,"Chester Section, Station 2",39.8380247951,-75.356353983,Sample-Routine,54.6,MPN/100mL,,,9223 B ~ Enzyme substrate assay for measuring total coliforms and E. coli (ONPG-MUG test or CPRG-MUG test)
2021-08-23,09:45:00,Enhanced Bacterial Monitoring 2021 X-sections,DRBC-A3,"Chester Section, Station 3",39.8347146005,-75.3529179586,Sample-Routine,29.2,MPN/100mL,,,9223 B ~ Enzyme substrate assay for measuring total coliforms and E. coli (ONPG-MUG test or CPRG-MUG test)
2021-08-23,09:50:00,Enhanced Bacterial Monitoring 2021 X-sections,DRBC-A4,"Chester Section, Station 4",39.8314043007,-75.3494822644,Sample-Routine,39.9,MPN/100mL,,,9223 B ~ Enzyme substrate assay for measuring total coliforms and E. coli (ONPG-MUG test or CPRG-MUG test)
2021-08-23,10:00:00,Enhanced Bacterial Monitoring 2021 X-sections,DRBC-A5,"Chester Section, Station 5",39.8280938959,-75.3460469005,Sample-Routine,52.1,MPN/100mL,,,9223 B ~ Enzyme substrate assay for measuring total coliforms and E. coli (ONPG-MUG test or CPRG-MUG test)
2021-08-23,10:20:00,Enhanced Bacterial Monitoring 2021 X-sections,DRBC-B1,"Red Bank Section, Station 1",39.8786388425,-75.2054130887,Sample-Routine,686.7,MPN/100mL,,,9223 B ~ Enzyme substrate assay for measuring total coliforms and E. coli (ONPG-MUG test or CPRG-MUG test)
2021-08-23,10:25:00,Enhanced Bacterial Monitoring 2021 X-sections,DRBC-B2,"Red Bank Section, Station 2",39.876622347,-75.2019284604,Sample-Routine,290.9,MPN/100mL,,,9223 B ~ Enzyme substrate assay for measuring total coliforms and E. coli (ONPG-MUG test or CPRG-MUG test)
2021-08-23,10:30:00,Enhanced Bacterial Monitoring 2021 X-sections,DRBC-B3,"Red Bank Section, Station 3",39.8746057457,-75.1984440359,Sample-Routine,178.9,MPN/100mL,,,9223 B ~ Enzyme substrate assay for measuring total coliforms and E. coli (ONPG-MUG test or CPRG-MUG test)
2021-08-23,10:35:00,Enhanced Bacterial Monitoring 2021 X-sections,DRBC-B4,"Red Bank Section, Station 4",39.8725890385,-75.1949598154,Sample-Routine,461.1,MPN/100mL,,,9223 B ~ Enzyme substrate assay for measuring total coliforms and E. coli (ONPG-MUG test or CPRG-MUG test)
2021-08-23,10:40:00,Enhanced Bacterial Monitoring 2021 X-sections,DRBC-B5,"Red Bank Section, Station 5",39.8705722254,-75.1914757988,Sample-Routine,166.4,MPN/100mL,,,9223 B ~ Enzyme substrate assay for measuring total coliforms and E. coli (ONPG-MUG test or CPRG-MUG test)
2021-08-23,10:50:00,Enhanced Bacterial Monitoring 2021 X-sections,DRBC-C1,"Penns Landing Section, Station 1",39.9418316141,-75.1410914722,Sample-Routine,727,MPN/100mL,,,9223 B ~ Enzyme substrate assay for measuring total coliforms and E. coli (ONPG-MUG test or CPRG-MUG test)
2021-08-23,10:52:00,Enhanced Bacterial Monitoring 2021 X-sections,DRBC-C2,"Penns Landing Section, Station 2",39.9416211018,-75.1389047219,Sample-Routine,387.3,MPN/100mL,,,9223 B ~ Enzyme substrate assay for measuring total coliforms and E. coli (ONPG-MUG test or CPRG-MUG test)
2021-08-23,10:54:00,Enhanced Bacterial Monitoring 2021 X-sections,DRBC-C3,"Penns Landing Section, Station 3",39.9414105895,-75.1367179716,Sample-Routine,313,MPN/100mL,,,9223 B ~ Enzyme substrate assay for measuring total coliforms and E. coli (ONPG-MUG test or CPRG-MUG test)
2021-08-23,10:56:00,Enhanced Bacterial Monitoring 2021 X-sections,DRBC-C4,"Penns Landing Section, Station 4",39.9412000772,-75.1345312214,Sample-Routine,365.4,MPN/100mL,,,9223 B ~ Enzyme substrate assay for measuring total coliforms and E. coli (ONPG-MUG test or CPRG-MUG test)
2021-08-23,10:58:00,Enhanced Bacterial Monitoring 2021 X-sections,DRBC-C5,"Penns Landing Section, Station 5",39.9409895648,-75.1323444711,Sample-Routine,2419.6,MPN/100mL,,,9223 B ~ Enzyme substrate assay for measuring total coliforms and E. coli (ONPG-MUG test or CPRG-MUG test)
2021-08-23,11:05:00,Enhanced Bacterial Monitoring 2021 X-sections,DRBC-D1,"Pyne Poynt Park Section, Station 1",39.9663703015,-75.1257326109,Sample-Routine,980.4,MPN/100mL,,,9223 B ~ Enzyme substrate assay for measuring total coliforms and E. coli (ONPG-MUG test or CPRG-MUG test)
2021-08-23,11:07:00,Enhanced Bacterial Monitoring 2021 X-sections,DRBC-D2,"Pyne Poynt Park Section, Station 2",39.9636471951,-75.1213229325,Sample-Routine,261.3,MPN/100mL,,,9223 B ~ Enzyme substrate assay for measuring total coliforms and E. coli (ONPG-MUG test or CPRG-MUG test)
2021-08-23,11:09:00,Enhanced Bacterial Monitoring 2021 X-sections,DRBC-D3,"Pyne Poynt Park Section, Station 3",39.9609240887,-75.1169132541,Sample-Routine,613.1,MPN/100mL,,,9223 B ~ Enzyme substrate assay for measuring total coliforms and E. coli (ONPG-MUG test or CPRG-MUG test)
2021-08-23,11:11:00,Enhanced Bacterial Monitoring 2021 X-sections,DRBC-D4,"Pyne Poynt Park Section, Station 4",39.9582009823,-75.1125035756,Sample-Routine,2419.6,MPN/100mL,,,9223 B ~ Enzyme substrate assay for measuring total coliforms and E. coli (ONPG-MUG test or CPRG-MUG test)
2021-08-23,11:13:00,Enhanced Bacterial Monitoring 2021 X-sections,DRBC-D5,"Pyne Poynt Park Section, Station 5",39.9554778759,-75.1080938972,Sample-Routine,2419.6,MPN/100mL,,,9223 B ~ Enzyme substrate assay for measuring total coliforms and E. coli (ONPG-MUG test or CPRG-MUG test)
2021-08-23,11:35:00,Enhanced Bacterial Monitoring 2021 X-sections,DRBC-E1,"Frankford Arsenal Section, Station 1",40.0073074926,-75.055815947,Sample-Routine,344.8,MPN/100mL,,,9223 B ~ Enzyme substrate assay for measuring total coliforms and E. coli (ONPG-MUG test or CPRG-MUG test)
2021-08-23,11:35:00,Enhanced Bacterial Monitoring 2021 X-sections,DRBC-E1,"Frankford Arsenal Section, Station 1",40.0073074926,-75.055815947,Sample-Routine,209.8,MPN/100mL,,,9223 B ~ Enzyme substrate assay for measuring total coliforms and E. coli (ONPG-MUG test or CPRG-MUG test)
2021-08-23,11:37:00,Enhanced Bacterial Monitoring 2021 X-sections,DRBC-E2,"Frankford Arsenal Section, Station 2",40.0060545917,-75.0545299294,Sample-Routine,113.7,MPN/100mL,,,9223 B ~ Enzyme substrate assay for measuring total coliforms and E. coli (ONPG-MUG test or CPRG-MUG test)
2021-08-23,11:39:00,Enhanced Bacterial Monitoring 2021 X-sections,DRBC-E3,"Frankford Arsenal Section, Station 3",40.0048016908,-75.0532439118,Sample-Routine,98.8,MPN/100mL,,,9223 B ~ Enzyme substrate assay for measuring total coliforms and E. coli (ONPG-MUG test or CPRG-MUG test)
2021-08-23,11:41:00,Enhanced Bacterial Monitoring 2021 X-sections,DRBC-E4,"Frankford Arsenal Section, Station 4",40.0035487899,-75.0519578942,Sample-Routine,148.3,MPN/100mL,,,9223 B ~ Enzyme substrate assay for measuring total coliforms and E. coli (ONPG-MUG test or CPRG-MUG test)
2021-08-23,11:43:00,Enhanced Bacterial Monitoring 2021 X-sections,DRBC-E5,"Frankford Arsenal Section, Station 5",40.0022668123,-75.0506535958,Sample-Routine,165.8,MPN/100mL,,,9223 B ~ Enzyme substrate assay for measuring total coliforms and E. coli (ONPG-MUG test or CPRG-MUG test)
2021-08-24,12:29:59,Enhanced Bacterial Monitoring 2021,DRBC-DEL-FA,Frankford Arsenal Access,40.007211,-75.0558775,Sample-Routine,613.1,MPN/100mL,,,9223 B ~ Enzyme substrate assay for measuring total coliforms and E. coli (ONPG-MUG test or CPRG-MUG test)
2021-08-24,12:29:59,Enhanced Bacterial Monitoring 2021,DRBC-DEL-FA,Frankford Arsenal Access,40.007211,-75.0558775,Sample-Routine,866.4,MPN/100mL,,,9223 B ~ Enzyme substrate assay for measuring total coliforms and E. coli (ONPG-MUG test or CPRG-MUG test)
2021-08-24,11:44:59,Enhanced Bacterial Monitoring 2021,DRBC-DEL-LL,Penns Landing Lagoon,39.944955,-75.140115,Sample-Routine,387.3,MPN/100mL,,,9223 B ~ Enzyme substrate assay for measuring total coliforms and E. coli (ONPG-MUG test or CPRG-MUG test)
2021-08-24,10:20:00,Enhanced Bacterial Monitoring 2021,DRBC-DEL-NP,National Park,39.870183,-75.191331,Sample-Routine,65.7,MPN/100mL,,,9223 B ~ Enzyme substrate assay for measuring total coliforms and E. coli (ONPG-MUG test or CPRG-MUG test)
2021-08-24,09:45:00,Enhanced Bacterial Monitoring 2021,DRBC-DEL-PP,Payne Poynt Park,39.957888,-75.11444,Sample-Routine,2419.6,MPN/100mL,L,,9223 B ~ Enzyme substrate assay for measuring total coliforms and E. coli (ONPG-MUG test or CPRG-MUG test)
2021-08-24,12:04:59,Enhanced Bacterial Monitoring 2021,DRBC-DEL-PT,Penn Treaty Park,39.965881,-75.12755,Sample-Routine,387.3,MPN/100mL,,,9223 B ~ Enzyme substrate assay for measuring total coliforms and E. coli (ONPG-MUG test or CPRG-MUG test)
2021-08-24,09:00:00,Enhanced Bacterial Monitoring 2021,DRBC-DEL-RC,Palmyra Cove,40.009172,-75.042703,Sample-Routine,201.4,MPN/100mL,,,9223 B ~ Enzyme substrate assay for measuring total coliforms and E. coli (ONPG-MUG test or CPRG-MUG test)
2021-08-24,08:44:59,Enhanced Bacterial Monitoring 2021,DRBC-DEL-RY,Riverton Yacht Club,40.01542,-75.018062,Sample-Routine,186,MPN/100mL,,,9223 B ~ Enzyme substrate assay for measuring total coliforms and E. coli (ONPG-MUG test or CPRG-MUG test)
2021-08-24,09:24:59,Enhanced Bacterial Monitoring 2021,DRBC-DEL-SK,Pennsauken Access,39.981027,-75.066045,Sample-Routine,206.4,MPN/100mL,,,9223 B ~ Enzyme substrate assay for measuring total coliforms and E. coli (ONPG-MUG test or CPRG-MUG test)
2021-08-24,11:05:00,Enhanced Bacterial Monitoring 2021,DRBC-DEL-WA,Washington Ave. Green,39.932115,-75.140613,Sample-Routine,547.5,MPN/100mL,,,9223 B ~ Enzyme substrate assay for measuring total coliforms and E. coli (ONPG-MUG test or CPRG-MUG test)
2021-08-30,11:51:00,Enhanced Bacterial Monitoring 2021,DRBC-DEL-FA,Frankford Arsenal Access,40.007211,-75.0558775,Sample-Routine,325.5,MPN/100mL,,,9223 B ~ Enzyme substrate assay for measuring total coliforms and E. coli (ONPG-MUG test or CPRG-MUG test)
2021-08-30,11:10:00,Enhanced Bacterial Monitoring 2021,DRBC-DEL-LL,Penns Landing Lagoon,39.944955,-75.140115,Sample-Routine,344.8,MPN/100mL,,,9223 B ~ Enzyme substrate assay for measuring total coliforms and E. coli (ONPG-MUG test or CPRG-MUG test)
2021-08-30,09:40:00,Enhanced Bacterial Monitoring 2021,DRBC-DEL-NP,National Park,39.870183,-75.191331,Sample-Routine,275.5,MPN/100mL,,,9223 B ~ Enzyme substrate assay for measuring total coliforms and E. coli (ONPG-MUG test or CPRG-MUG test)
2021-08-30,09:11:00,Enhanced Bacterial Monitoring 2021,DRBC-DEL-PP,Payne Poynt Park,39.957888,-75.11444,Sample-Routine,461.1,MPN/100mL,,,9223 B ~ Enzyme substrate assay for measuring total coliforms and E. coli (ONPG-MUG test or CPRG-MUG test)
2021-08-30,11:30:59,Enhanced Bacterial Monitoring 2021,DRBC-DEL-PT,Penn Treaty Park,39.965881,-75.12755,Sample-Routine,410.6,MPN/100mL,,,9223 B ~ Enzyme substrate assay for measuring total coliforms and E. coli (ONPG-MUG test or CPRG-MUG test)
2021-08-30,08:30:59,Enhanced Bacterial Monitoring 2021,DRBC-DEL-RC,Palmyra Cove,40.009172,-75.042703,Sample-Routine,105,MPN/100mL,,,9223 B ~ Enzyme substrate assay for measuring total coliforms and E. coli (ONPG-MUG test or CPRG-MUG test)
2021-08-30,08:30:59,Enhanced Bacterial Monitoring 2021,DRBC-DEL-RC,Palmyra Cove,40.009172,-75.042703,Sample-Routine,107.6,MPN/100mL,,,9223 B ~ Enzyme substrate assay for measuring total coliforms and E. coli (ONPG-MUG test or CPRG-MUG test)
2021-08-30,08:15:00,Enhanced Bacterial Monitoring 2021,DRBC-DEL-RY,Riverton Yacht Club,40.01542,-75.018062,Sample-Routine,48.7,MPN/100mL,,,9223 B ~ Enzyme substrate assay for measuring total coliforms and E. coli (ONPG-MUG test or CPRG-MUG test)
2021-08-30,08:48:59,Enhanced Bacterial Monitoring 2021,DRBC-DEL-SK,Pennsauken Access,39.981027,-75.066045,Sample-Routine,111.2,MPN/100mL,,,9223 B ~ Enzyme substrate assay for measuring total coliforms and E. coli (ONPG-MUG test or CPRG-MUG test)
2021-08-30,10:21:59,Enhanced Bacterial Monitoring 2021,DRBC-DEL-WA,Washington Ave. Green,39.932115,-75.140613,Sample-Routine,461.1,MPN/100mL,,,9223 B ~ Enzyme substrate assay for measuring total coliforms and E. coli (ONPG-MUG test or CPRG-MUG test)
2021-09-07,12:20:00,Enhanced Bacterial Monitoring 2021,DRBC-DEL-FA,Frankford Arsenal Access,40.007211,-75.0558775,Sample-Routine,155.3,MPN/100mL,,,9223 B ~ Enzyme substrate assay for measuring total coliforms and E. coli (ONPG-MUG test or CPRG-MUG test)
2021-09-07,11:35:00,Enhanced Bacterial Monitoring 2021,DRBC-DEL-LL,Penns Landing Lagoon,39.944955,-75.140115,Sample-Routine,111.2,MPN/100mL,,,9223 B ~ Enzyme substrate assay for measuring total coliforms and E. coli (ONPG-MUG test or CPRG-MUG test)
2021-09-07,11:35:00,Enhanced Bacterial Monitoring 2021,DRBC-DEL-LL,Penns Landing Lagoon,39.944955,-75.140115,Sample-Routine,88.2,MPN/100mL,,,9223 B ~ Enzyme substrate assay for measuring total coliforms and E. coli (ONPG-MUG test or CPRG-MUG test)
2021-09-07,10:05:00,Enhanced Bacterial Monitoring 2021,DRBC-DEL-NP,National Park,39.870183,-75.191331,Sample-Routine,307.6,MPN/100mL,,,9223 B ~ Enzyme substrate assay for measuring total coliforms and E. coli (ONPG-MUG test or CPRG-MUG test)
2021-09-07,09:40:00,Enhanced Bacterial Monitoring 2021,DRBC-DEL-PP,Payne Poynt Park,39.957888,-75.11444,Sample-Routine,1119.9,MPN/100mL,,,9223 B ~ Enzyme substrate assay for measuring total coliforms and E. coli (ONPG-MUG test or CPRG-MUG test)
2021-09-07,11:55:00,Enhanced Bacterial Monitoring 2021,DRBC-DEL-PT,Penn Treaty Park,39.965881,-75.12755,Sample-Routine,214.3,MPN/100mL,,,9223 B ~ Enzyme substrate assay for measuring total coliforms and E. coli (ONPG-MUG test or CPRG-MUG test)
2021-09-07,09:00:00,Enhanced Bacterial Monitoring 2021,DRBC-DEL-RC,Palmyra Cove,40.009172,-75.042703,Sample-Routine,365.4,MPN/100mL,,,9223 B ~ Enzyme substrate assay for measuring total coliforms and E. coli (ONPG-MUG test or CPRG-MUG test)
2021-09-07,08:44:59,Enhanced Bacterial Monitoring 2021,DRBC-DEL-RY,Riverton Yacht Club,40.01542,-75.018062,Sample-Routine,143.9,MPN/100mL,,,9223 B ~ Enzyme substrate assay for measuring total coliforms and E. coli (ONPG-MUG test or CPRG-MUG test)
2021-09-07,09:20:00,Enhanced Bacterial Monitoring 2021,DRBC-DEL-SK,Pennsauken Access,39.981027,-75.066045,Sample-Routine,166.4,MPN/100mL,,,9223 B ~ Enzyme substrate assay for measuring total coliforms and E. coli (ONPG-MUG test or CPRG-MUG test)
2021-09-07,11:10:00,Enhanced Bacterial Monitoring 2021,DRBC-DEL-WA,Washington Ave. Green,39.932115,-75.140613,Sample-Routine,98.5,MPN/100mL,,,9223 B ~ Enzyme substrate assay for measuring total coliforms and E. coli (ONPG-MUG test or CPRG-MUG test)
2021-09-28,09:49:59,Enhanced Bacterial Monitoring 2021,DRBC-DEL-PP,Payne Poynt Park,39.957888,-75.11444,Sample-Routine,172.2,MPN/100mL,,,9223 B ~ Enzyme substrate assay for measuring total coliforms and E. coli (ONPG-MUG test or CPRG-MUG test)
2022-05-23,13:15:00,Enhanced Bacterial Monitoring 2022,DRBC-DEL-FA,Frankford Arsenal Access,40.007211,-75.0558775,Sample-Routine,123.4,MPN/100mL,,,9223 B ~ Enzyme substrate assay for measuring total coliforms and E. coli (ONPG-MUG test or CPRG-MUG test)
2022-05-23,12:20:00,Enhanced Bacterial Monitoring 2022,DRBC-DEL-NP,National Park,39.870183,-75.191331,Sample-Routine,95.9,MPN/100mL,,,9223 B ~ Enzyme substrate assay for measuring total coliforms and E. coli (ONPG-MUG test or CPRG-MUG test)
2022-05-23,10:00:00,Enhanced Bacterial Monitoring 2022,DRBC-DEL-PP,Payne Poynt Park,39.957888,-75.11444,Sample-Routine,1553.1,MPN/100mL,,,9223 B ~ Enzyme substrate assay for measuring total coliforms and E. coli (ONPG-MUG test or CPRG-MUG test)
2022-05-23,12:00:00,Enhanced Bacterial Monitoring 2022,DRBC-DEL-PT,Penn Treaty Park,39.965881,-75.12755,Sample-Routine,119.8,MPN/100mL,,,9223 B ~ Enzyme substrate assay for measuring total coliforms and E. coli (ONPG-MUG test or CPRG-MUG test)
2022-05-23,11:30:00,Enhanced Bacterial Monitoring 2022,DRBC-DEL-RC,Palmyra Cove,40.009172,-75.042703,Sample-Routine,115.3,MPN/100mL,,,9223 B ~ Enzyme substrate assay for measuring total coliforms and E. coli (ONPG-MUG test or CPRG-MUG test)
2022-05-23,11:30:00,Enhanced Bacterial Monitoring 2022,DRBC-DEL-RC,Palmyra Cove,40.009172,-75.042703,Sample-Routine,80.9,MPN/100mL,,,9223 B ~ Enzyme substrate assay for measuring total coliforms and E. coli (ONPG-MUG test or CPRG-MUG test)
2022-05-23,11:15:00,Enhanced Bacterial Monitoring 2022,DRBC-DEL-RY,Riverton Yacht Club,40.01542,-75.018062,Sample-Routine,95.9,MPN/100mL,,,9223 B ~ Enzyme substrate assay for measuring total coliforms and E. coli (ONPG-MUG test or CPRG-MUG test)
2022-05-23,11:40:00,Enhanced Bacterial Monitoring 2022,DRBC-DEL-SK,Pennsauken Access,39.981027,-75.066045,Sample-Routine,127.4,MPN/100mL,,,9223 B ~ Enzyme substrate assay for measuring total coliforms and E. coli (ONPG-MUG test or CPRG-MUG test)
2022-05-23,12:45:00,Enhanced Bacterial Monitoring 2022,DRBC-DEL-WA,Washington Ave. Green,39.932115,-75.140613,Sample-Routine,218.7,MPN/100mL,,,9223 B ~ Enzyme substrate assay for measuring total coliforms and E. coli (ONPG-MUG test or CPRG-MUG test)
2022-05-31,12:55:00,Enhanced Bacterial Monitoring 2022,DRBC-DEL-FA,Frankford Arsenal Access,40.007211,-75.0558775,Sample-Routine,387.3,MPN/100mL,,,9223 B ~ Enzyme substrate assay for measuring total coliforms and E. coli (ONPG-MUG test or CPRG-MUG test)
2022-05-31,12:20:00,Enhanced Bacterial Monitoring 2022,DRBC-DEL-LL,Penns Landing Lagoon,39.944955,-75.140115,Sample-Routine,105.4,MPN/100mL,,,9223 B ~ Enzyme substrate assay for measuring total coliforms and E. coli (ONPG-MUG test or CPRG-MUG test)
2022-05-31,11:20:00,Enhanced Bacterial Monitoring 2022,DRBC-DEL-NP,National Park,39.870183,-75.191331,Sample-Routine,325.5,MPN/100mL,,,9223 B ~ Enzyme substrate assay for measuring total coliforms and E. coli (ONPG-MUG test or CPRG-MUG test)
2022-05-31,10:10:00,Enhanced Bacterial Monitoring 2022,DRBC-DEL-PP,Payne Poynt Park,39.957888,-75.11444,Sample-Routine,920.8,MPN/100mL,,,9223 B ~ Enzyme substrate assay for measuring total coliforms and E. coli (ONPG-MUG test or CPRG-MUG test)
2022-05-31,10:10:00,Enhanced Bacterial Monitoring 2022,DRBC-DEL-PP,Payne Poynt Park,39.957888,-75.11444,Sample-Routine,816.4,MPN/100mL,,,9223 B ~ Enzyme substrate assay for measuring total coliforms and E. coli (ONPG-MUG test or CPRG-MUG test)
2022-05-31,12:35:00,Enhanced Bacterial Monitoring 2022,DRBC-DEL-PT,Penn Treaty Park,39.965881,-75.12755,Sample-Routine,228.2,MPN/100mL,,,9223 B ~ Enzyme substrate assay for measuring total coliforms and E. coli (ONPG-MUG test or CPRG-MUG test)
2022-05-31,09:30:00,Enhanced Bacterial Monitoring 2022,DRBC-DEL-RC,Palmyra Cove,40.009172,-75.042703,Sample-Routine,290.9,MPN/100mL,,,9223 B ~ Enzyme substrate assay for measuring total coliforms and E. coli (ONPG-MUG test or CPRG-MUG test)
2022-05-31,09:10:00,Enhanced Bacterial Monitoring 2022,DRBC-DEL-RY,Riverton Yacht Club,40.01542,-75.018062,Sample-Routine,127.4,MPN/100mL,,,9223 B ~ Enzyme substrate assay for measuring total coliforms and E. coli (ONPG-MUG test or CPRG-MUG test)
2022-05-31,09:45:00,Enhanced Bacterial Monitoring 2022,DRBC-DEL-SK,Pennsauken Access,39.981027,-75.066045,Sample-Routine,328.2,MPN/100mL,,,9223 B ~ Enzyme substrate assay for measuring total coliforms and E. coli (ONPG-MUG test or CPRG-MUG test)
2022-05-31,12:00:00,Enhanced Bacterial Monitoring 2022,DRBC-DEL-WA,Washington Ave. Green,39.932115,-75.140613,Sample-Routine,103.9,MPN/100mL,,,9223 B ~ Enzyme substrate assay for measuring total coliforms and E. coli (ONPG-MUG test or CPRG-MUG test)
2022-06-13,11:45:00,Enhanced Bacterial Monitoring 2022,DRBC-DEL-FA,Frankford Arsenal Access,40.007211,-75.0558775,Sample-Routine,1299.7,MPN/100mL,,,9223 B ~ Enzyme substrate assay for measuring total coliforms and E. coli (ONPG-MUG test or CPRG-MUG test)
2022-06-13,11:20:00,Enhanced Bacterial Monitoring 2022,DRBC-DEL-LL,Penns Landing Lagoon,39.944955,-75.140115,Sample-Routine,2419.6,MPN/100mL,,,9223 B ~ Enzyme substrate assay for measuring total coliforms and E. coli (ONPG-MUG test or CPRG-MUG test)
2022-06-13,10:35:00,Enhanced Bacterial Monitoring 2022,DRBC-DEL-NP,National Park,39.870183,-75.191331,Sample-Routine,488.4,MPN/100mL,,,9223 B ~ Enzyme substrate assay for measuring total coliforms and E. coli (ONPG-MUG test or CPRG-MUG test)
2022-06-13,10:10:00,Enhanced Bacterial Monitoring 2022,DRBC-DEL-PP,Payne Poynt Park,39.957888,-75.11444,Sample-Routine,2419.6,MPN/100mL,L,,9223 B ~ Enzyme substrate assay for measuring total coliforms and E. coli (ONPG-MUG test or CPRG-MUG test)
2022-06-13,11:35:00,Enhanced Bacterial Monitoring 2022,DRBC-DEL-PT,Penn Treaty Park,39.965881,-75.12755,Sample-Routine,1732.9,MPN/100mL,,,9223 B ~ Enzyme substrate assay for measuring total coliforms and E. coli (ONPG-MUG test or CPRG-MUG test)
2022-06-13,09:25:00,Enhanced Bacterial Monitoring 2022,DRBC-DEL-RC,Palmyra Cove,40.009172,-75.042703,Sample-Routine,770.1,MPN/100mL,,,9223 B ~ Enzyme substrate assay for measuring total coliforms and E. coli (ONPG-MUG test or CPRG-MUG test)
2022-06-13,09:25:00,Enhanced Bacterial Monitoring 2022,DRBC-DEL-RC,Palmyra Cove,40.009172,-75.042703,Sample-Routine,866.4,MPN/100mL,,,9223 B ~ Enzyme substrate assay for measuring total coliforms and E. coli (ONPG-MUG test or CPRG-MUG test)
2022-06-13,09:10:00,Enhanced Bacterial Monitoring 2022,DRBC-DEL-RY,Riverton Yacht Club,40.01542,-75.018062,Sample-Routine,488.4,MPN/100mL,,,9223 B ~ Enzyme substrate assay for measuring total coliforms and E. coli (ONPG-MUG test or CPRG-MUG test)
2022-06-13,09:45:00,Enhanced Bacterial Monitoring 2022,DRBC-DEL-SK,Pennsauken Access,39.981027,-75.066045,Sample-Routine,2419.6,MPN/100mL,L,,9223 B ~ Enzyme substrate assay for measuring total coliforms and E. coli (ONPG-MUG test or CPRG-MUG test)
2022-06-13,11:15:00,Enhanced Bacterial Monitoring 2022,DRBC-DEL-WA,Washington Ave. Green,39.932115,-75.140613,Sample-Routine,2419.6,MPN/100mL,,,9223 B ~ Enzyme substrate assay for measuring total coliforms and E. coli (ONPG-MUG test or CPRG-MUG test)
2022-06-21,12:10:00,Enhanced Bacterial Monitoring 2022,DRBC-DEL-FA,Frankford Arsenal Access,40.007211,-75.0558775,Sample-Routine,344.1,MPN/100mL,,,9223 B ~ Enzyme substrate assay for measuring total coliforms and E. coli (ONPG-MUG test or CPRG-MUG test)
2022-06-21,11:30:00,Enhanced Bacterial Monitoring 2022,DRBC-DEL-LL,Penns Landing Lagoon,39.944955,-75.140115,Sample-Routine,21.6,MPN/100mL,,,9223 B ~ Enzyme substrate assay for measuring total coliforms and E. coli (ONPG-MUG test or CPRG-MUG test)
2022-06-21,10:00:00,Enhanced Bacterial Monitoring 2022,DRBC-DEL-NP,National Park,39.870183,-75.191331,Sample-Routine,980.4,MPN/100mL,,,9223 B ~ Enzyme substrate assay for measuring total coliforms and E. coli (ONPG-MUG test or CPRG-MUG test)
2022-06-21,09:40:00,Enhanced Bacterial Monitoring 2022,DRBC-DEL-PP,Payne Poynt Park,39.957888,-75.11444,Sample-Routine,77.6,MPN/100mL,,,9223 B ~ Enzyme substrate assay for measuring total coliforms and E. coli (ONPG-MUG test or CPRG-MUG test)
2022-06-21,11:50:00,Enhanced Bacterial Monitoring 2022,DRBC-DEL-PT,Penn Treaty Park,39.965881,-75.12755,Sample-Routine,461.1,MPN/100mL,,,9223 B ~ Enzyme substrate assay for measuring total coliforms and E. coli (ONPG-MUG test or CPRG-MUG test)
2022-06-21,09:00:00,Enhanced Bacterial Monitoring 2022,DRBC-DEL-RC,Palmyra Cove,40.009172,-75.042703,Sample-Routine,122.3,MPN/100mL,,,9223 B ~ Enzyme substrate assay for measuring total coliforms and E. coli (ONPG-MUG test or CPRG-MUG test)
2022-06-21,08:50:00,Enhanced Bacterial Monitoring 2022,DRBC-DEL-RY,Riverton Yacht Club,40.01542,-75.018062,Sample-Routine,62,MPN/100mL,,,9223 B ~ Enzyme substrate assay for measuring total coliforms and E. coli (ONPG-MUG test or CPRG-MUG test)
2022-06-21,09:20:00,Enhanced Bacterial Monitoring 2022,DRBC-DEL-SK,Pennsauken Access,39.981027,-75.066045,Sample-Routine,48,MPN/100mL,,,9223 B ~ Enzyme substrate assay for measuring total coliforms and E. coli (ONPG-MUG test or CPRG-MUG test)
2022-06-21,11:10:00,Enhanced Bacterial Monitoring 2022,DRBC-DEL-WA,Washington Ave. Green,39.932115,-75.140613,Sample-Routine,34.1,MPN/100mL,,,9223 B ~ Enzyme substrate assay for measuring total coliforms and E. coli (ONPG-MUG test or CPRG-MUG test)
2022-06-21,11:10:00,Enhanced Bacterial Monitoring 2022,DRBC-DEL-WA,Washington Ave. Green,39.932115,-75.140613,Sample-Routine,45.7,MPN/100mL,,,9223 B ~ Enzyme substrate assay for measuring total coliforms and E. coli (ONPG-MUG test or CPRG-MUG test)
2022-07-11,12:20:00,Enhanced Bacterial Monitoring 2022,DRBC-DEL-FA,Frankford Arsenal Access,40.007211,-75.0558775,Sample-Routine,547.5,MPN/100mL,,,9223 B ~ Enzyme substrate assay for measuring total coliforms and E. coli (ONPG-MUG test or CPRG-MUG test)
2022-07-11,11:40:00,Enhanced Bacterial Monitoring 2022,DRBC-DEL-LL,Penns Landing Lagoon,39.944955,-75.140115,Sample-Routine,20.4,MPN/100mL,,,9223 B ~ Enzyme substrate assay for measuring total coliforms and E. coli (ONPG-MUG test or CPRG-MUG test)
2022-07-11,10:30:00,Enhanced Bacterial Monitoring 2022,DRBC-DEL-NP,National Park,39.870183,-75.191331,Sample-Routine,250,MPN/100mL,,,9223 B ~ Enzyme substrate assay for measuring total coliforms and E. coli (ONPG-MUG test or CPRG-MUG test)
2022-07-11,10:30:00,Enhanced Bacterial Monitoring 2022,DRBC-DEL-NP,National Park,39.870183,-75.191331,Sample-Routine,178.2,MPN/100mL,,,9223 B ~ Enzyme substrate assay for measuring total coliforms and E. coli (ONPG-MUG test or CPRG-MUG test)
2022-07-11,09:55:00,Enhanced Bacterial Monitoring 2022,DRBC-DEL-PP,Payne Poynt Park,39.957888,-75.11444,Sample-Routine,1203.3,MPN/100mL,,,9223 B ~ Enzyme substrate assay for measuring total coliforms and E. coli (ONPG-MUG test or CPRG-MUG test)
2022-07-11,11:55:00,Enhanced Bacterial Monitoring 2022,DRBC-DEL-PT,Penn Treaty Park,39.965881,-75.12755,Sample-Routine,107.6,MPN/100mL,,,9223 B ~ Enzyme substrate assay for measuring total coliforms and E. coli (ONPG-MUG test or CPRG-MUG test)
2022-07-11,09:20:00,Enhanced Bacterial Monitoring 2022,DRBC-DEL-RC,Palmyra Cove,40.009172,-75.042703,Sample-Routine,120.1,MPN/100mL,,,9223 B ~ Enzyme substrate assay for measuring total coliforms and E. coli (ONPG-MUG test or CPRG-MUG test)
2022-07-11,09:00:00,Enhanced Bacterial Monitoring 2022,DRBC-DEL-RY,Riverton Yacht Club,40.01542,-75.018062,Sample-Routine,52.8,MPN/100mL,,,9223 B ~ Enzyme substrate assay for measuring total coliforms and E. coli (ONPG-MUG test or CPRG-MUG test)
2022-07-11,09:40:00,Enhanced Bacterial Monitoring 2022,DRBC-DEL-SK,Pennsauken Access,39.981027,-75.066045,Sample-Routine,37.7,MPN/100mL,,,9223 B ~ Enzyme substrate assay for measuring total coliforms and E. coli (ONPG-MUG test or CPRG-MUG test)
2022-07-11,11:25:00,Enhanced Bacterial Monitoring 2022,DRBC-DEL-WA,Washington Ave. Green,39.932115,-75.140613,Sample-Routine,191.8,MPN/100mL,,,9223 B ~ Enzyme substrate assay for measuring total coliforms and E. coli (ONPG-MUG test or CPRG-MUG test)
2022-07-25,10:05:00,Enhanced Bacterial Monitoring 2022,DRBC-DEL-FA,Frankford Arsenal Access,40.007211,-75.0558775,Sample-Routine,15.8,MPN/100mL,,,9223 B ~ Enzyme substrate assay for measuring total coliforms and E. coli (ONPG-MUG test or CPRG-MUG test)
2022-07-25,09:20:00,Enhanced Bacterial Monitoring 2022,DRBC-DEL-LL,Penns Landing Lagoon,39.944955,-75.140115,Sample-Routine,96,MPN/100mL,,,9223 B ~ Enzyme substrate assay for measuring total coliforms and E. coli (ONPG-MUG test or CPRG-MUG test)
2022-07-25,10:25:00,Enhanced Bacterial Monitoring 2022,DRBC-DEL-NP,National Park,39.870183,-75.191331,Sample-Routine,1732.9,MPN/100mL,,,9223 B ~ Enzyme substrate assay for measuring total coliforms and E. coli (ONPG-MUG test or CPRG-MUG test)
2022-07-25,10:00:00,Enhanced Bacterial Monitoring 2022,DRBC-DEL-PP,Payne Poynt Park,39.957888,-75.11444,Sample-Routine,2419.6,MPN/100mL,L,,9223 B ~ Enzyme substrate assay for measuring total coliforms and E. coli (ONPG-MUG test or CPRG-MUG test)
2022-07-25,09:40:00,Enhanced Bacterial Monitoring 2022,DRBC-DEL-PT,Penn Treaty Park,39.965881,-75.12755,Sample-Routine,228.2,MPN/100mL,,,9223 B ~ Enzyme substrate assay for measuring total coliforms and E. coli (ONPG-MUG test or CPRG-MUG test)
2022-07-25,09:10:00,Enhanced Bacterial Monitoring 2022,DRBC-DEL-RC,Palmyra Cove,40.009172,-75.042703,Sample-Routine,42.2,MPN/100mL,,,9223 B ~ Enzyme substrate assay for measuring total coliforms and E. coli (ONPG-MUG test or CPRG-MUG test)
2022-07-25,08:50:00,Enhanced Bacterial Monitoring 2022,DRBC-DEL-RY,Riverton Yacht Club,40.01542,-75.018062,Sample-Routine,110.6,MPN/100mL,,,9223 B ~ Enzyme substrate assay for measuring total coliforms and E. coli (ONPG-MUG test or CPRG-MUG test)
2022-07-25,08:50:00,Enhanced Bacterial Monitoring 2022,DRBC-DEL-RY,Riverton Yacht Club,40.01542,-75.018062,Sample-Routine,93.3,MPN/100mL,,,9223 B ~ Enzyme substrate assay for measuring total coliforms and E. coli (ONPG-MUG test or CPRG-MUG test)
2022-07-25,09:30:00,Enhanced Bacterial Monitoring 2022,DRBC-DEL-SK,Pennsauken Access,39.981027,-75.066045,Sample-Routine,88.2,MPN/100mL,,,9223 B ~ Enzyme substrate assay for measuring total coliforms and E. coli (ONPG-MUG test or CPRG-MUG test)
2022-07-25,09:00:00,Enhanced Bacterial Monitoring 2022,DRBC-DEL-WA,Washington Ave. Green,39.932115,-75.140613,Sample-Routine,93.3,MPN/100mL,,,9223 B ~ Enzyme substrate assay for measuring total coliforms and E. coli (ONPG-MUG test or CPRG-MUG test)
2022-08-15,12:15:00,Enhanced Bacterial Monitoring 2022,DRBC-DEL-FA,Frankford Arsenal Access,40.007211,-75.0558775,Sample-Routine,41.4,MPN/100mL,,,9223 B ~ Enzyme substrate assay for measuring total coliforms and E. coli (ONPG-MUG test or CPRG-MUG test)
2022-08-15,11:20:00,Enhanced Bacterial Monitoring 2022,DRBC-DEL-LL,Penns Landing Lagoon,39.944955,-75.140115,Sample-Routine,34.1,MPN/100mL,,,9223 B ~ Enzyme substrate assay for measuring total coliforms and E. coli (ONPG-MUG test or CPRG-MUG test)
2022-08-15,10:15:00,Enhanced Bacterial Monitoring 2022,DRBC-DEL-NP,National Park,39.870183,-75.191331,Sample-Routine,325.5,MPN/100mL,,,9223 B ~ Enzyme substrate assay for measuring total coliforms and E. coli (ONPG-MUG test or CPRG-MUG test)
2022-08-15,09:30:00,Enhanced Bacterial Monitoring 2022,DRBC-DEL-PP,Payne Poynt Park,39.957888,-75.11444,Sample-Routine,231,MPN/100mL,,,9223 B ~ Enzyme substrate assay for measuring total coliforms and E. coli (ONPG-MUG test or CPRG-MUG test)
2022-08-15,09:30:00,Enhanced Bacterial Monitoring 2022,DRBC-DEL-PP,Payne Poynt Park,39.957888,-75.11444,Sample-Routine,307.6,MPN/100mL,,,9223 B ~ Enzyme substrate assay for measuring total coliforms and E. coli (ONPG-MUG test or CPRG-MUG test)
2022-08-15,11:45:00,Enhanced Bacterial Monitoring 2022,DRBC-DEL-PT,Penn Treaty Park,39.965881,-75.12755,Sample-Routine,118.7,MPN/100mL,,,9223 B ~ Enzyme substrate assay for measuring total coliforms and E. coli (ONPG-MUG test or CPRG-MUG test)
2022-08-15,09:10:00,Enhanced Bacterial Monitoring 2022,DRBC-DEL-RC,Palmyra Cove,40.009172,-75.042703,Sample-Routine,121.1,MPN/100mL,,,9223 B ~ Enzyme substrate assay for measuring total coliforms and E. coli (ONPG-MUG test or CPRG-MUG test)
2022-08-15,08:55:00,Enhanced Bacterial Monitoring 2022,DRBC-DEL-RY,Riverton Yacht Club,40.01542,-75.018062,Sample-Routine,37.3,MPN/100mL,,,9223 B ~ Enzyme substrate assay for measuring total coliforms and E. coli (ONPG-MUG test or CPRG-MUG test)
2022-08-15,09:30:00,Enhanced Bacterial Monitoring 2022,DRBC-DEL-SK,Pennsauken Access,39.981027,-75.066045,Sample-Routine,73.8,MPN/100mL,,,9223 B ~ Enzyme substrate assay for measuring total coliforms and E. coli (ONPG-MUG test or CPRG-MUG test)
2022-08-15,11:00:00,Enhanced Bacterial Monitoring 2022,DRBC-DEL-WA,Washington Ave. Green,39.932115,-75.140613,Sample-Routine,47.9,MPN/100mL,,,9223 B ~ Enzyme substrate assay for measuring total coliforms and E. coli (ONPG-MUG test or CPRG-MUG test)
2022-08-23,11:52:00,Enhanced Bacterial Monitoring 2022,DRBC-DEL-FA,Frankford Arsenal Access,40.007211,-75.0558775,Sample-Routine,2419.6,MPN/100mL,L,,9223 B ~ Enzyme substrate assay for measuring total coliforms and E. coli (ONPG-MUG test or CPRG-MUG test)
2022-08-23,11:10:00,Enhanced Bacterial Monitoring 2022,DRBC-DEL-LL,Penns Landing Lagoon,39.944955,-75.140115,Sample-Routine,2419.6,MPN/100mL,L,,9223 B ~ Enzyme substrate assay for measuring total coliforms and E. coli (ONPG-MUG test or CPRG-MUG test)
2022-08-23,10:15:00,Enhanced Bacterial Monitoring 2022,DRBC-DEL-NP,National Park,39.870183,-75.191331,Sample-Routine,579.4,MPN/100mL,,,9223 B ~ Enzyme substrate assay for measuring total coliforms and E. coli (ONPG-MUG test or CPRG-MUG test)
2022-08-23,09:50:00,Enhanced Bacterial Monitoring 2022,DRBC-DEL-PP,Payne Poynt Park,39.957888,-75.11444,Sample-Routine,980.4,MPN/100mL,,,9223 B ~ Enzyme substrate assay for measuring total coliforms and E. coli (ONPG-MUG test or CPRG-MUG test)
2022-08-23,09:50:00,Enhanced Bacterial Monitoring 2022,DRBC-DEL-PP,Payne Poynt Park,39.957888,-75.11444,Sample-Routine,727,MPN/100mL,,,9223 B ~ Enzyme substrate assay for measuring total coliforms and E. coli (ONPG-MUG test or CPRG-MUG test)
2022-08-23,11:40:00,Enhanced Bacterial Monitoring 2022,DRBC-DEL-PT,Penn Treaty Park,39.965881,-75.12755,Sample-Routine,2419.6,MPN/100mL,L,,9223 B ~ Enzyme substrate assay for measuring total coliforms and E. coli (ONPG-MUG test or CPRG-MUG test)
2022-08-23,09:20:00,Enhanced Bacterial Monitoring 2022,DRBC-DEL-RC,Palmyra Cove,40.009172,-75.042703,Sample-Routine,648.8,MPN/100mL,,,9223 B ~ Enzyme substrate assay for measuring total coliforms and E. coli (ONPG-MUG test or CPRG-MUG test)
2022-08-23,09:00:00,Enhanced Bacterial Monitoring 2022,DRBC-DEL-RY,Riverton Yacht Club,40.01542,-75.018062,Sample-Routine,325.5,MPN/100mL,,,9223 B ~ Enzyme substrate assay for measuring total coliforms and E. coli (ONPG-MUG test or CPRG-MUG test)
2022-08-23,10:55:00,Enhanced Bacterial Monitoring 2022,DRBC-DEL-WA,Washington Ave. Green,39.932115,-75.140613,Sample-Routine,1413.6,MPN/100mL,,,9223 B ~ Enzyme substrate assay for measuring total coliforms and E. coli (ONPG-MUG test or CPRG-MUG test)
2022-09-20,10:30:00,Enhanced Bacterial Monitoring 2022,DRBC-DEL-FA,Frankford Arsenal Access,40.007211,-75.0558775,Sample-Routine,21.8,MPN/100mL,,,9223 B ~ Enzyme substrate assay for measuring total coliforms and E. coli (ONPG-MUG test or CPRG-MUG test)
2022-09-20,09:50:00,Enhanced Bacterial Monitoring 2022,DRBC-DEL-LL,Penns Landing Lagoon,39.944955,-75.140115,Sample-Routine,12.2,MPN/100mL,,,9223 B ~ Enzyme substrate assay for measuring total coliforms and E. coli (ONPG-MUG test or CPRG-MUG test)
2022-09-20,09:52:00,Enhanced Bacterial Monitoring 2022,DRBC-DEL-NP,National Park,39.870183,-75.191331,Sample-Routine,145,MPN/100mL,,,9223 B ~ Enzyme substrate assay for measuring total coliforms and E. coli (ONPG-MUG test or CPRG-MUG test)
2022-09-20,10:17:00,Enhanced Bacterial Monitoring 2022,DRBC-DEL-PP,Payne Poynt Park,39.957888,-75.11444,Sample-Routine,110,MPN/100mL,,,9223 B ~ Enzyme substrate assay for measuring total coliforms and E. coli (ONPG-MUG test or CPRG-MUG test)
2022-09-20,10:10:00,Enhanced Bacterial Monitoring 2022,DRBC-DEL-PT,Penn Treaty Park,39.965881,-75.12755,Sample-Routine,36.9,MPN/100mL,,,9223 B ~ Enzyme substrate assay for measuring total coliforms and E. coli (ONPG-MUG test or CPRG-MUG test)
2022-09-20,10:54:00,Enhanced Bacterial Monitoring 2022,DRBC-DEL-RC,Palmyra Cove,40.009172,-75.042703,Sample-Routine,50.4,MPN/100mL,,,9223 B ~ Enzyme substrate assay for measuring total coliforms and E. coli (ONPG-MUG test or CPRG-MUG test)
2022-09-20,11:13:00,Enhanced Bacterial Monitoring 2022,DRBC-DEL-RY,Riverton Yacht Club,40.01542,-75.018062,Sample-Routine,44.1,MPN/100mL,,,9223 B ~ Enzyme substrate assay for measuring total coliforms and E. coli (ONPG-MUG test or CPRG-MUG test)
2022-09-20,10:37:00,Enhanced Bacterial Monitoring 2022,DRBC-DEL-SK,Pennsauken Access,39.981027,-75.066045,Sample-Routine,83.6,MPN/100mL,,,9223 B ~ Enzyme substrate assay for measuring total coliforms and E. coli (ONPG-MUG test or CPRG-MUG test)
2022-09-20,09:30:00,Enhanced Bacterial Monitoring 2022,DRBC-DEL-WA,Washington Ave. Green,39.932115,-75.140613,Sample-Routine,17.5,MPN/100mL,,,9223 B ~ Enzyme substrate assay for measuring total coliforms and E. coli (ONPG-MUG test or CPRG-MUG test)
2022-09-20,09:30:00,Enhanced Bacterial Monitoring 2022,DRBC-DEL-WA,Washington Ave. Green,39.932115,-75.140613,Sample-Routine,30.5,MPN/100mL,,,9223 B ~ Enzyme substrate assay for measuring total coliforms and E. coli (ONPG-MUG test or CPRG-MUG test)
2024-06-25,09:37:00,Bacteria Monitoring 2024,DRBC-6107-013,6107-013,39.843829,-75.359213,Sample-Routine,1986.3,MPN/100mL,,,9223 B ~ Enzyme substrate assay for measuring total coliforms and E. coli (ONPG-MUG test or CPRG-MUG test)
2024-06-25,10:05:00,Bacteria Monitoring 2024,DRBC-6107-015,6107-015,39.851909,-75.345308,Sample-Routine,1299.7,MPN/100mL,,,9223 B ~ Enzyme substrate assay for measuring total coliforms and E. coli (ONPG-MUG test or CPRG-MUG test)
2024-06-25,10:35:00,Bacteria Monitoring 2024,DRBC-6107-019,6107-019,39.870137,-75.313445,Sample-Routine,204.6,MPN/100mL,,,9223 B ~ Enzyme substrate assay for measuring total coliforms and E. coli (ONPG-MUG test or CPRG-MUG test)
2024-06-25,11:30:00,Bacteria Monitoring 2024,DRBC-6107-061,6107-061,39.993596,-75.080699,Sample-Routine,2419.6,MPN/100mL,L,,9223 B ~ Enzyme substrate assay for measuring total coliforms and E. coli (ONPG-MUG test or CPRG-MUG test)
2024-06-25,09:28:00,Bacteria Monitoring 2024,DRBC-6107-067,6107-067,39.991848,-75.048357,Sample-Routine,2419.6,MPN/100mL,,,9223 B ~ Enzyme substrate assay for measuring total coliforms and E. coli (ONPG-MUG test or CPRG-MUG test)
2024-06-25,09:39:00,Bacteria Monitoring 2024,DRBC-6107-068,6107-068,40.006746,-75.056195,Sample-Routine,2419.6,MPN/100mL,L,,9223 B ~ Enzyme substrate assay for measuring total coliforms and E. coli (ONPG-MUG test or CPRG-MUG test)
2024-06-25,09:57:00,Bacteria Monitoring 2024,DRBC-6107-069,6107-069,40.009961,-75.042942,Sample-Routine,727,MPN/100mL,,,9223 B ~ Enzyme substrate assay for measuring total coliforms and E. coli (ONPG-MUG test or CPRG-MUG test)
2024-06-25,09:55:00,Bacteria Monitoring 2024,DRBC-6107-070,6107-070,40.011877,-75.044055,Sample-Routine,1732.9,MPN/100mL,,,9223 B ~ Enzyme substrate assay for measuring total coliforms and E. coli (ONPG-MUG test or CPRG-MUG test)
2024-06-25,09:40:00,Bacteria Monitoring 2024,DRBC-6107-071,6107-071,40.014044,-75.045709,Sample-Routine,2419.6,MPN/100mL,L,,9223 B ~ Enzyme substrate assay for measuring total coliforms and E. coli (ONPG-MUG test or CPRG-MUG test)
2024-06-25,10:08:00,Bacteria Monitoring 2024,DRBC-6107-074,6107-074,40.01974,-75.033024,Sample-Routine,2419.6,MPN/100mL,,,9223 B ~ Enzyme substrate assay for measuring total coliforms and E. coli (ONPG-MUG test or CPRG-MUG test)
2024-06-25,10:04:00,Bacteria Monitoring 2024,DRBC-6107-075,6107-075,40.011112,-75.027952,Sample-Routine,547.5,MPN/100mL,,,9223 B ~ Enzyme substrate assay for measuring total coliforms and E. coli (ONPG-MUG test or CPRG-MUG test)
2024-06-25,10:19:00,Bacteria Monitoring 2024,DRBC-6107-076,6107-076,40.025406,-75.006821,Sample-Routine,260.3,MPN/100mL,,,9223 B ~ Enzyme substrate assay for measuring total coliforms and E. coli (ONPG-MUG test or CPRG-MUG test)
2024-06-25,10:18:00,Bacteria Monitoring 2024,DRBC-6107-077,6107-077,40.026857,-75.008771,Sample-Routine,1046.2,MPN/100mL,,,9223 B ~ Enzyme substrate assay for measuring total coliforms and E. coli (ONPG-MUG test or CPRG-MUG test)
2024-06-25,10:15:00,Bacteria Monitoring 2024,DRBC-6107-078,6107-078,40.027924,-75.009997,Sample-Routine,1203.3,MPN/100mL,,,9223 B ~ Enzyme substrate assay for measuring total coliforms and E. coli (ONPG-MUG test or CPRG-MUG test)
2024-06-25,10:21:00,Bacteria Monitoring 2024,DRBC-6107-079,6107-079,40.023987,-75.005103,Sample-Routine,410.6,MPN/100mL,,,9223 B ~ Enzyme substrate assay for measuring total coliforms and E. coli (ONPG-MUG test or CPRG-MUG test)
2024-06-25,10:24:00,Bacteria Monitoring 2024,DRBC-6107-080,6107-080,40.022683,-75.003543,Sample-Routine,214.3,MPN/100mL,,,9223 B ~ Enzyme substrate assay for measuring total coliforms and E. coli (ONPG-MUG test or CPRG-MUG test)
2024-06-25,12:35:00,Bacteria Monitoring 2024,DRBC-6107-081,6107-081,40.033201,-75.007451,Sample-Routine,214.3,MPN/100mL,,,9223 B ~ Enzyme substrate assay for measuring total coliforms and E. coli (ONPG-MUG test or CPRG-MUG test)
2024-06-25,10:45:00,Bacteria Monitoring 2024,DRBC-6107-082,6107-082,40.041556,-74.990543,Sample-Routine,1986.3,MPN/100mL,,,9223 B ~ Enzyme substrate assay for measuring total coliforms and E. coli (ONPG-MUG test or CPRG-MUG test)
2024-06-25,10:34:00,Bacteria Monitoring 2024,DRBC-6107-083,6107-083,40.033716,-74.977528,Sample-Routine,648.8,MPN/100mL,,,9223 B ~ Enzyme substrate assay for measuring total coliforms and E. coli (ONPG-MUG test or CPRG-MUG test)
2024-06-25,10:59:00,Bacteria Monitoring 2024,DRBC-6107-087,6107-087,40.05117,-74.978308,Sample-Routine,325.5,MPN/100mL,,,9223 B ~ Enzyme substrate assay for measuring total coliforms and E. coli (ONPG-MUG test or CPRG-MUG test)
2024-06-25,10:50:00,Bacteria Monitoring 2024,DRBC-6107-088,6107-088,40.04261,-74.971408,Sample-Routine,248.1,MPN/100mL,,,9223 B ~ Enzyme substrate assay for measuring total coliforms and E. coli (ONPG-MUG test or CPRG-MUG test)
2024-06-25,11:10:00,Bacteria Monitoring 2024,DRBC-6107-089,6107-089,40.056236,-74.96218,Sample-Routine,45.7,MPN/100mL,,,9223 B ~ Enzyme substrate assay for measuring total coliforms and E. coli (ONPG-MUG test or CPRG-MUG test)
2024-06-25,11:08:00,Bacteria Monitoring 2024,DRBC-6107-090,6107-090,40.057262,-74.963319,Sample-Routine,52.9,MPN/100mL,,,9223 B ~ Enzyme substrate assay for measuring total coliforms and E. coli (ONPG-MUG test or CPRG-MUG test)
2024-06-25,11:05:00,Bacteria Monitoring 2024,DRBC-6107-091,6107-091,40.058668,-74.964358,Sample-Routine,53.8,MPN/100mL,,,9223 B ~ Enzyme substrate assay for measuring total coliforms and E. coli (ONPG-MUG test or CPRG-MUG test)
2024-06-25,11:12:00,Bacteria Monitoring 2024,DRBC-6107-092,6107-092,40.054378,-74.960651,Sample-Routine,29.8,MPN/100mL,,,9223 B ~ Enzyme substrate assay for measuring total coliforms and E. coli (ONPG-MUG test or CPRG-MUG test)
2024-06-25,11:15:00,Bacteria Monitoring 2024,DRBC-6107-093,6107-093,40.052882,-74.959292,Sample-Routine,39.3,MPN/100mL,,,9223 B ~ Enzyme substrate assay for measuring total coliforms and E. coli (ONPG-MUG test or CPRG-MUG test)
2024-06-25,11:25:00,Bacteria Monitoring 2024,DRBC-6107-094,6107-094,40.068377,-74.925913,Sample-Routine,95.9,MPN/100mL,,,9223 B ~ Enzyme substrate assay for measuring total coliforms and E. coli (ONPG-MUG test or CPRG-MUG test)
2024-06-25,11:30:00,Bacteria Monitoring 2024,DRBC-6107-095,6107-095,40.073216,-74.914093,Sample-Routine,770.1,MPN/100mL,,,9223 B ~ Enzyme substrate assay for measuring total coliforms and E. coli (ONPG-MUG test or CPRG-MUG test)
2024-06-25,12:06:00,Bacteria Monitoring 2024,DRBC-6107-096,6107-096,40.084692,-74.911183,Sample-Routine,151.5,MPN/100mL,,,9223 B ~ Enzyme substrate assay for measuring total coliforms and E. coli (ONPG-MUG test or CPRG-MUG test)
2024-06-25,11:48:00,Bacteria Monitoring 2024,DRBC-6107-097,6107-097,40.074426,-74.906085,Sample-Routine,44.6,MPN/100mL,,,9223 B ~ Enzyme substrate assay for measuring total coliforms and E. coli (ONPG-MUG test or CPRG-MUG test)
2024-06-25,11:41:00,Bacteria Monitoring 2024,DRBC-6107-098,6107-098,40.075593,-74.901183,Sample-Routine,31.3,MPN/100mL,,,9223 B ~ Enzyme substrate assay for measuring total coliforms and E. coli (ONPG-MUG test or CPRG-MUG test)
2024-06-25,11:37:00,Bacteria Monitoring 2024,DRBC-6107-099,6107-099,40.071293,-74.898783,Sample-Routine,42.8,MPN/100mL,,,9223 B ~ Enzyme substrate assay for measuring total coliforms and E. coli (ONPG-MUG test or CPRG-MUG test)
2024-06-25,01:48:00,Bacteria Monitoring 2024,DRBC-6107-132,6107-132,40.219275,-74.77821,Sample-Routine,11.9,MPN/100mL,,,9223 B ~ Enzyme substrate assay for measuring total coliforms and E. coli (ONPG-MUG test or CPRG-MUG test)
2024-06-25,01:40:00,Bacteria Monitoring 2024,DRBC-6107-133,6107-133,40.218843,-74.778646,Sample-Routine,25.6,MPN/100mL,,,9223 B ~ Enzyme substrate assay for measuring total coliforms and E. coli (ONPG-MUG test or CPRG-MUG test)
2024-06-25,01:33:00,Bacteria Monitoring 2024,DRBC-6107-134,6107-134,40.218444,-74.778994,Sample-Routine,16.6,MPN/100mL,,,9223 B ~ Enzyme substrate assay for measuring total coliforms and E. coli (ONPG-MUG test or CPRG-MUG test)
2024-06-25,01:30:00,Bacteria Monitoring 2024,DRBC-6107-135,6107-135,40.219994,-74.777527,Sample-Routine,22.3,MPN/100mL,,,9223 B ~ Enzyme substrate assay for measuring total coliforms and E. coli (ONPG-MUG test or CPRG-MUG test)
2024-06-26,09:23:00,Bacteria Monitoring 2024,DRBC-6107-001,6107-001,39.806507,-75.418985,Sample-Routine,40.4,MPN/100mL,,,9223 B ~ Enzyme substrate assay for measuring total coliforms and E. coli (ONPG-MUG test or CPRG-MUG test)
2024-06-26,09:19:00,Bacteria Monitoring 2024,DRBC-6107-002,6107-002,39.804842,-75.416893,Sample-Routine,18.5,MPN/100mL,,,9223 B ~ Enzyme substrate assay for measuring total coliforms and E. coli (ONPG-MUG test or CPRG-MUG test)
2024-06-26,09:11:00,Bacteria Monitoring 2024,DRBC-6107-003,6107-003,39.802877,-75.414447,Sample-Routine,17.5,MPN/100mL,,,9223 B ~ Enzyme substrate assay for measuring total coliforms and E. coli (ONPG-MUG test or CPRG-MUG test)
2024-06-26,09:02:00,Bacteria Monitoring 2024,DRBC-6107-004,6107-004,39.800369,-75.410567,Sample-Routine,23.8,MPN/100mL,,,9223 B ~ Enzyme substrate assay for measuring total coliforms and E. coli (ONPG-MUG test or CPRG-MUG test)
2024-06-26,08:55:00,Bacteria Monitoring 2024,DRBC-6107-005,6107-005,39.79717,-75.40521,Sample-Routine,13.2,MPN/100mL,,,9223 B ~ Enzyme substrate assay for measuring total coliforms and E. coli (ONPG-MUG test or CPRG-MUG test)
2024-06-26,09:29:00,Bacteria Monitoring 2024,DRBC-6107-006,6107-006,39.81155,-75.411443,Sample-Routine,57.6,MPN/100mL,,,9223 B ~ Enzyme substrate assay for measuring total coliforms and E. coli (ONPG-MUG test or CPRG-MUG test)
2024-06-26,09:30:00,Bacteria Monitoring 2024,DRBC-6107-007,6107-007,39.808316,-75.377205,Sample-Routine,40.8,MPN/100mL,,,9223 B ~ Enzyme substrate assay for measuring total coliforms and E. coli (ONPG-MUG test or CPRG-MUG test)
2024-06-26,09:48:00,Bacteria Monitoring 2024,DRBC-6107-008,6107-008,39.830051,-75.375487,Sample-Routine,27.9,MPN/100mL,,,9223 B ~ Enzyme substrate assay for measuring total coliforms and E. coli (ONPG-MUG test or CPRG-MUG test)
2024-06-26,09:52:00,Bacteria Monitoring 2024,DRBC-6107-009,6107-009,39.831775,-75.376779,Sample-Routine,73.8,MPN/100mL,,,9223 B ~ Enzyme substrate assay for measuring total coliforms and E. coli (ONPG-MUG test or CPRG-MUG test)
2024-06-26,09:45:00,Bacteria Monitoring 2024,DRBC-6107-010,6107-010,39.828589,-75.373718,Sample-Routine,26.2,MPN/100mL,,,9223 B ~ Enzyme substrate assay for measuring total coliforms and E. coli (ONPG-MUG test or CPRG-MUG test)
2024-06-26,09:41:00,Bacteria Monitoring 2024,DRBC-6107-011,6107-011,39.825366,-75.370469,Sample-Routine,186,MPN/100mL,,,9223 B ~ Enzyme substrate assay for measuring total coliforms and E. coli (ONPG-MUG test or CPRG-MUG test)
2024-06-26,09:40:00,Bacteria Monitoring 2024,DRBC-6107-012,6107-012,39.820927,-75.364974,Sample-Routine,38.4,MPN/100mL,,,9223 B ~ Enzyme substrate assay for measuring total coliforms and E. coli (ONPG-MUG test or CPRG-MUG test)
2024-06-26,09:46:00,Bacteria Monitoring 2024,DRBC-6107-014,6107-014,39.825354,-75.346163,Sample-Routine,866.4,MPN/100mL,,,9223 B ~ Enzyme substrate assay for measuring total coliforms and E. coli (ONPG-MUG test or CPRG-MUG test)
2024-06-26,10:00:00,Bacteria Monitoring 2024,DRBC-6107-016,6107-016,39.846719,-75.341065,Sample-Routine,26.2,MPN/100mL,,,9223 B ~ Enzyme substrate assay for measuring total coliforms and E. coli (ONPG-MUG test or CPRG-MUG test)
2024-06-26,09:51:00,Bacteria Monitoring 2024,DRBC-6107-017,6107-017,39.834353,-75.327378,Sample-Routine,25.9,MPN/100mL,,,9223 B ~ Enzyme substrate assay for measuring total coliforms and E. coli (ONPG-MUG test or CPRG-MUG test)
2024-06-26,10:09:00,Bacteria Monitoring 2024,DRBC-6107-020,6107-020,39.860017,-75.303584,Sample-Routine,44.1,MPN/100mL,,,9223 B ~ Enzyme substrate assay for measuring total coliforms and E. coli (ONPG-MUG test or CPRG-MUG test)
2024-06-26,10:02:00,Bacteria Monitoring 2024,DRBC-6107-021,6107-021,39.839598,-75.282931,Sample-Routine,23.3,MPN/100mL,,,9223 B ~ Enzyme substrate assay for measuring total coliforms and E. coli (ONPG-MUG test or CPRG-MUG test)
2024-06-26,10:28:00,Bacteria Monitoring 2024,DRBC-6107-022,6107-022,39.852257,-75.255399,Sample-Routine,17.3,MPN/100mL,,,9223 B ~ Enzyme substrate assay for measuring total coliforms and E. coli (ONPG-MUG test or CPRG-MUG test)
2024-06-26,10:25:00,Bacteria Monitoring 2024,DRBC-6107-023,6107-023,39.853603,-75.255839,Sample-Routine,26.9,MPN/100mL,,,9223 B ~ Enzyme substrate assay for measuring total coliforms and E. coli (ONPG-MUG test or CPRG-MUG test)
2024-06-26,10:23:00,Bacteria Monitoring 2024,DRBC-6107-024,6107-024,39.855303,-75.256187,Sample-Routine,14.5,MPN/100mL,,,9223 B ~ Enzyme substrate assay for measuring total coliforms and E. coli (ONPG-MUG test or CPRG-MUG test)
2024-06-26,10:31:00,Bacteria Monitoring 2024,DRBC-6107-025,6107-025,39.8506047,-75.25499808,Sample-Routine,18.7,MPN/100mL,,,9223 B ~ Enzyme substrate assay for measuring total coliforms and E. coli (ONPG-MUG test or CPRG-MUG test)
2024-06-26,10:35:00,Bacteria Monitoring 2024,DRBC-6107-026,6107-026,39.8487184,-75.25448721,Sample-Routine,46.4,MPN/100mL,,,9223 B ~ Enzyme substrate assay for measuring total coliforms and E. coli (ONPG-MUG test or CPRG-MUG test)
2024-06-26,10:12:00,Bacteria Monitoring 2024,DRBC-6107-027,6107-027,39.851093,-75.228234,Sample-Routine,285.1,MPN/100mL,,,9223 B ~ Enzyme substrate assay for measuring total coliforms and E. coli (ONPG-MUG test or CPRG-MUG test)
2024-06-26,10:16:00,Bacteria Monitoring 2024,DRBC-6107-028,6107-028,39.855258,-75.218815,Sample-Routine,37.9,MPN/100mL,,,9223 B ~ Enzyme substrate assay for measuring total coliforms and E. coli (ONPG-MUG test or CPRG-MUG test)
2024-06-26,10:43:00,Bacteria Monitoring 2024,DRBC-6107-029,6107-029,39.874574,-75.211555,Sample-Routine,52.9,MPN/100mL,,,9223 B ~ Enzyme substrate assay for measuring total coliforms and E. coli (ONPG-MUG test or CPRG-MUG test)
2024-06-26,10:21:00,Bacteria Monitoring 2024,DRBC-6107-032,6107-032,39.863026,-75.194499,Sample-Routine,517.2,MPN/100mL,,,9223 B ~ Enzyme substrate assay for measuring total coliforms and E. coli (ONPG-MUG test or CPRG-MUG test)
2024-06-26,10:27:00,Bacteria Monitoring 2024,DRBC-6107-033,6107-033,39.869885,-75.191464,Sample-Routine,42.6,MPN/100mL,,,9223 B ~ Enzyme substrate assay for measuring total coliforms and E. coli (ONPG-MUG test or CPRG-MUG test)
2024-06-26,11:28:00,Bacteria Monitoring 2024,DRBC-6107-034,6107-034,39.89287,-75.201334,Sample-Routine,172.5,MPN/100mL,,,9223 B ~ Enzyme substrate assay for measuring total coliforms and E. coli (ONPG-MUG test or CPRG-MUG test)
2024-06-26,11:33:00,Bacteria Monitoring 2024,DRBC-6107-035,6107-035,39.894697,-75.199973,Sample-Routine,105,MPN/100mL,,,9223 B ~ Enzyme substrate assay for measuring total coliforms and E. coli (ONPG-MUG test or CPRG-MUG test)
2024-06-26,11:30:00,Bacteria Monitoring 2024,DRBC-6107-036,6107-036,39.89401,-75.200883,Sample-Routine,222.4,MPN/100mL,,,9223 B ~ Enzyme substrate assay for measuring total coliforms and E. coli (ONPG-MUG test or CPRG-MUG test)
2024-06-26,11:06:00,Bacteria Monitoring 2024,DRBC-6107-037,6107-037,39.886554,-75.171333,Sample-Routine,59.4,MPN/100mL,,,9223 B ~ Enzyme substrate assay for measuring total coliforms and E. coli (ONPG-MUG test or CPRG-MUG test)
2024-06-26,11:12:00,Bacteria Monitoring 2024,DRBC-6107-038,6107-038,39.883474,-75.171061,Sample-Routine,85.7,MPN/100mL,,,9223 B ~ Enzyme substrate assay for measuring total coliforms and E. coli (ONPG-MUG test or CPRG-MUG test)
2024-06-26,11:09:00,Bacteria Monitoring 2024,DRBC-6107-039,6107-039,39.885145,-75.171197,Sample-Routine,55.4,MPN/100mL,,,9223 B ~ Enzyme substrate assay for measuring total coliforms and E. coli (ONPG-MUG test or CPRG-MUG test)
2024-06-26,11:16:00,Bacteria Monitoring 2024,DRBC-6107-040,6107-040,39.880635,-75.170855,Sample-Routine,99,MPN/100mL,,,9223 B ~ Enzyme substrate assay for measuring total coliforms and E. coli (ONPG-MUG test or CPRG-MUG test)
2024-06-26,11:19:00,Bacteria Monitoring 2024,DRBC-6107-041,6107-041,39.878253,-75.170755,Sample-Routine,163.1,MPN/100mL,,,9223 B ~ Enzyme substrate assay for measuring total coliforms and E. coli (ONPG-MUG test or CPRG-MUG test)
2024-06-26,10:42:00,Bacteria Monitoring 2024,DRBC-6107-042,6107-042,39.878123,-75.13206,Sample-Routine,435.2,MPN/100mL,,,9223 B ~ Enzyme substrate assay for measuring total coliforms and E. coli (ONPG-MUG test or CPRG-MUG test)
2024-06-26,10:53:00,Bacteria Monitoring 2024,DRBC-6107-043,6107-043,39.904421,-75.130201,Sample-Routine,214.3,MPN/100mL,,,9223 B ~ Enzyme substrate assay for measuring total coliforms and E. coli (ONPG-MUG test or CPRG-MUG test)
2024-06-26,10:55:00,Bacteria Monitoring 2024,DRBC-6107-044,6107-044,39.904926,-75.131536,Sample-Routine,186,MPN/100mL,,,9223 B ~ Enzyme substrate assay for measuring total coliforms and E. coli (ONPG-MUG test or CPRG-MUG test)
2024-06-26,10:57:00,Bacteria Monitoring 2024,DRBC-6107-045,6107-045,39.905135,-75.132557,Sample-Routine,127.4,MPN/100mL,,,9223 B ~ Enzyme substrate assay for measuring total coliforms and E. coli (ONPG-MUG test or CPRG-MUG test)
2024-06-26,10:51:00,Bacteria Monitoring 2024,DRBC-6107-046,6107-046,39.90429,-75.127997,Sample-Routine,260.3,MPN/100mL,,,9223 B ~ Enzyme substrate assay for measuring total coliforms and E. coli (ONPG-MUG test or CPRG-MUG test)
2024-06-26,11:03:00,Bacteria Monitoring 2024,DRBC-6107-047,6107-047,39.924525,-75.128453,Sample-Routine,214.2,MPN/100mL,,,9223 B ~ Enzyme substrate assay for measuring total coliforms and E. coli (ONPG-MUG test or CPRG-MUG test)
2024-06-26,11:08:00,Bacteria Monitoring 2024,DRBC-6107-048,6107-048,39.931832,-75.140165,Sample-Routine,186,MPN/100mL,,,9223 B ~ Enzyme substrate assay for measuring total coliforms and E. coli (ONPG-MUG test or CPRG-MUG test)
2024-06-26,11:13:00,Bacteria Monitoring 2024,DRBC-6107-049,6107-049,39.942173,-75.131384,Sample-Routine,2419.6,MPN/100mL,,,9223 B ~ Enzyme substrate assay for measuring total coliforms and E. coli (ONPG-MUG test or CPRG-MUG test)
2024-06-26,11:16:00,Bacteria Monitoring 2024,DRBC-6107-050,6107-050,39.944907,-75.139583,Sample-Routine,547.5,MPN/100mL,,,9223 B ~ Enzyme substrate assay for measuring total coliforms and E. coli (ONPG-MUG test or CPRG-MUG test)
2024-06-26,11:25:00,Bacteria Monitoring 2024,DRBC-6107-051,6107-051,39.951762,-75.135559,Sample-Routine,488.4,MPN/100mL,,,9223 B ~ Enzyme substrate assay for measuring total coliforms and E. coli (ONPG-MUG test or CPRG-MUG test)
2024-06-26,11:23:00,Bacteria Monitoring 2024,DRBC-6107-052,6107-052,39.952033,-75.136707,Sample-Routine,344.8,MPN/100mL,,,9223 B ~ Enzyme substrate assay for measuring total coliforms and E. coli (ONPG-MUG test or CPRG-MUG test)
2024-06-26,11:21:00,Bacteria Monitoring 2024,DRBC-6107-053,6107-053,39.952242,-75.137727,Sample-Routine,517.2,MPN/100mL,,,9223 B ~ Enzyme substrate assay for measuring total coliforms and E. coli (ONPG-MUG test or CPRG-MUG test)
2024-06-26,11:27:00,Bacteria Monitoring 2024,DRBC-6107-054,6107-054,39.951503,-75.133848,Sample-Routine,272.3,MPN/100mL,,,9223 B ~ Enzyme substrate assay for measuring total coliforms and E. coli (ONPG-MUG test or CPRG-MUG test)
2024-06-26,11:29:00,Bacteria Monitoring 2024,DRBC-6107-055,6107-055,39.951336,-75.131756,Sample-Routine,648.8,MPN/100mL,,,9223 B ~ Enzyme substrate assay for measuring total coliforms and E. coli (ONPG-MUG test or CPRG-MUG test)
2024-06-26,11:38:00,Bacteria Monitoring 2024,DRBC-6107-056,6107-056,39.965488,-75.127301,Sample-Routine,547.5,MPN/100mL,,,9223 B ~ Enzyme substrate assay for measuring total coliforms and E. coli (ONPG-MUG test or CPRG-MUG test)
2024-06-26,11:46:00,Bacteria Monitoring 2024,DRBC-6107-059,6107-059,39.952998,-75.110637,Sample-Routine,517.2,MPN/100mL,,,9223 B ~ Enzyme substrate assay for measuring total coliforms and E. coli (ONPG-MUG test or CPRG-MUG test)
2024-06-26,11:49:00,Bacteria Monitoring 2024,DRBC-6107-060,6107-060,39.958843,-75.101732,Sample-Routine,290.9,MPN/100mL,,,9223 B ~ Enzyme substrate assay for measuring total coliforms and E. coli (ONPG-MUG test or CPRG-MUG test)
2024-06-26,12:07:00,Bacteria Monitoring 2024,DRBC-6107-062,6107-062,39.985122,-75.068811,Sample-Routine,2419.6,MPN/100mL,,,9223 B ~ Enzyme substrate assay for measuring total coliforms and E. coli (ONPG-MUG test or CPRG-MUG test)
2024-06-26,12:08:00,Bacteria Monitoring 2024,DRBC-6107-063,6107-063,39.98564,-75.069811,Sample-Routine,1986.3,MPN/100mL,,,9223 B ~ Enzyme substrate assay for measuring total coliforms and E. coli (ONPG-MUG test or CPRG-MUG test)
2024-06-26,12:05:00,Bacteria Monitoring 2024,DRBC-6107-064,6107-064,39.984554,-75.067969,Sample-Routine,1732.9,MPN/100mL,,,9223 B ~ Enzyme substrate assay for measuring total coliforms and E. coli (ONPG-MUG test or CPRG-MUG test)
2024-06-26,12:04:00,Bacteria Monitoring 2024,DRBC-6107-065,6107-065,39.983609,-75.066067,Sample-Routine,686.7,MPN/100mL,,,9223 B ~ Enzyme substrate assay for measuring total coliforms and E. coli (ONPG-MUG test or CPRG-MUG test)
2024-06-26,12:02:00,Bacteria Monitoring 2024,DRBC-6107-066,6107-066,39.982726,-75.063969,Sample-Routine,547.5,MPN/100mL,,,9223 B ~ Enzyme substrate assay for measuring total coliforms and E. coli (ONPG-MUG test or CPRG-MUG test)
2024-06-26,09:00:00,Bacteria Monitoring 2024,DRBC-6107-100,6107-100,40.081692,-74.870452,Sample-Routine,42,MPN/100mL,,,9223 B ~ Enzyme substrate assay for measuring total coliforms and E. coli (ONPG-MUG test or CPRG-MUG test)
2024-06-26,09:05:00,Bacteria Monitoring 2024,DRBC-6107-101,6107-101,40.082438,-74.870647,Sample-Routine,31.5,MPN/100mL,,,9223 B ~ Enzyme substrate assay for measuring total coliforms and E. coli (ONPG-MUG test or CPRG-MUG test)
2024-06-26,09:08:00,Bacteria Monitoring 2024,DRBC-6107-102,6107-102,40.082971,-74.870842,Sample-Routine,63.1,MPN/100mL,,,9223 B ~ Enzyme substrate assay for measuring total coliforms and E. coli (ONPG-MUG test or CPRG-MUG test)
2024-06-26,08:58:00,Bacteria Monitoring 2024,DRBC-6107-103,6107-103,40.081012,-74.870086,Sample-Routine,30.1,MPN/100mL,,,9223 B ~ Enzyme substrate assay for measuring total coliforms and E. coli (ONPG-MUG test or CPRG-MUG test)
2024-06-26,08:54:00,Bacteria Monitoring 2024,DRBC-6107-104,6107-104,40.080334,-74.86985,Sample-Routine,57.3,MPN/100mL,,,9223 B ~ Enzyme substrate assay for measuring total coliforms and E. coli (ONPG-MUG test or CPRG-MUG test)
2024-06-26,08:45:00,Bacteria Monitoring 2024,DRBC-6107-105,6107-105,40.081954,-74.850113,Sample-Routine,238.2,MPN/100mL,,,9223 B ~ Enzyme substrate assay for measuring total coliforms and E. coli (ONPG-MUG test or CPRG-MUG test)
2024-06-26,09:14:00,Bacteria Monitoring 2024,DRBC-6107-107,6107-107,40.092799,-74.857774,Sample-Routine,46.2,MPN/100mL,,,9223 B ~ Enzyme substrate assay for measuring total coliforms and E. coli (ONPG-MUG test or CPRG-MUG test)
2024-06-26,09:17:00,Bacteria Monitoring 2024,DRBC-6107-108,6107-108,40.093864,-74.855805,Sample-Routine,30.9,MPN/100mL,,,9223 B ~ Enzyme substrate assay for measuring total coliforms and E. coli (ONPG-MUG test or CPRG-MUG test)
2024-06-26,09:23:00,Bacteria Monitoring 2024,DRBC-6107-109,6107-109,40.100021,-74.842603,Sample-Routine,44.1,MPN/100mL,,,9223 B ~ Enzyme substrate assay for measuring total coliforms and E. coli (ONPG-MUG test or CPRG-MUG test)
2024-06-26,09:27:00,Bacteria Monitoring 2024,DRBC-6107-110,6107-110,40.103418,-74.838511,Sample-Routine,59.4,MPN/100mL,,,9223 B ~ Enzyme substrate assay for measuring total coliforms and E. coli (ONPG-MUG test or CPRG-MUG test)
2024-06-26,09:39:00,Bacteria Monitoring 2024,DRBC-6107-111,6107-111,40.116756,-74.830991,Sample-Routine,19.5,MPN/100mL,,,9223 B ~ Enzyme substrate assay for measuring total coliforms and E. coli (ONPG-MUG test or CPRG-MUG test)
2024-06-26,09:36:00,Bacteria Monitoring 2024,DRBC-6107-112,6107-112,40.117037,-74.831936,Sample-Routine,26.9,MPN/100mL,,,9223 B ~ Enzyme substrate assay for measuring total coliforms and E. coli (ONPG-MUG test or CPRG-MUG test)
2024-06-26,09:34:00,Bacteria Monitoring 2024,DRBC-6107-113,6107-113,40.117214,-74.832646,Sample-Routine,56,MPN/100mL,,,9223 B ~ Enzyme substrate assay for measuring total coliforms and E. coli (ONPG-MUG test or CPRG-MUG test)
2024-06-26,09:42:00,Bacteria Monitoring 2024,DRBC-6107-114,6107-114,40.116305,-74.829099,Sample-Routine,26.2,MPN/100mL,,,9223 B ~ Enzyme substrate assay for measuring total coliforms and E. coli (ONPG-MUG test or CPRG-MUG test)
2024-06-26,09:51:00,Bacteria Monitoring 2024,DRBC-6107-115,6107-115,40.134611,-74.814557,Sample-Routine,56.5,MPN/100mL,,,9223 B ~ Enzyme substrate assay for measuring total coliforms and E. coli (ONPG-MUG test or CPRG-MUG test)
2024-06-26,10:03:00,Bacteria Monitoring 2024,DRBC-6107-116,6107-116,40.118759,-74.789187,Sample-Routine,18.7,MPN/100mL,,,9223 B ~ Enzyme substrate assay for measuring total coliforms and E. coli (ONPG-MUG test or CPRG-MUG test)
2024-06-26,10:18:00,Bacteria Monitoring 2024,DRBC-6107-119,6107-119,40.12794,-74.775699,Sample-Routine,46.4,MPN/100mL,,,9223 B ~ Enzyme substrate assay for measuring total coliforms and E. coli (ONPG-MUG test or CPRG-MUG test)
2024-06-26,10:10:00,Bacteria Monitoring 2024,DRBC-6107-120,6107-120,40.122846,-74.764096,Sample-Routine,117.8,MPN/100mL,,,9223 B ~ Enzyme substrate assay for measuring total coliforms and E. coli (ONPG-MUG test or CPRG-MUG test)
2024-06-26,10:28:00,Bacteria Monitoring 2024,DRBC-6107-121,6107-121,40.132205,-74.767276,Sample-Routine,19.9,MPN/100mL,,,9223 B ~ Enzyme substrate assay for measuring total coliforms and E. coli (ONPG-MUG test or CPRG-MUG test)
2024-06-26,10:46:00,Bacteria Monitoring 2024,DRBC-6107-122,6107-122,40.151302,-74.715956,Sample-Routine,387.3,MPN/100mL,,,9223 B ~ Enzyme substrate assay for measuring total coliforms and E. coli (ONPG-MUG test or CPRG-MUG test)
2024-06-26,10:53:00,Bacteria Monitoring 2024,DRBC-6107-123,6107-123,40.158767,-74.724229,Sample-Routine,18.5,MPN/100mL,,,9223 B ~ Enzyme substrate assay for measuring total coliforms and E. coli (ONPG-MUG test or CPRG-MUG test)
2024-06-26,10:39:00,Bacteria Monitoring 2024,DRBC-6107-124,6107-124,40.169666,-74.732127,Sample-Routine,59.8,MPN/100mL,,,9223 B ~ Enzyme substrate assay for measuring total coliforms and E. coli (ONPG-MUG test or CPRG-MUG test)
2024-06-26,11:13:00,Bacteria Monitoring 2024,DRBC-6107-125,6107-125,40.170101,-74.738445,Sample-Routine,51.2,MPN/100mL,,,9223 B ~ Enzyme substrate assay for measuring total coliforms and E. coli (ONPG-MUG test or CPRG-MUG test)
2024-06-26,11:06:00,Bacteria Monitoring 2024,DRBC-6107-126,6107-126,40.183333,-74.752778,Sample-Routine,11,MPN/100mL,,,9223 B ~ Enzyme substrate assay for measuring total coliforms and E. coli (ONPG-MUG test or CPRG-MUG test)
2024-06-26,11:10:00,Bacteria Monitoring 2024,DRBC-6107-127,6107-127,40.186674,-74.753876,Sample-Routine,27.5,MPN/100mL,,,9223 B ~ Enzyme substrate assay for measuring total coliforms and E. coli (ONPG-MUG test or CPRG-MUG test)
2024-06-26,11:22:00,Bacteria Monitoring 2024,DRBC-6107-128,6107-128,40.206565,-74.766394,Sample-Routine,13.4,MPN/100mL,,,9223 B ~ Enzyme substrate assay for measuring total coliforms and E. coli (ONPG-MUG test or CPRG-MUG test)
2024-06-26,11:28:00,Bacteria Monitoring 2024,DRBC-6107-129,6107-129,40.206315,-74.767268,Sample-Routine,22.8,MPN/100mL,,,9223 B ~ Enzyme substrate assay for measuring total coliforms and E. coli (ONPG-MUG test or CPRG-MUG test)
2024-06-26,11:19:00,Bacteria Monitoring 2024,DRBC-6107-130,6107-130,40.206848,-74.765613,Sample-Routine,22.6,MPN/100mL,,,9223 B ~ Enzyme substrate assay for measuring total coliforms and E. coli (ONPG-MUG test or CPRG-MUG test)
2024-06-26,11:24:00,Bacteria Monitoring 2024,DRBC-6107-131,6107-131,40.206082,-74.767981,Sample-Routine,46.5,MPN/100mL,,,9223 B ~ Enzyme substrate assay for measuring total coliforms and E. coli (ONPG-MUG test or CPRG-MUG test)
2024-06-27,09:24:00,Bacteria Monitoring 2024,DRBC-6107-013,6107-013,39.843829,-75.359213,Sample-Routine,2419.6,MPN/100mL,L,,9223 B ~ Enzyme substrate assay for measuring total coliforms and E. coli (ONPG-MUG test or CPRG-MUG test)
2024-06-27,09:38:00,Bacteria Monitoring 2024,DRBC-6107-015,6107-015,39.851909,-75.345308,Sample-Routine,2419.6,MPN/100mL,L,,9223 B ~ Enzyme substrate assay for measuring total coliforms and E. coli (ONPG-MUG test or CPRG-MUG test)
2024-06-27,09:55:00,Bacteria Monitoring 2024,DRBC-6107-018,6107-018,39.860364,-75.32256,Sample-Routine,2419.6,MPN/100mL,L,,9223 B ~ Enzyme substrate assay for measuring total coliforms and E. coli (ONPG-MUG test or CPRG-MUG test)
2024-06-27,10:10:00,Bacteria Monitoring 2024,DRBC-6107-019,6107-019,39.870137,-75.313445,Sample-Routine,1553.1,MPN/100mL,,,9223 B ~ Enzyme substrate assay for measuring total coliforms and E. coli (ONPG-MUG test or CPRG-MUG test)
2024-06-27,10:53:00,Bacteria Monitoring 2024,DRBC-6107-061,6107-061,39.993596,-75.080699,Sample-Routine,2419.6,MPN/100mL,L,,9223 B ~ Enzyme substrate assay for measuring total coliforms and E. coli (ONPG-MUG test or CPRG-MUG test)
2024-06-27,09:16:00,Bacteria Monitoring 2024,DRBC-6107-067,6107-067,39.991848,-75.048357,Sample-Routine,517.2,MPN/100mL,,,9223 B ~ Enzyme substrate assay for measuring total coliforms and E. coli (ONPG-MUG test or CPRG-MUG test)
2024-06-27,09:23:00,Bacteria Monitoring 2024,DRBC-6107-068,6107-068,40.006746,-75.056195,Sample-Routine,2419.6,MPN/100mL,L,,9223 B ~ Enzyme substrate assay for measuring total coliforms and E. coli (ONPG-MUG test or CPRG-MUG test)
2024-06-27,09:30:00,Bacteria Monitoring 2024,DRBC-6107-069,6107-069,40.009961,-75.042942,Sample-Routine,344.8,MPN/100mL,,,9223 B ~ Enzyme substrate assay for measuring total coliforms and E. coli (ONPG-MUG test or CPRG-MUG test)
2024-06-27,09:33:00,Bacteria Monitoring 2024,DRBC-6107-070,6107-070,40.011877,-75.044055,Sample-Routine,2419.6,MPN/100mL,L,,9223 B ~ Enzyme substrate assay for measuring total coliforms and E. coli (ONPG-MUG test or CPRG-MUG test)
2024-06-27,09:39:00,Bacteria Monitoring 2024,DRBC-6107-071,6107-071,40.014044,-75.045709,Sample-Routine,2419.6,MPN/100mL,L,,9223 B ~ Enzyme substrate assay for measuring total coliforms and E. coli (ONPG-MUG test or CPRG-MUG test)
2024-06-27,09:49:00,Bacteria Monitoring 2024,DRBC-6107-074,6107-074,40.01974,-75.033024,Sample-Routine,2419.6,MPN/100mL,L,,9223 B ~ Enzyme substrate assay for measuring total coliforms and E. coli (ONPG-MUG test or CPRG-MUG test)
2024-06-27,09:49:00,Bacteria Monitoring 2024,DRBC-6107-075,6107-075,40.011112,-75.027952,Sample-Routine,178.2,MPN/100mL,,,9223 B ~ Enzyme substrate assay for measuring total coliforms and E. coli (ONPG-MUG test or CPRG-MUG test)
2024-06-27,10:00:00,Bacteria Monitoring 2024,DRBC-6107-076,6107-076,40.025406,-75.006821,Sample-Routine,2419.6,MPN/100mL,L,,9223 B ~ Enzyme substrate assay for measuring total coliforms and E. coli (ONPG-MUG test or CPRG-MUG test)
2024-06-27,10:03:00,Bacteria Monitoring 2024,DRBC-6107-077,6107-077,40.026857,-75.008771,Sample-Routine,2419.6,MPN/100mL,L,,9223 B ~ Enzyme substrate assay for measuring total coliforms and E. coli (ONPG-MUG test or CPRG-MUG test)
2024-06-27,10:05:00,Bacteria Monitoring 2024,DRBC-6107-078,6107-078,40.027924,-75.009997,Sample-Routine,2419.6,MPN/100mL,L,,9223 B ~ Enzyme substrate assay for measuring total coliforms and E. coli (ONPG-MUG test or CPRG-MUG test)
2024-06-27,09:55:00,Bacteria Monitoring 2024,DRBC-6107-079,6107-079,40.023987,-75.005103,Sample-Routine,478.6,MPN/100mL,,,9223 B ~ Enzyme substrate assay for measuring total coliforms and E. coli (ONPG-MUG test or CPRG-MUG test)
2024-06-27,09:57:00,Bacteria Monitoring 2024,DRBC-6107-080,6107-080,40.022683,-75.003543,Sample-Routine,148.3,MPN/100mL,,,9223 B ~ Enzyme substrate assay for measuring total coliforms and E. coli (ONPG-MUG test or CPRG-MUG test)
2024-06-27,11:22:00,Bacteria Monitoring 2024,DRBC-6107-081,6107-081,40.033201,-75.007451,Sample-Routine,2419.6,MPN/100mL,L,,9223 B ~ Enzyme substrate assay for measuring total coliforms and E. coli (ONPG-MUG test or CPRG-MUG test)
2024-06-27,10:11:00,Bacteria Monitoring 2024,DRBC-6107-082,6107-082,40.041556,-74.990543,Sample-Routine,1986.3,MPN/100mL,,,9223 B ~ Enzyme substrate assay for measuring total coliforms and E. coli (ONPG-MUG test or CPRG-MUG test)
2024-06-27,10:20:00,Bacteria Monitoring 2024,DRBC-6107-083,6107-083,40.033716,-74.977528,Sample-Routine,214.2,MPN/100mL,,,9223 B ~ Enzyme substrate assay for measuring total coliforms and E. coli (ONPG-MUG test or CPRG-MUG test)
2024-06-27,11:41:00,Bacteria Monitoring 2024,DRBC-6107-084,6107-084,40.053735,-74.982023,Sample-Routine,2419.6,MPN/100mL,L,,9223 B ~ Enzyme substrate assay for measuring total coliforms and E. coli (ONPG-MUG test or CPRG-MUG test)
2024-06-27,10:40:00,Bacteria Monitoring 2024,DRBC-6107-087,6107-087,40.05117,-74.978308,Sample-Routine,613.1,MPN/100mL,,,9223 B ~ Enzyme substrate assay for measuring total coliforms and E. coli (ONPG-MUG test or CPRG-MUG test)
2024-06-27,10:46:00,Bacteria Monitoring 2024,DRBC-6107-088,6107-088,40.04261,-74.971408,Sample-Routine,190.4,MPN/100mL,,,9223 B ~ Enzyme substrate assay for measuring total coliforms and E. coli (ONPG-MUG test or CPRG-MUG test)
2024-06-27,11:00:00,Bacteria Monitoring 2024,DRBC-6107-089,6107-089,40.056236,-74.96218,Sample-Routine,71.7,MPN/100mL,,,9223 B ~ Enzyme substrate assay for measuring total coliforms and E. coli (ONPG-MUG test or CPRG-MUG test)
2024-06-27,11:02:00,Bacteria Monitoring 2024,DRBC-6107-090,6107-090,40.057262,-74.963319,Sample-Routine,95.9,MPN/100mL,,,9223 B ~ Enzyme substrate assay for measuring total coliforms and E. coli (ONPG-MUG test or CPRG-MUG test)
2024-06-27,11:05:00,Bacteria Monitoring 2024,DRBC-6107-091,6107-091,40.058668,-74.964358,Sample-Routine,83.6,MPN/100mL,,,9223 B ~ Enzyme substrate assay for measuring total coliforms and E. coli (ONPG-MUG test or CPRG-MUG test)
2024-06-27,10:57:00,Bacteria Monitoring 2024,DRBC-6107-092,6107-092,40.054378,-74.960651,Sample-Routine,67,MPN/100mL,,,9223 B ~ Enzyme substrate assay for measuring total coliforms and E. coli (ONPG-MUG test or CPRG-MUG test)
2024-06-27,10:54:00,Bacteria Monitoring 2024,DRBC-6107-093,6107-093,40.052882,-74.959292,Sample-Routine,71.2,MPN/100mL,,,9223 B ~ Enzyme substrate assay for measuring total coliforms and E. coli (ONPG-MUG test or CPRG-MUG test)
2024-06-27,11:14:00,Bacteria Monitoring 2024,DRBC-6107-094,6107-094,40.068377,-74.925913,Sample-Routine,70.3,MPN/100mL,,,9223 B ~ Enzyme substrate assay for measuring total coliforms and E. coli (ONPG-MUG test or CPRG-MUG test)
2024-06-27,11:18:00,Bacteria Monitoring 2024,DRBC-6107-095,6107-095,40.073216,-74.914093,Sample-Routine,461.1,MPN/100mL,,,9223 B ~ Enzyme substrate assay for measuring total coliforms and E. coli (ONPG-MUG test or CPRG-MUG test)
2024-06-27,11:35:00,Bacteria Monitoring 2024,DRBC-6107-096,6107-096,40.084692,-74.911183,Sample-Routine,78.9,MPN/100mL,,,9223 B ~ Enzyme substrate assay for measuring total coliforms and E. coli (ONPG-MUG test or CPRG-MUG test)
2024-06-27,11:45:00,Bacteria Monitoring 2024,DRBC-6107-097,6107-097,40.074426,-74.906085,Sample-Routine,920.8,MPN/100mL,,,9223 B ~ Enzyme substrate assay for measuring total coliforms and E. coli (ONPG-MUG test or CPRG-MUG test)
2024-06-27,11:25:00,Bacteria Monitoring 2024,DRBC-6107-098,6107-098,40.075593,-74.901183,Sample-Routine,52.1,MPN/100mL,,,9223 B ~ Enzyme substrate assay for measuring total coliforms and E. coli (ONPG-MUG test or CPRG-MUG test)
2024-06-27,11:22:00,Bacteria Monitoring 2024,DRBC-6107-099,6107-099,40.071293,-74.898783,Sample-Routine,95.9,MPN/100mL,,,9223 B ~ Enzyme substrate assay for measuring total coliforms and E. coli (ONPG-MUG test or CPRG-MUG test)
2024-06-27,12:18:00,Bacteria Monitoring 2024,DRBC-6107-106,6107-106,40.094019,-74.862505,Sample-Routine,648.8,MPN/100mL,,,9223 B ~ Enzyme substrate assay for measuring total coliforms and E. coli (ONPG-MUG test or CPRG-MUG test)
2024-06-27,01:41:00,Bacteria Monitoring 2024,DRBC-6107-132,6107-132,40.219275,-74.77821,Sample-Routine,15.2,MPN/100mL,,,9223 B ~ Enzyme substrate assay for measuring total coliforms and E. coli (ONPG-MUG test or CPRG-MUG test)
2024-06-27,01:29:00,Bacteria Monitoring 2024,DRBC-6107-133,6107-133,40.218843,-74.778646,Sample-Routine,12.2,MPN/100mL,,,9223 B ~ Enzyme substrate assay for measuring total coliforms and E. coli (ONPG-MUG test or CPRG-MUG test)
2024-06-27,01:21:00,Bacteria Monitoring 2024,DRBC-6107-134,6107-134,40.218444,-74.778994,Sample-Routine,17.3,MPN/100mL,,,9223 B ~ Enzyme substrate assay for measuring total coliforms and E. coli (ONPG-MUG test or CPRG-MUG test)
2024-06-27,01:16:00,Bacteria Monitoring 2024,DRBC-6107-135,6107-135,40.219994,-74.777527,Sample-Routine,24.6,MPN/100mL,,,9223 B ~ Enzyme substrate assay for measuring total coliforms and E. coli (ONPG-MUG test or CPRG-MUG test)
2024-07-01,09:11:00,Bacteria Monitoring 2024,DRBC-6107-001,6107-001,39.806507,-75.418985,Sample-Routine,648.8,MPN/100mL,,,9223 B ~ Enzyme substrate assay for measuring total coliforms and E. coli (ONPG-MUG test or CPRG-MUG test)
2024-07-01,09:07:00,Bacteria Monitoring 2024,DRBC-6107-002,6107-002,39.804842,-75.416893,Sample-Routine,613.1,MPN/100mL,,,9223 B ~ Enzyme substrate assay for measuring total coliforms and E. coli (ONPG-MUG test or CPRG-MUG test)
2024-07-01,09:03:00,Bacteria Monitoring 2024,DRBC-6107-003,6107-003,39.802877,-75.414447,Sample-Routine,46.5,MPN/100mL,,,9223 B ~ Enzyme substrate assay for measuring total coliforms and E. coli (ONPG-MUG test or CPRG-MUG test)
2024-07-01,08:50:00,Bacteria Monitoring 2024,DRBC-6107-004,6107-004,39.800369,-75.410567,Sample-Routine,201.4,MPN/100mL,,,9223 B ~ Enzyme substrate assay for measuring total coliforms and E. coli (ONPG-MUG test or CPRG-MUG test)
2024-07-01,08:57:00,Bacteria Monitoring 2024,DRBC-6107-005,6107-005,39.79717,-75.40521,Sample-Routine,16,MPN/100mL,,,9223 B ~ Enzyme substrate assay for measuring total coliforms and E. coli (ONPG-MUG test or CPRG-MUG test)
2024-07-01,09:16:00,Bacteria Monitoring 2024,DRBC-6107-006,6107-006,39.81155,-75.411443,Sample-Routine,1046.2,MPN/100mL,,,9223 B ~ Enzyme substrate assay for measuring total coliforms and E. coli (ONPG-MUG test or CPRG-MUG test)
2024-07-01,09:19:00,Bacteria Monitoring 2024,DRBC-6107-007,6107-007,39.808316,-75.377205,Sample-Routine,27.5,MPN/100mL,,,9223 B ~ Enzyme substrate assay for measuring total coliforms and E. coli (ONPG-MUG test or CPRG-MUG test)
2024-07-01,09:32:00,Bacteria Monitoring 2024,DRBC-6107-008,6107-008,39.830051,-75.375487,Sample-Routine,121.1,MPN/100mL,,,9223 B ~ Enzyme substrate assay for measuring total coliforms and E. coli (ONPG-MUG test or CPRG-MUG test)
2024-07-01,09:35:00,Bacteria Monitoring 2024,DRBC-6107-009,6107-009,39.831775,-75.376779,Sample-Routine,727,MPN/100mL,,,9223 B ~ Enzyme substrate assay for measuring total coliforms and E. coli (ONPG-MUG test or CPRG-MUG test)
2024-07-01,09:29:00,Bacteria Monitoring 2024,DRBC-6107-010,6107-010,39.828589,-75.373718,Sample-Routine,51.2,MPN/100mL,,,9223 B ~ Enzyme substrate assay for measuring total coliforms and E. coli (ONPG-MUG test or CPRG-MUG test)
2024-07-01,09:25:00,Bacteria Monitoring 2024,DRBC-6107-011,6107-011,39.825366,-75.370469,Sample-Routine,38.3,MPN/100mL,,,9223 B ~ Enzyme substrate assay for measuring total coliforms and E. coli (ONPG-MUG test or CPRG-MUG test)
2024-07-01,09:32:00,Bacteria Monitoring 2024,DRBC-6107-012,6107-012,39.820927,-75.364974,Sample-Routine,114.5,MPN/100mL,,,9223 B ~ Enzyme substrate assay for measuring total coliforms and E. coli (ONPG-MUG test or CPRG-MUG test)
2024-07-01,09:43:00,Bacteria Monitoring 2024,DRBC-6107-014,6107-014,39.825354,-75.346163,Sample-Routine,127.4,MPN/100mL,,,9223 B ~ Enzyme substrate assay for measuring total coliforms and E. coli (ONPG-MUG test or CPRG-MUG test)
2024-07-01,09:42:00,Bacteria Monitoring 2024,DRBC-6107-016,6107-016,39.846719,-75.341065,Sample-Routine,93.3,MPN/100mL,,,9223 B ~ Enzyme substrate assay for measuring total coliforms and E. coli (ONPG-MUG test or CPRG-MUG test)
2024-07-01,09:51:00,Bacteria Monitoring 2024,DRBC-6107-017,6107-017,39.834353,-75.327378,Sample-Routine,128.1,MPN/100mL,,,9223 B ~ Enzyme substrate assay for measuring total coliforms and E. coli (ONPG-MUG test or CPRG-MUG test)
2024-07-01,09:57:00,Bacteria Monitoring 2024,DRBC-6107-020,6107-020,39.860017,-75.303584,Sample-Routine,1553.1,MPN/100mL,,,9223 B ~ Enzyme substrate assay for measuring total coliforms and E. coli (ONPG-MUG test or CPRG-MUG test)
2024-07-01,10:10:00,Bacteria Monitoring 2024,DRBC-6107-021,6107-021,39.839598,-75.282931,Sample-Routine,160.7,MPN/100mL,,,9223 B ~ Enzyme substrate assay for measuring total coliforms and E. coli (ONPG-MUG test or CPRG-MUG test)
2024-07-01,10:10:00,Bacteria Monitoring 2024,DRBC-6107-022,6107-022,39.852257,-75.255399,Sample-Routine,325.5,MPN/100mL,,,9223 B ~ Enzyme substrate assay for measuring total coliforms and E. coli (ONPG-MUG test or CPRG-MUG test)
2024-07-01,10:07:00,Bacteria Monitoring 2024,DRBC-6107-023,6107-023,39.853603,-75.255839,Sample-Routine,579.4,MPN/100mL,,,9223 B ~ Enzyme substrate assay for measuring total coliforms and E. coli (ONPG-MUG test or CPRG-MUG test)
2024-07-01,10:04:00,Bacteria Monitoring 2024,DRBC-6107-024,6107-024,39.855303,-75.256187,Sample-Routine,727,MPN/100mL,,,9223 B ~ Enzyme substrate assay for measuring total coliforms and E. coli (ONPG-MUG test or CPRG-MUG test)
2024-07-01,10:13:00,Bacteria Monitoring 2024,DRBC-6107-025,6107-025,39.8506047,-75.25499808,Sample-Routine,178.5,MPN/100mL,,,9223 B ~ Enzyme substrate assay for measuring total coliforms and E. coli (ONPG-MUG test or CPRG-MUG test)
2024-07-01,10:16:00,Bacteria Monitoring 2024,DRBC-6107-026,6107-026,39.8487184,-75.25448721,Sample-Routine,43.9,MPN/100mL,,,9223 B ~ Enzyme substrate assay for measuring total coliforms and E. coli (ONPG-MUG test or CPRG-MUG test)
2024-07-01,10:25:00,Bacteria Monitoring 2024,DRBC-6107-027,6107-027,39.851093,-75.228234,Sample-Routine,75.9,MPN/100mL,,,9223 B ~ Enzyme substrate assay for measuring total coliforms and E. coli (ONPG-MUG test or CPRG-MUG test)
2024-07-01,10:33:00,Bacteria Monitoring 2024,DRBC-6107-028,6107-028,39.855258,-75.218815,Sample-Routine,88.2,MPN/100mL,,,9223 B ~ Enzyme substrate assay for measuring total coliforms and E. coli (ONPG-MUG test or CPRG-MUG test)
2024-07-01,10:25:00,Bacteria Monitoring 2024,DRBC-6107-029,6107-029,39.874574,-75.211555,Sample-Routine,52.8,MPN/100mL,,,9223 B ~ Enzyme substrate assay for measuring total coliforms and E. coli (ONPG-MUG test or CPRG-MUG test)
2024-07-01,10:43:00,Bacteria Monitoring 2024,DRBC-6107-032,6107-032,39.863026,-75.194499,Sample-Routine,117.8,MPN/100mL,,,9223 B ~ Enzyme substrate assay for measuring total coliforms and E. coli (ONPG-MUG test or CPRG-MUG test)
2024-07-01,10:48:00,Bacteria Monitoring 2024,DRBC-6107-033,6107-033,39.869885,-75.191464,Sample-Routine,178.2,MPN/100mL,,,9223 B ~ Enzyme substrate assay for measuring total coliforms and E. coli (ONPG-MUG test or CPRG-MUG test)
2024-07-01,10:58:00,Bacteria Monitoring 2024,DRBC-6107-034,6107-034,39.89287,-75.201334,Sample-Routine,1046.2,MPN/100mL,,,9223 B ~ Enzyme substrate assay for measuring total coliforms and E. coli (ONPG-MUG test or CPRG-MUG test)
2024-07-01,11:04:00,Bacteria Monitoring 2024,DRBC-6107-035,6107-035,39.894697,-75.199973,Sample-Routine,727,MPN/100mL,,,9223 B ~ Enzyme substrate assay for measuring total coliforms and E. coli (ONPG-MUG test or CPRG-MUG test)
2024-07-01,11:01:00,Bacteria Monitoring 2024,DRBC-6107-036,6107-036,39.89401,-75.200883,Sample-Routine,1046.2,MPN/100mL,,,9223 B ~ Enzyme substrate assay for measuring total coliforms and E. coli (ONPG-MUG test or CPRG-MUG test)
2024-07-01,10:36:00,Bacteria Monitoring 2024,DRBC-6107-037,6107-037,39.886554,-75.171333,Sample-Routine,285.1,MPN/100mL,,,9223 B ~ Enzyme substrate assay for measuring total coliforms and E. coli (ONPG-MUG test or CPRG-MUG test)
2024-07-01,10:43:00,Bacteria Monitoring 2024,DRBC-6107-038,6107-038,39.883474,-75.171061,Sample-Routine,61.7,MPN/100mL,,,9223 B ~ Enzyme substrate assay for measuring total coliforms and E. coli (ONPG-MUG test or CPRG-MUG test)
2024-07-01,10:40:00,Bacteria Monitoring 2024,DRBC-6107-039,6107-039,39.885145,-75.171197,Sample-Routine,260.3,MPN/100mL,,,9223 B ~ Enzyme substrate assay for measuring total coliforms and E. coli (ONPG-MUG test or CPRG-MUG test)
2024-07-01,10:48:00,Bacteria Monitoring 2024,DRBC-6107-040,6107-040,39.880635,-75.170855,Sample-Routine,77.1,MPN/100mL,,,9223 B ~ Enzyme substrate assay for measuring total coliforms and E. coli (ONPG-MUG test or CPRG-MUG test)
2024-07-01,10:51:00,Bacteria Monitoring 2024,DRBC-6107-041,6107-041,39.878253,-75.170755,Sample-Routine,275.5,MPN/100mL,,,9223 B ~ Enzyme substrate assay for measuring total coliforms and E. coli (ONPG-MUG test or CPRG-MUG test)
2024-07-01,11:07:00,Bacteria Monitoring 2024,DRBC-6107-042,6107-042,39.878123,-75.13206,Sample-Routine,920.8,MPN/100mL,,,9223 B ~ Enzyme substrate assay for measuring total coliforms and E. coli (ONPG-MUG test or CPRG-MUG test)
2024-07-01,11:25:00,Bacteria Monitoring 2024,DRBC-6107-043,6107-043,39.904421,-75.130201,Sample-Routine,261.3,MPN/100mL,,,9223 B ~ Enzyme substrate assay for measuring total coliforms and E. coli (ONPG-MUG test or CPRG-MUG test)
2024-07-01,11:30:00,Bacteria Monitoring 2024,DRBC-6107-044,6107-044,39.904926,-75.131536,Sample-Routine,325.5,MPN/100mL,,,9223 B ~ Enzyme substrate assay for measuring total coliforms and E. coli (ONPG-MUG test or CPRG-MUG test)
2024-07-01,11:27:00,Bacteria Monitoring 2024,DRBC-6107-045,6107-045,39.905135,-75.132557,Sample-Routine,344.8,MPN/100mL,,,9223 B ~ Enzyme substrate assay for measuring total coliforms and E. coli (ONPG-MUG test or CPRG-MUG test)
2024-07-01,11:29:00,Bacteria Monitoring 2024,DRBC-6107-046,6107-046,39.90429,-75.127997,Sample-Routine,461.1,MPN/100mL,,,9223 B ~ Enzyme substrate assay for measuring total coliforms and E. coli (ONPG-MUG test or CPRG-MUG test)
2024-07-01,11:42:00,Bacteria Monitoring 2024,DRBC-6107-047,6107-047,39.924525,-75.128453,Sample-Routine,2419.6,MPN/100mL,L,,9223 B ~ Enzyme substrate assay for measuring total coliforms and E. coli (ONPG-MUG test or CPRG-MUG test)
2024-07-01,11:52:00,Bacteria Monitoring 2024,DRBC-6107-048,6107-048,39.931832,-75.140165,Sample-Routine,1732.9,MPN/100mL,,,9223 B ~ Enzyme substrate assay for measuring total coliforms and E. coli (ONPG-MUG test or CPRG-MUG test)
2024-07-01,11:58:00,Bacteria Monitoring 2024,DRBC-6107-049,6107-049,39.942173,-75.131384,Sample-Routine,2419.6,MPN/100mL,L,,9223 B ~ Enzyme substrate assay for measuring total coliforms and E. coli (ONPG-MUG test or CPRG-MUG test)
2024-07-01,12:02:00,Bacteria Monitoring 2024,DRBC-6107-050,6107-050,39.944907,-75.139583,Sample-Routine,1119.9,MPN/100mL,,,9223 B ~ Enzyme substrate assay for measuring total coliforms and E. coli (ONPG-MUG test or CPRG-MUG test)
2024-07-01,12:11:00,Bacteria Monitoring 2024,DRBC-6107-051,6107-051,39.951762,-75.135559,Sample-Routine,1119.9,MPN/100mL,,,9223 B ~ Enzyme substrate assay for measuring total coliforms and E. coli (ONPG-MUG test or CPRG-MUG test)
2024-07-01,12:08:00,Bacteria Monitoring 2024,DRBC-6107-052,6107-052,39.952033,-75.136707,Sample-Routine,1119.9,MPN/100mL,,,9223 B ~ Enzyme substrate assay for measuring total coliforms and E. coli (ONPG-MUG test or CPRG-MUG test)
2024-07-01,12:06:00,Bacteria Monitoring 2024,DRBC-6107-053,6107-053,39.952242,-75.137727,Sample-Routine,2419.6,MPN/100mL,,,9223 B ~ Enzyme substrate assay for measuring total coliforms and E. coli (ONPG-MUG test or CPRG-MUG test)
2024-07-01,12:16:00,Bacteria Monitoring 2024,DRBC-6107-054,6107-054,39.951503,-75.133848,Sample-Routine,1413.6,MPN/100mL,,,9223 B ~ Enzyme substrate assay for measuring total coliforms and E. coli (ONPG-MUG test or CPRG-MUG test)
2024-07-01,12:18:00,Bacteria Monitoring 2024,DRBC-6107-055,6107-055,39.951336,-75.131756,Sample-Routine,2419.6,MPN/100mL,L,,9223 B ~ Enzyme substrate assay for measuring total coliforms and E. coli (ONPG-MUG test or CPRG-MUG test)
2024-07-01,12:27:00,Bacteria Monitoring 2024,DRBC-6107-056,6107-056,39.965488,-75.127301,Sample-Routine,1299.7,MPN/100mL,,,9223 B ~ Enzyme substrate assay for measuring total coliforms and E. coli (ONPG-MUG test or CPRG-MUG test)
2024-07-01,12:47:00,Bacteria Monitoring 2024,DRBC-6107-059,6107-059,39.952998,-75.110637,Sample-Routine,2419.6,MPN/100mL,L,,9223 B ~ Enzyme substrate assay for measuring total coliforms and E. coli (ONPG-MUG test or CPRG-MUG test)
2024-07-01,12:45:00,Bacteria Monitoring 2024,DRBC-6107-060,6107-060,39.958843,-75.101732,Sample-Routine,2419.6,MPN/100mL,,,9223 B ~ Enzyme substrate assay for measuring total coliforms and E. coli (ONPG-MUG test or CPRG-MUG test)
2024-07-01,01:01:00,Bacteria Monitoring 2024,DRBC-6107-062,6107-062,39.985122,-75.068811,Sample-Routine,2419.6,MPN/100mL,,,9223 B ~ Enzyme substrate assay for measuring total coliforms and E. coli (ONPG-MUG test or CPRG-MUG test)
2024-07-01,01:03:00,Bacteria Monitoring 2024,DRBC-6107-063,6107-063,39.98564,-75.069811,Sample-Routine,2419.6,MPN/100mL,,,9223 B ~ Enzyme substrate assay for measuring total coliforms and E. coli (ONPG-MUG test or CPRG-MUG test)
2024-07-01,12:58:00,Bacteria Monitoring 2024,DRBC-6107-064,6107-064,39.984554,-75.067969,Sample-Routine,1732.9,MPN/100mL,,,9223 B ~ Enzyme substrate assay for measuring total coliforms and E. coli (ONPG-MUG test or CPRG-MUG test)
2024-07-01,12:56:00,Bacteria Monitoring 2024,DRBC-6107-065,6107-065,39.983609,-75.066067,Sample-Routine,980.4,MPN/100mL,,,9223 B ~ Enzyme substrate assay for measuring total coliforms and E. coli (ONPG-MUG test or CPRG-MUG test)
2024-07-01,12:54:00,Bacteria Monitoring 2024,DRBC-6107-066,6107-066,39.982726,-75.063969,Sample-Routine,1413.6,MPN/100mL,,,9223 B ~ Enzyme substrate assay for measuring total coliforms and E. coli (ONPG-MUG test or CPRG-MUG test)
2024-07-01,08:56:00,Bacteria Monitoring 2024,DRBC-6107-100,6107-100,40.081692,-74.870452,Sample-Routine,38.4,MPN/100mL,,,9223 B ~ Enzyme substrate assay for measuring total coliforms and E. coli (ONPG-MUG test or CPRG-MUG test)
2024-07-01,08:58:00,Bacteria Monitoring 2024,DRBC-6107-101,6107-101,40.082438,-74.870647,Sample-Routine,27.8,MPN/100mL,,,9223 B ~ Enzyme substrate assay for measuring total coliforms and E. coli (ONPG-MUG test or CPRG-MUG test)
2024-07-01,09:00:00,Bacteria Monitoring 2024,DRBC-6107-102,6107-102,40.082971,-74.870842,Sample-Routine,28.8,MPN/100mL,,,9223 B ~ Enzyme substrate assay for measuring total coliforms and E. coli (ONPG-MUG test or CPRG-MUG test)
2024-07-01,08:54:00,Bacteria Monitoring 2024,DRBC-6107-103,6107-103,40.081012,-74.870086,Sample-Routine,23.8,MPN/100mL,,,9223 B ~ Enzyme substrate assay for measuring total coliforms and E. coli (ONPG-MUG test or CPRG-MUG test)
2024-07-01,08:52:00,Bacteria Monitoring 2024,DRBC-6107-104,6107-104,40.080334,-74.86985,Sample-Routine,29.2,MPN/100mL,,,9223 B ~ Enzyme substrate assay for measuring total coliforms and E. coli (ONPG-MUG test or CPRG-MUG test)
2024-07-01,08:44:00,Bacteria Monitoring 2024,DRBC-6107-105,6107-105,40.081954,-74.850113,Sample-Routine,33.2,MPN/100mL,,,9223 B ~ Enzyme substrate assay for measuring total coliforms and E. coli (ONPG-MUG test or CPRG-MUG test)
2024-07-01,09:06:00,Bacteria Monitoring 2024,DRBC-6107-107,6107-107,40.092799,-74.857774,Sample-Routine,18.1,MPN/100mL,,,9223 B ~ Enzyme substrate assay for measuring total coliforms and E. coli (ONPG-MUG test or CPRG-MUG test)
2024-07-01,09:09:00,Bacteria Monitoring 2024,DRBC-6107-108,6107-108,40.093864,-74.855805,Sample-Routine,13.2,MPN/100mL,,,9223 B ~ Enzyme substrate assay for measuring total coliforms and E. coli (ONPG-MUG test or CPRG-MUG test)
2024-07-01,09:17:00,Bacteria Monitoring 2024,DRBC-6107-109,6107-109,40.100021,-74.842603,Sample-Routine,27.5,MPN/100mL,,,9223 B ~ Enzyme substrate assay for measuring total coliforms and E. coli (ONPG-MUG test or CPRG-MUG test)
2024-07-01,09:23:00,Bacteria Monitoring 2024,DRBC-6107-110,6107-110,40.103418,-74.838511,Sample-Routine,88.2,MPN/100mL,,,9223 B ~ Enzyme substrate assay for measuring total coliforms and E. coli (ONPG-MUG test or CPRG-MUG test)
2024-07-01,09:34:00,Bacteria Monitoring 2024,DRBC-6107-111,6107-111,40.116756,-74.830991,Sample-Routine,31.1,MPN/100mL,,,9223 B ~ Enzyme substrate assay for measuring total coliforms and E. coli (ONPG-MUG test or CPRG-MUG test)
2024-07-01,09:32:00,Bacteria Monitoring 2024,DRBC-6107-112,6107-112,40.117037,-74.831936,Sample-Routine,25.6,MPN/100mL,,,9223 B ~ Enzyme substrate assay for measuring total coliforms and E. coli (ONPG-MUG test or CPRG-MUG test)
2024-07-01,09:30:00,Bacteria Monitoring 2024,DRBC-6107-113,6107-113,40.117214,-74.832646,Sample-Routine,28.5,MPN/100mL,,,9223 B ~ Enzyme substrate assay for measuring total coliforms and E. coli (ONPG-MUG test or CPRG-MUG test)
2024-07-01,09:39:00,Bacteria Monitoring 2024,DRBC-6107-114,6107-114,40.116305,-74.829099,Sample-Routine,25.6,MPN/100mL,,,9223 B ~ Enzyme substrate assay for measuring total coliforms and E. coli (ONPG-MUG test or CPRG-MUG test)
2024-07-01,09:49:00,Bacteria Monitoring 2024,DRBC-6107-115,6107-115,40.134611,-74.814557,Sample-Routine,52,MPN/100mL,,,9223 B ~ Enzyme substrate assay for measuring total coliforms and E. coli (ONPG-MUG test or CPRG-MUG test)
2024-07-01,09:58:00,Bacteria Monitoring 2024,DRBC-6107-116,6107-116,40.118759,-74.789187,Sample-Routine,9.7,MPN/100mL,,,9223 B ~ Enzyme substrate assay for measuring total coliforms and E. coli (ONPG-MUG test or CPRG-MUG test)
2024-07-01,10:15:00,Bacteria Monitoring 2024,DRBC-6107-119,6107-119,40.12794,-74.775699,Sample-Routine,12,MPN/100mL,,,9223 B ~ Enzyme substrate assay for measuring total coliforms and E. coli (ONPG-MUG test or CPRG-MUG test)
2024-07-01,10:05:00,Bacteria Monitoring 2024,DRBC-6107-120,6107-120,40.122846,-74.764096,Sample-Routine,20.9,MPN/100mL,,,9223 B ~ Enzyme substrate assay for measuring total coliforms and E. coli (ONPG-MUG test or CPRG-MUG test)
2024-07-01,10:19:00,Bacteria Monitoring 2024,DRBC-6107-121,6107-121,40.132205,-74.767276,Sample-Routine,7.5,MPN/100mL,,,9223 B ~ Enzyme substrate assay for measuring total coliforms and E. coli (ONPG-MUG test or CPRG-MUG test)
2024-07-01,10:34:00,Bacteria Monitoring 2024,DRBC-6107-122,6107-122,40.151302,-74.715956,Sample-Routine,25.9,MPN/100mL,,,9223 B ~ Enzyme substrate assay for measuring total coliforms and E. coli (ONPG-MUG test or CPRG-MUG test)
2024-07-01,10:44:00,Bacteria Monitoring 2024,DRBC-6107-123,6107-123,40.158767,-74.724229,Sample-Routine,10.8,MPN/100mL,,,9223 B ~ Enzyme substrate assay for measuring total coliforms and E. coli (ONPG-MUG test or CPRG-MUG test)
2024-07-01,10:50:00,Bacteria Monitoring 2024,DRBC-6107-124,6107-124,40.169666,-74.732127,Sample-Routine,12,MPN/100mL,,,9223 B ~ Enzyme substrate assay for measuring total coliforms and E. coli (ONPG-MUG test or CPRG-MUG test)
2024-07-01,11:07:00,Bacteria Monitoring 2024,DRBC-6107-125,6107-125,40.170101,-74.738445,Sample-Routine,149.7,MPN/100mL,,,9223 B ~ Enzyme substrate assay for measuring total coliforms and E. coli (ONPG-MUG test or CPRG-MUG test)
2024-07-01,11:00:00,Bacteria Monitoring 2024,DRBC-6107-126,6107-126,40.183333,-74.752778,Sample-Routine,33.2,MPN/100mL,,,9223 B ~ Enzyme substrate assay for measuring total coliforms and E. coli (ONPG-MUG test or CPRG-MUG test)
2024-07-01,11:03:00,Bacteria Monitoring 2024,DRBC-6107-127,6107-127,40.186674,-74.753876,Sample-Routine,40.2,MPN/100mL,,,9223 B ~ Enzyme substrate assay for measuring total coliforms and E. coli (ONPG-MUG test or CPRG-MUG test)
2024-07-01,11:18:00,Bacteria Monitoring 2024,DRBC-6107-128,6107-128,40.206565,-74.766394,Sample-Routine,6.3,MPN/100mL,,,9223 B ~ Enzyme substrate assay for measuring total coliforms and E. coli (ONPG-MUG test or CPRG-MUG test)
2024-07-01,11:20:00,Bacteria Monitoring 2024,DRBC-6107-129,6107-129,40.206315,-74.767268,Sample-Routine,10.9,MPN/100mL,,,9223 B ~ Enzyme substrate assay for measuring total coliforms and E. coli (ONPG-MUG test or CPRG-MUG test)
2024-07-01,11:55:00,Bacteria Monitoring 2024,DRBC-6107-130,6107-130,40.206848,-74.765613,Sample-Routine,13.1,MPN/100mL,,,9223 B ~ Enzyme substrate assay for measuring total coliforms and E. coli (ONPG-MUG test or CPRG-MUG test)
2024-07-01,11:22:00,Bacteria Monitoring 2024,DRBC-6107-131,6107-131,40.206082,-74.767981,Sample-Routine,21.3,MPN/100mL,,,9223 B ~ Enzyme substrate assay for measuring total coliforms and E. coli (ONPG-MUG test or CPRG-MUG test)
2024-07-02,08:55:00,Bacteria Monitoring 2024,DRBC-6107-013,6107-013,39.843829,-75.359213,Sample-Routine,770.1,MPN/100mL,,,9223 B ~ Enzyme substrate assay for measuring total coliforms and E. coli (ONPG-MUG test or CPRG-MUG test)
2024-07-02,09:07:00,Bacteria Monitoring 2024,DRBC-6107-015,6107-015,39.851909,-75.345308,Sample-Routine,260.3,MPN/100mL,,,9223 B ~ Enzyme substrate assay for measuring total coliforms and E. coli (ONPG-MUG test or CPRG-MUG test)
2024-07-02,09:18:00,Bacteria Monitoring 2024,DRBC-6107-018,6107-018,39.860364,-75.32256,Sample-Routine,152.9,MPN/100mL,,,9223 B ~ Enzyme substrate assay for measuring total coliforms and E. coli (ONPG-MUG test or CPRG-MUG test)
2024-07-02,09:31:00,Bacteria Monitoring 2024,DRBC-6107-019,6107-019,39.870137,-75.313445,Sample-Routine,121.1,MPN/100mL,,,9223 B ~ Enzyme substrate assay for measuring total coliforms and E. coli (ONPG-MUG test or CPRG-MUG test)
2024-07-02,10:12:00,Bacteria Monitoring 2024,DRBC-6107-061,6107-061,39.993596,-75.080699,Sample-Routine,770.1,MPN/100mL,,,9223 B ~ Enzyme substrate assay for measuring total coliforms and E. coli (ONPG-MUG test or CPRG-MUG test)
2024-07-02,09:10:00,Bacteria Monitoring 2024,DRBC-6107-067,6107-067,39.991848,-75.048357,Sample-Routine,275.5,MPN/100mL,,,9223 B ~ Enzyme substrate assay for measuring total coliforms and E. coli (ONPG-MUG test or CPRG-MUG test)
2024-07-02,09:22:00,Bacteria Monitoring 2024,DRBC-6107-068,6107-068,40.006746,-75.056195,Sample-Routine,2419.6,MPN/100mL,L,,9223 B ~ Enzyme substrate assay for measuring total coliforms and E. coli (ONPG-MUG test or CPRG-MUG test)
2024-07-02,09:27:00,Bacteria Monitoring 2024,DRBC-6107-069,6107-069,40.009961,-75.042942,Sample-Routine,178,MPN/100mL,,,9223 B ~ Enzyme substrate assay for measuring total coliforms and E. coli (ONPG-MUG test or CPRG-MUG test)
2024-07-02,09:31:00,Bacteria Monitoring 2024,DRBC-6107-070,6107-070,40.011877,-75.044055,Sample-Routine,816.4,MPN/100mL,,,9223 B ~ Enzyme substrate assay for measuring total coliforms and E. coli (ONPG-MUG test or CPRG-MUG test)
2024-07-02,09:35:00,Bacteria Monitoring 2024,DRBC-6107-071,6107-071,40.014044,-75.045709,Sample-Routine,2419.6,MPN/100mL,,,9223 B ~ Enzyme substrate assay for measuring total coliforms and E. coli (ONPG-MUG test or CPRG-MUG test)
2024-07-02,09:47:00,Bacteria Monitoring 2024,DRBC-6107-074,6107-074,40.01974,-75.033024,Sample-Routine,2419.6,MPN/100mL,,,9223 B ~ Enzyme substrate assay for measuring total coliforms and E. coli (ONPG-MUG test or CPRG-MUG test)
2024-07-02,09:51:00,Bacteria Monitoring 2024,DRBC-6107-075,6107-075,40.011112,-75.027952,Sample-Routine,68.2,MPN/100mL,,,9223 B ~ Enzyme substrate assay for measuring total coliforms and E. coli (ONPG-MUG test or CPRG-MUG test)
2024-07-02,10:06:00,Bacteria Monitoring 2024,DRBC-6107-076,6107-076,40.025406,-75.006821,Sample-Routine,727,MPN/100mL,,,9223 B ~ Enzyme substrate assay for measuring total coliforms and E. coli (ONPG-MUG test or CPRG-MUG test)
2024-07-02,10:09:00,Bacteria Monitoring 2024,DRBC-6107-077,6107-077,40.026857,-75.008771,Sample-Routine,1046.2,MPN/100mL,,,9223 B ~ Enzyme substrate assay for measuring total coliforms and E. coli (ONPG-MUG test or CPRG-MUG test)
2024-07-02,10:12:00,Bacteria Monitoring 2024,DRBC-6107-078,6107-078,40.027924,-75.009997,Sample-Routine,1553.1,MPN/100mL,,,9223 B ~ Enzyme substrate assay for measuring total coliforms and E. coli (ONPG-MUG test or CPRG-MUG test)
2024-07-02,10:03:00,Bacteria Monitoring 2024,DRBC-6107-079,6107-079,40.023987,-75.005103,Sample-Routine,285.1,MPN/100mL,,,9223 B ~ Enzyme substrate assay for measuring total coliforms and E. coli (ONPG-MUG test or CPRG-MUG test)
2024-07-02,10:00:00,Bacteria Monitoring 2024,DRBC-6107-080,6107-080,40.022683,-75.003543,Sample-Routine,93.4,MPN/100mL,,,9223 B ~ Enzyme substrate assay for measuring total coliforms and E. coli (ONPG-MUG test or CPRG-MUG test)
2024-07-02,10:31:00,Bacteria Monitoring 2024,DRBC-6107-081,6107-081,40.033201,-75.007451,Sample-Routine,410.6,MPN/100mL,,,9223 B ~ Enzyme substrate assay for measuring total coliforms and E. coli (ONPG-MUG test or CPRG-MUG test)
2024-07-02,10:31:00,Bacteria Monitoring 2024,DRBC-6107-082,6107-082,40.041556,-74.990543,Sample-Routine,727,MPN/100mL,,,9223 B ~ Enzyme substrate assay for measuring total coliforms and E. coli (ONPG-MUG test or CPRG-MUG test)
2024-07-02,10:22:00,Bacteria Monitoring 2024,DRBC-6107-083,6107-083,40.033716,-74.977528,Sample-Routine,72.8,MPN/100mL,,,9223 B ~ Enzyme substrate assay for measuring total coliforms and E. coli (ONPG-MUG test or CPRG-MUG test)
2024-07-02,10:44:00,Bacteria Monitoring 2024,DRBC-6107-084,6107-084,40.053735,-74.982023,Sample-Routine,58.3,MPN/100mL,,,9223 B ~ Enzyme substrate assay for measuring total coliforms and E. coli (ONPG-MUG test or CPRG-MUG test)
2024-07-02,10:37:00,Bacteria Monitoring 2024,DRBC-6107-087,6107-087,40.05117,-74.978308,Sample-Routine,387.3,MPN/100mL,,,9223 B ~ Enzyme substrate assay for measuring total coliforms and E. coli (ONPG-MUG test or CPRG-MUG test)
2024-07-02,10:45:00,Bacteria Monitoring 2024,DRBC-6107-088,6107-088,40.04261,-74.971408,Sample-Routine,82.6,MPN/100mL,,,9223 B ~ Enzyme substrate assay for measuring total coliforms and E. coli (ONPG-MUG test or CPRG-MUG test)
2024-07-02,11:00:00,Bacteria Monitoring 2024,DRBC-6107-089,6107-089,40.056236,-74.96218,Sample-Routine,178.9,MPN/100mL,,,9223 B ~ Enzyme substrate assay for measuring total coliforms and E. coli (ONPG-MUG test or CPRG-MUG test)
2024-07-02,11:03:00,Bacteria Monitoring 2024,DRBC-6107-090,6107-090,40.057262,-74.963319,Sample-Routine,218.7,MPN/100mL,,,9223 B ~ Enzyme substrate assay for measuring total coliforms and E. coli (ONPG-MUG test or CPRG-MUG test)
2024-07-02,11:06:00,Bacteria Monitoring 2024,DRBC-6107-091,6107-091,40.058668,-74.964358,Sample-Routine,85.7,MPN/100mL,,,9223 B ~ Enzyme substrate assay for measuring total coliforms and E. coli (ONPG-MUG test or CPRG-MUG test)
2024-07-02,10:58:00,Bacteria Monitoring 2024,DRBC-6107-092,6107-092,40.054378,-74.960651,Sample-Routine,67.7,MPN/100mL,,,9223 B ~ Enzyme substrate assay for measuring total coliforms and E. coli (ONPG-MUG test or CPRG-MUG test)
2024-07-02,10:55:00,Bacteria Monitoring 2024,DRBC-6107-093,6107-093,40.052882,-74.959292,Sample-Routine,60.9,MPN/100mL,,,9223 B ~ Enzyme substrate assay for measuring total coliforms and E. coli (ONPG-MUG test or CPRG-MUG test)
2024-07-02,11:16:00,Bacteria Monitoring 2024,DRBC-6107-094,6107-094,40.068377,-74.925913,Sample-Routine,38.3,MPN/100mL,,,9223 B ~ Enzyme substrate assay for measuring total coliforms and E. coli (ONPG-MUG test or CPRG-MUG test)
2024-07-02,11:22:00,Bacteria Monitoring 2024,DRBC-6107-095,6107-095,40.073216,-74.914093,Sample-Routine,34.1,MPN/100mL,,,9223 B ~ Enzyme substrate assay for measuring total coliforms and E. coli (ONPG-MUG test or CPRG-MUG test)
2024-07-02,11:48:00,Bacteria Monitoring 2024,DRBC-6107-096,6107-096,40.084692,-74.911183,Sample-Routine,33.2,MPN/100mL,,,9223 B ~ Enzyme substrate assay for measuring total coliforms and E. coli (ONPG-MUG test or CPRG-MUG test)
2024-07-02,12:00:00,Bacteria Monitoring 2024,DRBC-6107-097,6107-097,40.074426,-74.906085,Sample-Routine,22.6,MPN/100mL,,,9223 B ~ Enzyme substrate assay for measuring total coliforms and E. coli (ONPG-MUG test or CPRG-MUG test)
2024-07-02,11:35:00,Bacteria Monitoring 2024,DRBC-6107-098,6107-098,40.075593,-74.901183,Sample-Routine,22.8,MPN/100mL,,,9223 B ~ Enzyme substrate assay for measuring total coliforms and E. coli (ONPG-MUG test or CPRG-MUG test)
2024-07-02,11:30:00,Bacteria Monitoring 2024,DRBC-6107-099,6107-099,40.071293,-74.898783,Sample-Routine,42.6,MPN/100mL,,,9223 B ~ Enzyme substrate assay for measuring total coliforms and E. coli (ONPG-MUG test or CPRG-MUG test)
2024-07-02,11:33:00,Bacteria Monitoring 2024,DRBC-6107-106,6107-106,40.094019,-74.862505,Sample-Routine,15.6,MPN/100mL,,,9223 B ~ Enzyme substrate assay for measuring total coliforms and E. coli (ONPG-MUG test or CPRG-MUG test)
2024-07-02,12:25:00,Bacteria Monitoring 2024,DRBC-6107-132,6107-132,40.219275,-74.77821,Sample-Routine,2,MPN/100mL,,,9223 B ~ Enzyme substrate assay for measuring total coliforms and E. coli (ONPG-MUG test or CPRG-MUG test)
2024-07-02,12:21:00,Bacteria Monitoring 2024,DRBC-6107-133,6107-133,40.218843,-74.778646,Sample-Routine,7.3,MPN/100mL,,,9223 B ~ Enzyme substrate assay for measuring total coliforms and E. coli (ONPG-MUG test or CPRG-MUG test)
2024-07-02,12:16:00,Bacteria Monitoring 2024,DRBC-6107-134,6107-134,40.218444,-74.778994,Sample-Routine,7.5,MPN/100mL,,,9223 B ~ Enzyme substrate assay for measuring total coliforms and E. coli (ONPG-MUG test or CPRG-MUG test)
2024-07-02,12:12:00,Bacteria Monitoring 2024,DRBC-6107-135,6107-135,40.219994,-74.777527,Sample-Routine,5.1,MPN/100mL,,,9223 B ~ Enzyme substrate assay for measuring total coliforms and E. coli (ONPG-MUG test or CPRG-MUG test)
2024-07-08,09:03:00,Bacteria Monitoring 2024,DRBC-6107-001,6107-001,39.806507,-75.418985,Sample-Routine,20.1,MPN/100mL,,,9223 B ~ Enzyme substrate assay for measuring total coliforms and E. coli (ONPG-MUG test or CPRG-MUG test)
2024-07-08,09:00:00,Bacteria Monitoring 2024,DRBC-6107-002,6107-002,39.804842,-75.416893,Sample-Routine,5.2,MPN/100mL,,,9223 B ~ Enzyme substrate assay for measuring total coliforms and E. coli (ONPG-MUG test or CPRG-MUG test)
2024-07-08,08:57:00,Bacteria Monitoring 2024,DRBC-6107-003,6107-003,39.802877,-75.414447,Sample-Routine,8.4,MPN/100mL,,,9223 B ~ Enzyme substrate assay for measuring total coliforms and E. coli (ONPG-MUG test or CPRG-MUG test)
2024-07-08,08:49:00,Bacteria Monitoring 2024,DRBC-6107-004,6107-004,39.800369,-75.410567,Sample-Routine,7.5,MPN/100mL,,,9223 B ~ Enzyme substrate assay for measuring total coliforms and E. coli (ONPG-MUG test or CPRG-MUG test)
2024-07-08,08:45:00,Bacteria Monitoring 2024,DRBC-6107-005,6107-005,39.79717,-75.40521,Sample-Routine,10.9,MPN/100mL,,,9223 B ~ Enzyme substrate assay for measuring total coliforms and E. coli (ONPG-MUG test or CPRG-MUG test)
2024-07-08,09:09:00,Bacteria Monitoring 2024,DRBC-6107-006,6107-006,39.81155,-75.411443,Sample-Routine,38.9,MPN/100mL,,,9223 B ~ Enzyme substrate assay for measuring total coliforms and E. coli (ONPG-MUG test or CPRG-MUG test)
2024-07-08,08:52:00,Bacteria Monitoring 2024,DRBC-6107-007,6107-007,39.808316,-75.377205,Sample-Routine,53.7,MPN/100mL,,,9223 B ~ Enzyme substrate assay for measuring total coliforms and E. coli (ONPG-MUG test or CPRG-MUG test)
2024-07-08,09:22:00,Bacteria Monitoring 2024,DRBC-6107-008,6107-008,39.830051,-75.375487,Sample-Routine,31.5,MPN/100mL,,,9223 B ~ Enzyme substrate assay for measuring total coliforms and E. coli (ONPG-MUG test or CPRG-MUG test)
2024-07-08,09:24:00,Bacteria Monitoring 2024,DRBC-6107-009,6107-009,39.831775,-75.376779,Sample-Routine,124.6,MPN/100mL,,,9223 B ~ Enzyme substrate assay for measuring total coliforms and E. coli (ONPG-MUG test or CPRG-MUG test)
2024-07-08,09:19:00,Bacteria Monitoring 2024,DRBC-6107-010,6107-010,39.828589,-75.373718,Sample-Routine,19.3,MPN/100mL,,,9223 B ~ Enzyme substrate assay for measuring total coliforms and E. coli (ONPG-MUG test or CPRG-MUG test)
2024-07-08,09:16:00,Bacteria Monitoring 2024,DRBC-6107-011,6107-011,39.825366,-75.370469,Sample-Routine,11,MPN/100mL,,,9223 B ~ Enzyme substrate assay for measuring total coliforms and E. coli (ONPG-MUG test or CPRG-MUG test)
2024-07-08,09:01:00,Bacteria Monitoring 2024,DRBC-6107-012,6107-012,39.820927,-75.364974,Sample-Routine,55.4,MPN/100mL,,,9223 B ~ Enzyme substrate assay for measuring total coliforms and E. coli (ONPG-MUG test or CPRG-MUG test)
2024-07-08,09:08:00,Bacteria Monitoring 2024,DRBC-6107-014,6107-014,39.825354,-75.346163,Sample-Routine,866.4,MPN/100mL,,,9223 B ~ Enzyme substrate assay for measuring total coliforms and E. coli (ONPG-MUG test or CPRG-MUG test)
2024-07-08,09:30:00,Bacteria Monitoring 2024,DRBC-6107-016,6107-016,39.846719,-75.341065,Sample-Routine,15.8,MPN/100mL,,,9223 B ~ Enzyme substrate assay for measuring total coliforms and E. coli (ONPG-MUG test or CPRG-MUG test)
2024-07-08,09:15:00,Bacteria Monitoring 2024,DRBC-6107-017,6107-017,39.834353,-75.327378,Sample-Routine,110.6,MPN/100mL,,,9223 B ~ Enzyme substrate assay for measuring total coliforms and E. coli (ONPG-MUG test or CPRG-MUG test)
2024-07-08,09:39:00,Bacteria Monitoring 2024,DRBC-6107-020,6107-020,39.860017,-75.303584,Sample-Routine,48.8,MPN/100mL,,,9223 B ~ Enzyme substrate assay for measuring total coliforms and E. coli (ONPG-MUG test or CPRG-MUG test)
2024-07-08,09:27:00,Bacteria Monitoring 2024,DRBC-6107-021,6107-021,39.839598,-75.282931,Sample-Routine,6.2,MPN/100mL,,,9223 B ~ Enzyme substrate assay for measuring total coliforms and E. coli (ONPG-MUG test or CPRG-MUG test)
2024-07-08,10:00:00,Bacteria Monitoring 2024,DRBC-6107-022,6107-022,39.852257,-75.255399,Sample-Routine,13.2,MPN/100mL,,,9223 B ~ Enzyme substrate assay for measuring total coliforms and E. coli (ONPG-MUG test or CPRG-MUG test)
2024-07-08,09:57:00,Bacteria Monitoring 2024,DRBC-6107-023,6107-023,39.853603,-75.255839,Sample-Routine,18.7,MPN/100mL,,,9223 B ~ Enzyme substrate assay for measuring total coliforms and E. coli (ONPG-MUG test or CPRG-MUG test)
2024-07-08,09:59:00,Bacteria Monitoring 2024,DRBC-6107-024,6107-024,39.855303,-75.256187,Sample-Routine,19.9,MPN/100mL,,,9223 B ~ Enzyme substrate assay for measuring total coliforms and E. coli (ONPG-MUG test or CPRG-MUG test)
2024-07-08,10:03:00,Bacteria Monitoring 2024,DRBC-6107-025,6107-025,39.8506047,-75.25499808,Sample-Routine,10.9,MPN/100mL,,,9223 B ~ Enzyme substrate assay for measuring total coliforms and E. coli (ONPG-MUG test or CPRG-MUG test)
2024-07-08,10:05:00,Bacteria Monitoring 2024,DRBC-6107-026,6107-026,39.8487184,-75.25448721,Sample-Routine,55.6,MPN/100mL,,,9223 B ~ Enzyme substrate assay for measuring total coliforms and E. coli (ONPG-MUG test or CPRG-MUG test)
2024-07-08,09:39:00,Bacteria Monitoring 2024,DRBC-6107-027,6107-027,39.851093,-75.228234,Sample-Routine,142.1,MPN/100mL,,,9223 B ~ Enzyme substrate assay for measuring total coliforms and E. coli (ONPG-MUG test or CPRG-MUG test)
2024-07-08,09:44:00,Bacteria Monitoring 2024,DRBC-6107-028,6107-028,39.855258,-75.218815,Sample-Routine,30.1,MPN/100mL,,,9223 B ~ Enzyme substrate assay for measuring total coliforms and E. coli (ONPG-MUG test or CPRG-MUG test)
2024-07-08,10:12:00,Bacteria Monitoring 2024,DRBC-6107-029,6107-029,39.874574,-75.211555,Sample-Routine,70.6,MPN/100mL,,,9223 B ~ Enzyme substrate assay for measuring total coliforms and E. coli (ONPG-MUG test or CPRG-MUG test)
2024-07-08,09:53:00,Bacteria Monitoring 2024,DRBC-6107-032,6107-032,39.863026,-75.194499,Sample-Routine,328.2,MPN/100mL,,,9223 B ~ Enzyme substrate assay for measuring total coliforms and E. coli (ONPG-MUG test or CPRG-MUG test)
2024-07-08,10:00:00,Bacteria Monitoring 2024,DRBC-6107-033,6107-033,39.869885,-75.191464,Sample-Routine,32.7,MPN/100mL,,,9223 B ~ Enzyme substrate assay for measuring total coliforms and E. coli (ONPG-MUG test or CPRG-MUG test)
2024-07-08,10:39:00,Bacteria Monitoring 2024,DRBC-6107-034,6107-034,39.89287,-75.201334,Sample-Routine,980.4,MPN/100mL,,,9223 B ~ Enzyme substrate assay for measuring total coliforms and E. coli (ONPG-MUG test or CPRG-MUG test)
2024-07-08,10:44:00,Bacteria Monitoring 2024,DRBC-6107-035,6107-035,39.894697,-75.199973,Sample-Routine,1986.3,MPN/100mL,,,9223 B ~ Enzyme substrate assay for measuring total coliforms and E. coli (ONPG-MUG test or CPRG-MUG test)
2024-07-08,10:42:00,Bacteria Monitoring 2024,DRBC-6107-036,6107-036,39.89401,-75.200883,Sample-Routine,1413.6,MPN/100mL,,,9223 B ~ Enzyme substrate assay for measuring total coliforms and E. coli (ONPG-MUG test or CPRG-MUG test)
2024-07-08,10:23:00,Bacteria Monitoring 2024,DRBC-6107-037,6107-037,39.886554,-75.171333,Sample-Routine,36.9,MPN/100mL,,,9223 B ~ Enzyme substrate assay for measuring total coliforms and E. coli (ONPG-MUG test or CPRG-MUG test)
2024-07-08,10:28:00,Bacteria Monitoring 2024,DRBC-6107-038,6107-038,39.883474,-75.171061,Sample-Routine,37.9,MPN/100mL,,,9223 B ~ Enzyme substrate assay for measuring total coliforms and E. coli (ONPG-MUG test or CPRG-MUG test)
2024-07-08,10:26:00,Bacteria Monitoring 2024,DRBC-6107-039,6107-039,39.885145,-75.171197,Sample-Routine,37.3,MPN/100mL,,,9223 B ~ Enzyme substrate assay for measuring total coliforms and E. coli (ONPG-MUG test or CPRG-MUG test)
2024-07-08,10:31:00,Bacteria Monitoring 2024,DRBC-6107-040,6107-040,39.880635,-75.170855,Sample-Routine,65.7,MPN/100mL,,,9223 B ~ Enzyme substrate assay for measuring total coliforms and E. coli (ONPG-MUG test or CPRG-MUG test)
2024-07-08,10:32:00,Bacteria Monitoring 2024,DRBC-6107-041,6107-041,39.878253,-75.170755,Sample-Routine,123.6,MPN/100mL,,,9223 B ~ Enzyme substrate assay for measuring total coliforms and E. coli (ONPG-MUG test or CPRG-MUG test)
2024-07-08,10:19:00,Bacteria Monitoring 2024,DRBC-6107-042,6107-042,39.878123,-75.13206,Sample-Routine,81.6,MPN/100mL,,,9223 B ~ Enzyme substrate assay for measuring total coliforms and E. coli (ONPG-MUG test or CPRG-MUG test)
2024-07-08,10:31:00,Bacteria Monitoring 2024,DRBC-6107-043,6107-043,39.904421,-75.130201,Sample-Routine,108.1,MPN/100mL,,,9223 B ~ Enzyme substrate assay for measuring total coliforms and E. coli (ONPG-MUG test or CPRG-MUG test)
2024-07-08,10:34:00,Bacteria Monitoring 2024,DRBC-6107-044,6107-044,39.904926,-75.131536,Sample-Routine,159.7,MPN/100mL,,,9223 B ~ Enzyme substrate assay for measuring total coliforms and E. coli (ONPG-MUG test or CPRG-MUG test)
2024-07-08,10:36:00,Bacteria Monitoring 2024,DRBC-6107-045,6107-045,39.905135,-75.132557,Sample-Routine,139.6,MPN/100mL,,,9223 B ~ Enzyme substrate assay for measuring total coliforms and E. coli (ONPG-MUG test or CPRG-MUG test)
2024-07-08,10:28:00,Bacteria Monitoring 2024,DRBC-6107-046,6107-046,39.90429,-75.127997,Sample-Routine,179.3,MPN/100mL,,,9223 B ~ Enzyme substrate assay for measuring total coliforms and E. coli (ONPG-MUG test or CPRG-MUG test)
2024-07-08,10:43:00,Bacteria Monitoring 2024,DRBC-6107-047,6107-047,39.924525,-75.128453,Sample-Routine,686.7,MPN/100mL,,,9223 B ~ Enzyme substrate assay for measuring total coliforms and E. coli (ONPG-MUG test or CPRG-MUG test)
2024-07-08,10:47:00,Bacteria Monitoring 2024,DRBC-6107-048,6107-048,39.931832,-75.140165,Sample-Routine,231,MPN/100mL,,,9223 B ~ Enzyme substrate assay for measuring total coliforms and E. coli (ONPG-MUG test or CPRG-MUG test)
2024-07-08,10:53:00,Bacteria Monitoring 2024,DRBC-6107-049,6107-049,39.942173,-75.131384,Sample-Routine,920.8,MPN/100mL,,,9223 B ~ Enzyme substrate assay for measuring total coliforms and E. coli (ONPG-MUG test or CPRG-MUG test)
2024-07-08,11:00:00,Bacteria Monitoring 2024,DRBC-6107-050,6107-050,39.944907,-75.139583,Sample-Routine,298.7,MPN/100mL,,,9223 B ~ Enzyme substrate assay for measuring total coliforms and E. coli (ONPG-MUG test or CPRG-MUG test)
2024-07-08,11:03:00,Bacteria Monitoring 2024,DRBC-6107-051,6107-051,39.951762,-75.135559,Sample-Routine,387.3,MPN/100mL,,,9223 B ~ Enzyme substrate assay for measuring total coliforms and E. coli (ONPG-MUG test or CPRG-MUG test)
2024-07-08,11:05:00,Bacteria Monitoring 2024,DRBC-6107-052,6107-052,39.952033,-75.136707,Sample-Routine,410.6,MPN/100mL,,,9223 B ~ Enzyme substrate assay for measuring total coliforms and E. coli (ONPG-MUG test or CPRG-MUG test)
2024-07-08,11:13:00,Bacteria Monitoring 2024,DRBC-6107-053,6107-053,39.952242,-75.137727,Sample-Routine,648.8,MPN/100mL,,,9223 B ~ Enzyme substrate assay for measuring total coliforms and E. coli (ONPG-MUG test or CPRG-MUG test)
2024-07-08,11:10:00,Bacteria Monitoring 2024,DRBC-6107-054,6107-054,39.951503,-75.133848,Sample-Routine,90.8,MPN/100mL,,,9223 B ~ Enzyme substrate assay for measuring total coliforms and E. coli (ONPG-MUG test or CPRG-MUG test)
2024-07-08,11:08:00,Bacteria Monitoring 2024,DRBC-6107-055,6107-055,39.951336,-75.131756,Sample-Routine,613.1,MPN/100mL,,,9223 B ~ Enzyme substrate assay for measuring total coliforms and E. coli (ONPG-MUG test or CPRG-MUG test)
2024-07-08,11:21:00,Bacteria Monitoring 2024,DRBC-6107-056,6107-056,39.965488,-75.127301,Sample-Routine,686.7,MPN/100mL,,,9223 B ~ Enzyme substrate assay for measuring total coliforms and E. coli (ONPG-MUG test or CPRG-MUG test)
2024-07-08,11:31:00,Bacteria Monitoring 2024,DRBC-6107-059,6107-059,39.952998,-75.110637,Sample-Routine,1413.6,MPN/100mL,,,9223 B ~ Enzyme substrate assay for measuring total coliforms and E. coli (ONPG-MUG test or CPRG-MUG test)
2024-07-08,11:37:00,Bacteria Monitoring 2024,DRBC-6107-060,6107-060,39.958843,-75.101732,Sample-Routine,217.8,MPN/100mL,,,9223 B ~ Enzyme substrate assay for measuring total coliforms and E. coli (ONPG-MUG test or CPRG-MUG test)
2024-07-08,11:56:00,Bacteria Monitoring 2024,DRBC-6107-062,6107-062,39.985122,-75.068811,Sample-Routine,2419.6,MPN/100mL,,,9223 B ~ Enzyme substrate assay for measuring total coliforms and E. coli (ONPG-MUG test or CPRG-MUG test)
2024-07-08,11:59:00,Bacteria Monitoring 2024,DRBC-6107-063,6107-063,39.98564,-75.069811,Sample-Routine,2419.6,MPN/100mL,L,,9223 B ~ Enzyme substrate assay for measuring total coliforms and E. coli (ONPG-MUG test or CPRG-MUG test)
2024-07-08,11:53:00,Bacteria Monitoring 2024,DRBC-6107-064,6107-064,39.984554,-75.067969,Sample-Routine,866.4,MPN/100mL,,,9223 B ~ Enzyme substrate assay for measuring total coliforms and E. coli (ONPG-MUG test or CPRG-MUG test)
2024-07-08,11:50:00,Bacteria Monitoring 2024,DRBC-6107-065,6107-065,39.983609,-75.066067,Sample-Routine,91,MPN/100mL,,,9223 B ~ Enzyme substrate assay for measuring total coliforms and E. coli (ONPG-MUG test or CPRG-MUG test)
2024-07-08,11:48:00,Bacteria Monitoring 2024,DRBC-6107-066,6107-066,39.982726,-75.063969,Sample-Routine,290.9,MPN/100mL,,,9223 B ~ Enzyme substrate assay for measuring total coliforms and E. coli (ONPG-MUG test or CPRG-MUG test)
2024-07-08,08:51:00,Bacteria Monitoring 2024,DRBC-6107-100,6107-100,40.081692,-74.870452,Sample-Routine,23.1,MPN/100mL,,,9223 B ~ Enzyme substrate assay for measuring total coliforms and E. coli (ONPG-MUG test or CPRG-MUG test)
2024-07-08,08:53:00,Bacteria Monitoring 2024,DRBC-6107-101,6107-101,40.082438,-74.870647,Sample-Routine,12,MPN/100mL,,,9223 B ~ Enzyme substrate assay for measuring total coliforms and E. coli (ONPG-MUG test or CPRG-MUG test)
2024-07-08,08:55:00,Bacteria Monitoring 2024,DRBC-6107-102,6107-102,40.082971,-74.870842,Sample-Routine,22.6,MPN/100mL,,,9223 B ~ Enzyme substrate assay for measuring total coliforms and E. coli (ONPG-MUG test or CPRG-MUG test)
2024-07-08,08:48:00,Bacteria Monitoring 2024,DRBC-6107-103,6107-103,40.081012,-74.870086,Sample-Routine,10.9,MPN/100mL,,,9223 B ~ Enzyme substrate assay for measuring total coliforms and E. coli (ONPG-MUG test or CPRG-MUG test)
2024-07-08,08:45:00,Bacteria Monitoring 2024,DRBC-6107-104,6107-104,40.080334,-74.86985,Sample-Routine,42,MPN/100mL,,,9223 B ~ Enzyme substrate assay for measuring total coliforms and E. coli (ONPG-MUG test or CPRG-MUG test)
2024-07-08,08:36:00,Bacteria Monitoring 2024,DRBC-6107-105,6107-105,40.081954,-74.850113,Sample-Routine,344.8,MPN/100mL,,,9223 B ~ Enzyme substrate assay for measuring total coliforms and E. coli (ONPG-MUG test or CPRG-MUG test)
2024-07-08,09:01:00,Bacteria Monitoring 2024,DRBC-6107-107,6107-107,40.092799,-74.857774,Sample-Routine,78.5,MPN/100mL,,,9223 B ~ Enzyme substrate assay for measuring total coliforms and E. coli (ONPG-MUG test or CPRG-MUG test)
2024-07-08,09:04:00,Bacteria Monitoring 2024,DRBC-6107-108,6107-108,40.093864,-74.855805,Sample-Routine,13.2,MPN/100mL,,,9223 B ~ Enzyme substrate assay for measuring total coliforms and E. coli (ONPG-MUG test or CPRG-MUG test)
2024-07-08,09:10:00,Bacteria Monitoring 2024,DRBC-6107-109,6107-109,40.100021,-74.842603,Sample-Routine,18.7,MPN/100mL,,,9223 B ~ Enzyme substrate assay for measuring total coliforms and E. coli (ONPG-MUG test or CPRG-MUG test)
2024-07-08,09:13:00,Bacteria Monitoring 2024,DRBC-6107-110,6107-110,40.103418,-74.838511,Sample-Routine,59.4,MPN/100mL,,,9223 B ~ Enzyme substrate assay for measuring total coliforms and E. coli (ONPG-MUG test or CPRG-MUG test)
2024-07-08,09:24:00,Bacteria Monitoring 2024,DRBC-6107-111,6107-111,40.116756,-74.830991,Sample-Routine,15.8,MPN/100mL,,,9223 B ~ Enzyme substrate assay for measuring total coliforms and E. coli (ONPG-MUG test or CPRG-MUG test)
2024-07-08,09:22:00,Bacteria Monitoring 2024,DRBC-6107-112,6107-112,40.117037,-74.831936,Sample-Routine,18.5,MPN/100mL,,,9223 B ~ Enzyme substrate assay for measuring total coliforms and E. coli (ONPG-MUG test or CPRG-MUG test)
2024-07-08,09:20:00,Bacteria Monitoring 2024,DRBC-6107-113,6107-113,40.117214,-74.832646,Sample-Routine,20.9,MPN/100mL,,,9223 B ~ Enzyme substrate assay for measuring total coliforms and E. coli (ONPG-MUG test or CPRG-MUG test)
2024-07-08,09:27:00,Bacteria Monitoring 2024,DRBC-6107-114,6107-114,40.116305,-74.829099,Sample-Routine,38.4,MPN/100mL,,,9223 B ~ Enzyme substrate assay for measuring total coliforms and E. coli (ONPG-MUG test or CPRG-MUG test)
2024-07-08,09:35:00,Bacteria Monitoring 2024,DRBC-6107-115,6107-115,40.134611,-74.814557,Sample-Routine,32.3,MPN/100mL,,,9223 B ~ Enzyme substrate assay for measuring total coliforms and E. coli (ONPG-MUG test or CPRG-MUG test)
2024-07-08,09:47:00,Bacteria Monitoring 2024,DRBC-6107-116,6107-116,40.118759,-74.789187,Sample-Routine,20.3,MPN/100mL,,,9223 B ~ Enzyme substrate assay for measuring total coliforms and E. coli (ONPG-MUG test or CPRG-MUG test)
2024-07-08,10:03:00,Bacteria Monitoring 2024,DRBC-6107-119,6107-119,40.12794,-74.775699,Sample-Routine,36.8,MPN/100mL,,,9223 B ~ Enzyme substrate assay for measuring total coliforms and E. coli (ONPG-MUG test or CPRG-MUG test)
2024-07-08,09:55:00,Bacteria Monitoring 2024,DRBC-6107-120,6107-120,40.122846,-74.764096,Sample-Routine,214.3,MPN/100mL,,,9223 B ~ Enzyme substrate assay for measuring total coliforms and E. coli (ONPG-MUG test or CPRG-MUG test)
2024-07-08,10:07:00,Bacteria Monitoring 2024,DRBC-6107-121,6107-121,40.132205,-74.767276,Sample-Routine,56.3,MPN/100mL,,,9223 B ~ Enzyme substrate assay for measuring total coliforms and E. coli (ONPG-MUG test or CPRG-MUG test)
2024-07-08,10:26:00,Bacteria Monitoring 2024,DRBC-6107-122,6107-122,40.151302,-74.715956,Sample-Routine,141.4,MPN/100mL,,,9223 B ~ Enzyme substrate assay for measuring total coliforms and E. coli (ONPG-MUG test or CPRG-MUG test)
2024-07-08,10:34:00,Bacteria Monitoring 2024,DRBC-6107-123,6107-123,40.158767,-74.724229,Sample-Routine,42,MPN/100mL,,,9223 B ~ Enzyme substrate assay for measuring total coliforms and E. coli (ONPG-MUG test or CPRG-MUG test)
2024-07-08,10:39:00,Bacteria Monitoring 2024,DRBC-6107-124,6107-124,40.169666,-74.732127,Sample-Routine,24.1,MPN/100mL,,,9223 B ~ Enzyme substrate assay for measuring total coliforms and E. coli (ONPG-MUG test or CPRG-MUG test)
2024-07-08,10:54:00,Bacteria Monitoring 2024,DRBC-6107-125,6107-125,40.170101,-74.738445,Sample-Routine,28.5,MPN/100mL,,,9223 B ~ Enzyme substrate assay for measuring total coliforms and E. coli (ONPG-MUG test or CPRG-MUG test)
2024-07-08,10:48:00,Bacteria Monitoring 2024,DRBC-6107-126,6107-126,40.183333,-74.752778,Sample-Routine,25.9,MPN/100mL,,,9223 B ~ Enzyme substrate assay for measuring total coliforms and E. coli (ONPG-MUG test or CPRG-MUG test)
2024-07-08,10:51:00,Bacteria Monitoring 2024,DRBC-6107-127,6107-127,40.186674,-74.753876,Sample-Routine,59.8,MPN/100mL,,,9223 B ~ Enzyme substrate assay for measuring total coliforms and E. coli (ONPG-MUG test or CPRG-MUG test)
2024-07-08,11:06:00,Bacteria Monitoring 2024,DRBC-6107-128,6107-128,40.206565,-74.766394,Sample-Routine,16.8,MPN/100mL,,,9223 B ~ Enzyme substrate assay for measuring total coliforms and E. coli (ONPG-MUG test or CPRG-MUG test)
2024-07-08,11:08:00,Bacteria Monitoring 2024,DRBC-6107-129,6107-129,40.206315,-74.767268,Sample-Routine,29.8,MPN/100mL,,,9223 B ~ Enzyme substrate assay for measuring total coliforms and E. coli (ONPG-MUG test or CPRG-MUG test)
2024-07-08,11:04:00,Bacteria Monitoring 2024,DRBC-6107-130,6107-130,40.206848,-74.765613,Sample-Routine,29.8,MPN/100mL,,,9223 B ~ Enzyme substrate assay for measuring total coliforms and E. coli (ONPG-MUG test or CPRG-MUG test)
2024-07-08,11:10:00,Bacteria Monitoring 2024,DRBC-6107-131,6107-131,40.206082,-74.767981,Sample-Routine,73.3,MPN/100mL,,,9223 B ~ Enzyme substrate assay for measuring total coliforms and E. coli (ONPG-MUG test or CPRG-MUG test)
2024-07-09,08:55:00,Bacteria Monitoring 2024,DRBC-6107-013,6107-013,39.843829,-75.359213,Sample-Routine,1553.1,MPN/100mL,,,9223 B ~ Enzyme substrate assay for measuring total coliforms and E. coli (ONPG-MUG test or CPRG-MUG test)
2024-07-09,09:05:00,Bacteria Monitoring 2024,DRBC-6107-015,6107-015,39.851909,-75.345308,Sample-Routine,1732.9,MPN/100mL,,,9223 B ~ Enzyme substrate assay for measuring total coliforms and E. coli (ONPG-MUG test or CPRG-MUG test)
2024-07-09,09:20:00,Bacteria Monitoring 2024,DRBC-6107-018,6107-018,39.860364,-75.32256,Sample-Routine,980.4,MPN/100mL,,,9223 B ~ Enzyme substrate assay for measuring total coliforms and E. coli (ONPG-MUG test or CPRG-MUG test)
2024-07-09,09:31:00,Bacteria Monitoring 2024,DRBC-6107-019,6107-019,39.870137,-75.313445,Sample-Routine,365.4,MPN/100mL,,,9223 B ~ Enzyme substrate assay for measuring total coliforms and E. coli (ONPG-MUG test or CPRG-MUG test)
2024-07-09,10:03:00,Bacteria Monitoring 2024,DRBC-6107-061,6107-061,39.993596,-75.080699,Sample-Routine,1986.3,MPN/100mL,,,9223 B ~ Enzyme substrate assay for measuring total coliforms and E. coli (ONPG-MUG test or CPRG-MUG test)
2024-07-09,08:58:00,Bacteria Monitoring 2024,DRBC-6107-067,6107-067,39.991848,-75.048357,Sample-Routine,686.7,MPN/100mL,,,9223 B ~ Enzyme substrate assay for measuring total coliforms and E. coli (ONPG-MUG test or CPRG-MUG test)
2024-07-09,09:10:00,Bacteria Monitoring 2024,DRBC-6107-068,6107-068,40.006746,-75.056195,Sample-Routine,2419.6,MPN/100mL,L,,9223 B ~ Enzyme substrate assay for measuring total coliforms and E. coli (ONPG-MUG test or CPRG-MUG test)
2024-07-09,09:24:00,Bacteria Monitoring 2024,DRBC-6107-069,6107-069,40.009961,-75.042942,Sample-Routine,86.2,MPN/100mL,,,9223 B ~ Enzyme substrate assay for measuring total coliforms and E. coli (ONPG-MUG test or CPRG-MUG test)
2024-07-09,09:21:00,Bacteria Monitoring 2024,DRBC-6107-070,6107-070,40.011877,-75.044055,Sample-Routine,816.4,MPN/100mL,,,9223 B ~ Enzyme substrate assay for measuring total coliforms and E. coli (ONPG-MUG test or CPRG-MUG test)
2024-07-09,09:15:00,Bacteria Monitoring 2024,DRBC-6107-071,6107-071,40.014044,-75.045709,Sample-Routine,1413.6,MPN/100mL,,,9223 B ~ Enzyme substrate assay for measuring total coliforms and E. coli (ONPG-MUG test or CPRG-MUG test)
2024-07-09,09:32:00,Bacteria Monitoring 2024,DRBC-6107-074,6107-074,40.01974,-75.033024,Sample-Routine,2419.6,MPN/100mL,,,9223 B ~ Enzyme substrate assay for measuring total coliforms and E. coli (ONPG-MUG test or CPRG-MUG test)
2024-07-09,09:28:00,Bacteria Monitoring 2024,DRBC-6107-075,6107-075,40.011112,-75.027952,Sample-Routine,30.9,MPN/100mL,,,9223 B ~ Enzyme substrate assay for measuring total coliforms and E. coli (ONPG-MUG test or CPRG-MUG test)
2024-07-09,09:42:00,Bacteria Monitoring 2024,DRBC-6107-076,6107-076,40.025406,-75.006821,Sample-Routine,27.9,MPN/100mL,,,9223 B ~ Enzyme substrate assay for measuring total coliforms and E. coli (ONPG-MUG test or CPRG-MUG test)
2024-07-09,09:40:00,Bacteria Monitoring 2024,DRBC-6107-077,6107-077,40.026857,-75.008771,Sample-Routine,222.4,MPN/100mL,,,9223 B ~ Enzyme substrate assay for measuring total coliforms and E. coli (ONPG-MUG test or CPRG-MUG test)
2024-07-09,09:38:00,Bacteria Monitoring 2024,DRBC-6107-078,6107-078,40.027924,-75.009997,Sample-Routine,980.4,MPN/100mL,,,9223 B ~ Enzyme substrate assay for measuring total coliforms and E. coli (ONPG-MUG test or CPRG-MUG test)
2024-07-09,09:45:00,Bacteria Monitoring 2024,DRBC-6107-079,6107-079,40.023987,-75.005103,Sample-Routine,75.4,MPN/100mL,,,9223 B ~ Enzyme substrate assay for measuring total coliforms and E. coli (ONPG-MUG test or CPRG-MUG test)
2024-07-09,09:47:00,Bacteria Monitoring 2024,DRBC-6107-080,6107-080,40.022683,-75.003543,Sample-Routine,31.8,MPN/100mL,,,9223 B ~ Enzyme substrate assay for measuring total coliforms and E. coli (ONPG-MUG test or CPRG-MUG test)
2024-07-09,10:21:00,Bacteria Monitoring 2024,DRBC-6107-081,6107-081,40.033201,-75.007451,Sample-Routine,686.7,MPN/100mL,,,9223 B ~ Enzyme substrate assay for measuring total coliforms and E. coli (ONPG-MUG test or CPRG-MUG test)
2024-07-09,10:05:00,Bacteria Monitoring 2024,DRBC-6107-082,6107-082,40.041556,-74.990543,Sample-Routine,55.6,MPN/100mL,,,9223 B ~ Enzyme substrate assay for measuring total coliforms and E. coli (ONPG-MUG test or CPRG-MUG test)
2024-07-09,09:58:00,Bacteria Monitoring 2024,DRBC-6107-083,6107-083,40.033716,-74.977528,Sample-Routine,185,MPN/100mL,,,9223 B ~ Enzyme substrate assay for measuring total coliforms and E. coli (ONPG-MUG test or CPRG-MUG test)
2024-07-09,10:34:00,Bacteria Monitoring 2024,DRBC-6107-084,6107-084,40.053735,-74.982023,Sample-Routine,488.4,MPN/100mL,,,9223 B ~ Enzyme substrate assay for measuring total coliforms and E. coli (ONPG-MUG test or CPRG-MUG test)
2024-07-09,10:15:00,Bacteria Monitoring 2024,DRBC-6107-087,6107-087,40.05117,-74.978308,Sample-Routine,22.6,MPN/100mL,,,9223 B ~ Enzyme substrate assay for measuring total coliforms and E. coli (ONPG-MUG test or CPRG-MUG test)
2024-07-09,10:10:00,Bacteria Monitoring 2024,DRBC-6107-088,6107-088,40.04261,-74.971408,Sample-Routine,172.3,MPN/100mL,,,9223 B ~ Enzyme substrate assay for measuring total coliforms and E. coli (ONPG-MUG test or CPRG-MUG test)
2024-07-09,10:28:00,Bacteria Monitoring 2024,DRBC-6107-089,6107-089,40.056236,-74.96218,Sample-Routine,14.5,MPN/100mL,,,9223 B ~ Enzyme substrate assay for measuring total coliforms and E. coli (ONPG-MUG test or CPRG-MUG test)
2024-07-09,10:25:00,Bacteria Monitoring 2024,DRBC-6107-090,6107-090,40.057262,-74.963319,Sample-Routine,21.3,MPN/100mL,,,9223 B ~ Enzyme substrate assay for measuring total coliforms and E. coli (ONPG-MUG test or CPRG-MUG test)
2024-07-09,10:22:00,Bacteria Monitoring 2024,DRBC-6107-091,6107-091,40.058668,-74.964358,Sample-Routine,26.5,MPN/100mL,,,9223 B ~ Enzyme substrate assay for measuring total coliforms and E. coli (ONPG-MUG test or CPRG-MUG test)
2024-07-09,10:31:00,Bacteria Monitoring 2024,DRBC-6107-092,6107-092,40.054378,-74.960651,Sample-Routine,7.5,MPN/100mL,,,9223 B ~ Enzyme substrate assay for measuring total coliforms and E. coli (ONPG-MUG test or CPRG-MUG test)
2024-07-09,10:33:00,Bacteria Monitoring 2024,DRBC-6107-093,6107-093,40.052882,-74.959292,Sample-Routine,22.8,MPN/100mL,,,9223 B ~ Enzyme substrate assay for measuring total coliforms and E. coli (ONPG-MUG test or CPRG-MUG test)
2024-07-09,10:40:00,Bacteria Monitoring 2024,DRBC-6107-094,6107-094,40.068377,-74.925913,Sample-Routine,160.7,MPN/100mL,,,9223 B ~ Enzyme substrate assay for measuring total coliforms and E. coli (ONPG-MUG test or CPRG-MUG test)
2024-07-09,10:44:00,Bacteria Monitoring 2024,DRBC-6107-095,6107-095,40.073216,-74.914093,Sample-Routine,248.9,MPN/100mL,,,9223 B ~ Enzyme substrate assay for measuring total coliforms and E. coli (ONPG-MUG test or CPRG-MUG test)
2024-07-09,10:56:00,Bacteria Monitoring 2024,DRBC-6107-096,6107-096,40.084692,-74.911183,Sample-Routine,290.9,MPN/100mL,,,9223 B ~ Enzyme substrate assay for measuring total coliforms and E. coli (ONPG-MUG test or CPRG-MUG test)
2024-07-09,11:13:00,Bacteria Monitoring 2024,DRBC-6107-097,6107-097,40.074426,-74.906085,Sample-Routine,32.3,MPN/100mL,,,9223 B ~ Enzyme substrate assay for measuring total coliforms and E. coli (ONPG-MUG test or CPRG-MUG test)
2024-07-09,11:07:00,Bacteria Monitoring 2024,DRBC-6107-098,6107-098,40.075593,-74.901183,Sample-Routine,31.1,MPN/100mL,,,9223 B ~ Enzyme substrate assay for measuring total coliforms and E. coli (ONPG-MUG test or CPRG-MUG test)
2024-07-09,11:10:00,Bacteria Monitoring 2024,DRBC-6107-099,6107-099,40.071293,-74.898783,Sample-Routine,57.3,MPN/100mL,,,9223 B ~ Enzyme substrate assay for measuring total coliforms and E. coli (ONPG-MUG test or CPRG-MUG test)
2024-07-09,11:18:00,Bacteria Monitoring 2024,DRBC-6107-106,6107-106,40.094019,-74.862505,Sample-Routine,275.5,MPN/100mL,,,9223 B ~ Enzyme substrate assay for measuring total coliforms and E. coli (ONPG-MUG test or CPRG-MUG test)
2024-07-09,12:11:00,Bacteria Monitoring 2024,DRBC-6107-132,6107-132,40.219275,-74.77821,Sample-Routine,6.1,MPN/100mL,,,9223 B ~ Enzyme substrate assay for measuring total coliforms and E. coli (ONPG-MUG test or CPRG-MUG test)
2024-07-09,12:06:00,Bacteria Monitoring 2024,DRBC-6107-133,6107-133,40.218843,-74.778646,Sample-Routine,2,MPN/100mL,,,9223 B ~ Enzyme substrate assay for measuring total coliforms and E. coli (ONPG-MUG test or CPRG-MUG test)
2024-07-09,12:02:00,Bacteria Monitoring 2024,DRBC-6107-134,6107-134,40.218444,-74.778994,Sample-Routine,10.9,MPN/100mL,,,9223 B ~ Enzyme substrate assay for measuring total coliforms and E. coli (ONPG-MUG test or CPRG-MUG test)
2024-07-09,11:57:00,Bacteria Monitoring 2024,DRBC-6107-135,6107-135,40.219994,-74.777527,Sample-Routine,6.3,MPN/100mL,,,9223 B ~ Enzyme substrate assay for measuring total coliforms and E. coli (ONPG-MUG test or CPRG-MUG test)
2024-07-10,09:31:00,Bacteria Monitoring 2024,DRBC-6107-015,6107-015,39.851909,-75.345308,Sample-Routine,1203.3,MPN/100mL,,,9223 B ~ Enzyme substrate assay for measuring total coliforms and E. coli (ONPG-MUG test or CPRG-MUG test)
2024-07-10,09:49:00,Bacteria Monitoring 2024,DRBC-6107-018,6107-018,39.860364,-75.32256,Sample-Routine,816.4,MPN/100mL,,,9223 B ~ Enzyme substrate assay for measuring total coliforms and E. coli (ONPG-MUG test or CPRG-MUG test)
2024-07-10,10:51:00,Bacteria Monitoring 2024,DRBC-6107-084,6107-084,40.053735,-74.982023,Sample-Routine,285.1,MPN/100mL,,,9223 B ~ Enzyme substrate assay for measuring total coliforms and E. coli (ONPG-MUG test or CPRG-MUG test)
2024-07-10,11:31:00,Bacteria Monitoring 2024,DRBC-6107-106,6107-106,40.094019,-74.862505,Sample-Routine,517.2,MPN/100mL,,,9223 B ~ Enzyme substrate assay for measuring total coliforms and E. coli (ONPG-MUG test or CPRG-MUG test)
2024-07-15,09:06:00,Bacteria Monitoring 2024,DRBC-6107-001,6107-001,39.806507,-75.418985,Sample-Routine,10.9,MPN/100mL,,,9223 B ~ Enzyme substrate assay for measuring total coliforms and E. coli (ONPG-MUG test or CPRG-MUG test)
2024-07-15,09:02:00,Bacteria Monitoring 2024,DRBC-6107-002,6107-002,39.804842,-75.416893,Sample-Routine,6.2,MPN/100mL,,,9223 B ~ Enzyme substrate assay for measuring total coliforms and E. coli (ONPG-MUG test or CPRG-MUG test)
2024-07-15,08:58:00,Bacteria Monitoring 2024,DRBC-6107-003,6107-003,39.802877,-75.414447,Sample-Routine,2,MPN/100mL,,,9223 B ~ Enzyme substrate assay for measuring total coliforms and E. coli (ONPG-MUG test or CPRG-MUG test)
2024-07-15,08:53:00,Bacteria Monitoring 2024,DRBC-6107-004,6107-004,39.800369,-75.410567,Sample-Routine,3,MPN/100mL,,,9223 B ~ Enzyme substrate assay for measuring total coliforms and E. coli (ONPG-MUG test or CPRG-MUG test)
2024-07-15,08:46:00,Bacteria Monitoring 2024,DRBC-6107-005,6107-005,39.79717,-75.40521,Sample-Routine,50.4,MPN/100mL,,,9223 B ~ Enzyme substrate assay for measuring total coliforms and E. coli (ONPG-MUG test or CPRG-MUG test)
2024-07-15,09:11:00,Bacteria Monitoring 2024,DRBC-6107-006,6107-006,39.81155,-75.411443,Sample-Routine,27.2,MPN/100mL,,,9223 B ~ Enzyme substrate assay for measuring total coliforms and E. coli (ONPG-MUG test or CPRG-MUG test)
2024-07-15,09:24:00,Bacteria Monitoring 2024,DRBC-6107-007,6107-007,39.808316,-75.377205,Sample-Routine,9.8,MPN/100mL,,,9223 B ~ Enzyme substrate assay for measuring total coliforms and E. coli (ONPG-MUG test or CPRG-MUG test)
2024-07-15,09:26:00,Bacteria Monitoring 2024,DRBC-6107-008,6107-008,39.830051,-75.375487,Sample-Routine,6.3,MPN/100mL,,,9223 B ~ Enzyme substrate assay for measuring total coliforms and E. coli (ONPG-MUG test or CPRG-MUG test)
2024-07-15,09:30:00,Bacteria Monitoring 2024,DRBC-6107-009,6107-009,39.831775,-75.376779,Sample-Routine,13.4,MPN/100mL,,,9223 B ~ Enzyme substrate assay for measuring total coliforms and E. coli (ONPG-MUG test or CPRG-MUG test)
2024-07-15,09:21:00,Bacteria Monitoring 2024,DRBC-6107-010,6107-010,39.828589,-75.373718,Sample-Routine,4.1,MPN/100mL,,,9223 B ~ Enzyme substrate assay for measuring total coliforms and E. coli (ONPG-MUG test or CPRG-MUG test)
2024-07-15,09:18:00,Bacteria Monitoring 2024,DRBC-6107-011,6107-011,39.825366,-75.370469,Sample-Routine,4.1,MPN/100mL,,,9223 B ~ Enzyme substrate assay for measuring total coliforms and E. coli (ONPG-MUG test or CPRG-MUG test)
2024-07-15,09:36:00,Bacteria Monitoring 2024,DRBC-6107-012,6107-012,39.820927,-75.364974,Sample-Routine,16,MPN/100mL,,,9223 B ~ Enzyme substrate assay for measuring total coliforms and E. coli (ONPG-MUG test or CPRG-MUG test)
2024-07-15,09:43:00,Bacteria Monitoring 2024,DRBC-6107-014,6107-014,39.825354,-75.346163,Sample-Routine,48.7,MPN/100mL,,,9223 B ~ Enzyme substrate assay for measuring total coliforms and E. coli (ONPG-MUG test or CPRG-MUG test)
2024-07-15,09:36:00,Bacteria Monitoring 2024,DRBC-6107-016,6107-016,39.846719,-75.341065,Sample-Routine,5.2,MPN/100mL,,,9223 B ~ Enzyme substrate assay for measuring total coliforms and E. coli (ONPG-MUG test or CPRG-MUG test)
2024-07-15,09:50:00,Bacteria Monitoring 2024,DRBC-6107-017,6107-017,39.834353,-75.327378,Sample-Routine,22.8,MPN/100mL,,,9223 B ~ Enzyme substrate assay for measuring total coliforms and E. coli (ONPG-MUG test or CPRG-MUG test)
2024-07-15,09:45:00,Bacteria Monitoring 2024,DRBC-6107-020,6107-020,39.860017,-75.303584,Sample-Routine,70.8,MPN/100mL,,,9223 B ~ Enzyme substrate assay for measuring total coliforms and E. coli (ONPG-MUG test or CPRG-MUG test)
2024-07-15,10:04:00,Bacteria Monitoring 2024,DRBC-6107-021,6107-021,39.839598,-75.282931,Sample-Routine,13.4,MPN/100mL,,,9223 B ~ Enzyme substrate assay for measuring total coliforms and E. coli (ONPG-MUG test or CPRG-MUG test)
2024-07-15,10:18:00,Bacteria Monitoring 2024,DRBC-6107-022,6107-022,39.852257,-75.255399,Sample-Routine,3.1,MPN/100mL,,,9223 B ~ Enzyme substrate assay for measuring total coliforms and E. coli (ONPG-MUG test or CPRG-MUG test)
2024-07-15,10:15:00,Bacteria Monitoring 2024,DRBC-6107-023,6107-023,39.853603,-75.255839,Sample-Routine,13.2,MPN/100mL,,,9223 B ~ Enzyme substrate assay for measuring total coliforms and E. coli (ONPG-MUG test or CPRG-MUG test)
2024-07-15,10:11:00,Bacteria Monitoring 2024,DRBC-6107-024,6107-024,39.855303,-75.256187,Sample-Routine,36.4,MPN/100mL,,,9223 B ~ Enzyme substrate assay for measuring total coliforms and E. coli (ONPG-MUG test or CPRG-MUG test)
2024-07-15,10:24:00,Bacteria Monitoring 2024,DRBC-6107-025,6107-025,39.8506047,-75.25499808,Sample-Routine,3.1,MPN/100mL,,,9223 B ~ Enzyme substrate assay for measuring total coliforms and E. coli (ONPG-MUG test or CPRG-MUG test)
2024-07-15,10:29:00,Bacteria Monitoring 2024,DRBC-6107-026,6107-026,39.8487184,-75.25448721,Sample-Routine,7.2,MPN/100mL,,,9223 B ~ Enzyme substrate assay for measuring total coliforms and E. coli (ONPG-MUG test or CPRG-MUG test)
2024-07-15,10:12:00,Bacteria Monitoring 2024,DRBC-6107-027,6107-027,39.851093,-75.228234,Sample-Routine,28.5,MPN/100mL,,,9223 B ~ Enzyme substrate assay for measuring total coliforms and E. coli (ONPG-MUG test or CPRG-MUG test)
2024-07-15,10:17:00,Bacteria Monitoring 2024,DRBC-6107-028,6107-028,39.855258,-75.218815,Sample-Routine,21.3,MPN/100mL,,,9223 B ~ Enzyme substrate assay for measuring total coliforms and E. coli (ONPG-MUG test or CPRG-MUG test)
2024-07-15,10:36:00,Bacteria Monitoring 2024,DRBC-6107-029,6107-029,39.874574,-75.211555,Sample-Routine,24.6,MPN/100mL,,,9223 B ~ Enzyme substrate assay for measuring total coliforms and E. coli (ONPG-MUG test or CPRG-MUG test)
2024-07-15,10:25:00,Bacteria Monitoring 2024,DRBC-6107-032,6107-032,39.863026,-75.194499,Sample-Routine,36.4,MPN/100mL,,,9223 B ~ Enzyme substrate assay for measuring total coliforms and E. coli (ONPG-MUG test or CPRG-MUG test)
2024-07-15,10:30:00,Bacteria Monitoring 2024,DRBC-6107-033,6107-033,39.869885,-75.191464,Sample-Routine,16.1,MPN/100mL,,,9223 B ~ Enzyme substrate assay for measuring total coliforms and E. coli (ONPG-MUG test or CPRG-MUG test)
2024-07-15,11:13:00,Bacteria Monitoring 2024,DRBC-6107-034,6107-034,39.89287,-75.201334,Sample-Routine,1732.9,MPN/100mL,,,9223 B ~ Enzyme substrate assay for measuring total coliforms and E. coli (ONPG-MUG test or CPRG-MUG test)
2024-07-15,11:19:00,Bacteria Monitoring 2024,DRBC-6107-035,6107-035,39.894697,-75.199973,Sample-Routine,816.4,MPN/100mL,,,9223 B ~ Enzyme substrate assay for measuring total coliforms and E. coli (ONPG-MUG test or CPRG-MUG test)
2024-07-15,11:16:00,Bacteria Monitoring 2024,DRBC-6107-036,6107-036,39.89401,-75.200883,Sample-Routine,920.8,MPN/100mL,,,9223 B ~ Enzyme substrate assay for measuring total coliforms and E. coli (ONPG-MUG test or CPRG-MUG test)
2024-07-15,10:51:00,Bacteria Monitoring 2024,DRBC-6107-037,6107-037,39.886554,-75.171333,Sample-Routine,47.1,MPN/100mL,,,9223 B ~ Enzyme substrate assay for measuring total coliforms and E. coli (ONPG-MUG test or CPRG-MUG test)
2024-07-15,10:59:00,Bacteria Monitoring 2024,DRBC-6107-038,6107-038,39.883474,-75.171061,Sample-Routine,13.4,MPN/100mL,,,9223 B ~ Enzyme substrate assay for measuring total coliforms and E. coli (ONPG-MUG test or CPRG-MUG test)
2024-07-15,10:55:00,Bacteria Monitoring 2024,DRBC-6107-039,6107-039,39.885145,-75.171197,Sample-Routine,42,MPN/100mL,,,9223 B ~ Enzyme substrate assay for measuring total coliforms and E. coli (ONPG-MUG test or CPRG-MUG test)
2024-07-15,11:03:00,Bacteria Monitoring 2024,DRBC-6107-040,6107-040,39.880635,-75.170855,Sample-Routine,10.9,MPN/100mL,,,9223 B ~ Enzyme substrate assay for measuring total coliforms and E. coli (ONPG-MUG test or CPRG-MUG test)
2024-07-15,11:06:00,Bacteria Monitoring 2024,DRBC-6107-041,6107-041,39.878253,-75.170755,Sample-Routine,30.5,MPN/100mL,,,9223 B ~ Enzyme substrate assay for measuring total coliforms and E. coli (ONPG-MUG test or CPRG-MUG test)
2024-07-15,10:47:00,Bacteria Monitoring 2024,DRBC-6107-042,6107-042,39.878123,-75.13206,Sample-Routine,90.8,MPN/100mL,,,9223 B ~ Enzyme substrate assay for measuring total coliforms and E. coli (ONPG-MUG test or CPRG-MUG test)
2024-07-15,10:59:00,Bacteria Monitoring 2024,DRBC-6107-043,6107-043,39.904421,-75.130201,Sample-Routine,75.9,MPN/100mL,,,9223 B ~ Enzyme substrate assay for measuring total coliforms and E. coli (ONPG-MUG test or CPRG-MUG test)
2024-07-15,11:02:00,Bacteria Monitoring 2024,DRBC-6107-044,6107-044,39.904926,-75.131536,Sample-Routine,107.1,MPN/100mL,,,9223 B ~ Enzyme substrate assay for measuring total coliforms and E. coli (ONPG-MUG test or CPRG-MUG test)
2024-07-15,11:04:00,Bacteria Monitoring 2024,DRBC-6107-045,6107-045,39.905135,-75.132557,Sample-Routine,275.5,MPN/100mL,,,9223 B ~ Enzyme substrate assay for measuring total coliforms and E. coli (ONPG-MUG test or CPRG-MUG test)
2024-07-15,10:57:00,Bacteria Monitoring 2024,DRBC-6107-046,6107-046,39.90429,-75.127997,Sample-Routine,48.1,MPN/100mL,,,9223 B ~ Enzyme substrate assay for measuring total coliforms and E. coli (ONPG-MUG test or CPRG-MUG test)
2024-07-15,11:09:00,Bacteria Monitoring 2024,DRBC-6107-047,6107-047,39.924525,-75.128453,Sample-Routine,547.5,MPN/100mL,,,9223 B ~ Enzyme substrate assay for measuring total coliforms and E. coli (ONPG-MUG test or CPRG-MUG test)
2024-07-15,11:13:00,Bacteria Monitoring 2024,DRBC-6107-048,6107-048,39.931832,-75.140165,Sample-Routine,186,MPN/100mL,,,9223 B ~ Enzyme substrate assay for measuring total coliforms and E. coli (ONPG-MUG test or CPRG-MUG test)
2024-07-15,11:17:00,Bacteria Monitoring 2024,DRBC-6107-049,6107-049,39.942173,-75.131384,Sample-Routine,866.4,MPN/100mL,,,9223 B ~ Enzyme substrate assay for measuring total coliforms and E. coli (ONPG-MUG test or CPRG-MUG test)
2024-07-15,11:21:00,Bacteria Monitoring 2024,DRBC-6107-050,6107-050,39.944907,-75.139583,Sample-Routine,101.7,MPN/100mL,,,9223 B ~ Enzyme substrate assay for measuring total coliforms and E. coli (ONPG-MUG test or CPRG-MUG test)
2024-07-15,11:28:00,Bacteria Monitoring 2024,DRBC-6107-051,6107-051,39.951762,-75.135559,Sample-Routine,133.4,MPN/100mL,,,9223 B ~ Enzyme substrate assay for measuring total coliforms and E. coli (ONPG-MUG test or CPRG-MUG test)
2024-07-15,11:26:00,Bacteria Monitoring 2024,DRBC-6107-052,6107-052,39.952033,-75.136707,Sample-Routine,238.2,MPN/100mL,,,9223 B ~ Enzyme substrate assay for measuring total coliforms and E. coli (ONPG-MUG test or CPRG-MUG test)
2024-07-15,11:24:00,Bacteria Monitoring 2024,DRBC-6107-053,6107-053,39.952242,-75.137727,Sample-Routine,272.3,MPN/100mL,,,9223 B ~ Enzyme substrate assay for measuring total coliforms and E. coli (ONPG-MUG test or CPRG-MUG test)
2024-07-15,11:30:00,Bacteria Monitoring 2024,DRBC-6107-054,6107-054,39.951503,-75.133848,Sample-Routine,260.3,MPN/100mL,,,9223 B ~ Enzyme substrate assay for measuring total coliforms and E. coli (ONPG-MUG test or CPRG-MUG test)
2024-07-15,11:31:00,Bacteria Monitoring 2024,DRBC-6107-055,6107-055,39.951336,-75.131756,Sample-Routine,980.4,MPN/100mL,,,9223 B ~ Enzyme substrate assay for measuring total coliforms and E. coli (ONPG-MUG test or CPRG-MUG test)
2024-07-15,11:36:00,Bacteria Monitoring 2024,DRBC-6107-056,6107-056,39.965488,-75.127301,Sample-Routine,275.5,MPN/100mL,,,9223 B ~ Enzyme substrate assay for measuring total coliforms and E. coli (ONPG-MUG test or CPRG-MUG test)
2024-07-15,11:47:00,Bacteria Monitoring 2024,DRBC-6107-059,6107-059,39.952998,-75.110637,Sample-Routine,1553.1,MPN/100mL,,,9223 B ~ Enzyme substrate assay for measuring total coliforms and E. coli (ONPG-MUG test or CPRG-MUG test)
2024-07-15,11:52:00,Bacteria Monitoring 2024,DRBC-6107-060,6107-060,39.958843,-75.101732,Sample-Routine,1553.1,MPN/100mL,,,9223 B ~ Enzyme substrate assay for measuring total coliforms and E. coli (ONPG-MUG test or CPRG-MUG test)
2024-07-15,12:09:00,Bacteria Monitoring 2024,DRBC-6107-062,6107-062,39.985122,-75.068811,Sample-Routine,1119.9,MPN/100mL,,,9223 B ~ Enzyme substrate assay for measuring total coliforms and E. coli (ONPG-MUG test or CPRG-MUG test)
2024-07-15,12:11:00,Bacteria Monitoring 2024,DRBC-6107-063,6107-063,39.98564,-75.069811,Sample-Routine,1046.2,MPN/100mL,,,9223 B ~ Enzyme substrate assay for measuring total coliforms and E. coli (ONPG-MUG test or CPRG-MUG test)
2024-07-15,12:06:00,Bacteria Monitoring 2024,DRBC-6107-064,6107-064,39.984554,-75.067969,Sample-Routine,387.3,MPN/100mL,,,9223 B ~ Enzyme substrate assay for measuring total coliforms and E. coli (ONPG-MUG test or CPRG-MUG test)
2024-07-15,12:05:00,Bacteria Monitoring 2024,DRBC-6107-065,6107-065,39.983609,-75.066067,Sample-Routine,145.5,MPN/100mL,,,9223 B ~ Enzyme substrate assay for measuring total coliforms and E. coli (ONPG-MUG test or CPRG-MUG test)
2024-07-15,12:03:00,Bacteria Monitoring 2024,DRBC-6107-066,6107-066,39.982726,-75.063969,Sample-Routine,128.1,MPN/100mL,,,9223 B ~ Enzyme substrate assay for measuring total coliforms and E. coli (ONPG-MUG test or CPRG-MUG test)
2024-07-15,08:50:00,Bacteria Monitoring 2024,DRBC-6107-100,6107-100,40.081692,-74.870452,Sample-Routine,33.1,MPN/100mL,,,9223 B ~ Enzyme substrate assay for measuring total coliforms and E. coli (ONPG-MUG test or CPRG-MUG test)
2024-07-15,08:53:00,Bacteria Monitoring 2024,DRBC-6107-101,6107-101,40.082438,-74.870647,Sample-Routine,39.3,MPN/100mL,,,9223 B ~ Enzyme substrate assay for measuring total coliforms and E. coli (ONPG-MUG test or CPRG-MUG test)
2024-07-15,08:55:00,Bacteria Monitoring 2024,DRBC-6107-102,6107-102,40.082971,-74.870842,Sample-Routine,20.1,MPN/100mL,,,9223 B ~ Enzyme substrate assay for measuring total coliforms and E. coli (ONPG-MUG test or CPRG-MUG test)
2024-07-15,08:49:00,Bacteria Monitoring 2024,DRBC-6107-103,6107-103,40.081012,-74.870086,Sample-Routine,31.3,MPN/100mL,,,9223 B ~ Enzyme substrate assay for measuring total coliforms and E. coli (ONPG-MUG test or CPRG-MUG test)
2024-07-15,08:47:00,Bacteria Monitoring 2024,DRBC-6107-104,6107-104,40.080334,-74.86985,Sample-Routine,34.1,MPN/100mL,,,9223 B ~ Enzyme substrate assay for measuring total coliforms and E. coli (ONPG-MUG test or CPRG-MUG test)
2024-07-15,08:38:00,Bacteria Monitoring 2024,DRBC-6107-105,6107-105,40.081954,-74.850113,Sample-Routine,21.1,MPN/100mL,,,9223 B ~ Enzyme substrate assay for measuring total coliforms and E. coli (ONPG-MUG test or CPRG-MUG test)
2024-07-15,09:01:00,Bacteria Monitoring 2024,DRBC-6107-107,6107-107,40.092799,-74.857774,Sample-Routine,14.8,MPN/100mL,,,9223 B ~ Enzyme substrate assay for measuring total coliforms and E. coli (ONPG-MUG test or CPRG-MUG test)
2024-07-15,09:03:00,Bacteria Monitoring 2024,DRBC-6107-108,6107-108,40.093864,-74.855805,Sample-Routine,23.1,MPN/100mL,,,9223 B ~ Enzyme substrate assay for measuring total coliforms and E. coli (ONPG-MUG test or CPRG-MUG test)
2024-07-15,09:07:00,Bacteria Monitoring 2024,DRBC-6107-109,6107-109,40.100021,-74.842603,Sample-Routine,17.1,MPN/100mL,,,9223 B ~ Enzyme substrate assay for measuring total coliforms and E. coli (ONPG-MUG test or CPRG-MUG test)
2024-07-15,09:10:00,Bacteria Monitoring 2024,DRBC-6107-110,6107-110,40.103418,-74.838511,Sample-Routine,16.9,MPN/100mL,,,9223 B ~ Enzyme substrate assay for measuring total coliforms and E. coli (ONPG-MUG test or CPRG-MUG test)
2024-07-15,09:19:00,Bacteria Monitoring 2024,DRBC-6107-111,6107-111,40.116756,-74.830991,Sample-Routine,13.4,MPN/100mL,,,9223 B ~ Enzyme substrate assay for measuring total coliforms and E. coli (ONPG-MUG test or CPRG-MUG test)
2024-07-15,09:17:00,Bacteria Monitoring 2024,DRBC-6107-112,6107-112,40.117037,-74.831936,Sample-Routine,19.9,MPN/100mL,,,9223 B ~ Enzyme substrate assay for measuring total coliforms and E. coli (ONPG-MUG test or CPRG-MUG test)
2024-07-15,09:15:00,Bacteria Monitoring 2024,DRBC-6107-113,6107-113,40.117214,-74.832646,Sample-Routine,10.9,MPN/100mL,,,9223 B ~ Enzyme substrate assay for measuring total coliforms and E. coli (ONPG-MUG test or CPRG-MUG test)
2024-07-15,09:21:00,Bacteria Monitoring 2024,DRBC-6107-114,6107-114,40.116305,-74.829099,Sample-Routine,19.9,MPN/100mL,,,9223 B ~ Enzyme substrate assay for measuring total coliforms and E. coli (ONPG-MUG test or CPRG-MUG test)
2024-07-15,09:28:00,Bacteria Monitoring 2024,DRBC-6107-115,6107-115,40.134611,-74.814557,Sample-Routine,16.8,MPN/100mL,,,9223 B ~ Enzyme substrate assay for measuring total coliforms and E. coli (ONPG-MUG test or CPRG-MUG test)
2024-07-15,09:35:00,Bacteria Monitoring 2024,DRBC-6107-116,6107-116,40.118759,-74.789187,Sample-Routine,22.8,MPN/100mL,,,9223 B ~ Enzyme substrate assay for measuring total coliforms and E. coli (ONPG-MUG test or CPRG-MUG test)
2024-07-15,09:52:00,Bacteria Monitoring 2024,DRBC-6107-119,6107-119,40.12794,-74.775699,Sample-Routine,5.2,MPN/100mL,,,9223 B ~ Enzyme substrate assay for measuring total coliforms and E. coli (ONPG-MUG test or CPRG-MUG test)
2024-07-15,09:44:00,Bacteria Monitoring 2024,DRBC-6107-120,6107-120,40.122846,-74.764096,Sample-Routine,9.6,MPN/100mL,,,9223 B ~ Enzyme substrate assay for measuring total coliforms and E. coli (ONPG-MUG test or CPRG-MUG test)
2024-07-15,09:54:00,Bacteria Monitoring 2024,DRBC-6107-121,6107-121,40.132205,-74.767276,Sample-Routine,10.9,MPN/100mL,,,9223 B ~ Enzyme substrate assay for measuring total coliforms and E. coli (ONPG-MUG test or CPRG-MUG test)
2024-07-15,10:08:00,Bacteria Monitoring 2024,DRBC-6107-122,6107-122,40.151302,-74.715956,Sample-Routine,43.5,MPN/100mL,,,9223 B ~ Enzyme substrate assay for measuring total coliforms and E. coli (ONPG-MUG test or CPRG-MUG test)
2024-07-15,10:15:00,Bacteria Monitoring 2024,DRBC-6107-123,6107-123,40.158767,-74.724229,Sample-Routine,43.5,MPN/100mL,,,9223 B ~ Enzyme substrate assay for measuring total coliforms and E. coli (ONPG-MUG test or CPRG-MUG test)
2024-07-15,10:19:00,Bacteria Monitoring 2024,DRBC-6107-124,6107-124,40.169666,-74.732127,Sample-Routine,12.2,MPN/100mL,,,9223 B ~ Enzyme substrate assay for measuring total coliforms and E. coli (ONPG-MUG test or CPRG-MUG test)
2024-07-15,10:33:00,Bacteria Monitoring 2024,DRBC-6107-125,6107-125,40.170101,-74.738445,Sample-Routine,42,MPN/100mL,,,9223 B ~ Enzyme substrate assay for measuring total coliforms and E. coli (ONPG-MUG test or CPRG-MUG test)
2024-07-15,10:27:00,Bacteria Monitoring 2024,DRBC-6107-126,6107-126,40.183333,-74.752778,Sample-Routine,13.1,MPN/100mL,,,9223 B ~ Enzyme substrate assay for measuring total coliforms and E. coli (ONPG-MUG test or CPRG-MUG test)
2024-07-15,10:30:00,Bacteria Monitoring 2024,DRBC-6107-127,6107-127,40.186674,-74.753876,Sample-Routine,45.9,MPN/100mL,,,9223 B ~ Enzyme substrate assay for measuring total coliforms and E. coli (ONPG-MUG test or CPRG-MUG test)
2024-07-15,10:49:00,Bacteria Monitoring 2024,DRBC-6107-128,6107-128,40.206565,-74.766394,Sample-Routine,8.4,MPN/100mL,,,9223 B ~ Enzyme substrate assay for measuring total coliforms and E. coli (ONPG-MUG test or CPRG-MUG test)
2024-07-15,10:47:00,Bacteria Monitoring 2024,DRBC-6107-129,6107-129,40.206315,-74.767268,Sample-Routine,13.4,MPN/100mL,,,9223 B ~ Enzyme substrate assay for measuring total coliforms and E. coli (ONPG-MUG test or CPRG-MUG test)
2024-07-15,10:43:00,Bacteria Monitoring 2024,DRBC-6107-130,6107-130,40.206848,-74.765613,Sample-Routine,13.5,MPN/100mL,,,9223 B ~ Enzyme substrate assay for measuring total coliforms and E. coli (ONPG-MUG test or CPRG-MUG test)
2024-07-15,10:45:00,Bacteria Monitoring 2024,DRBC-6107-131,6107-131,40.206082,-74.767981,Sample-Routine,25.9,MPN/100mL,,,9223 B ~ Enzyme substrate assay for measuring total coliforms and E. coli (ONPG-MUG test or CPRG-MUG test)
2024-07-16,09:00:00,Bacteria Monitoring 2024,DRBC-6107-013,6107-013,39.843829,-75.359213,Sample-Routine,101.9,MPN/100mL,,,9223 B ~ Enzyme substrate assay for measuring total coliforms and E. coli (ONPG-MUG test or CPRG-MUG test)
2024-07-16,09:16:00,Bacteria Monitoring 2024,DRBC-6107-015,6107-015,39.851909,-75.345308,Sample-Routine,686.7,MPN/100mL,,,9223 B ~ Enzyme substrate assay for measuring total coliforms and E. coli (ONPG-MUG test or CPRG-MUG test)
2024-07-16,09:30:00,Bacteria Monitoring 2024,DRBC-6107-018,6107-018,39.860364,-75.32256,Sample-Routine,204.6,MPN/100mL,,,9223 B ~ Enzyme substrate assay for measuring total coliforms and E. coli (ONPG-MUG test or CPRG-MUG test)
2024-07-16,09:44:00,Bacteria Monitoring 2024,DRBC-6107-019,6107-019,39.870137,-75.313445,Sample-Routine,118.7,MPN/100mL,,,9223 B ~ Enzyme substrate assay for measuring total coliforms and E. coli (ONPG-MUG test or CPRG-MUG test)
2024-07-16,10:20:00,Bacteria Monitoring 2024,DRBC-6107-061,6107-061,39.993596,-75.080699,Sample-Routine,1413.6,MPN/100mL,,,9223 B ~ Enzyme substrate assay for measuring total coliforms and E. coli (ONPG-MUG test or CPRG-MUG test)
2024-07-16,08:50:00,Bacteria Monitoring 2024,DRBC-6107-067,6107-067,39.991848,-75.048357,Sample-Routine,488.4,MPN/100mL,,,9223 B ~ Enzyme substrate assay for measuring total coliforms and E. coli (ONPG-MUG test or CPRG-MUG test)
2024-07-16,08:57:00,Bacteria Monitoring 2024,DRBC-6107-068,6107-068,40.006746,-75.056195,Sample-Routine,2419.6,MPN/100mL,L,,9223 B ~ Enzyme substrate assay for measuring total coliforms and E. coli (ONPG-MUG test or CPRG-MUG test)
2024-07-16,09:12:00,Bacteria Monitoring 2024,DRBC-6107-069,6107-069,40.009961,-75.042942,Sample-Routine,328.2,MPN/100mL,,,9223 B ~ Enzyme substrate assay for measuring total coliforms and E. coli (ONPG-MUG test or CPRG-MUG test)
2024-07-16,09:09:00,Bacteria Monitoring 2024,DRBC-6107-070,6107-070,40.011877,-75.044055,Sample-Routine,920.8,MPN/100mL,,,9223 B ~ Enzyme substrate assay for measuring total coliforms and E. coli (ONPG-MUG test or CPRG-MUG test)
2024-07-16,09:01:00,Bacteria Monitoring 2024,DRBC-6107-071,6107-071,40.014044,-75.045709,Sample-Routine,1986.3,MPN/100mL,,,9223 B ~ Enzyme substrate assay for measuring total coliforms and E. coli (ONPG-MUG test or CPRG-MUG test)
2024-07-16,09:19:00,Bacteria Monitoring 2024,DRBC-6107-074,6107-074,40.01974,-75.033024,Sample-Routine,2419.6,MPN/100mL,L,,9223 B ~ Enzyme substrate assay for measuring total coliforms and E. coli (ONPG-MUG test or CPRG-MUG test)
2024-07-16,09:16:00,Bacteria Monitoring 2024,DRBC-6107-075,6107-075,40.011112,-75.027952,Sample-Routine,228.2,MPN/100mL,,,9223 B ~ Enzyme substrate assay for measuring total coliforms and E. coli (ONPG-MUG test or CPRG-MUG test)
2024-07-16,09:29:00,Bacteria Monitoring 2024,DRBC-6107-076,6107-076,40.025406,-75.006821,Sample-Routine,1986.3,MPN/100mL,,,9223 B ~ Enzyme substrate assay for measuring total coliforms and E. coli (ONPG-MUG test or CPRG-MUG test)
2024-07-16,09:27:00,Bacteria Monitoring 2024,DRBC-6107-077,6107-077,40.026857,-75.008771,Sample-Routine,2419.6,MPN/100mL,L,,9223 B ~ Enzyme substrate assay for measuring total coliforms and E. coli (ONPG-MUG test or CPRG-MUG test)
2024-07-16,09:24:00,Bacteria Monitoring 2024,DRBC-6107-078,6107-078,40.027924,-75.009997,Sample-Routine,1986.3,MPN/100mL,,,9223 B ~ Enzyme substrate assay for measuring total coliforms and E. coli (ONPG-MUG test or CPRG-MUG test)
2024-07-16,09:31:00,Bacteria Monitoring 2024,DRBC-6107-079,6107-079,40.023987,-75.005103,Sample-Routine,313,MPN/100mL,,,9223 B ~ Enzyme substrate assay for measuring total coliforms and E. coli (ONPG-MUG test or CPRG-MUG test)
2024-07-16,09:33:00,Bacteria Monitoring 2024,DRBC-6107-080,6107-080,40.022683,-75.003543,Sample-Routine,124.6,MPN/100mL,,,9223 B ~ Enzyme substrate assay for measuring total coliforms and E. coli (ONPG-MUG test or CPRG-MUG test)
2024-07-16,10:43:00,Bacteria Monitoring 2024,DRBC-6107-081,6107-081,40.033201,-75.007451,Sample-Routine,547.5,MPN/100mL,,,9223 B ~ Enzyme substrate assay for measuring total coliforms and E. coli (ONPG-MUG test or CPRG-MUG test)
2024-07-16,09:47:00,Bacteria Monitoring 2024,DRBC-6107-082,6107-082,40.041556,-74.990543,Sample-Routine,365.4,MPN/100mL,,,9223 B ~ Enzyme substrate assay for measuring total coliforms and E. coli (ONPG-MUG test or CPRG-MUG test)
2024-07-16,09:41:00,Bacteria Monitoring 2024,DRBC-6107-083,6107-083,40.033716,-74.977528,Sample-Routine,186,MPN/100mL,,,9223 B ~ Enzyme substrate assay for measuring total coliforms and E. coli (ONPG-MUG test or CPRG-MUG test)
2024-07-16,10:58:00,Bacteria Monitoring 2024,DRBC-6107-084,6107-084,40.053735,-74.982023,Sample-Routine,99,MPN/100mL,,,9223 B ~ Enzyme substrate assay for measuring total coliforms and E. coli (ONPG-MUG test or CPRG-MUG test)
2024-07-16,09:57:00,Bacteria Monitoring 2024,DRBC-6107-087,6107-087,40.05117,-74.978308,Sample-Routine,275.5,MPN/100mL,,,9223 B ~ Enzyme substrate assay for measuring total coliforms and E. coli (ONPG-MUG test or CPRG-MUG test)
2024-07-16,09:52:00,Bacteria Monitoring 2024,DRBC-6107-088,6107-088,40.04261,-74.971408,Sample-Routine,105.4,MPN/100mL,,,9223 B ~ Enzyme substrate assay for measuring total coliforms and E. coli (ONPG-MUG test or CPRG-MUG test)
2024-07-16,10:07:00,Bacteria Monitoring 2024,DRBC-6107-089,6107-089,40.056236,-74.96218,Sample-Routine,142.1,MPN/100mL,,,9223 B ~ Enzyme substrate assay for measuring total coliforms and E. coli (ONPG-MUG test or CPRG-MUG test)
2024-07-16,10:05:00,Bacteria Monitoring 2024,DRBC-6107-090,6107-090,40.057262,-74.963319,Sample-Routine,91,MPN/100mL,,,9223 B ~ Enzyme substrate assay for measuring total coliforms and E. coli (ONPG-MUG test or CPRG-MUG test)
2024-07-16,10:02:00,Bacteria Monitoring 2024,DRBC-6107-091,6107-091,40.058668,-74.964358,Sample-Routine,148.3,MPN/100mL,,,9223 B ~ Enzyme substrate assay for measuring total coliforms and E. coli (ONPG-MUG test or CPRG-MUG test)
2024-07-16,10:09:00,Bacteria Monitoring 2024,DRBC-6107-092,6107-092,40.054378,-74.960651,Sample-Routine,90.6,MPN/100mL,,,9223 B ~ Enzyme substrate assay for measuring total coliforms and E. coli (ONPG-MUG test or CPRG-MUG test)
2024-07-16,10:11:00,Bacteria Monitoring 2024,DRBC-6107-093,6107-093,40.052882,-74.959292,Sample-Routine,77.6,MPN/100mL,,,9223 B ~ Enzyme substrate assay for measuring total coliforms and E. coli (ONPG-MUG test or CPRG-MUG test)
2024-07-16,10:14:00,Bacteria Monitoring 2024,DRBC-6107-094,6107-094,40.068377,-74.925913,Sample-Routine,56.1,MPN/100mL,,,9223 B ~ Enzyme substrate assay for measuring total coliforms and E. coli (ONPG-MUG test or CPRG-MUG test)
2024-07-16,10:19:00,Bacteria Monitoring 2024,DRBC-6107-095,6107-095,40.073216,-74.914093,Sample-Routine,25.9,MPN/100mL,,,9223 B ~ Enzyme substrate assay for measuring total coliforms and E. coli (ONPG-MUG test or CPRG-MUG test)
2024-07-16,10:29:00,Bacteria Monitoring 2024,DRBC-6107-096,6107-096,40.084692,-74.911183,Sample-Routine,60.2,MPN/100mL,,,9223 B ~ Enzyme substrate assay for measuring total coliforms and E. coli (ONPG-MUG test or CPRG-MUG test)
2024-07-16,10:48:00,Bacteria Monitoring 2024,DRBC-6107-097,6107-097,40.074426,-74.906085,Sample-Routine,29.9,MPN/100mL,,,9223 B ~ Enzyme substrate assay for measuring total coliforms and E. coli (ONPG-MUG test or CPRG-MUG test)
2024-07-16,10:40:00,Bacteria Monitoring 2024,DRBC-6107-098,6107-098,40.075593,-74.901183,Sample-Routine,28.5,MPN/100mL,,,9223 B ~ Enzyme substrate assay for measuring total coliforms and E. coli (ONPG-MUG test or CPRG-MUG test)
2024-07-16,10:44:00,Bacteria Monitoring 2024,DRBC-6107-099,6107-099,40.071293,-74.898783,Sample-Routine,35.4,MPN/100mL,,,9223 B ~ Enzyme substrate assay for measuring total coliforms and E. coli (ONPG-MUG test or CPRG-MUG test)
2024-07-16,11:43:00,Bacteria Monitoring 2024,DRBC-6107-106,6107-106,40.094019,-74.862505,Sample-Routine,86.2,MPN/100mL,,,9223 B ~ Enzyme substrate assay for measuring total coliforms and E. coli (ONPG-MUG test or CPRG-MUG test)
2024-07-16,12:45:00,Bacteria Monitoring 2024,DRBC-6107-132,6107-132,40.219275,-74.77821,Sample-Routine,8.6,MPN/100mL,,,9223 B ~ Enzyme substrate assay for measuring total coliforms and E. coli (ONPG-MUG test or CPRG-MUG test)
2024-07-16,12:40:00,Bacteria Monitoring 2024,DRBC-6107-133,6107-133,40.218843,-74.778646,Sample-Routine,5.2,MPN/100mL,,,9223 B ~ Enzyme substrate assay for measuring total coliforms and E. coli (ONPG-MUG test or CPRG-MUG test)
2024-07-16,12:32:00,Bacteria Monitoring 2024,DRBC-6107-134,6107-134,40.218444,-74.778994,Sample-Routine,10.8,MPN/100mL,,,9223 B ~ Enzyme substrate assay for measuring total coliforms and E. coli (ONPG-MUG test or CPRG-MUG test)
2024-07-16,12:27:00,Bacteria Monitoring 2024,DRBC-6107-135,6107-135,40.219994,-74.777527,Sample-Routine,3,MPN/100mL,,,9223 B ~ Enzyme substrate assay for measuring total coliforms and E. coli (ONPG-MUG test or CPRG-MUG test)
2024-07-17,09:03:00,Bacteria Monitoring 2024,DRBC-6107-001,6107-001,39.806507,-75.418985,Sample-Routine,48,MPN/100mL,,,9223 B ~ Enzyme substrate assay for measuring total coliforms and E. coli (ONPG-MUG test or CPRG-MUG test)
2024-07-17,09:00:00,Bacteria Monitoring 2024,DRBC-6107-002,6107-002,39.804842,-75.416893,Sample-Routine,13.4,MPN/100mL,,,9223 B ~ Enzyme substrate assay for measuring total coliforms and E. coli (ONPG-MUG test or CPRG-MUG test)
2024-07-17,08:57:00,Bacteria Monitoring 2024,DRBC-6107-003,6107-003,39.802877,-75.414447,Sample-Routine,3.1,MPN/100mL,,,9223 B ~ Enzyme substrate assay for measuring total coliforms and E. coli (ONPG-MUG test or CPRG-MUG test)
2024-07-17,08:44:00,Bacteria Monitoring 2024,DRBC-6107-004,6107-004,39.800369,-75.410567,Sample-Routine,25.9,MPN/100mL,,,9223 B ~ Enzyme substrate assay for measuring total coliforms and E. coli (ONPG-MUG test or CPRG-MUG test)
2024-07-17,08:40:00,Bacteria Monitoring 2024,DRBC-6107-005,6107-005,39.79717,-75.40521,Sample-Routine,579.4,MPN/100mL,,,9223 B ~ Enzyme substrate assay for measuring total coliforms and E. coli (ONPG-MUG test or CPRG-MUG test)
2024-07-17,09:06:00,Bacteria Monitoring 2024,DRBC-6107-006,6107-006,39.81155,-75.411443,Sample-Routine,88.4,MPN/100mL,,,9223 B ~ Enzyme substrate assay for measuring total coliforms and E. coli (ONPG-MUG test or CPRG-MUG test)
2024-07-17,08:38:00,Bacteria Monitoring 2024,DRBC-6107-007,6107-007,39.808316,-75.377205,Sample-Routine,21.6,MPN/100mL,,,9223 B ~ Enzyme substrate assay for measuring total coliforms and E. coli (ONPG-MUG test or CPRG-MUG test)
2024-07-17,09:18:00,Bacteria Monitoring 2024,DRBC-6107-008,6107-008,39.830051,-75.375487,Sample-Routine,14.8,MPN/100mL,,,9223 B ~ Enzyme substrate assay for measuring total coliforms and E. coli (ONPG-MUG test or CPRG-MUG test)
2024-07-17,09:20:00,Bacteria Monitoring 2024,DRBC-6107-009,6107-009,39.831775,-75.376779,Sample-Routine,95.9,MPN/100mL,,,9223 B ~ Enzyme substrate assay for measuring total coliforms and E. coli (ONPG-MUG test or CPRG-MUG test)
2024-07-17,09:15:00,Bacteria Monitoring 2024,DRBC-6107-010,6107-010,39.828589,-75.373718,Sample-Routine,12,MPN/100mL,,,9223 B ~ Enzyme substrate assay for measuring total coliforms and E. coli (ONPG-MUG test or CPRG-MUG test)
2024-07-17,09:12:00,Bacteria Monitoring 2024,DRBC-6107-011,6107-011,39.825366,-75.370469,Sample-Routine,11,MPN/100mL,,,9223 B ~ Enzyme substrate assay for measuring total coliforms and E. coli (ONPG-MUG test or CPRG-MUG test)
2024-07-17,08:48:00,Bacteria Monitoring 2024,DRBC-6107-012,6107-012,39.820927,-75.364974,Sample-Routine,48.8,MPN/100mL,,,9223 B ~ Enzyme substrate assay for measuring total coliforms and E. coli (ONPG-MUG test or CPRG-MUG test)
2024-07-17,08:54:00,Bacteria Monitoring 2024,DRBC-6107-014,6107-014,39.825354,-75.346163,Sample-Routine,88.6,MPN/100mL,,,9223 B ~ Enzyme substrate assay for measuring total coliforms and E. coli (ONPG-MUG test or CPRG-MUG test)
2024-07-17,09:26:00,Bacteria Monitoring 2024,DRBC-6107-016,6107-016,39.846719,-75.341065,Sample-Routine,35,MPN/100mL,,,9223 B ~ Enzyme substrate assay for measuring total coliforms and E. coli (ONPG-MUG test or CPRG-MUG test)
2024-07-17,09:00:00,Bacteria Monitoring 2024,DRBC-6107-017,6107-017,39.834353,-75.327378,Sample-Routine,127.4,MPN/100mL,,,9223 B ~ Enzyme substrate assay for measuring total coliforms and E. coli (ONPG-MUG test or CPRG-MUG test)
2024-07-17,09:32:00,Bacteria Monitoring 2024,DRBC-6107-020,6107-020,39.860017,-75.303584,Sample-Routine,248.1,MPN/100mL,,,9223 B ~ Enzyme substrate assay for measuring total coliforms and E. coli (ONPG-MUG test or CPRG-MUG test)
2024-07-17,09:13:00,Bacteria Monitoring 2024,DRBC-6107-021,6107-021,39.839598,-75.282931,Sample-Routine,27.2,MPN/100mL,,,9223 B ~ Enzyme substrate assay for measuring total coliforms and E. coli (ONPG-MUG test or CPRG-MUG test)
2024-07-17,09:50:00,Bacteria Monitoring 2024,DRBC-6107-022,6107-022,39.852257,-75.255399,Sample-Routine,15.6,MPN/100mL,,,9223 B ~ Enzyme substrate assay for measuring total coliforms and E. coli (ONPG-MUG test or CPRG-MUG test)
2024-07-17,09:47:00,Bacteria Monitoring 2024,DRBC-6107-023,6107-023,39.853603,-75.255839,Sample-Routine,8.6,MPN/100mL,,,9223 B ~ Enzyme substrate assay for measuring total coliforms and E. coli (ONPG-MUG test or CPRG-MUG test)
2024-07-17,09:45:00,Bacteria Monitoring 2024,DRBC-6107-024,6107-024,39.855303,-75.256187,Sample-Routine,23.8,MPN/100mL,,,9223 B ~ Enzyme substrate assay for measuring total coliforms and E. coli (ONPG-MUG test or CPRG-MUG test)
2024-07-17,09:54:00,Bacteria Monitoring 2024,DRBC-6107-025,6107-025,39.8506047,-75.25499808,Sample-Routine,7.5,MPN/100mL,,,9223 B ~ Enzyme substrate assay for measuring total coliforms and E. coli (ONPG-MUG test or CPRG-MUG test)
2024-07-17,09:55:00,Bacteria Monitoring 2024,DRBC-6107-026,6107-026,39.8487184,-75.25448721,Sample-Routine,9.6,MPN/100mL,,,9223 B ~ Enzyme substrate assay for measuring total coliforms and E. coli (ONPG-MUG test or CPRG-MUG test)
2024-07-17,09:24:00,Bacteria Monitoring 2024,DRBC-6107-027,6107-027,39.851093,-75.228234,Sample-Routine,52,MPN/100mL,,,9223 B ~ Enzyme substrate assay for measuring total coliforms and E. coli (ONPG-MUG test or CPRG-MUG test)
2024-07-17,09:29:00,Bacteria Monitoring 2024,DRBC-6107-028,6107-028,39.855258,-75.218815,Sample-Routine,66.3,MPN/100mL,,,9223 B ~ Enzyme substrate assay for measuring total coliforms and E. coli (ONPG-MUG test or CPRG-MUG test)
2024-07-17,10:02:00,Bacteria Monitoring 2024,DRBC-6107-029,6107-029,39.874574,-75.211555,Sample-Routine,32.7,MPN/100mL,,,9223 B ~ Enzyme substrate assay for measuring total coliforms and E. coli (ONPG-MUG test or CPRG-MUG test)
2024-07-17,09:36:00,Bacteria Monitoring 2024,DRBC-6107-032,6107-032,39.863026,-75.194499,Sample-Routine,51.2,MPN/100mL,,,9223 B ~ Enzyme substrate assay for measuring total coliforms and E. coli (ONPG-MUG test or CPRG-MUG test)
2024-07-17,09:42:00,Bacteria Monitoring 2024,DRBC-6107-033,6107-033,39.869885,-75.191464,Sample-Routine,86,MPN/100mL,,,9223 B ~ Enzyme substrate assay for measuring total coliforms and E. coli (ONPG-MUG test or CPRG-MUG test)
2024-07-17,10:31:00,Bacteria Monitoring 2024,DRBC-6107-034,6107-034,39.89287,-75.201334,Sample-Routine,151,MPN/100mL,,,9223 B ~ Enzyme substrate assay for measuring total coliforms and E. coli (ONPG-MUG test or CPRG-MUG test)
2024-07-17,10:35:00,Bacteria Monitoring 2024,DRBC-6107-035,6107-035,39.894697,-75.199973,Sample-Routine,125.9,MPN/100mL,,,9223 B ~ Enzyme substrate assay for measuring total coliforms and E. coli (ONPG-MUG test or CPRG-MUG test)
2024-07-17,10:33:00,Bacteria Monitoring 2024,DRBC-6107-036,6107-036,39.89401,-75.200883,Sample-Routine,77.6,MPN/100mL,,,9223 B ~ Enzyme substrate assay for measuring total coliforms and E. coli (ONPG-MUG test or CPRG-MUG test)
2024-07-17,10:15:00,Bacteria Monitoring 2024,DRBC-6107-037,6107-037,39.886554,-75.171333,Sample-Routine,73.3,MPN/100mL,,,9223 B ~ Enzyme substrate assay for measuring total coliforms and E. coli (ONPG-MUG test or CPRG-MUG test)
2024-07-17,10:19:00,Bacteria Monitoring 2024,DRBC-6107-038,6107-038,39.883474,-75.171061,Sample-Routine,12.1,MPN/100mL,,,9223 B ~ Enzyme substrate assay for measuring total coliforms and E. coli (ONPG-MUG test or CPRG-MUG test)
2024-07-17,10:17:00,Bacteria Monitoring 2024,DRBC-6107-039,6107-039,39.885145,-75.171197,Sample-Routine,29.2,MPN/100mL,,,9223 B ~ Enzyme substrate assay for measuring total coliforms and E. coli (ONPG-MUG test or CPRG-MUG test)
2024-07-17,10:22:00,Bacteria Monitoring 2024,DRBC-6107-040,6107-040,39.880635,-75.170855,Sample-Routine,71.2,MPN/100mL,,,9223 B ~ Enzyme substrate assay for measuring total coliforms and E. coli (ONPG-MUG test or CPRG-MUG test)
2024-07-17,10:25:00,Bacteria Monitoring 2024,DRBC-6107-041,6107-041,39.878253,-75.170755,Sample-Routine,91.1,MPN/100mL,,,9223 B ~ Enzyme substrate assay for measuring total coliforms and E. coli (ONPG-MUG test or CPRG-MUG test)
2024-07-17,09:56:00,Bacteria Monitoring 2024,DRBC-6107-042,6107-042,39.878123,-75.13206,Sample-Routine,172.5,MPN/100mL,,,9223 B ~ Enzyme substrate assay for measuring total coliforms and E. coli (ONPG-MUG test or CPRG-MUG test)
2024-07-17,10:12:00,Bacteria Monitoring 2024,DRBC-6107-043,6107-043,39.904421,-75.130201,Sample-Routine,178.5,MPN/100mL,,,9223 B ~ Enzyme substrate assay for measuring total coliforms and E. coli (ONPG-MUG test or CPRG-MUG test)
2024-07-17,10:15:00,Bacteria Monitoring 2024,DRBC-6107-044,6107-044,39.904926,-75.131536,Sample-Routine,161.6,MPN/100mL,,,9223 B ~ Enzyme substrate assay for measuring total coliforms and E. coli (ONPG-MUG test or CPRG-MUG test)
2024-07-17,10:17:00,Bacteria Monitoring 2024,DRBC-6107-045,6107-045,39.905135,-75.132557,Sample-Routine,152.9,MPN/100mL,,,9223 B ~ Enzyme substrate assay for measuring total coliforms and E. coli (ONPG-MUG test or CPRG-MUG test)
2024-07-17,10:10:00,Bacteria Monitoring 2024,DRBC-6107-046,6107-046,39.90429,-75.127997,Sample-Routine,178.9,MPN/100mL,,,9223 B ~ Enzyme substrate assay for measuring total coliforms and E. coli (ONPG-MUG test or CPRG-MUG test)
2024-07-17,10:25:00,Bacteria Monitoring 2024,DRBC-6107-047,6107-047,39.924525,-75.128453,Sample-Routine,2419.6,MPN/100mL,L,,9223 B ~ Enzyme substrate assay for measuring total coliforms and E. coli (ONPG-MUG test or CPRG-MUG test)
2024-07-17,10:30:00,Bacteria Monitoring 2024,DRBC-6107-048,6107-048,39.931832,-75.140165,Sample-Routine,866.4,MPN/100mL,,,9223 B ~ Enzyme substrate assay for measuring total coliforms and E. coli (ONPG-MUG test or CPRG-MUG test)
2024-07-17,10:35:00,Bacteria Monitoring 2024,DRBC-6107-049,6107-049,39.942173,-75.131384,Sample-Routine,1986.3,MPN/100mL,,,9223 B ~ Enzyme substrate assay for measuring total coliforms and E. coli (ONPG-MUG test or CPRG-MUG test)
2024-07-17,10:38:00,Bacteria Monitoring 2024,DRBC-6107-050,6107-050,39.944907,-75.139583,Sample-Routine,436,MPN/100mL,,,9223 B ~ Enzyme substrate assay for measuring total coliforms and E. coli (ONPG-MUG test or CPRG-MUG test)
2024-07-17,10:47:00,Bacteria Monitoring 2024,DRBC-6107-051,6107-051,39.951762,-75.135559,Sample-Routine,222.4,MPN/100mL,,,9223 B ~ Enzyme substrate assay for measuring total coliforms and E. coli (ONPG-MUG test or CPRG-MUG test)
2024-07-17,10:44:00,Bacteria Monitoring 2024,DRBC-6107-052,6107-052,39.952033,-75.136707,Sample-Routine,727,MPN/100mL,,,9223 B ~ Enzyme substrate assay for measuring total coliforms and E. coli (ONPG-MUG test or CPRG-MUG test)
2024-07-17,10:42:00,Bacteria Monitoring 2024,DRBC-6107-053,6107-053,39.952242,-75.137727,Sample-Routine,920.8,MPN/100mL,,,9223 B ~ Enzyme substrate assay for measuring total coliforms and E. coli (ONPG-MUG test or CPRG-MUG test)
2024-07-17,10:50:00,Bacteria Monitoring 2024,DRBC-6107-054,6107-054,39.951503,-75.133848,Sample-Routine,387.3,MPN/100mL,,,9223 B ~ Enzyme substrate assay for measuring total coliforms and E. coli (ONPG-MUG test or CPRG-MUG test)
2024-07-17,10:52:00,Bacteria Monitoring 2024,DRBC-6107-055,6107-055,39.951336,-75.131756,Sample-Routine,1203.3,MPN/100mL,,,9223 B ~ Enzyme substrate assay for measuring total coliforms and E. coli (ONPG-MUG test or CPRG-MUG test)
2024-07-17,10:58:00,Bacteria Monitoring 2024,DRBC-6107-056,6107-056,39.965488,-75.127301,Sample-Routine,816.4,MPN/100mL,,,9223 B ~ Enzyme substrate assay for measuring total coliforms and E. coli (ONPG-MUG test or CPRG-MUG test)
2024-07-17,11:08:00,Bacteria Monitoring 2024,DRBC-6107-059,6107-059,39.952998,-75.110637,Sample-Routine,1299.7,MPN/100mL,,,9223 B ~ Enzyme substrate assay for measuring total coliforms and E. coli (ONPG-MUG test or CPRG-MUG test)
2024-07-17,11:16:00,Bacteria Monitoring 2024,DRBC-6107-060,6107-060,39.958843,-75.101732,Sample-Routine,686.7,MPN/100mL,,,9223 B ~ Enzyme substrate assay for measuring total coliforms and E. coli (ONPG-MUG test or CPRG-MUG test)
2024-07-17,11:32:00,Bacteria Monitoring 2024,DRBC-6107-062,6107-062,39.985122,-75.068811,Sample-Routine,2419.6,MPN/100mL,L,,9223 B ~ Enzyme substrate assay for measuring total coliforms and E. coli (ONPG-MUG test or CPRG-MUG test)
2024-07-17,11:34:00,Bacteria Monitoring 2024,DRBC-6107-063,6107-063,39.98564,-75.069811,Sample-Routine,1732.9,MPN/100mL,,,9223 B ~ Enzyme substrate assay for measuring total coliforms and E. coli (ONPG-MUG test or CPRG-MUG test)
2024-07-17,11:30:00,Bacteria Monitoring 2024,DRBC-6107-064,6107-064,39.984554,-75.067969,Sample-Routine,1119.9,MPN/100mL,,,9223 B ~ Enzyme substrate assay for measuring total coliforms and E. coli (ONPG-MUG test or CPRG-MUG test)
2024-07-17,11:28:00,Bacteria Monitoring 2024,DRBC-6107-065,6107-065,39.983609,-75.066067,Sample-Routine,1203.3,MPN/100mL,,,9223 B ~ Enzyme substrate assay for measuring total coliforms and E. coli (ONPG-MUG test or CPRG-MUG test)
2024-07-17,11:25:00,Bacteria Monitoring 2024,DRBC-6107-066,6107-066,39.982726,-75.063969,Sample-Routine,275.5,MPN/100mL,,,9223 B ~ Enzyme substrate assay for measuring total coliforms and E. coli (ONPG-MUG test or CPRG-MUG test)
2024-07-17,08:45:00,Bacteria Monitoring 2024,DRBC-6107-100,6107-100,40.081692,-74.870452,Sample-Routine,17.5,MPN/100mL,,,9223 B ~ Enzyme substrate assay for measuring total coliforms and E. coli (ONPG-MUG test or CPRG-MUG test)
2024-07-17,08:46:00,Bacteria Monitoring 2024,DRBC-6107-101,6107-101,40.082438,-74.870647,Sample-Routine,30.5,MPN/100mL,,,9223 B ~ Enzyme substrate assay for measuring total coliforms and E. coli (ONPG-MUG test or CPRG-MUG test)
2024-07-17,08:48:00,Bacteria Monitoring 2024,DRBC-6107-102,6107-102,40.082971,-74.870842,Sample-Routine,42,MPN/100mL,,,9223 B ~ Enzyme substrate assay for measuring total coliforms and E. coli (ONPG-MUG test or CPRG-MUG test)
2024-07-17,08:43:00,Bacteria Monitoring 2024,DRBC-6107-103,6107-103,40.081012,-74.870086,Sample-Routine,25.9,MPN/100mL,,,9223 B ~ Enzyme substrate assay for measuring total coliforms and E. coli (ONPG-MUG test or CPRG-MUG test)
2024-07-17,08:42:00,Bacteria Monitoring 2024,DRBC-6107-104,6107-104,40.080334,-74.86985,Sample-Routine,55.6,MPN/100mL,,,9223 B ~ Enzyme substrate assay for measuring total coliforms and E. coli (ONPG-MUG test or CPRG-MUG test)
2024-07-17,08:33:00,Bacteria Monitoring 2024,DRBC-6107-105,6107-105,40.081954,-74.850113,Sample-Routine,86,MPN/100mL,,,9223 B ~ Enzyme substrate assay for measuring total coliforms and E. coli (ONPG-MUG test or CPRG-MUG test)
2024-07-17,08:53:00,Bacteria Monitoring 2024,DRBC-6107-107,6107-107,40.092799,-74.857774,Sample-Routine,43.5,MPN/100mL,,,9223 B ~ Enzyme substrate assay for measuring total coliforms and E. coli (ONPG-MUG test or CPRG-MUG test)
2024-07-17,08:55:00,Bacteria Monitoring 2024,DRBC-6107-108,6107-108,40.093864,-74.855805,Sample-Routine,26.9,MPN/100mL,,,9223 B ~ Enzyme substrate assay for measuring total coliforms and E. coli (ONPG-MUG test or CPRG-MUG test)
2024-07-17,09:00:00,Bacteria Monitoring 2024,DRBC-6107-109,6107-109,40.100021,-74.842603,Sample-Routine,24.3,MPN/100mL,,,9223 B ~ Enzyme substrate assay for measuring total coliforms and E. coli (ONPG-MUG test or CPRG-MUG test)
2024-07-17,09:01:00,Bacteria Monitoring 2024,DRBC-6107-110,6107-110,40.103418,-74.838511,Sample-Routine,30.1,MPN/100mL,,,9223 B ~ Enzyme substrate assay for measuring total coliforms and E. coli (ONPG-MUG test or CPRG-MUG test)
2024-07-17,09:10:00,Bacteria Monitoring 2024,DRBC-6107-111,6107-111,40.116756,-74.830991,Sample-Routine,9.6,MPN/100mL,,,9223 B ~ Enzyme substrate assay for measuring total coliforms and E. coli (ONPG-MUG test or CPRG-MUG test)
2024-07-17,09:08:00,Bacteria Monitoring 2024,DRBC-6107-112,6107-112,40.117037,-74.831936,Sample-Routine,13.2,MPN/100mL,,,9223 B ~ Enzyme substrate assay for measuring total coliforms and E. coli (ONPG-MUG test or CPRG-MUG test)
2024-07-17,09:06:00,Bacteria Monitoring 2024,DRBC-6107-113,6107-113,40.117214,-74.832646,Sample-Routine,17.1,MPN/100mL,,,9223 B ~ Enzyme substrate assay for measuring total coliforms and E. coli (ONPG-MUG test or CPRG-MUG test)
2024-07-17,09:12:00,Bacteria Monitoring 2024,DRBC-6107-114,6107-114,40.116305,-74.829099,Sample-Routine,21.6,MPN/100mL,,,9223 B ~ Enzyme substrate assay for measuring total coliforms and E. coli (ONPG-MUG test or CPRG-MUG test)
2024-07-17,09:20:00,Bacteria Monitoring 2024,DRBC-6107-115,6107-115,40.134611,-74.814557,Sample-Routine,13.5,MPN/100mL,,,9223 B ~ Enzyme substrate assay for measuring total coliforms and E. coli (ONPG-MUG test or CPRG-MUG test)
2024-07-17,09:30:00,Bacteria Monitoring 2024,DRBC-6107-116,6107-116,40.118759,-74.789187,Sample-Routine,14.5,MPN/100mL,,,9223 B ~ Enzyme substrate assay for measuring total coliforms and E. coli (ONPG-MUG test or CPRG-MUG test)
2024-07-17,09:44:00,Bacteria Monitoring 2024,DRBC-6107-119,6107-119,40.12794,-74.775699,Sample-Routine,20.3,MPN/100mL,,,9223 B ~ Enzyme substrate assay for measuring total coliforms and E. coli (ONPG-MUG test or CPRG-MUG test)
2024-07-17,09:36:00,Bacteria Monitoring 2024,DRBC-6107-120,6107-120,40.122846,-74.764096,Sample-Routine,18.5,MPN/100mL,,,9223 B ~ Enzyme substrate assay for measuring total coliforms and E. coli (ONPG-MUG test or CPRG-MUG test)
2024-07-17,09:48:00,Bacteria Monitoring 2024,DRBC-6107-121,6107-121,40.132205,-74.767276,Sample-Routine,10.8,MPN/100mL,,,9223 B ~ Enzyme substrate assay for measuring total coliforms and E. coli (ONPG-MUG test or CPRG-MUG test)
2024-07-17,10:02:00,Bacteria Monitoring 2024,DRBC-6107-122,6107-122,40.151302,-74.715956,Sample-Routine,129.1,MPN/100mL,,,9223 B ~ Enzyme substrate assay for measuring total coliforms and E. coli (ONPG-MUG test or CPRG-MUG test)
2024-07-17,10:10:00,Bacteria Monitoring 2024,DRBC-6107-123,6107-123,40.158767,-74.724229,Sample-Routine,29.8,MPN/100mL,,,9223 B ~ Enzyme substrate assay for measuring total coliforms and E. coli (ONPG-MUG test or CPRG-MUG test)
2024-07-17,10:15:00,Bacteria Monitoring 2024,DRBC-6107-124,6107-124,40.169666,-74.732127,Sample-Routine,19.9,MPN/100mL,,,9223 B ~ Enzyme substrate assay for measuring total coliforms and E. coli (ONPG-MUG test or CPRG-MUG test)
2024-07-17,10:25:00,Bacteria Monitoring 2024,DRBC-6107-125,6107-125,40.170101,-74.738445,Sample-Routine,285.1,MPN/100mL,,,9223 B ~ Enzyme substrate assay for measuring total coliforms and E. coli (ONPG-MUG test or CPRG-MUG test)
2024-07-17,10:21:00,Bacteria Monitoring 2024,DRBC-6107-126,6107-126,40.183333,-74.752778,Sample-Routine,150,MPN/100mL,,,9223 B ~ Enzyme substrate assay for measuring total coliforms and E. coli (ONPG-MUG test or CPRG-MUG test)
2024-07-17,10:23:00,Bacteria Monitoring 2024,DRBC-6107-127,6107-127,40.186674,-74.753876,Sample-Routine,206.4,MPN/100mL,,,9223 B ~ Enzyme substrate assay for measuring total coliforms and E. coli (ONPG-MUG test or CPRG-MUG test)
2024-07-17,10:38:00,Bacteria Monitoring 2024,DRBC-6107-128,6107-128,40.206565,-74.766394,Sample-Routine,19.9,MPN/100mL,,,9223 B ~ Enzyme substrate assay for measuring total coliforms and E. coli (ONPG-MUG test or CPRG-MUG test)
2024-07-17,10:36:00,Bacteria Monitoring 2024,DRBC-6107-129,6107-129,40.206315,-74.767268,Sample-Routine,20.3,MPN/100mL,,,9223 B ~ Enzyme substrate assay for measuring total coliforms and E. coli (ONPG-MUG test or CPRG-MUG test)
2024-07-17,10:32:00,Bacteria Monitoring 2024,DRBC-6107-130,6107-130,40.206848,-74.765613,Sample-Routine,38.8,MPN/100mL,,,9223 B ~ Enzyme substrate assay for measuring total coliforms and E. coli (ONPG-MUG test or CPRG-MUG test)
2024-07-17,10:34:00,Bacteria Monitoring 2024,DRBC-6107-131,6107-131,40.206082,-74.767981,Sample-Routine,32.3,MPN/100mL,,,9223 B ~ Enzyme substrate assay for measuring total coliforms and E. coli (ONPG-MUG test or CPRG-MUG test)
2024-07-18,08:50:00,Bacteria Monitoring 2024,DRBC-6107-013,6107-013,39.843829,-75.359213,Sample-Routine,307.6,MPN/100mL,,,9223 B ~ Enzyme substrate assay for measuring total coliforms and E. coli (ONPG-MUG test or CPRG-MUG test)
2024-07-18,09:06:00,Bacteria Monitoring 2024,DRBC-6107-015,6107-015,39.851909,-75.345308,Sample-Routine,365.4,MPN/100mL,,,9223 B ~ Enzyme substrate assay for measuring total coliforms and E. coli (ONPG-MUG test or CPRG-MUG test)
2024-07-18,09:21:00,Bacteria Monitoring 2024,DRBC-6107-018,6107-018,39.860364,-75.32256,Sample-Routine,129.6,MPN/100mL,,,9223 B ~ Enzyme substrate assay for measuring total coliforms and E. coli (ONPG-MUG test or CPRG-MUG test)
2024-07-18,09:33:00,Bacteria Monitoring 2024,DRBC-6107-019,6107-019,39.870137,-75.313445,Sample-Routine,70.3,MPN/100mL,,,9223 B ~ Enzyme substrate assay for measuring total coliforms and E. coli (ONPG-MUG test or CPRG-MUG test)
2024-07-18,10:15:00,Bacteria Monitoring 2024,DRBC-6107-061,6107-061,39.993596,-75.080699,Sample-Routine,2419.6,MPN/100mL,L,,9223 B ~ Enzyme substrate assay for measuring total coliforms and E. coli (ONPG-MUG test or CPRG-MUG test)
2024-07-18,09:08:00,Bacteria Monitoring 2024,DRBC-6107-067,6107-067,39.991848,-75.048357,Sample-Routine,178.5,MPN/100mL,,,9223 B ~ Enzyme substrate assay for measuring total coliforms and E. coli (ONPG-MUG test or CPRG-MUG test)
2024-07-18,09:18:00,Bacteria Monitoring 2024,DRBC-6107-068,6107-068,40.006746,-75.056195,Sample-Routine,2419.6,MPN/100mL,L,,9223 B ~ Enzyme substrate assay for measuring total coliforms and E. coli (ONPG-MUG test or CPRG-MUG test)
2024-07-18,09:23:00,Bacteria Monitoring 2024,DRBC-6107-069,6107-069,40.009961,-75.042942,Sample-Routine,172.6,MPN/100mL,,,9223 B ~ Enzyme substrate assay for measuring total coliforms and E. coli (ONPG-MUG test or CPRG-MUG test)
2024-07-18,09:27:00,Bacteria Monitoring 2024,DRBC-6107-070,6107-070,40.011877,-75.044055,Sample-Routine,579.4,MPN/100mL,,,9223 B ~ Enzyme substrate assay for measuring total coliforms and E. coli (ONPG-MUG test or CPRG-MUG test)
2024-07-18,09:30:00,Bacteria Monitoring 2024,DRBC-6107-071,6107-071,40.014044,-75.045709,Sample-Routine,2419.6,MPN/100mL,L,,9223 B ~ Enzyme substrate assay for measuring total coliforms and E. coli (ONPG-MUG test or CPRG-MUG test)
2024-07-18,09:39:00,Bacteria Monitoring 2024,DRBC-6107-074,6107-074,40.01974,-75.033024,Sample-Routine,2419.6,MPN/100mL,,,9223 B ~ Enzyme substrate assay for measuring total coliforms and E. coli (ONPG-MUG test or CPRG-MUG test)
2024-07-18,09:43:00,Bacteria Monitoring 2024,DRBC-6107-075,6107-075,40.011112,-75.027952,Sample-Routine,113,MPN/100mL,,,9223 B ~ Enzyme substrate assay for measuring total coliforms and E. coli (ONPG-MUG test or CPRG-MUG test)
2024-07-18,09:58:00,Bacteria Monitoring 2024,DRBC-6107-076,6107-076,40.025406,-75.006821,Sample-Routine,240,MPN/100mL,,,9223 B ~ Enzyme substrate assay for measuring total coliforms and E. coli (ONPG-MUG test or CPRG-MUG test)
2024-07-18,09:55:00,Bacteria Monitoring 2024,DRBC-6107-077,6107-077,40.026857,-75.008771,Sample-Routine,816.4,MPN/100mL,,,9223 B ~ Enzyme substrate assay for measuring total coliforms and E. coli (ONPG-MUG test or CPRG-MUG test)
2024-07-18,09:52:00,Bacteria Monitoring 2024,DRBC-6107-078,6107-078,40.027924,-75.009997,Sample-Routine,770.1,MPN/100mL,,,9223 B ~ Enzyme substrate assay for measuring total coliforms and E. coli (ONPG-MUG test or CPRG-MUG test)
2024-07-18,10:01:00,Bacteria Monitoring 2024,DRBC-6107-079,6107-079,40.023987,-75.005103,Sample-Routine,104.3,MPN/100mL,,,9223 B ~ Enzyme substrate assay for measuring total coliforms and E. coli (ONPG-MUG test or CPRG-MUG test)
2024-07-18,10:04:00,Bacteria Monitoring 2024,DRBC-6107-080,6107-080,40.022683,-75.003543,Sample-Routine,42.2,MPN/100mL,,,9223 B ~ Enzyme substrate assay for measuring total coliforms and E. coli (ONPG-MUG test or CPRG-MUG test)
2024-07-18,10:39:00,Bacteria Monitoring 2024,DRBC-6107-081,6107-081,40.033201,-75.007451,Sample-Routine,2419.6,MPN/100mL,L,,9223 B ~ Enzyme substrate assay for measuring total coliforms and E. coli (ONPG-MUG test or CPRG-MUG test)
2024-07-18,10:12:00,Bacteria Monitoring 2024,DRBC-6107-082,6107-082,40.041556,-74.990543,Sample-Routine,613.1,MPN/100mL,,,9223 B ~ Enzyme substrate assay for measuring total coliforms and E. coli (ONPG-MUG test or CPRG-MUG test)
2024-07-18,10:20:00,Bacteria Monitoring 2024,DRBC-6107-083,6107-083,40.033716,-74.977528,Sample-Routine,66.3,MPN/100mL,,,9223 B ~ Enzyme substrate assay for measuring total coliforms and E. coli (ONPG-MUG test or CPRG-MUG test)
2024-07-18,10:55:00,Bacteria Monitoring 2024,DRBC-6107-084,6107-084,40.053735,-74.982023,Sample-Routine,2419.6,MPN/100mL,L,,9223 B ~ Enzyme substrate assay for measuring total coliforms and E. coli (ONPG-MUG test or CPRG-MUG test)
2024-07-18,10:37:00,Bacteria Monitoring 2024,DRBC-6107-087,6107-087,40.05117,-74.978308,Sample-Routine,920.8,MPN/100mL,,,9223 B ~ Enzyme substrate assay for measuring total coliforms and E. coli (ONPG-MUG test or CPRG-MUG test)
2024-07-18,10:30:00,Bacteria Monitoring 2024,DRBC-6107-088,6107-088,40.04261,-74.971408,Sample-Routine,86,MPN/100mL,,,9223 B ~ Enzyme substrate assay for measuring total coliforms and E. coli (ONPG-MUG test or CPRG-MUG test)
2024-07-18,10:52:00,Bacteria Monitoring 2024,DRBC-6107-089,6107-089,40.056236,-74.96218,Sample-Routine,127.4,MPN/100mL,,,9223 B ~ Enzyme substrate assay for measuring total coliforms and E. coli (ONPG-MUG test or CPRG-MUG test)
2024-07-18,10:49:00,Bacteria Monitoring 2024,DRBC-6107-090,6107-090,40.057262,-74.963319,Sample-Routine,325.5,MPN/100mL,,,9223 B ~ Enzyme substrate assay for measuring total coliforms and E. coli (ONPG-MUG test or CPRG-MUG test)
2024-07-18,10:43:00,Bacteria Monitoring 2024,DRBC-6107-091,6107-091,40.058668,-74.964358,Sample-Routine,218.7,MPN/100mL,,,9223 B ~ Enzyme substrate assay for measuring total coliforms and E. coli (ONPG-MUG test or CPRG-MUG test)
2024-07-18,10:57:00,Bacteria Monitoring 2024,DRBC-6107-092,6107-092,40.054378,-74.960651,Sample-Routine,124.6,MPN/100mL,,,9223 B ~ Enzyme substrate assay for measuring total coliforms and E. coli (ONPG-MUG test or CPRG-MUG test)
2024-07-18,10:59:00,Bacteria Monitoring 2024,DRBC-6107-093,6107-093,40.052882,-74.959292,Sample-Routine,98.5,MPN/100mL,,,9223 B ~ Enzyme substrate assay for measuring total coliforms and E. coli (ONPG-MUG test or CPRG-MUG test)
2024-07-18,11:09:00,Bacteria Monitoring 2024,DRBC-6107-094,6107-094,40.068377,-74.925913,Sample-Routine,33.6,MPN/100mL,,,9223 B ~ Enzyme substrate assay for measuring total coliforms and E. coli (ONPG-MUG test or CPRG-MUG test)
2024-07-18,11:16:00,Bacteria Monitoring 2024,DRBC-6107-095,6107-095,40.073216,-74.914093,Sample-Routine,46.5,MPN/100mL,,,9223 B ~ Enzyme substrate assay for measuring total coliforms and E. coli (ONPG-MUG test or CPRG-MUG test)
2024-07-18,11:29:00,Bacteria Monitoring 2024,DRBC-6107-096,6107-096,40.084692,-74.911183,Sample-Routine,78.5,MPN/100mL,,,9223 B ~ Enzyme substrate assay for measuring total coliforms and E. coli (ONPG-MUG test or CPRG-MUG test)
2024-07-18,11:53:00,Bacteria Monitoring 2024,DRBC-6107-097,6107-097,40.074426,-74.906085,Sample-Routine,55.6,MPN/100mL,,,9223 B ~ Enzyme substrate assay for measuring total coliforms and E. coli (ONPG-MUG test or CPRG-MUG test)
2024-07-18,11:49:00,Bacteria Monitoring 2024,DRBC-6107-098,6107-098,40.075593,-74.901183,Sample-Routine,62.7,MPN/100mL,,,9223 B ~ Enzyme substrate assay for measuring total coliforms and E. coli (ONPG-MUG test or CPRG-MUG test)
2024-07-18,11:44:00,Bacteria Monitoring 2024,DRBC-6107-099,6107-099,40.071293,-74.898783,Sample-Routine,23.1,MPN/100mL,,,9223 B ~ Enzyme substrate assay for measuring total coliforms and E. coli (ONPG-MUG test or CPRG-MUG test)
2024-07-18,11:43:00,Bacteria Monitoring 2024,DRBC-6107-106,6107-106,40.094019,-74.862505,Sample-Routine,1553.1,MPN/100mL,,,9223 B ~ Enzyme substrate assay for measuring total coliforms and E. coli (ONPG-MUG test or CPRG-MUG test)
2024-07-18,12:47:00,Bacteria Monitoring 2024,DRBC-6107-132,6107-132,40.219275,-74.77821,Sample-Routine,45,MPN/100mL,,,9223 B ~ Enzyme substrate assay for measuring total coliforms and E. coli (ONPG-MUG test or CPRG-MUG test)
2024-07-18,12:41:00,Bacteria Monitoring 2024,DRBC-6107-133,6107-133,40.218843,-74.778646,Sample-Routine,26.6,MPN/100mL,,,9223 B ~ Enzyme substrate assay for measuring total coliforms and E. coli (ONPG-MUG test or CPRG-MUG test)
2024-07-18,12:35:00,Bacteria Monitoring 2024,DRBC-6107-134,6107-134,40.218444,-74.778994,Sample-Routine,22.6,MPN/100mL,,,9223 B ~ Enzyme substrate assay for measuring total coliforms and E. coli (ONPG-MUG test or CPRG-MUG test)
2024-07-18,12:29:00,Bacteria Monitoring 2024,DRBC-6107-135,6107-135,40.219994,-74.777527,Sample-Routine,21.3,MPN/100mL,,,9223 B ~ Enzyme substrate assay for measuring total coliforms and E. coli (ONPG-MUG test or CPRG-MUG test)
2024-07-22,09:06:00,Bacteria Monitoring 2024,DRBC-6107-001,6107-001,39.806507,-75.418985,Sample-Routine,17.3,MPN/100mL,,,9223 B ~ Enzyme substrate assay for measuring total coliforms and E. coli (ONPG-MUG test or CPRG-MUG test)
2024-07-22,09:03:00,Bacteria Monitoring 2024,DRBC-6107-002,6107-002,39.804842,-75.416893,Sample-Routine,11,MPN/100mL,,,9223 B ~ Enzyme substrate assay for measuring total coliforms and E. coli (ONPG-MUG test or CPRG-MUG test)
2024-07-22,08:58:00,Bacteria Monitoring 2024,DRBC-6107-003,6107-003,39.802877,-75.414447,Sample-Routine,4.1,MPN/100mL,,,9223 B ~ Enzyme substrate assay for measuring total coliforms and E. coli (ONPG-MUG test or CPRG-MUG test)
2024-07-22,08:42:00,Bacteria Monitoring 2024,DRBC-6107-004,6107-004,39.800369,-75.410567,Sample-Routine,10.7,MPN/100mL,,,9223 B ~ Enzyme substrate assay for measuring total coliforms and E. coli (ONPG-MUG test or CPRG-MUG test)
2024-07-22,08:38:00,Bacteria Monitoring 2024,DRBC-6107-005,6107-005,39.79717,-75.40521,Sample-Routine,12,MPN/100mL,,,9223 B ~ Enzyme substrate assay for measuring total coliforms and E. coli (ONPG-MUG test or CPRG-MUG test)
2024-07-22,09:12:00,Bacteria Monitoring 2024,DRBC-6107-006,6107-006,39.81155,-75.411443,Sample-Routine,21.1,MPN/100mL,,,9223 B ~ Enzyme substrate assay for measuring total coliforms and E. coli (ONPG-MUG test or CPRG-MUG test)
2024-07-22,09:10:00,Bacteria Monitoring 2024,DRBC-6107-007,6107-007,39.808316,-75.377205,Sample-Routine,95.9,MPN/100mL,,,9223 B ~ Enzyme substrate assay for measuring total coliforms and E. coli (ONPG-MUG test or CPRG-MUG test)
2024-07-22,09:26:00,Bacteria Monitoring 2024,DRBC-6107-008,6107-008,39.830051,-75.375487,Sample-Routine,10.9,MPN/100mL,,,9223 B ~ Enzyme substrate assay for measuring total coliforms and E. coli (ONPG-MUG test or CPRG-MUG test)
2024-07-22,09:30:00,Bacteria Monitoring 2024,DRBC-6107-009,6107-009,39.831775,-75.376779,Sample-Routine,81.6,MPN/100mL,,,9223 B ~ Enzyme substrate assay for measuring total coliforms and E. coli (ONPG-MUG test or CPRG-MUG test)
2024-07-22,09:23:00,Bacteria Monitoring 2024,DRBC-6107-010,6107-010,39.828589,-75.373718,Sample-Routine,11,MPN/100mL,,,9223 B ~ Enzyme substrate assay for measuring total coliforms and E. coli (ONPG-MUG test or CPRG-MUG test)
2024-07-22,09:19:00,Bacteria Monitoring 2024,DRBC-6107-011,6107-011,39.825366,-75.370469,Sample-Routine,14.8,MPN/100mL,,,9223 B ~ Enzyme substrate assay for measuring total coliforms and E. coli (ONPG-MUG test or CPRG-MUG test)
2024-07-22,09:18:00,Bacteria Monitoring 2024,DRBC-6107-012,6107-012,39.820927,-75.364974,Sample-Routine,78.4,MPN/100mL,,,9223 B ~ Enzyme substrate assay for measuring total coliforms and E. coli (ONPG-MUG test or CPRG-MUG test)
2024-07-22,09:25:00,Bacteria Monitoring 2024,DRBC-6107-014,6107-014,39.825354,-75.346163,Sample-Routine,770.1,MPN/100mL,,,9223 B ~ Enzyme substrate assay for measuring total coliforms and E. coli (ONPG-MUG test or CPRG-MUG test)
2024-07-22,09:37:00,Bacteria Monitoring 2024,DRBC-6107-016,6107-016,39.846719,-75.341065,Sample-Routine,9.8,MPN/100mL,,,9223 B ~ Enzyme substrate assay for measuring total coliforms and E. coli (ONPG-MUG test or CPRG-MUG test)
2024-07-22,09:32:00,Bacteria Monitoring 2024,DRBC-6107-017,6107-017,39.834353,-75.327378,Sample-Routine,75.4,MPN/100mL,,,9223 B ~ Enzyme substrate assay for measuring total coliforms and E. coli (ONPG-MUG test or CPRG-MUG test)
2024-07-22,09:45:00,Bacteria Monitoring 2024,DRBC-6107-020,6107-020,39.860017,-75.303584,Sample-Routine,34.5,MPN/100mL,,,9223 B ~ Enzyme substrate assay for measuring total coliforms and E. coli (ONPG-MUG test or CPRG-MUG test)
2024-07-22,09:43:00,Bacteria Monitoring 2024,DRBC-6107-021,6107-021,39.839598,-75.282931,Sample-Routine,2,MPN/100mL,,,9223 B ~ Enzyme substrate assay for measuring total coliforms and E. coli (ONPG-MUG test or CPRG-MUG test)
2024-07-22,10:21:00,Bacteria Monitoring 2024,DRBC-6107-022,6107-022,39.852257,-75.255399,Sample-Routine,22.6,MPN/100mL,,,9223 B ~ Enzyme substrate assay for measuring total coliforms and E. coli (ONPG-MUG test or CPRG-MUG test)
2024-07-22,10:17:00,Bacteria Monitoring 2024,DRBC-6107-023,6107-023,39.853603,-75.255839,Sample-Routine,18.5,MPN/100mL,,,9223 B ~ Enzyme substrate assay for measuring total coliforms and E. coli (ONPG-MUG test or CPRG-MUG test)
2024-07-22,10:14:00,Bacteria Monitoring 2024,DRBC-6107-024,6107-024,39.855303,-75.256187,Sample-Routine,12,MPN/100mL,,,9223 B ~ Enzyme substrate assay for measuring total coliforms and E. coli (ONPG-MUG test or CPRG-MUG test)
2024-07-22,10:23:00,Bacteria Monitoring 2024,DRBC-6107-025,6107-025,39.8506047,-75.25499808,Sample-Routine,22.8,MPN/100mL,,,9223 B ~ Enzyme substrate assay for measuring total coliforms and E. coli (ONPG-MUG test or CPRG-MUG test)
2024-07-22,10:26:00,Bacteria Monitoring 2024,DRBC-6107-026,6107-026,39.8487184,-75.25448721,Sample-Routine,35,MPN/100mL,,,9223 B ~ Enzyme substrate assay for measuring total coliforms and E. coli (ONPG-MUG test or CPRG-MUG test)
2024-07-22,09:52:00,Bacteria Monitoring 2024,DRBC-6107-027,6107-027,39.851093,-75.228234,Sample-Routine,117.8,MPN/100mL,,,9223 B ~ Enzyme substrate assay for measuring total coliforms and E. coli (ONPG-MUG test or CPRG-MUG test)
2024-07-22,09:56:00,Bacteria Monitoring 2024,DRBC-6107-028,6107-028,39.855258,-75.218815,Sample-Routine,42.8,MPN/100mL,,,9223 B ~ Enzyme substrate assay for measuring total coliforms and E. coli (ONPG-MUG test or CPRG-MUG test)
2024-07-22,10:34:00,Bacteria Monitoring 2024,DRBC-6107-029,6107-029,39.874574,-75.211555,Sample-Routine,13.1,MPN/100mL,,,9223 B ~ Enzyme substrate assay for measuring total coliforms and E. coli (ONPG-MUG test or CPRG-MUG test)
2024-07-22,10:05:00,Bacteria Monitoring 2024,DRBC-6107-032,6107-032,39.863026,-75.194499,Sample-Routine,344.8,MPN/100mL,,,9223 B ~ Enzyme substrate assay for measuring total coliforms and E. coli (ONPG-MUG test or CPRG-MUG test)
2024-07-22,10:09:00,Bacteria Monitoring 2024,DRBC-6107-033,6107-033,39.869885,-75.191464,Sample-Routine,28.8,MPN/100mL,,,9223 B ~ Enzyme substrate assay for measuring total coliforms and E. coli (ONPG-MUG test or CPRG-MUG test)
2024-07-22,11:07:00,Bacteria Monitoring 2024,DRBC-6107-034,6107-034,39.89287,-75.201334,Sample-Routine,23.3,MPN/100mL,,,9223 B ~ Enzyme substrate assay for measuring total coliforms and E. coli (ONPG-MUG test or CPRG-MUG test)
2024-07-22,11:12:00,Bacteria Monitoring 2024,DRBC-6107-035,6107-035,39.894697,-75.199973,Sample-Routine,29.2,MPN/100mL,,,9223 B ~ Enzyme substrate assay for measuring total coliforms and E. coli (ONPG-MUG test or CPRG-MUG test)
2024-07-22,11:10:00,Bacteria Monitoring 2024,DRBC-6107-036,6107-036,39.89401,-75.200883,Sample-Routine,29.5,MPN/100mL,,,9223 B ~ Enzyme substrate assay for measuring total coliforms and E. coli (ONPG-MUG test or CPRG-MUG test)
2024-07-22,10:47:00,Bacteria Monitoring 2024,DRBC-6107-037,6107-037,39.886554,-75.171333,Sample-Routine,24.3,MPN/100mL,,,9223 B ~ Enzyme substrate assay for measuring total coliforms and E. coli (ONPG-MUG test or CPRG-MUG test)
2024-07-22,10:52:00,Bacteria Monitoring 2024,DRBC-6107-038,6107-038,39.883474,-75.171061,Sample-Routine,90.9,MPN/100mL,,,9223 B ~ Enzyme substrate assay for measuring total coliforms and E. coli (ONPG-MUG test or CPRG-MUG test)
2024-07-22,10:50:00,Bacteria Monitoring 2024,DRBC-6107-039,6107-039,39.885145,-75.171197,Sample-Routine,108.1,MPN/100mL,,,9223 B ~ Enzyme substrate assay for measuring total coliforms and E. coli (ONPG-MUG test or CPRG-MUG test)
2024-07-22,10:56:00,Bacteria Monitoring 2024,DRBC-6107-040,6107-040,39.880635,-75.170855,Sample-Routine,86,MPN/100mL,,,9223 B ~ Enzyme substrate assay for measuring total coliforms and E. coli (ONPG-MUG test or CPRG-MUG test)
2024-07-22,10:59:00,Bacteria Monitoring 2024,DRBC-6107-041,6107-041,39.878253,-75.170755,Sample-Routine,86,MPN/100mL,,,9223 B ~ Enzyme substrate assay for measuring total coliforms and E. coli (ONPG-MUG test or CPRG-MUG test)
2024-07-22,10:22:00,Bacteria Monitoring 2024,DRBC-6107-042,6107-042,39.878123,-75.13206,Sample-Routine,31.7,MPN/100mL,,,9223 B ~ Enzyme substrate assay for measuring total coliforms and E. coli (ONPG-MUG test or CPRG-MUG test)
2024-07-22,10:33:00,Bacteria Monitoring 2024,DRBC-6107-043,6107-043,39.904421,-75.130201,Sample-Routine,123.4,MPN/100mL,,,9223 B ~ Enzyme substrate assay for measuring total coliforms and E. coli (ONPG-MUG test or CPRG-MUG test)
2024-07-22,10:36:00,Bacteria Monitoring 2024,DRBC-6107-044,6107-044,39.904926,-75.131536,Sample-Routine,214.2,MPN/100mL,,,9223 B ~ Enzyme substrate assay for measuring total coliforms and E. coli (ONPG-MUG test or CPRG-MUG test)
2024-07-22,10:37:00,Bacteria Monitoring 2024,DRBC-6107-045,6107-045,39.905135,-75.132557,Sample-Routine,166.4,MPN/100mL,,,9223 B ~ Enzyme substrate assay for measuring total coliforms and E. coli (ONPG-MUG test or CPRG-MUG test)
2024-07-22,10:31:00,Bacteria Monitoring 2024,DRBC-6107-046,6107-046,39.90429,-75.127997,Sample-Routine,110.6,MPN/100mL,,,9223 B ~ Enzyme substrate assay for measuring total coliforms and E. coli (ONPG-MUG test or CPRG-MUG test)
2024-07-22,10:43:00,Bacteria Monitoring 2024,DRBC-6107-047,6107-047,39.924525,-75.128453,Sample-Routine,866.4,MPN/100mL,,,9223 B ~ Enzyme substrate assay for measuring total coliforms and E. coli (ONPG-MUG test or CPRG-MUG test)
2024-07-22,10:47:00,Bacteria Monitoring 2024,DRBC-6107-048,6107-048,39.931832,-75.140165,Sample-Routine,517.2,MPN/100mL,,,9223 B ~ Enzyme substrate assay for measuring total coliforms and E. coli (ONPG-MUG test or CPRG-MUG test)
2024-07-22,10:52:00,Bacteria Monitoring 2024,DRBC-6107-049,6107-049,39.942173,-75.131384,Sample-Routine,579.4,MPN/100mL,,,9223 B ~ Enzyme substrate assay for measuring total coliforms and E. coli (ONPG-MUG test or CPRG-MUG test)
2024-07-22,10:54:00,Bacteria Monitoring 2024,DRBC-6107-050,6107-050,39.944907,-75.139583,Sample-Routine,290.9,MPN/100mL,,,9223 B ~ Enzyme substrate assay for measuring total coliforms and E. coli (ONPG-MUG test or CPRG-MUG test)
2024-07-22,10:01:00,Bacteria Monitoring 2024,DRBC-6107-051,6107-051,39.951762,-75.135559,Sample-Routine,104.6,MPN/100mL,,,9223 B ~ Enzyme substrate assay for measuring total coliforms and E. coli (ONPG-MUG test or CPRG-MUG test)
2024-07-22,11:00:00,Bacteria Monitoring 2024,DRBC-6107-052,6107-052,39.952033,-75.136707,Sample-Routine,214.2,MPN/100mL,,,9223 B ~ Enzyme substrate assay for measuring total coliforms and E. coli (ONPG-MUG test or CPRG-MUG test)
2024-07-22,10:58:00,Bacteria Monitoring 2024,DRBC-6107-053,6107-053,39.952242,-75.137727,Sample-Routine,214.3,MPN/100mL,,,9223 B ~ Enzyme substrate assay for measuring total coliforms and E. coli (ONPG-MUG test or CPRG-MUG test)
2024-07-22,11:03:00,Bacteria Monitoring 2024,DRBC-6107-054,6107-054,39.951503,-75.133848,Sample-Routine,88.4,MPN/100mL,,,9223 B ~ Enzyme substrate assay for measuring total coliforms and E. coli (ONPG-MUG test or CPRG-MUG test)
2024-07-22,11:05:00,Bacteria Monitoring 2024,DRBC-6107-055,6107-055,39.951336,-75.131756,Sample-Routine,1046.2,MPN/100mL,,,9223 B ~ Enzyme substrate assay for measuring total coliforms and E. coli (ONPG-MUG test or CPRG-MUG test)
2024-07-22,11:09:00,Bacteria Monitoring 2024,DRBC-6107-056,6107-056,39.965488,-75.127301,Sample-Routine,435.2,MPN/100mL,,,9223 B ~ Enzyme substrate assay for measuring total coliforms and E. coli (ONPG-MUG test or CPRG-MUG test)
2024-07-22,11:19:00,Bacteria Monitoring 2024,DRBC-6107-059,6107-059,39.952998,-75.110637,Sample-Routine,1299.7,MPN/100mL,,,9223 B ~ Enzyme substrate assay for measuring total coliforms and E. coli (ONPG-MUG test or CPRG-MUG test)
2024-07-22,11:25:00,Bacteria Monitoring 2024,DRBC-6107-060,6107-060,39.958843,-75.101732,Sample-Routine,74.8,MPN/100mL,,,9223 B ~ Enzyme substrate assay for measuring total coliforms and E. coli (ONPG-MUG test or CPRG-MUG test)
2024-07-22,11:41:00,Bacteria Monitoring 2024,DRBC-6107-062,6107-062,39.985122,-75.068811,Sample-Routine,2419.6,MPN/100mL,L,,9223 B ~ Enzyme substrate assay for measuring total coliforms and E. coli (ONPG-MUG test or CPRG-MUG test)
2024-07-22,11:43:00,Bacteria Monitoring 2024,DRBC-6107-063,6107-063,39.98564,-75.069811,Sample-Routine,1732.9,MPN/100mL,,,9223 B ~ Enzyme substrate assay for measuring total coliforms and E. coli (ONPG-MUG test or CPRG-MUG test)
2024-07-22,11:39:00,Bacteria Monitoring 2024,DRBC-6107-064,6107-064,39.984554,-75.067969,Sample-Routine,1732.9,MPN/100mL,,,9223 B ~ Enzyme substrate assay for measuring total coliforms and E. coli (ONPG-MUG test or CPRG-MUG test)
2024-07-22,11:38:00,Bacteria Monitoring 2024,DRBC-6107-065,6107-065,39.983609,-75.066067,Sample-Routine,1203.3,MPN/100mL,,,9223 B ~ Enzyme substrate assay for measuring total coliforms and E. coli (ONPG-MUG test or CPRG-MUG test)
2024-07-22,11:35:00,Bacteria Monitoring 2024,DRBC-6107-066,6107-066,39.982726,-75.063969,Sample-Routine,114.5,MPN/100mL,,,9223 B ~ Enzyme substrate assay for measuring total coliforms and E. coli (ONPG-MUG test or CPRG-MUG test)
2024-07-22,08:49:00,Bacteria Monitoring 2024,DRBC-6107-100,6107-100,40.081692,-74.870452,Sample-Routine,21.3,MPN/100mL,,,9223 B ~ Enzyme substrate assay for measuring total coliforms and E. coli (ONPG-MUG test or CPRG-MUG test)
2024-07-22,08:51:00,Bacteria Monitoring 2024,DRBC-6107-101,6107-101,40.082438,-74.870647,Sample-Routine,23.1,MPN/100mL,,,9223 B ~ Enzyme substrate assay for measuring total coliforms and E. coli (ONPG-MUG test or CPRG-MUG test)
2024-07-22,08:53:00,Bacteria Monitoring 2024,DRBC-6107-102,6107-102,40.082971,-74.870842,Sample-Routine,21.3,MPN/100mL,,,9223 B ~ Enzyme substrate assay for measuring total coliforms and E. coli (ONPG-MUG test or CPRG-MUG test)
2024-07-22,08:47:00,Bacteria Monitoring 2024,DRBC-6107-103,6107-103,40.081012,-74.870086,Sample-Routine,25.9,MPN/100mL,,,9223 B ~ Enzyme substrate assay for measuring total coliforms and E. coli (ONPG-MUG test or CPRG-MUG test)
2024-07-22,08:45:00,Bacteria Monitoring 2024,DRBC-6107-104,6107-104,40.080334,-74.86985,Sample-Routine,38.4,MPN/100mL,,,9223 B ~ Enzyme substrate assay for measuring total coliforms and E. coli (ONPG-MUG test or CPRG-MUG test)
2024-07-22,08:38:00,Bacteria Monitoring 2024,DRBC-6107-105,6107-105,40.081954,-74.850113,Sample-Routine,387.3,MPN/100mL,,,9223 B ~ Enzyme substrate assay for measuring total coliforms and E. coli (ONPG-MUG test or CPRG-MUG test)
2024-07-22,09:00:00,Bacteria Monitoring 2024,DRBC-6107-107,6107-107,40.092799,-74.857774,Sample-Routine,30.1,MPN/100mL,,,9223 B ~ Enzyme substrate assay for measuring total coliforms and E. coli (ONPG-MUG test or CPRG-MUG test)
2024-07-22,09:03:00,Bacteria Monitoring 2024,DRBC-6107-108,6107-108,40.093864,-74.855805,Sample-Routine,18.5,MPN/100mL,,,9223 B ~ Enzyme substrate assay for measuring total coliforms and E. coli (ONPG-MUG test or CPRG-MUG test)
2024-07-22,09:08:00,Bacteria Monitoring 2024,DRBC-6107-109,6107-109,40.100021,-74.842603,Sample-Routine,34.1,MPN/100mL,,,9223 B ~ Enzyme substrate assay for measuring total coliforms and E. coli (ONPG-MUG test or CPRG-MUG test)
2024-07-22,09:11:00,Bacteria Monitoring 2024,DRBC-6107-110,6107-110,40.103418,-74.838511,Sample-Routine,21.3,MPN/100mL,,,9223 B ~ Enzyme substrate assay for measuring total coliforms and E. coli (ONPG-MUG test or CPRG-MUG test)
2024-07-22,09:21:00,Bacteria Monitoring 2024,DRBC-6107-111,6107-111,40.116756,-74.830991,Sample-Routine,12,MPN/100mL,,,9223 B ~ Enzyme substrate assay for measuring total coliforms and E. coli (ONPG-MUG test or CPRG-MUG test)
2024-07-22,09:19:00,Bacteria Monitoring 2024,DRBC-6107-112,6107-112,40.117037,-74.831936,Sample-Routine,110.6,MPN/100mL,,,9223 B ~ Enzyme substrate assay for measuring total coliforms and E. coli (ONPG-MUG test or CPRG-MUG test)
2024-07-22,09:17:00,Bacteria Monitoring 2024,DRBC-6107-113,6107-113,40.117214,-74.832646,Sample-Routine,29.8,MPN/100mL,,,9223 B ~ Enzyme substrate assay for measuring total coliforms and E. coli (ONPG-MUG test or CPRG-MUG test)
2024-07-22,09:23:00,Bacteria Monitoring 2024,DRBC-6107-114,6107-114,40.116305,-74.829099,Sample-Routine,24.1,MPN/100mL,,,9223 B ~ Enzyme substrate assay for measuring total coliforms and E. coli (ONPG-MUG test or CPRG-MUG test)
2024-07-22,09:31:00,Bacteria Monitoring 2024,DRBC-6107-115,6107-115,40.134611,-74.814557,Sample-Routine,36.9,MPN/100mL,,,9223 B ~ Enzyme substrate assay for measuring total coliforms and E. coli (ONPG-MUG test or CPRG-MUG test)
2024-07-22,09:42:00,Bacteria Monitoring 2024,DRBC-6107-116,6107-116,40.118759,-74.789187,Sample-Routine,6.3,MPN/100mL,,,9223 B ~ Enzyme substrate assay for measuring total coliforms and E. coli (ONPG-MUG test or CPRG-MUG test)
2024-07-22,09:58:00,Bacteria Monitoring 2024,DRBC-6107-119,6107-119,40.12794,-74.775699,Sample-Routine,24.6,MPN/100mL,,,9223 B ~ Enzyme substrate assay for measuring total coliforms and E. coli (ONPG-MUG test or CPRG-MUG test)
2024-07-22,09:48:00,Bacteria Monitoring 2024,DRBC-6107-120,6107-120,40.122846,-74.764096,Sample-Routine,5.1,MPN/100mL,,,9223 B ~ Enzyme substrate assay for measuring total coliforms and E. coli (ONPG-MUG test or CPRG-MUG test)
2024-07-22,10:03:00,Bacteria Monitoring 2024,DRBC-6107-121,6107-121,40.132205,-74.767276,Sample-Routine,12,MPN/100mL,,,9223 B ~ Enzyme substrate assay for measuring total coliforms and E. coli (ONPG-MUG test or CPRG-MUG test)
2024-07-22,10:21:00,Bacteria Monitoring 2024,DRBC-6107-122,6107-122,40.151302,-74.715956,Sample-Routine,187.2,MPN/100mL,,,9223 B ~ Enzyme substrate assay for measuring total coliforms and E. coli (ONPG-MUG test or CPRG-MUG test)
2024-07-22,10:35:00,Bacteria Monitoring 2024,DRBC-6107-123,6107-123,40.158767,-74.724229,Sample-Routine,17.1,MPN/100mL,,,9223 B ~ Enzyme substrate assay for measuring total coliforms and E. coli (ONPG-MUG test or CPRG-MUG test)
2024-07-22,10:41:00,Bacteria Monitoring 2024,DRBC-6107-124,6107-124,40.169666,-74.732127,Sample-Routine,7.5,MPN/100mL,,,9223 B ~ Enzyme substrate assay for measuring total coliforms and E. coli (ONPG-MUG test or CPRG-MUG test)
2024-07-22,11:01:00,Bacteria Monitoring 2024,DRBC-6107-125,6107-125,40.170101,-74.738445,Sample-Routine,8.5,MPN/100mL,,,9223 B ~ Enzyme substrate assay for measuring total coliforms and E. coli (ONPG-MUG test or CPRG-MUG test)
2024-07-22,10:51:00,Bacteria Monitoring 2024,DRBC-6107-126,6107-126,40.183333,-74.752778,Sample-Routine,25,MPN/100mL,,,9223 B ~ Enzyme substrate assay for measuring total coliforms and E. coli (ONPG-MUG test or CPRG-MUG test)
2024-07-22,10:57:00,Bacteria Monitoring 2024,DRBC-6107-127,6107-127,40.186674,-74.753876,Sample-Routine,90.9,MPN/100mL,,,9223 B ~ Enzyme substrate assay for measuring total coliforms and E. coli (ONPG-MUG test or CPRG-MUG test)
2024-07-22,11:10:00,Bacteria Monitoring 2024,DRBC-6107-128,6107-128,40.206565,-74.766394,Sample-Routine,23.1,MPN/100mL,,,9223 B ~ Enzyme substrate assay for measuring total coliforms and E. coli (ONPG-MUG test or CPRG-MUG test)
2024-07-22,11:12:00,Bacteria Monitoring 2024,DRBC-6107-129,6107-129,40.206315,-74.767268,Sample-Routine,33.1,MPN/100mL,,,9223 B ~ Enzyme substrate assay for measuring total coliforms and E. coli (ONPG-MUG test or CPRG-MUG test)
2024-07-22,11:08:00,Bacteria Monitoring 2024,DRBC-6107-130,6107-130,40.206848,-74.765613,Sample-Routine,85.7,MPN/100mL,,,9223 B ~ Enzyme substrate assay for measuring total coliforms and E. coli (ONPG-MUG test or CPRG-MUG test)
2024-07-22,11:14:00,Bacteria Monitoring 2024,DRBC-6107-131,6107-131,40.206082,-74.767981,Sample-Routine,40.2,MPN/100mL,,,9223 B ~ Enzyme substrate assay for measuring total coliforms and E. coli (ONPG-MUG test or CPRG-MUG test)
2025-07-28,08:53:00,Bacteria Monitoring 2025,DRBC-6107_001,6107_001,39.982605,-75.065202,Sample-Routine,1553.1,MPN/100mL,L,,9223 B ~ Enzyme substrate assay for measuring total coliforms and E. coli (ONPG-MUG test or CPRG-MUG test)
2025-07-28,08:55:00,Bacteria Monitoring 2025,DRBC-6107_002,6107_002,39.983365,-75.066275,Sample-Routine,172.5,MPN/100mL,,,9223 B ~ Enzyme substrate assay for measuring total coliforms and E. coli (ONPG-MUG test or CPRG-MUG test)
2025-07-28,08:56:00,Bacteria Monitoring 2025,DRBC-6107_003,6107_003,39.984562,-75.067971,Sample-Routine,275.5,MPN/100mL,,,9223 B ~ Enzyme substrate assay for measuring total coliforms and E. coli (ONPG-MUG test or CPRG-MUG test)
2025-07-28,08:57:00,Bacteria Monitoring 2025,DRBC-6107_004,6107_004,39.98513,-75.068813,Sample-Routine,344.8,MPN/100mL,,,9223 B ~ Enzyme substrate assay for measuring total coliforms and E. coli (ONPG-MUG test or CPRG-MUG test)
2025-07-28,08:59:00,Bacteria Monitoring 2025,DRBC-6107_005,6107_005,39.985648,-75.069813,Sample-Routine,517.2,MPN/100mL,,,9223 B ~ Enzyme substrate assay for measuring total coliforms and E. coli (ONPG-MUG test or CPRG-MUG test)
2025-07-28,09:16:00,Bacteria Monitoring 2025,DRBC-6107_006,6107_006,39.993604,-75.080701,Sample-Routine,410.6,MPN/100mL,,,9223 B ~ Enzyme substrate assay for measuring total coliforms and E. coli (ONPG-MUG test or CPRG-MUG test)
2025-07-28,09:05:00,Bacteria Monitoring 2025,DRBC-6107_009,6107_009,40.006754,-75.056197,Sample-Routine,248.9,MPN/100mL,,,9223 B ~ Enzyme substrate assay for measuring total coliforms and E. coli (ONPG-MUG test or CPRG-MUG test)
2025-07-28,09:09:00,Bacteria Monitoring 2025,DRBC-6107_010,6107_010,40.009969,-75.042944,Sample-Routine,61.6,MPN/100mL,,,9223 B ~ Enzyme substrate assay for measuring total coliforms and E. coli (ONPG-MUG test or CPRG-MUG test)
2025-07-28,09:11:00,Bacteria Monitoring 2025,DRBC-6107_011,6107_011,40.011885,-75.044057,Sample-Routine,55.6,MPN/100mL,,,9223 B ~ Enzyme substrate assay for measuring total coliforms and E. coli (ONPG-MUG test or CPRG-MUG test)
2025-07-28,09:13:00,Bacteria Monitoring 2025,DRBC-6107_012,6107_012,40.014052,-75.045711,Sample-Routine,172.3,MPN/100mL,,,9223 B ~ Enzyme substrate assay for measuring total coliforms and E. coli (ONPG-MUG test or CPRG-MUG test)
2025-07-28,08:55:00,Bacteria Monitoring 2025,DRBC-6107_013,6107_013,40.01668,-75.107116,Sample-Routine,1553.1,MPN/100mL,L,,9223 B ~ Enzyme substrate assay for measuring total coliforms and E. coli (ONPG-MUG test or CPRG-MUG test)
2025-07-28,09:24:00,Bacteria Monitoring 2025,DRBC-6107_014,6107_014,40.019748,-75.033026,Sample-Routine,172.5,MPN/100mL,,,9223 B ~ Enzyme substrate assay for measuring total coliforms and E. coli (ONPG-MUG test or CPRG-MUG test)
2025-07-28,09:30:00,Bacteria Monitoring 2025,DRBC-6107_015,6107_015,40.022851,-75.004345,Sample-Routine,62.4,MPN/100mL,,,9223 B ~ Enzyme substrate assay for measuring total coliforms and E. coli (ONPG-MUG test or CPRG-MUG test)
2025-07-28,09:31:00,Bacteria Monitoring 2025,DRBC-6107_016,6107_016,40.024236,-75.005679,Sample-Routine,30.1,MPN/100mL,,,9223 B ~ Enzyme substrate assay for measuring total coliforms and E. coli (ONPG-MUG test or CPRG-MUG test)
2025-07-28,09:33:00,Bacteria Monitoring 2025,DRBC-6107_017,6107_017,40.025414,-75.006823,Sample-Routine,115.3,MPN/100mL,,,9223 B ~ Enzyme substrate assay for measuring total coliforms and E. coli (ONPG-MUG test or CPRG-MUG test)
2025-07-28,09:35:00,Bacteria Monitoring 2025,DRBC-6107_018,6107_018,40.026865,-75.008773,Sample-Routine,156.5,MPN/100mL,,,9223 B ~ Enzyme substrate assay for measuring total coliforms and E. coli (ONPG-MUG test or CPRG-MUG test)
2025-07-28,09:36:00,Bacteria Monitoring 2025,DRBC-6107_019,6107_019,40.027932,-75.009999,Sample-Routine,547.5,MPN/100mL,,,9223 B ~ Enzyme substrate assay for measuring total coliforms and E. coli (ONPG-MUG test or CPRG-MUG test)
2025-07-28,09:45:00,Bacteria Monitoring 2025,DRBC-6107_020,6107_020,40.033358,-75.018026,Sample-Routine,2419.6,MPN/100mL,,,9223 B ~ Enzyme substrate assay for measuring total coliforms and E. coli (ONPG-MUG test or CPRG-MUG test)
2025-07-28,09:42:00,Bacteria Monitoring 2025,DRBC-6107_021,6107_021,40.041564,-74.990545,Sample-Routine,196.8,MPN/100mL,,,9223 B ~ Enzyme substrate assay for measuring total coliforms and E. coli (ONPG-MUG test or CPRG-MUG test)
2025-07-28,10:00:00,Bacteria Monitoring 2025,DRBC-6107_022,6107_022,40.0494,-75.026565,Sample-Routine,501.2,MPN/100mL,,,9223 B ~ Enzyme substrate assay for measuring total coliforms and E. coli (ONPG-MUG test or CPRG-MUG test)
2025-07-28,09:46:00,Bacteria Monitoring 2025,DRBC-6107_023,6107_023,40.051178,-74.97831,Sample-Routine,133.4,MPN/100mL,,,9223 B ~ Enzyme substrate assay for measuring total coliforms and E. coli (ONPG-MUG test or CPRG-MUG test)
2025-07-28,09:53:00,Bacteria Monitoring 2025,DRBC-6107_024,6107_024,40.053149,-74.959818,Sample-Routine,41.7,MPN/100mL,,,9223 B ~ Enzyme substrate assay for measuring total coliforms and E. coli (ONPG-MUG test or CPRG-MUG test)
2025-07-28,10:40:00,Bacteria Monitoring 2025,DRBC-6107_027,6107_027,40.053743,-74.982025,Sample-Routine,2419.6,MPN/100mL,,,9223 B ~ Enzyme substrate assay for measuring total coliforms and E. coli (ONPG-MUG test or CPRG-MUG test)
2025-07-28,09:57:00,Bacteria Monitoring 2025,DRBC-6107_028,6107_028,40.0546,-74.961117,Sample-Routine,49.5,MPN/100mL,,,9223 B ~ Enzyme substrate assay for measuring total coliforms and E. coli (ONPG-MUG test or CPRG-MUG test)
2025-07-28,09:58:00,Bacteria Monitoring 2025,DRBC-6107_029,6107_029,40.056244,-74.962182,Sample-Routine,34.1,MPN/100mL,,,9223 B ~ Enzyme substrate assay for measuring total coliforms and E. coli (ONPG-MUG test or CPRG-MUG test)
2025-07-28,09:59:00,Bacteria Monitoring 2025,DRBC-6107_030,6107_030,40.05727,-74.963321,Sample-Routine,77.6,MPN/100mL,,,9223 B ~ Enzyme substrate assay for measuring total coliforms and E. coli (ONPG-MUG test or CPRG-MUG test)
2025-07-28,10:01:00,Bacteria Monitoring 2025,DRBC-6107_031,6107_031,40.058676,-74.96436,Sample-Routine,88.8,MPN/100mL,,,9223 B ~ Enzyme substrate assay for measuring total coliforms and E. coli (ONPG-MUG test or CPRG-MUG test)
2025-07-28,10:25:00,Bacteria Monitoring 2025,DRBC-6107_032,6107_032,40.064948,-74.981065,Sample-Routine,870.4,MPN/100mL,L,,9223 B ~ Enzyme substrate assay for measuring total coliforms and E. coli (ONPG-MUG test or CPRG-MUG test)
2025-07-28,10:10:00,Bacteria Monitoring 2025,DRBC-6107_033,6107_033,40.073224,-74.914095,Sample-Routine,74.3,MPN/100mL,,,9223 B ~ Enzyme substrate assay for measuring total coliforms and E. coli (ONPG-MUG test or CPRG-MUG test)
2025-07-28,10:28:00,Bacteria Monitoring 2025,DRBC-6107_034,6107_034,40.074434,-74.906087,Sample-Routine,517.2,MPN/100mL,,,9223 B ~ Enzyme substrate assay for measuring total coliforms and E. coli (ONPG-MUG test or CPRG-MUG test)
2025-07-28,10:13:00,Bacteria Monitoring 2025,DRBC-6107_035,6107_035,40.075601,-74.901185,Sample-Routine,28.2,MPN/100mL,,,9223 B ~ Enzyme substrate assay for measuring total coliforms and E. coli (ONPG-MUG test or CPRG-MUG test)
2025-07-28,10:18:00,Bacteria Monitoring 2025,DRBC-6107_036,6107_036,40.076605,-74.884269,Sample-Routine,29.5,MPN/100mL,,,9223 B ~ Enzyme substrate assay for measuring total coliforms and E. coli (ONPG-MUG test or CPRG-MUG test)
2025-07-28,10:20:00,Bacteria Monitoring 2025,DRBC-6107_037,6107_037,40.078262,-74.884861,Sample-Routine,24.6,MPN/100mL,,,9223 B ~ Enzyme substrate assay for measuring total coliforms and E. coli (ONPG-MUG test or CPRG-MUG test)
2025-07-28,10:22:00,Bacteria Monitoring 2025,DRBC-6107_038,6107_038,40.080014,-74.885481,Sample-Routine,30.1,MPN/100mL,,,9223 B ~ Enzyme substrate assay for measuring total coliforms and E. coli (ONPG-MUG test or CPRG-MUG test)
2025-07-28,11:00:00,Bacteria Monitoring 2025,DRBC-6107_039,6107_039,40.093569,-74.913619,Sample-Routine,51.2,MPN/100mL,,,9223 B ~ Enzyme substrate assay for measuring total coliforms and E. coli (ONPG-MUG test or CPRG-MUG test)
2025-07-28,11:15:00,Bacteria Monitoring 2025,DRBC-6107_040,6107_040,40.094027,-74.862507,Sample-Routine,68.9,MPN/100mL,,,9223 B ~ Enzyme substrate assay for measuring total coliforms and E. coli (ONPG-MUG test or CPRG-MUG test)
2025-07-28,11:25:00,Bacteria Monitoring 2025,DRBC-6107_041,6107_041,40.103018,-74.863965,Sample-Routine,111.8,MPN/100mL,,,9223 B ~ Enzyme substrate assay for measuring total coliforms and E. coli (ONPG-MUG test or CPRG-MUG test)
2025-07-28,11:50:00,Bacteria Monitoring 2025,DRBC-6107_042,6107_042,40.141492,-74.912421,Sample-Routine,60.5,MPN/100mL,,,9223 B ~ Enzyme substrate assay for measuring total coliforms and E. coli (ONPG-MUG test or CPRG-MUG test)
2025-07-29,12:36:00,Bacteria Monitoring 2025,DRBC-6107_043,6107_043,40.253244,-74.845336,Sample-Routine,9.5,MPN/100mL,,,9223 B ~ Enzyme substrate assay for measuring total coliforms and E. coli (ONPG-MUG test or CPRG-MUG test)
2025-07-29,12:20:00,Bacteria Monitoring 2025,DRBC-6107_044,6107_044,40.294832,-74.868938,Sample-Routine,4.1,MPN/100mL,,,9223 B ~ Enzyme substrate assay for measuring total coliforms and E. coli (ONPG-MUG test or CPRG-MUG test)
2025-07-29,12:22:00,Bacteria Monitoring 2025,DRBC-6107_045,6107_045,40.29524,-74.868297,Sample-Routine,7.4,MPN/100mL,,,9223 B ~ Enzyme substrate assay for measuring total coliforms and E. coli (ONPG-MUG test or CPRG-MUG test)
2025-07-29,12:24:00,Bacteria Monitoring 2025,DRBC-6107_046,6107_046,40.295765,-74.867539,Sample-Routine,9.5,MPN/100mL,,,9223 B ~ Enzyme substrate assay for measuring total coliforms and E. coli (ONPG-MUG test or CPRG-MUG test)
2025-07-29,11:40:00,Bacteria Monitoring 2025,DRBC-6107_047,6107_047,40.333411,-74.935782,Sample-Routine,31.8,MPN/100mL,,,9223 B ~ Enzyme substrate assay for measuring total coliforms and E. coli (ONPG-MUG test or CPRG-MUG test)
2025-07-29,11:19:00,Bacteria Monitoring 2025,DRBC-6107_048,6107_048,40.407049,-75.00366,Sample-Routine,29.1,MPN/100mL,,,9223 B ~ Enzyme substrate assay for measuring total coliforms and E. coli (ONPG-MUG test or CPRG-MUG test)
2025-07-29,11:05:00,Bacteria Monitoring 2025,DRBC-6107_049,6107_049,40.407416,-75.037649,Sample-Routine,17.3,MPN/100mL,,,9223 B ~ Enzyme substrate assay for measuring total coliforms and E. coli (ONPG-MUG test or CPRG-MUG test)
2025-07-29,11:07:00,Bacteria Monitoring 2025,DRBC-6107_050,6107_050,40.407803,-75.037334,Sample-Routine,6.3,MPN/100mL,,,9223 B ~ Enzyme substrate assay for measuring total coliforms and E. coli (ONPG-MUG test or CPRG-MUG test)
2025-07-29,11:09:00,Bacteria Monitoring 2025,DRBC-6107_051,6107_051,40.408098,-75.037098,Sample-Routine,4.1,MPN/100mL,,,9223 B ~ Enzyme substrate assay for measuring total coliforms and E. coli (ONPG-MUG test or CPRG-MUG test)
2025-07-29,10:38:00,Bacteria Monitoring 2025,DRBC-6107_052,6107_052,40.506697,-75.067197,Sample-Routine,31.8,MPN/100mL,,,9223 B ~ Enzyme substrate assay for measuring total coliforms and E. coli (ONPG-MUG test or CPRG-MUG test)
2025-07-29,10:17:00,Bacteria Monitoring 2025,DRBC-6107_055,6107_055,40.56604,-75.099181,Sample-Routine,23.8,MPN/100mL,,,9223 B ~ Enzyme substrate assay for measuring total coliforms and E. coli (ONPG-MUG test or CPRG-MUG test)
2025-07-29,10:19:00,Bacteria Monitoring 2025,DRBC-6107_056,6107_056,40.566517,-75.098521,Sample-Routine,14.5,MPN/100mL,,,9223 B ~ Enzyme substrate assay for measuring total coliforms and E. coli (ONPG-MUG test or CPRG-MUG test)
2025-07-29,10:15:00,Bacteria Monitoring 2025,DRBC-6107_057,6107_057,40.566853,-75.098051,Sample-Routine,23.8,MPN/100mL,,,9223 B ~ Enzyme substrate assay for measuring total coliforms and E. coli (ONPG-MUG test or CPRG-MUG test)
2025-07-29,09:43:00,Bacteria Monitoring 2025,DRBC-6107_058,6107_058,40.594063,-75.191368,Sample-Routine,27.9,MPN/100mL,,,9223 B ~ Enzyme substrate assay for measuring total coliforms and E. coli (ONPG-MUG test or CPRG-MUG test)
2025-07-29,09:45:00,Bacteria Monitoring 2025,DRBC-6107_059,6107_059,40.594267,-75.19077,Sample-Routine,23.8,MPN/100mL,,,9223 B ~ Enzyme substrate assay for measuring total coliforms and E. coli (ONPG-MUG test or CPRG-MUG test)
2025-07-29,09:47:00,Bacteria Monitoring 2025,DRBC-6107_060,6107_060,40.594435,-75.190078,Sample-Routine,24.3,MPN/100mL,,,9223 B ~ Enzyme substrate assay for measuring total coliforms and E. coli (ONPG-MUG test or CPRG-MUG test)
2025-07-29,09:35:00,Bacteria Monitoring 2025,DRBC-6107_061,6107_061,40.626862,-75.190309,Sample-Routine,32.7,MPN/100mL,,,9223 B ~ Enzyme substrate assay for measuring total coliforms and E. coli (ONPG-MUG test or CPRG-MUG test)
2025-07-29,09:20:00,Bacteria Monitoring 2025,DRBC-6107_062,6107_062,40.668842,-75.182369,Sample-Routine,17.1,MPN/100mL,,,9223 B ~ Enzyme substrate assay for measuring total coliforms and E. coli (ONPG-MUG test or CPRG-MUG test)
2025-07-29,08:50:00,Bacteria Monitoring 2025,DRBC-6107_063,6107_063,40.688907,-75.206612,Sample-Routine,52,MPN/100mL,,,9223 B ~ Enzyme substrate assay for measuring total coliforms and E. coli (ONPG-MUG test or CPRG-MUG test)
2025-07-29,09:00:00,Bacteria Monitoring 2025,DRBC-6107_064,6107_064,40.691447,-75.204686,Sample-Routine,30.5,MPN/100mL,,,9223 B ~ Enzyme substrate assay for measuring total coliforms and E. coli (ONPG-MUG test or CPRG-MUG test)
2025-07-29,08:58:00,Bacteria Monitoring 2025,DRBC-6107_065,6107_065,40.691469,-75.204052,Sample-Routine,8.6,MPN/100mL,,,9223 B ~ Enzyme substrate assay for measuring total coliforms and E. coli (ONPG-MUG test or CPRG-MUG test)
2025-07-29,09:02:00,Bacteria Monitoring 2025,DRBC-6107_066,6107_066,40.691491,-75.203684,Sample-Routine,16,MPN/100mL,,,9223 B ~ Enzyme substrate assay for measuring total coliforms and E. coli (ONPG-MUG test or CPRG-MUG test)
2025-07-30,09:20:00,Bacteria Monitoring 2025,DRBC-6107_001,6107_001,39.982605,-75.065202,Sample-Routine,488.4,MPN/100mL,,,9223 B ~ Enzyme substrate assay for measuring total coliforms and E. coli (ONPG-MUG test or CPRG-MUG test)
2025-07-30,09:22:00,Bacteria Monitoring 2025,DRBC-6107_002,6107_002,39.983365,-75.066275,Sample-Routine,290.9,MPN/100mL,,,9223 B ~ Enzyme substrate assay for measuring total coliforms and E. coli (ONPG-MUG test or CPRG-MUG test)
2025-07-30,09:23:00,Bacteria Monitoring 2025,DRBC-6107_003,6107_003,39.984562,-75.067971,Sample-Routine,152.9,MPN/100mL,,,9223 B ~ Enzyme substrate assay for measuring total coliforms and E. coli (ONPG-MUG test or CPRG-MUG test)
2025-07-30,09:24:00,Bacteria Monitoring 2025,DRBC-6107_004,6107_004,39.98513,-75.068813,Sample-Routine,135.4,MPN/100mL,,,9223 B ~ Enzyme substrate assay for measuring total coliforms and E. coli (ONPG-MUG test or CPRG-MUG test)
2025-07-30,09:25:00,Bacteria Monitoring 2025,DRBC-6107_005,6107_005,39.985648,-75.069813,Sample-Routine,108.1,MPN/100mL,,,9223 B ~ Enzyme substrate assay for measuring total coliforms and E. coli (ONPG-MUG test or CPRG-MUG test)
2025-07-30,09:20:00,Bacteria Monitoring 2025,DRBC-6107_006,6107_006,39.993604,-75.080701,Sample-Routine,238.2,MPN/100mL,,,9223 B ~ Enzyme substrate assay for measuring total coliforms and E. coli (ONPG-MUG test or CPRG-MUG test)
2025-07-30,09:33:00,Bacteria Monitoring 2025,DRBC-6107_009,6107_009,40.006754,-75.056197,Sample-Routine,93.3,MPN/100mL,,,9223 B ~ Enzyme substrate assay for measuring total coliforms and E. coli (ONPG-MUG test or CPRG-MUG test)
2025-07-30,09:38:00,Bacteria Monitoring 2025,DRBC-6107_010,6107_010,40.009969,-75.042944,Sample-Routine,55.6,MPN/100mL,,,9223 B ~ Enzyme substrate assay for measuring total coliforms and E. coli (ONPG-MUG test or CPRG-MUG test)
2025-07-30,09:41:00,Bacteria Monitoring 2025,DRBC-6107_011,6107_011,40.011885,-75.044057,Sample-Routine,41.1,MPN/100mL,,,9223 B ~ Enzyme substrate assay for measuring total coliforms and E. coli (ONPG-MUG test or CPRG-MUG test)
2025-07-30,09:44:00,Bacteria Monitoring 2025,DRBC-6107_012,6107_012,40.014052,-75.045711,Sample-Routine,62.7,MPN/100mL,,,9223 B ~ Enzyme substrate assay for measuring total coliforms and E. coli (ONPG-MUG test or CPRG-MUG test)
2025-07-30,08:55:00,Bacteria Monitoring 2025,DRBC-6107_013,6107_013,40.01668,-75.107116,Sample-Routine,980.4,MPN/100mL,,,9223 B ~ Enzyme substrate assay for measuring total coliforms and E. coli (ONPG-MUG test or CPRG-MUG test)
2025-07-30,09:48:00,Bacteria Monitoring 2025,DRBC-6107_014,6107_014,40.019748,-75.033026,Sample-Routine,70.8,MPN/100mL,,,9223 B ~ Enzyme substrate assay for measuring total coliforms and E. coli (ONPG-MUG test or CPRG-MUG test)
2025-07-30,10:01:00,Bacteria Monitoring 2025,DRBC-6107_015,6107_015,40.022851,-75.004345,Sample-Routine,26.6,MPN/100mL,,,9223 B ~ Enzyme substrate assay for measuring total coliforms and E. coli (ONPG-MUG test or CPRG-MUG test)
2025-07-30,10:03:00,Bacteria Monitoring 2025,DRBC-6107_016,6107_016,40.024236,-75.005679,Sample-Routine,31.7,MPN/100mL,,,9223 B ~ Enzyme substrate assay for measuring total coliforms and E. coli (ONPG-MUG test or CPRG-MUG test)
2025-07-30,10:04:00,Bacteria Monitoring 2025,DRBC-6107_017,6107_017,40.025414,-75.006823,Sample-Routine,35.9,MPN/100mL,,,9223 B ~ Enzyme substrate assay for measuring total coliforms and E. coli (ONPG-MUG test or CPRG-MUG test)
2025-07-30,10:06:00,Bacteria Monitoring 2025,DRBC-6107_018,6107_018,40.026865,-75.008773,Sample-Routine,40.8,MPN/100mL,,,9223 B ~ Enzyme substrate assay for measuring total coliforms and E. coli (ONPG-MUG test or CPRG-MUG test)
2025-07-30,10:07:00,Bacteria Monitoring 2025,DRBC-6107_019,6107_019,40.027932,-75.009999,Sample-Routine,81.6,MPN/100mL,,,9223 B ~ Enzyme substrate assay for measuring total coliforms and E. coli (ONPG-MUG test or CPRG-MUG test)
2025-07-30,09:50:00,Bacteria Monitoring 2025,DRBC-6107_020,6107_020,40.033358,-75.018026,Sample-Routine,260.3,MPN/100mL,,,9223 B ~ Enzyme substrate assay for measuring total coliforms and E. coli (ONPG-MUG test or CPRG-MUG test)
2025-07-30,10:14:00,Bacteria Monitoring 2025,DRBC-6107_021,6107_021,40.041564,-74.990545,Sample-Routine,44.3,MPN/100mL,,,9223 B ~ Enzyme substrate assay for measuring total coliforms and E. coli (ONPG-MUG test or CPRG-MUG test)
2025-07-30,10:00:00,Bacteria Monitoring 2025,DRBC-6107_022,6107_022,40.0494,-75.026565,Sample-Routine,113,MPN/100mL,,,9223 B ~ Enzyme substrate assay for measuring total coliforms and E. coli (ONPG-MUG test or CPRG-MUG test)
2025-07-30,10:19:00,Bacteria Monitoring 2025,DRBC-6107_023,6107_023,40.051178,-74.97831,Sample-Routine,53.7,MPN/100mL,,,9223 B ~ Enzyme substrate assay for measuring total coliforms and E. coli (ONPG-MUG test or CPRG-MUG test)
2025-07-30,10:27:00,Bacteria Monitoring 2025,DRBC-6107_024,6107_024,40.053149,-74.959818,Sample-Routine,42.2,MPN/100mL,,,9223 B ~ Enzyme substrate assay for measuring total coliforms and E. coli (ONPG-MUG test or CPRG-MUG test)
2025-07-30,10:40:00,Bacteria Monitoring 2025,DRBC-6107_027,6107_027,40.053743,-74.982025,Sample-Routine,142.1,MPN/100mL,,,9223 B ~ Enzyme substrate assay for measuring total coliforms and E. coli (ONPG-MUG test or CPRG-MUG test)
2025-07-30,10:34:00,Bacteria Monitoring 2025,DRBC-6107_028,6107_028,40.0546,-74.961117,Sample-Routine,27.5,MPN/100mL,,,9223 B ~ Enzyme substrate assay for measuring total coliforms and E. coli (ONPG-MUG test or CPRG-MUG test)
2025-07-30,10:36:00,Bacteria Monitoring 2025,DRBC-6107_029,6107_029,40.056244,-74.962182,Sample-Routine,29.2,MPN/100mL,,,9223 B ~ Enzyme substrate assay for measuring total coliforms and E. coli (ONPG-MUG test or CPRG-MUG test)
2025-07-30,10:48:00,Bacteria Monitoring 2025,DRBC-6107_030,6107_030,40.05727,-74.963321,Sample-Routine,25.9,MPN/100mL,,,9223 B ~ Enzyme substrate assay for measuring total coliforms and E. coli (ONPG-MUG test or CPRG-MUG test)
2025-07-30,10:51:00,Bacteria Monitoring 2025,DRBC-6107_031,6107_031,40.058676,-74.96436,Sample-Routine,50.4,MPN/100mL,,,9223 B ~ Enzyme substrate assay for measuring total coliforms and E. coli (ONPG-MUG test or CPRG-MUG test)
2025-07-30,10:30:00,Bacteria Monitoring 2025,DRBC-6107_032,6107_032,40.064948,-74.981065,Sample-Routine,547.5,MPN/100mL,,,9223 B ~ Enzyme substrate assay for measuring total coliforms and E. coli (ONPG-MUG test or CPRG-MUG test)
2025-07-30,10:57:00,Bacteria Monitoring 2025,DRBC-6107_033,6107_033,40.073224,-74.914095,Sample-Routine,280.9,MPN/100mL,,,9223 B ~ Enzyme substrate assay for measuring total coliforms and E. coli (ONPG-MUG test or CPRG-MUG test)
2025-07-30,11:15:00,Bacteria Monitoring 2025,DRBC-6107_034,6107_034,40.074434,-74.906087,Sample-Routine,51.2,MPN/100mL,,,9223 B ~ Enzyme substrate assay for measuring total coliforms and E. coli (ONPG-MUG test or CPRG-MUG test)
2025-07-30,11:00:00,Bacteria Monitoring 2025,DRBC-6107_035,6107_035,40.075601,-74.901185,Sample-Routine,36.4,MPN/100mL,,,9223 B ~ Enzyme substrate assay for measuring total coliforms and E. coli (ONPG-MUG test or CPRG-MUG test)
2025-07-30,11:02:00,Bacteria Monitoring 2025,DRBC-6107_036,6107_036,40.076605,-74.884269,Sample-Routine,31.3,MPN/100mL,,,9223 B ~ Enzyme substrate assay for measuring total coliforms and E. coli (ONPG-MUG test or CPRG-MUG test)
2025-07-30,11:04:00,Bacteria Monitoring 2025,DRBC-6107_037,6107_037,40.078262,-74.884861,Sample-Routine,38.4,MPN/100mL,,,9223 B ~ Enzyme substrate assay for measuring total coliforms and E. coli (ONPG-MUG test or CPRG-MUG test)
2025-07-30,11:06:00,Bacteria Monitoring 2025,DRBC-6107_038,6107_038,40.080014,-74.885481,Sample-Routine,34.5,MPN/100mL,,,9223 B ~ Enzyme substrate assay for measuring total coliforms and E. coli (ONPG-MUG test or CPRG-MUG test)
2025-07-30,11:00:00,Bacteria Monitoring 2025,DRBC-6107_039,6107_039,40.093569,-74.913619,Sample-Routine,65.7,MPN/100mL,,,9223 B ~ Enzyme substrate assay for measuring total coliforms and E. coli (ONPG-MUG test or CPRG-MUG test)
2025-07-30,11:15:00,Bacteria Monitoring 2025,DRBC-6107_040,6107_040,40.094027,-74.862507,Sample-Routine,110,MPN/100mL,,,9223 B ~ Enzyme substrate assay for measuring total coliforms and E. coli (ONPG-MUG test or CPRG-MUG test)
2025-07-30,11:25:00,Bacteria Monitoring 2025,DRBC-6107_041,6107_041,40.103018,-74.863965,Sample-Routine,39.1,MPN/100mL,,,9223 B ~ Enzyme substrate assay for measuring total coliforms and E. coli (ONPG-MUG test or CPRG-MUG test)
2025-07-30,11:50:00,Bacteria Monitoring 2025,DRBC-6107_042,6107_042,40.141492,-74.912421,Sample-Routine,23.8,MPN/100mL,,,9223 B ~ Enzyme substrate assay for measuring total coliforms and E. coli (ONPG-MUG test or CPRG-MUG test)
2025-07-31,12:12:00,Bacteria Monitoring 2025,DRBC-6107_043,6107_043,40.253244,-74.845336,Sample-Routine,6.3,MPN/100mL,,,9223 B ~ Enzyme substrate assay for measuring total coliforms and E. coli (ONPG-MUG test or CPRG-MUG test)
2025-07-31,12:00:00,Bacteria Monitoring 2025,DRBC-6107_044,6107_044,40.294832,-74.868938,Sample-Routine,11.9,MPN/100mL,,,9223 B ~ Enzyme substrate assay for measuring total coliforms and E. coli (ONPG-MUG test or CPRG-MUG test)
2025-07-31,12:02:00,Bacteria Monitoring 2025,DRBC-6107_045,6107_045,40.29524,-74.868297,Sample-Routine,14.8,MPN/100mL,,,9223 B ~ Enzyme substrate assay for measuring total coliforms and E. coli (ONPG-MUG test or CPRG-MUG test)
2025-07-31,11:57:00,Bacteria Monitoring 2025,DRBC-6107_046,6107_046,40.295765,-74.867539,Sample-Routine,9.8,MPN/100mL,,,9223 B ~ Enzyme substrate assay for measuring total coliforms and E. coli (ONPG-MUG test or CPRG-MUG test)
2025-07-31,11:35:00,Bacteria Monitoring 2025,DRBC-6107_047,6107_047,40.333411,-74.935782,Sample-Routine,231,MPN/100mL,,,9223 B ~ Enzyme substrate assay for measuring total coliforms and E. coli (ONPG-MUG test or CPRG-MUG test)
2025-07-31,11:15:00,Bacteria Monitoring 2025,DRBC-6107_048,6107_048,40.407049,-75.00366,Sample-Routine,26.2,MPN/100mL,,,9223 B ~ Enzyme substrate assay for measuring total coliforms and E. coli (ONPG-MUG test or CPRG-MUG test)
2025-07-31,10:59:00,Bacteria Monitoring 2025,DRBC-6107_049,6107_049,40.407416,-75.037649,Sample-Routine,42,MPN/100mL,,,9223 B ~ Enzyme substrate assay for measuring total coliforms and E. coli (ONPG-MUG test or CPRG-MUG test)
2025-07-31,11:03:00,Bacteria Monitoring 2025,DRBC-6107_050,6107_050,40.407803,-75.037334,Sample-Routine,17.1,MPN/100mL,,,9223 B ~ Enzyme substrate assay for measuring total coliforms and E. coli (ONPG-MUG test or CPRG-MUG test)
2025-07-31,11:00:00,Bacteria Monitoring 2025,DRBC-6107_051,6107_051,40.408098,-75.037098,Sample-Routine,7.3,MPN/100mL,,,9223 B ~ Enzyme substrate assay for measuring total coliforms and E. coli (ONPG-MUG test or CPRG-MUG test)
2025-07-31,10:37:00,Bacteria Monitoring 2025,DRBC-6107_052,6107_052,40.506697,-75.067197,Sample-Routine,62,MPN/100mL,,,9223 B ~ Enzyme substrate assay for measuring total coliforms and E. coli (ONPG-MUG test or CPRG-MUG test)
2025-07-31,10:20:00,Bacteria Monitoring 2025,DRBC-6107_055,6107_055,40.56604,-75.099181,Sample-Routine,22.6,MPN/100mL,,,9223 B ~ Enzyme substrate assay for measuring total coliforms and E. coli (ONPG-MUG test or CPRG-MUG test)
2025-07-31,10:24:00,Bacteria Monitoring 2025,DRBC-6107_056,6107_056,40.566517,-75.098521,Sample-Routine,13.2,MPN/100mL,,,9223 B ~ Enzyme substrate assay for measuring total coliforms and E. coli (ONPG-MUG test or CPRG-MUG test)
2025-07-31,10:19:00,Bacteria Monitoring 2025,DRBC-6107_057,6107_057,40.566853,-75.098051,Sample-Routine,17.1,MPN/100mL,,,9223 B ~ Enzyme substrate assay for measuring total coliforms and E. coli (ONPG-MUG test or CPRG-MUG test)
2025-07-31,09:57:00,Bacteria Monitoring 2025,DRBC-6107_058,6107_058,40.594063,-75.191368,Sample-Routine,27.5,MPN/100mL,,,9223 B ~ Enzyme substrate assay for measuring total coliforms and E. coli (ONPG-MUG test or CPRG-MUG test)
2025-07-31,09:53:00,Bacteria Monitoring 2025,DRBC-6107_059,6107_059,40.594267,-75.19077,Sample-Routine,23.1,MPN/100mL,,,9223 B ~ Enzyme substrate assay for measuring total coliforms and E. coli (ONPG-MUG test or CPRG-MUG test)
2025-07-31,09:52:00,Bacteria Monitoring 2025,DRBC-6107_060,6107_060,40.594435,-75.190078,Sample-Routine,41.4,MPN/100mL,,,9223 B ~ Enzyme substrate assay for measuring total coliforms and E. coli (ONPG-MUG test or CPRG-MUG test)
2025-07-31,09:40:00,Bacteria Monitoring 2025,DRBC-6107_061,6107_061,40.626862,-75.190309,Sample-Routine,27.5,MPN/100mL,,,9223 B ~ Enzyme substrate assay for measuring total coliforms and E. coli (ONPG-MUG test or CPRG-MUG test)
2025-07-31,09:28:00,Bacteria Monitoring 2025,DRBC-6107_062,6107_062,40.668842,-75.182369,Sample-Routine,56.5,MPN/100mL,,,9223 B ~ Enzyme substrate assay for measuring total coliforms and E. coli (ONPG-MUG test or CPRG-MUG test)
2025-07-31,09:00:00,Bacteria Monitoring 2025,DRBC-6107_063,6107_063,40.688907,-75.206612,Sample-Routine,60.9,MPN/100mL,,,9223 B ~ Enzyme substrate assay for measuring total coliforms and E. coli (ONPG-MUG test or CPRG-MUG test)
2025-07-31,09:07:00,Bacteria Monitoring 2025,DRBC-6107_064,6107_064,40.691447,-75.204686,Sample-Routine,21.3,MPN/100mL,,,9223 B ~ Enzyme substrate assay for measuring total coliforms and E. coli (ONPG-MUG test or CPRG-MUG test)
2025-07-31,09:12:00,Bacteria Monitoring 2025,DRBC-6107_065,6107_065,40.691469,-75.204052,Sample-Routine,21.1,MPN/100mL,,,9223 B ~ Enzyme substrate assay for measuring total coliforms and E. coli (ONPG-MUG test or CPRG-MUG test)
2025-07-31,09:06:00,Bacteria Monitoring 2025,DRBC-6107_066,6107_066,40.691491,-75.203684,Sample-Routine,24.9,MPN/100mL,,,9223 B ~ Enzyme substrate assay for measuring total coliforms and E. coli (ONPG-MUG test or CPRG-MUG test)
2025-08-04,08:58:00,Bacteria Monitoring 2025,DRBC-6107_001,6107_001,39.982605,-75.065202,Sample-Routine,95.9,MPN/100mL,,,9223 B ~ Enzyme substrate assay for measuring total coliforms and E. coli (ONPG-MUG test or CPRG-MUG test)
2025-08-04,09:00:00,Bacteria Monitoring 2025,DRBC-6107_002,6107_002,39.983365,-75.066275,Sample-Routine,108.6,MPN/100mL,,,9223 B ~ Enzyme substrate assay for measuring total coliforms and E. coli (ONPG-MUG test or CPRG-MUG test)
2025-08-04,09:01:00,Bacteria Monitoring 2025,DRBC-6107_003,6107_003,39.984562,-75.067971,Sample-Routine,90.8,MPN/100mL,,,9223 B ~ Enzyme substrate assay for measuring total coliforms and E. coli (ONPG-MUG test or CPRG-MUG test)
2025-08-04,09:02:00,Bacteria Monitoring 2025,DRBC-6107_004,6107_004,39.98513,-75.068813,Sample-Routine,81.6,MPN/100mL,,,9223 B ~ Enzyme substrate assay for measuring total coliforms and E. coli (ONPG-MUG test or CPRG-MUG test)
2025-08-04,09:04:00,Bacteria Monitoring 2025,DRBC-6107_005,6107_005,39.985648,-75.069813,Sample-Routine,135.4,MPN/100mL,,,9223 B ~ Enzyme substrate assay for measuring total coliforms and E. coli (ONPG-MUG test or CPRG-MUG test)
2025-08-04,09:18:00,Bacteria Monitoring 2025,DRBC-6107_006,6107_006,39.993604,-75.080701,Sample-Routine,160.7,MPN/100mL,,,9223 B ~ Enzyme substrate assay for measuring total coliforms and E. coli (ONPG-MUG test or CPRG-MUG test)
2025-08-04,09:09:00,Bacteria Monitoring 2025,DRBC-6107_009,6107_009,40.006754,-75.056197,Sample-Routine,98.7,MPN/100mL,,,9223 B ~ Enzyme substrate assay for measuring total coliforms and E. coli (ONPG-MUG test or CPRG-MUG test)
2025-08-04,09:12:00,Bacteria Monitoring 2025,DRBC-6107_010,6107_010,40.009969,-75.042944,Sample-Routine,57.1,MPN/100mL,,,9223 B ~ Enzyme substrate assay for measuring total coliforms and E. coli (ONPG-MUG test or CPRG-MUG test)
2025-08-04,09:14:00,Bacteria Monitoring 2025,DRBC-6107_011,6107_011,40.011885,-75.044057,Sample-Routine,54.5,MPN/100mL,,,9223 B ~ Enzyme substrate assay for measuring total coliforms and E. coli (ONPG-MUG test or CPRG-MUG test)
2025-08-04,09:16:00,Bacteria Monitoring 2025,DRBC-6107_012,6107_012,40.014052,-75.045711,Sample-Routine,56.5,MPN/100mL,,,9223 B ~ Enzyme substrate assay for measuring total coliforms and E. coli (ONPG-MUG test or CPRG-MUG test)
2025-08-04,08:53:00,Bacteria Monitoring 2025,DRBC-6107_013,6107_013,40.01668,-75.107116,Sample-Routine,2419.6,MPN/100mL,L,,9223 B ~ Enzyme substrate assay for measuring total coliforms and E. coli (ONPG-MUG test or CPRG-MUG test)
2025-08-04,09:19:00,Bacteria Monitoring 2025,DRBC-6107_014,6107_014,40.019748,-75.033026,Sample-Routine,88.2,MPN/100mL,,,9223 B ~ Enzyme substrate assay for measuring total coliforms and E. coli (ONPG-MUG test or CPRG-MUG test)
2025-08-04,09:24:00,Bacteria Monitoring 2025,DRBC-6107_015,6107_015,40.022851,-75.004345,Sample-Routine,36.4,MPN/100mL,,,9223 B ~ Enzyme substrate assay for measuring total coliforms and E. coli (ONPG-MUG test or CPRG-MUG test)
2025-08-04,09:25:00,Bacteria Monitoring 2025,DRBC-6107_016,6107_016,40.024236,-75.005679,Sample-Routine,42,MPN/100mL,,,9223 B ~ Enzyme substrate assay for measuring total coliforms and E. coli (ONPG-MUG test or CPRG-MUG test)
2025-08-04,09:26:00,Bacteria Monitoring 2025,DRBC-6107_017,6107_017,40.025414,-75.006823,Sample-Routine,55.6,MPN/100mL,,,9223 B ~ Enzyme substrate assay for measuring total coliforms and E. coli (ONPG-MUG test or CPRG-MUG test)
2025-08-04,09:28:00,Bacteria Monitoring 2025,DRBC-6107_018,6107_018,40.026865,-75.008773,Sample-Routine,83.3,MPN/100mL,,,9223 B ~ Enzyme substrate assay for measuring total coliforms and E. coli (ONPG-MUG test or CPRG-MUG test)
2025-08-04,09:30:00,Bacteria Monitoring 2025,DRBC-6107_019,6107_019,40.027932,-75.009999,Sample-Routine,119.8,MPN/100mL,,,9223 B ~ Enzyme substrate assay for measuring total coliforms and E. coli (ONPG-MUG test or CPRG-MUG test)
2025-08-04,09:42:00,Bacteria Monitoring 2025,DRBC-6107_020,6107_020,40.033358,-75.018026,Sample-Routine,387.3,MPN/100mL,,,9223 B ~ Enzyme substrate assay for measuring total coliforms and E. coli (ONPG-MUG test or CPRG-MUG test)
2025-08-04,09:35:00,Bacteria Monitoring 2025,DRBC-6107_021,6107_021,40.041564,-74.990545,Sample-Routine,186,MPN/100mL,,,9223 B ~ Enzyme substrate assay for measuring total coliforms and E. coli (ONPG-MUG test or CPRG-MUG test)
2025-08-04,10:00:00,Bacteria Monitoring 2025,DRBC-6107_022,6107_022,40.0494,-75.026565,Sample-Routine,160.7,MPN/100mL,,,9223 B ~ Enzyme substrate assay for measuring total coliforms and E. coli (ONPG-MUG test or CPRG-MUG test)
2025-08-04,09:39:00,Bacteria Monitoring 2025,DRBC-6107_023,6107_023,40.051178,-74.97831,Sample-Routine,172.3,MPN/100mL,,,9223 B ~ Enzyme substrate assay for measuring total coliforms and E. coli (ONPG-MUG test or CPRG-MUG test)
2025-08-04,09:43:00,Bacteria Monitoring 2025,DRBC-6107_024,6107_024,40.053149,-74.959818,Sample-Routine,28.8,MPN/100mL,,,9223 B ~ Enzyme substrate assay for measuring total coliforms and E. coli (ONPG-MUG test or CPRG-MUG test)
2025-08-04,10:32:00,Bacteria Monitoring 2025,DRBC-6107_027,6107_027,40.053743,-74.982025,Sample-Routine,218.7,MPN/100mL,,,9223 B ~ Enzyme substrate assay for measuring total coliforms and E. coli (ONPG-MUG test or CPRG-MUG test)
2025-08-04,09:46:00,Bacteria Monitoring 2025,DRBC-6107_028,6107_028,40.0546,-74.961117,Sample-Routine,42.6,MPN/100mL,,,9223 B ~ Enzyme substrate assay for measuring total coliforms and E. coli (ONPG-MUG test or CPRG-MUG test)
2025-08-04,09:48:00,Bacteria Monitoring 2025,DRBC-6107_029,6107_029,40.056244,-74.962182,Sample-Routine,129.6,MPN/100mL,,,9223 B ~ Enzyme substrate assay for measuring total coliforms and E. coli (ONPG-MUG test or CPRG-MUG test)
2025-08-04,09:49:00,Bacteria Monitoring 2025,DRBC-6107_030,6107_030,40.05727,-74.963321,Sample-Routine,42.8,MPN/100mL,,,9223 B ~ Enzyme substrate assay for measuring total coliforms and E. coli (ONPG-MUG test or CPRG-MUG test)
2025-08-04,09:51:00,Bacteria Monitoring 2025,DRBC-6107_031,6107_031,40.058676,-74.96436,Sample-Routine,72.7,MPN/100mL,,,9223 B ~ Enzyme substrate assay for measuring total coliforms and E. coli (ONPG-MUG test or CPRG-MUG test)
2025-08-04,10:24:00,Bacteria Monitoring 2025,DRBC-6107_032,6107_032,40.064948,-74.981065,Sample-Routine,410.6,MPN/100mL,,,9223 B ~ Enzyme substrate assay for measuring total coliforms and E. coli (ONPG-MUG test or CPRG-MUG test)
2025-08-04,09:58:00,Bacteria Monitoring 2025,DRBC-6107_033,6107_033,40.073224,-74.914095,Sample-Routine,24.6,MPN/100mL,,,9223 B ~ Enzyme substrate assay for measuring total coliforms and E. coli (ONPG-MUG test or CPRG-MUG test)
2025-08-04,10:17:00,Bacteria Monitoring 2025,DRBC-6107_034,6107_034,40.074434,-74.906087,Sample-Routine,29.8,MPN/100mL,,,9223 B ~ Enzyme substrate assay for measuring total coliforms and E. coli (ONPG-MUG test or CPRG-MUG test)
2025-08-04,10:01:00,Bacteria Monitoring 2025,DRBC-6107_035,6107_035,40.075601,-74.901185,Sample-Routine,31.8,MPN/100mL,,,9223 B ~ Enzyme substrate assay for measuring total coliforms and E. coli (ONPG-MUG test or CPRG-MUG test)
2025-08-04,10:04:00,Bacteria Monitoring 2025,DRBC-6107_036,6107_036,40.076605,-74.884269,Sample-Routine,22.6,MPN/100mL,,,9223 B ~ Enzyme substrate assay for measuring total coliforms and E. coli (ONPG-MUG test or CPRG-MUG test)
2025-08-04,10:06:00,Bacteria Monitoring 2025,DRBC-6107_037,6107_037,40.078262,-74.884861,Sample-Routine,20.3,MPN/100mL,,,9223 B ~ Enzyme substrate assay for measuring total coliforms and E. coli (ONPG-MUG test or CPRG-MUG test)
2025-08-04,10:07:00,Bacteria Monitoring 2025,DRBC-6107_038,6107_038,40.080014,-74.885481,Sample-Routine,25.9,MPN/100mL,,,9223 B ~ Enzyme substrate assay for measuring total coliforms and E. coli (ONPG-MUG test or CPRG-MUG test)
2025-08-04,10:54:00,Bacteria Monitoring 2025,DRBC-6107_039,6107_039,40.093569,-74.913619,Sample-Routine,59.4,MPN/100mL,,,9223 B ~ Enzyme substrate assay for measuring total coliforms and E. coli (ONPG-MUG test or CPRG-MUG test)
2025-08-04,11:11:00,Bacteria Monitoring 2025,DRBC-6107_040,6107_040,40.094027,-74.862507,Sample-Routine,16,MPN/100mL,,,9223 B ~ Enzyme substrate assay for measuring total coliforms and E. coli (ONPG-MUG test or CPRG-MUG test)
2025-08-04,12:07:00,Bacteria Monitoring 2025,DRBC-6107_041,6107_041,40.103018,-74.863965,Sample-Routine,139.6,MPN/100mL,,,9223 B ~ Enzyme substrate assay for measuring total coliforms and E. coli (ONPG-MUG test or CPRG-MUG test)
2025-08-04,12:26:00,Bacteria Monitoring 2025,DRBC-6107_042,6107_042,40.141492,-74.912421,Sample-Routine,29.5,MPN/100mL,,,9223 B ~ Enzyme substrate assay for measuring total coliforms and E. coli (ONPG-MUG test or CPRG-MUG test)
2025-08-05,12:31:00,Bacteria Monitoring 2025,DRBC-6107_043,6107_043,40.253244,-74.845336,Sample-Routine,52.8,MPN/100mL,,,9223 B ~ Enzyme substrate assay for measuring total coliforms and E. coli (ONPG-MUG test or CPRG-MUG test)
2025-08-05,12:13:00,Bacteria Monitoring 2025,DRBC-6107_044,6107_044,40.294832,-74.868938,Sample-Routine,10.7,MPN/100mL,,,9223 B ~ Enzyme substrate assay for measuring total coliforms and E. coli (ONPG-MUG test or CPRG-MUG test)
2025-08-05,12:14:00,Bacteria Monitoring 2025,DRBC-6107_045,6107_045,40.29524,-74.868297,Sample-Routine,9.6,MPN/100mL,,,9223 B ~ Enzyme substrate assay for measuring total coliforms and E. coli (ONPG-MUG test or CPRG-MUG test)
2025-08-05,12:15:00,Bacteria Monitoring 2025,DRBC-6107_046,6107_046,40.295765,-74.867539,Sample-Routine,9.8,MPN/100mL,,,9223 B ~ Enzyme substrate assay for measuring total coliforms and E. coli (ONPG-MUG test or CPRG-MUG test)
2025-08-05,11:40:00,Bacteria Monitoring 2025,DRBC-6107_047,6107_047,40.333411,-74.935782,Sample-Routine,49.6,MPN/100mL,,,9223 B ~ Enzyme substrate assay for measuring total coliforms and E. coli (ONPG-MUG test or CPRG-MUG test)
2025-08-05,11:20:00,Bacteria Monitoring 2025,DRBC-6107_048,6107_048,40.407049,-75.00366,Sample-Routine,52.8,MPN/100mL,,,9223 B ~ Enzyme substrate assay for measuring total coliforms and E. coli (ONPG-MUG test or CPRG-MUG test)
2025-08-05,11:03:00,Bacteria Monitoring 2025,DRBC-6107_049,6107_049,40.407416,-75.037649,Sample-Routine,17.1,MPN/100mL,,,9223 B ~ Enzyme substrate assay for measuring total coliforms and E. coli (ONPG-MUG test or CPRG-MUG test)
2025-08-05,11:04:00,Bacteria Monitoring 2025,DRBC-6107_050,6107_050,40.407803,-75.037334,Sample-Routine,13.4,MPN/100mL,,,9223 B ~ Enzyme substrate assay for measuring total coliforms and E. coli (ONPG-MUG test or CPRG-MUG test)
2025-08-05,11:05:00,Bacteria Monitoring 2025,DRBC-6107_051,6107_051,40.408098,-75.037098,Sample-Routine,5.2,MPN/100mL,,,9223 B ~ Enzyme substrate assay for measuring total coliforms and E. coli (ONPG-MUG test or CPRG-MUG test)
2025-08-05,10:40:00,Bacteria Monitoring 2025,DRBC-6107_052,6107_052,40.506697,-75.067197,Sample-Routine,30.1,MPN/100mL,,,9223 B ~ Enzyme substrate assay for measuring total coliforms and E. coli (ONPG-MUG test or CPRG-MUG test)
2025-08-05,10:15:00,Bacteria Monitoring 2025,DRBC-6107_055,6107_055,40.56604,-75.099181,Sample-Routine,14.5,MPN/100mL,,,9223 B ~ Enzyme substrate assay for measuring total coliforms and E. coli (ONPG-MUG test or CPRG-MUG test)
2025-08-05,10:16:00,Bacteria Monitoring 2025,DRBC-6107_056,6107_056,40.566517,-75.098521,Sample-Routine,15.8,MPN/100mL,,,9223 B ~ Enzyme substrate assay for measuring total coliforms and E. coli (ONPG-MUG test or CPRG-MUG test)
2025-08-05,10:17:00,Bacteria Monitoring 2025,DRBC-6107_057,6107_057,40.566853,-75.098051,Sample-Routine,18.3,MPN/100mL,,,9223 B ~ Enzyme substrate assay for measuring total coliforms and E. coli (ONPG-MUG test or CPRG-MUG test)
2025-08-05,09:52:00,Bacteria Monitoring 2025,DRBC-6107_058,6107_058,40.594063,-75.191368,Sample-Routine,29.5,MPN/100mL,,,9223 B ~ Enzyme substrate assay for measuring total coliforms and E. coli (ONPG-MUG test or CPRG-MUG test)
2025-08-05,09:53:00,Bacteria Monitoring 2025,DRBC-6107_059,6107_059,40.594267,-75.19077,Sample-Routine,26.2,MPN/100mL,,,9223 B ~ Enzyme substrate assay for measuring total coliforms and E. coli (ONPG-MUG test or CPRG-MUG test)
2025-08-05,09:54:00,Bacteria Monitoring 2025,DRBC-6107_060,6107_060,40.594435,-75.190078,Sample-Routine,21.1,MPN/100mL,,,9223 B ~ Enzyme substrate assay for measuring total coliforms and E. coli (ONPG-MUG test or CPRG-MUG test)
2025-08-05,09:42:00,Bacteria Monitoring 2025,DRBC-6107_061,6107_061,40.626862,-75.190309,Sample-Routine,42.2,MPN/100mL,,,9223 B ~ Enzyme substrate assay for measuring total coliforms and E. coli (ONPG-MUG test or CPRG-MUG test)
2025-08-05,09:30:00,Bacteria Monitoring 2025,DRBC-6107_062,6107_062,40.668842,-75.182369,Sample-Routine,36.4,MPN/100mL,,,9223 B ~ Enzyme substrate assay for measuring total coliforms and E. coli (ONPG-MUG test or CPRG-MUG test)
2025-08-05,09:00:00,Bacteria Monitoring 2025,DRBC-6107_063,6107_063,40.688907,-75.206612,Sample-Routine,31.3,MPN/100mL,,,9223 B ~ Enzyme substrate assay for measuring total coliforms and E. coli (ONPG-MUG test or CPRG-MUG test)
2025-08-05,09:12:00,Bacteria Monitoring 2025,DRBC-6107_064,6107_064,40.691447,-75.204686,Sample-Routine,33.1,MPN/100mL,,,9223 B ~ Enzyme substrate assay for measuring total coliforms and E. coli (ONPG-MUG test or CPRG-MUG test)
2025-08-05,09:13:00,Bacteria Monitoring 2025,DRBC-6107_065,6107_065,40.691469,-75.204052,Sample-Routine,11,MPN/100mL,,,9223 B ~ Enzyme substrate assay for measuring total coliforms and E. coli (ONPG-MUG test or CPRG-MUG test)
2025-08-05,09:14:00,Bacteria Monitoring 2025,DRBC-6107_066,6107_066,40.691491,-75.203684,Sample-Routine,7.5,MPN/100mL,,,9223 B ~ Enzyme substrate assay for measuring total coliforms and E. coli (ONPG-MUG test or CPRG-MUG test)
2025-08-06,09:19:00,Bacteria Monitoring 2025,DRBC-6107_001,6107_001,39.982605,-75.065202,Sample-Routine,51.2,MPN/100mL,,,9223 B ~ Enzyme substrate assay for measuring total coliforms and E. coli (ONPG-MUG test or CPRG-MUG test)
2025-08-06,09:20:00,Bacteria Monitoring 2025,DRBC-6107_002,6107_002,39.983365,-75.066275,Sample-Routine,34.1,MPN/100mL,,,9223 B ~ Enzyme substrate assay for measuring total coliforms and E. coli (ONPG-MUG test or CPRG-MUG test)
2025-08-06,09:22:00,Bacteria Monitoring 2025,DRBC-6107_003,6107_003,39.984562,-75.067971,Sample-Routine,44.8,MPN/100mL,,,9223 B ~ Enzyme substrate assay for measuring total coliforms and E. coli (ONPG-MUG test or CPRG-MUG test)
2025-08-06,09:23:00,Bacteria Monitoring 2025,DRBC-6107_004,6107_004,39.98513,-75.068813,Sample-Routine,28.1,MPN/100mL,,,9223 B ~ Enzyme substrate assay for measuring total coliforms and E. coli (ONPG-MUG test or CPRG-MUG test)
2025-08-06,09:25:00,Bacteria Monitoring 2025,DRBC-6107_005,6107_005,39.985648,-75.069813,Sample-Routine,79.8,MPN/100mL,,,9223 B ~ Enzyme substrate assay for measuring total coliforms and E. coli (ONPG-MUG test or CPRG-MUG test)
2025-08-06,09:09:00,Bacteria Monitoring 2025,DRBC-6107_006,6107_006,39.993604,-75.080701,Sample-Routine,95.8,MPN/100mL,,,9223 B ~ Enzyme substrate assay for measuring total coliforms and E. coli (ONPG-MUG test or CPRG-MUG test)
2025-08-06,09:33:00,Bacteria Monitoring 2025,DRBC-6107_009,6107_009,40.006754,-75.056197,Sample-Routine,44.8,MPN/100mL,,,9223 B ~ Enzyme substrate assay for measuring total coliforms and E. coli (ONPG-MUG test or CPRG-MUG test)
2025-08-06,09:38:00,Bacteria Monitoring 2025,DRBC-6107_010,6107_010,40.009969,-75.042944,Sample-Routine,47.3,MPN/100mL,,,9223 B ~ Enzyme substrate assay for measuring total coliforms and E. coli (ONPG-MUG test or CPRG-MUG test)
2025-08-06,09:40:00,Bacteria Monitoring 2025,DRBC-6107_011,6107_011,40.011885,-75.044057,Sample-Routine,31.8,MPN/100mL,,,9223 B ~ Enzyme substrate assay for measuring total coliforms and E. coli (ONPG-MUG test or CPRG-MUG test)
2025-08-06,09:41:00,Bacteria Monitoring 2025,DRBC-6107_012,6107_012,40.014052,-75.045711,Sample-Routine,38.3,MPN/100mL,,,9223 B ~ Enzyme substrate assay for measuring total coliforms and E. coli (ONPG-MUG test or CPRG-MUG test)
2025-08-06,08:46:00,Bacteria Monitoring 2025,DRBC-6107_013,6107_013,40.01668,-75.107116,Sample-Routine,2419.6,MPN/100mL,L,,9223 B ~ Enzyme substrate assay for measuring total coliforms and E. coli (ONPG-MUG test or CPRG-MUG test)
2025-08-06,09:46:00,Bacteria Monitoring 2025,DRBC-6107_014,6107_014,40.019748,-75.033026,Sample-Routine,42,MPN/100mL,,,9223 B ~ Enzyme substrate assay for measuring total coliforms and E. coli (ONPG-MUG test or CPRG-MUG test)
2025-08-06,09:55:00,Bacteria Monitoring 2025,DRBC-6107_015,6107_015,40.022851,-75.004345,Sample-Routine,95.9,MPN/100mL,,,9223 B ~ Enzyme substrate assay for measuring total coliforms and E. coli (ONPG-MUG test or CPRG-MUG test)
2025-08-06,09:57:00,Bacteria Monitoring 2025,DRBC-6107_016,6107_016,40.024236,-75.005679,Sample-Routine,38.9,MPN/100mL,,,9223 B ~ Enzyme substrate assay for measuring total coliforms and E. coli (ONPG-MUG test or CPRG-MUG test)
2025-08-06,09:58:00,Bacteria Monitoring 2025,DRBC-6107_017,6107_017,40.025414,-75.006823,Sample-Routine,23.1,MPN/100mL,,,9223 B ~ Enzyme substrate assay for measuring total coliforms and E. coli (ONPG-MUG test or CPRG-MUG test)
2025-08-06,10:00:00,Bacteria Monitoring 2025,DRBC-6107_018,6107_018,40.026865,-75.008773,Sample-Routine,47.3,MPN/100mL,,,9223 B ~ Enzyme substrate assay for measuring total coliforms and E. coli (ONPG-MUG test or CPRG-MUG test)
2025-08-06,10:02:00,Bacteria Monitoring 2025,DRBC-6107_019,6107_019,40.027932,-75.009999,Sample-Routine,125.9,MPN/100mL,,,9223 B ~ Enzyme substrate assay for measuring total coliforms and E. coli (ONPG-MUG test or CPRG-MUG test)
2025-08-06,09:30:00,Bacteria Monitoring 2025,DRBC-6107_020,6107_020,40.033358,-75.018026,Sample-Routine,344.8,MPN/100mL,,,9223 B ~ Enzyme substrate assay for measuring total coliforms and E. coli (ONPG-MUG test or CPRG-MUG test)
2025-08-06,10:09:00,Bacteria Monitoring 2025,DRBC-6107_021,6107_021,40.041564,-74.990545,Sample-Routine,73.8,MPN/100mL,,,9223 B ~ Enzyme substrate assay for measuring total coliforms and E. coli (ONPG-MUG test or CPRG-MUG test)
2025-08-06,09:46:00,Bacteria Monitoring 2025,DRBC-6107_022,6107_022,40.0494,-75.026565,Sample-Routine,204.6,MPN/100mL,,,9223 B ~ Enzyme substrate assay for measuring total coliforms and E. coli (ONPG-MUG test or CPRG-MUG test)
2025-08-06,10:16:00,Bacteria Monitoring 2025,DRBC-6107_023,6107_023,40.051178,-74.97831,Sample-Routine,71.7,MPN/100mL,,,9223 B ~ Enzyme substrate assay for measuring total coliforms and E. coli (ONPG-MUG test or CPRG-MUG test)
2025-08-06,10:25:00,Bacteria Monitoring 2025,DRBC-6107_024,6107_024,40.053149,-74.959818,Sample-Routine,38.9,MPN/100mL,,,9223 B ~ Enzyme substrate assay for measuring total coliforms and E. coli (ONPG-MUG test or CPRG-MUG test)
2025-08-06,10:07:00,Bacteria Monitoring 2025,DRBC-6107_027,6107_027,40.053743,-74.982025,Sample-Routine,344.8,MPN/100mL,,,9223 B ~ Enzyme substrate assay for measuring total coliforms and E. coli (ONPG-MUG test or CPRG-MUG test)
2025-08-06,10:27:00,Bacteria Monitoring 2025,DRBC-6107_028,6107_028,40.0546,-74.961117,Sample-Routine,50.4,MPN/100mL,,,9223 B ~ Enzyme substrate assay for measuring total coliforms and E. coli (ONPG-MUG test or CPRG-MUG test)
2025-08-06,10:29:00,Bacteria Monitoring 2025,DRBC-6107_029,6107_029,40.056244,-74.962182,Sample-Routine,21.1,MPN/100mL,,,9223 B ~ Enzyme substrate assay for measuring total coliforms and E. coli (ONPG-MUG test or CPRG-MUG test)
2025-08-06,10:30:00,Bacteria Monitoring 2025,DRBC-6107_030,6107_030,40.05727,-74.963321,Sample-Routine,48.8,MPN/100mL,,,9223 B ~ Enzyme substrate assay for measuring total coliforms and E. coli (ONPG-MUG test or CPRG-MUG test)
2025-08-06,10:33:00,Bacteria Monitoring 2025,DRBC-6107_031,6107_031,40.058676,-74.96436,Sample-Routine,101.2,MPN/100mL,,,9223 B ~ Enzyme substrate assay for measuring total coliforms and E. coli (ONPG-MUG test or CPRG-MUG test)
2025-08-06,10:15:00,Bacteria Monitoring 2025,DRBC-6107_032,6107_032,40.064948,-74.981065,Sample-Routine,727,MPN/100mL,,,9223 B ~ Enzyme substrate assay for measuring total coliforms and E. coli (ONPG-MUG test or CPRG-MUG test)
2025-08-06,10:45:00,Bacteria Monitoring 2025,DRBC-6107_033,6107_033,40.073224,-74.914095,Sample-Routine,27.9,MPN/100mL,,,9223 B ~ Enzyme substrate assay for measuring total coliforms and E. coli (ONPG-MUG test or CPRG-MUG test)
2025-08-06,11:04:00,Bacteria Monitoring 2025,DRBC-6107_034,6107_034,40.074434,-74.906087,Sample-Routine,30.5,MPN/100mL,,,9223 B ~ Enzyme substrate assay for measuring total coliforms and E. coli (ONPG-MUG test or CPRG-MUG test)
2025-08-06,10:48:00,Bacteria Monitoring 2025,DRBC-6107_035,6107_035,40.075601,-74.901185,Sample-Routine,37.9,MPN/100mL,,,9223 B ~ Enzyme substrate assay for measuring total coliforms and E. coli (ONPG-MUG test or CPRG-MUG test)
2025-08-06,10:53:00,Bacteria Monitoring 2025,DRBC-6107_036,6107_036,40.076605,-74.884269,Sample-Routine,23.8,MPN/100mL,,,9223 B ~ Enzyme substrate assay for measuring total coliforms and E. coli (ONPG-MUG test or CPRG-MUG test)
2025-08-06,10:55:00,Bacteria Monitoring 2025,DRBC-6107_037,6107_037,40.078262,-74.884861,Sample-Routine,18.7,MPN/100mL,,,9223 B ~ Enzyme substrate assay for measuring total coliforms and E. coli (ONPG-MUG test or CPRG-MUG test)
2025-08-06,10:56:00,Bacteria Monitoring 2025,DRBC-6107_038,6107_038,40.080014,-74.885481,Sample-Routine,39.9,MPN/100mL,,,9223 B ~ Enzyme substrate assay for measuring total coliforms and E. coli (ONPG-MUG test or CPRG-MUG test)
2025-08-06,10:31:00,Bacteria Monitoring 2025,DRBC-6107_039,6107_039,40.093569,-74.913619,Sample-Routine,165.8,MPN/100mL,,,9223 B ~ Enzyme substrate assay for measuring total coliforms and E. coli (ONPG-MUG test or CPRG-MUG test)
2025-08-06,10:46:00,Bacteria Monitoring 2025,DRBC-6107_040,6107_040,40.094027,-74.862507,Sample-Routine,83.9,MPN/100mL,,,9223 B ~ Enzyme substrate assay for measuring total coliforms and E. coli (ONPG-MUG test or CPRG-MUG test)
2025-08-06,10:56:00,Bacteria Monitoring 2025,DRBC-6107_041,6107_041,40.103018,-74.863965,Sample-Routine,816.4,MPN/100mL,,,9223 B ~ Enzyme substrate assay for measuring total coliforms and E. coli (ONPG-MUG test or CPRG-MUG test)
2025-08-06,11:23:00,Bacteria Monitoring 2025,DRBC-6107_042,6107_042,40.141492,-74.912421,Sample-Routine,22.1,MPN/100mL,,,9223 B ~ Enzyme substrate assay for measuring total coliforms and E. coli (ONPG-MUG test or CPRG-MUG test)
2025-08-07,12:45:00,Bacteria Monitoring 2025,DRBC-6107_043,6107_043,40.253244,-74.845336,Sample-Routine,35.9,MPN/100mL,,,9223 B ~ Enzyme substrate assay for measuring total coliforms and E. coli (ONPG-MUG test or CPRG-MUG test)
2025-08-07,12:28:00,Bacteria Monitoring 2025,DRBC-6107_044,6107_044,40.294832,-74.868938,Sample-Routine,12.1,MPN/100mL,,,9223 B ~ Enzyme substrate assay for measuring total coliforms and E. coli (ONPG-MUG test or CPRG-MUG test)
2025-08-07,12:29:00,Bacteria Monitoring 2025,DRBC-6107_045,6107_045,40.29524,-74.868297,Sample-Routine,9.6,MPN/100mL,,,9223 B ~ Enzyme substrate assay for measuring total coliforms and E. coli (ONPG-MUG test or CPRG-MUG test)
2025-08-07,12:30:00,Bacteria Monitoring 2025,DRBC-6107_046,6107_046,40.295765,-74.867539,Sample-Routine,9.6,MPN/100mL,,,9223 B ~ Enzyme substrate assay for measuring total coliforms and E. coli (ONPG-MUG test or CPRG-MUG test)
2025-08-07,11:55:00,Bacteria Monitoring 2025,DRBC-6107_047,6107_047,40.333411,-74.935782,Sample-Routine,34.5,MPN/100mL,,,9223 B ~ Enzyme substrate assay for measuring total coliforms and E. coli (ONPG-MUG test or CPRG-MUG test)
2025-08-07,11:38:00,Bacteria Monitoring 2025,DRBC-6107_048,6107_048,40.407049,-75.00366,Sample-Routine,21.6,MPN/100mL,,,9223 B ~ Enzyme substrate assay for measuring total coliforms and E. coli (ONPG-MUG test or CPRG-MUG test)
2025-08-07,11:20:00,Bacteria Monitoring 2025,DRBC-6107_049,6107_049,40.407416,-75.037649,Sample-Routine,18.5,MPN/100mL,,,9223 B ~ Enzyme substrate assay for measuring total coliforms and E. coli (ONPG-MUG test or CPRG-MUG test)
2025-08-07,11:21:00,Bacteria Monitoring 2025,DRBC-6107_050,6107_050,40.407803,-75.037334,Sample-Routine,18.7,MPN/100mL,,,9223 B ~ Enzyme substrate assay for measuring total coliforms and E. coli (ONPG-MUG test or CPRG-MUG test)
2025-08-07,11:22:00,Bacteria Monitoring 2025,DRBC-6107_051,6107_051,40.408098,-75.037098,Sample-Routine,8.4,MPN/100mL,,,9223 B ~ Enzyme substrate assay for measuring total coliforms and E. coli (ONPG-MUG test or CPRG-MUG test)
2025-08-07,10:58:00,Bacteria Monitoring 2025,DRBC-6107_052,6107_052,40.506697,-75.067197,Sample-Routine,29.8,MPN/100mL,,,9223 B ~ Enzyme substrate assay for measuring total coliforms and E. coli (ONPG-MUG test or CPRG-MUG test)
2025-08-07,10:38:00,Bacteria Monitoring 2025,DRBC-6107_055,6107_055,40.56604,-75.099181,Sample-Routine,35,MPN/100mL,,,9223 B ~ Enzyme substrate assay for measuring total coliforms and E. coli (ONPG-MUG test or CPRG-MUG test)
2025-08-07,10:39:00,Bacteria Monitoring 2025,DRBC-6107_056,6107_056,40.566517,-75.098521,Sample-Routine,29.2,MPN/100mL,,,9223 B ~ Enzyme substrate assay for measuring total coliforms and E. coli (ONPG-MUG test or CPRG-MUG test)
2025-08-07,10:40:00,Bacteria Monitoring 2025,DRBC-6107_057,6107_057,40.566853,-75.098051,Sample-Routine,34.5,MPN/100mL,,,9223 B ~ Enzyme substrate assay for measuring total coliforms and E. coli (ONPG-MUG test or CPRG-MUG test)
2025-08-07,10:10:00,Bacteria Monitoring 2025,DRBC-6107_058,6107_058,40.594063,-75.191368,Sample-Routine,24.9,MPN/100mL,,,9223 B ~ Enzyme substrate assay for measuring total coliforms and E. coli (ONPG-MUG test or CPRG-MUG test)
2025-08-07,10:11:00,Bacteria Monitoring 2025,DRBC-6107_059,6107_059,40.594267,-75.19077,Sample-Routine,30.9,MPN/100mL,,,9223 B ~ Enzyme substrate assay for measuring total coliforms and E. coli (ONPG-MUG test or CPRG-MUG test)
2025-08-07,10:12:00,Bacteria Monitoring 2025,DRBC-6107_060,6107_060,40.594435,-75.190078,Sample-Routine,18.5,MPN/100mL,,,9223 B ~ Enzyme substrate assay for measuring total coliforms and E. coli (ONPG-MUG test or CPRG-MUG test)
2025-08-07,10:00:00,Bacteria Monitoring 2025,DRBC-6107_061,6107_061,40.626862,-75.190309,Sample-Routine,16,MPN/100mL,,,9223 B ~ Enzyme substrate assay for measuring total coliforms and E. coli (ONPG-MUG test or CPRG-MUG test)
2025-08-07,09:48:00,Bacteria Monitoring 2025,DRBC-6107_062,6107_062,40.668842,-75.182369,Sample-Routine,33.1,MPN/100mL,,,9223 B ~ Enzyme substrate assay for measuring total coliforms and E. coli (ONPG-MUG test or CPRG-MUG test)
2025-08-07,09:22:00,Bacteria Monitoring 2025,DRBC-6107_063,6107_063,40.688907,-75.206612,Sample-Routine,54.6,MPN/100mL,,,9223 B ~ Enzyme substrate assay for measuring total coliforms and E. coli (ONPG-MUG test or CPRG-MUG test)
2025-08-07,09:30:00,Bacteria Monitoring 2025,DRBC-6107_064,6107_064,40.691447,-75.204686,Sample-Routine,19.7,MPN/100mL,,,9223 B ~ Enzyme substrate assay for measuring total coliforms and E. coli (ONPG-MUG test or CPRG-MUG test)
2025-08-07,09:31:00,Bacteria Monitoring 2025,DRBC-6107_065,6107_065,40.691469,-75.204052,Sample-Routine,14.6,MPN/100mL,,,9223 B ~ Enzyme substrate assay for measuring total coliforms and E. coli (ONPG-MUG test or CPRG-MUG test)
2025-08-07,09:32:00,Bacteria Monitoring 2025,DRBC-6107_066,6107_066,40.691491,-75.203684,Sample-Routine,8.5,MPN/100mL,,,9223 B ~ Enzyme substrate assay for measuring total coliforms and E. coli (ONPG-MUG test or CPRG-MUG test)
2025-08-13,09:03:00,Bacteria Monitoring 2025,DRBC-6107_001,6107_001,39.982605,-75.065202,Sample-Routine,83.6,MPN/100mL,,,9223 B ~ Enzyme substrate assay for measuring total coliforms and E. coli (ONPG-MUG test or CPRG-MUG test)
2025-08-13,09:06:00,Bacteria Monitoring 2025,DRBC-6107_002,6107_002,39.983365,-75.066275,Sample-Routine,39.9,MPN/100mL,,,9223 B ~ Enzyme substrate assay for measuring total coliforms and E. coli (ONPG-MUG test or CPRG-MUG test)
2025-08-13,09:08:00,Bacteria Monitoring 2025,DRBC-6107_003,6107_003,39.984562,-75.067971,Sample-Routine,67,MPN/100mL,,,9223 B ~ Enzyme substrate assay for measuring total coliforms and E. coli (ONPG-MUG test or CPRG-MUG test)
2025-08-13,09:10:00,Bacteria Monitoring 2025,DRBC-6107_004,6107_004,39.98513,-75.068813,Sample-Routine,88.2,MPN/100mL,,,9223 B ~ Enzyme substrate assay for measuring total coliforms and E. coli (ONPG-MUG test or CPRG-MUG test)
2025-08-13,09:11:00,Bacteria Monitoring 2025,DRBC-6107_005,6107_005,39.985648,-75.069813,Sample-Routine,107.6,MPN/100mL,,,9223 B ~ Enzyme substrate assay for measuring total coliforms and E. coli (ONPG-MUG test or CPRG-MUG test)
2025-08-13,09:28:00,Bacteria Monitoring 2025,DRBC-6107_006,6107_006,39.993604,-75.080701,Sample-Routine,145.5,MPN/100mL,,,9223 B ~ Enzyme substrate assay for measuring total coliforms and E. coli (ONPG-MUG test or CPRG-MUG test)
2025-08-13,09:20:00,Bacteria Monitoring 2025,DRBC-6107_009,6107_009,40.006754,-75.056197,Sample-Routine,64.5,MPN/100mL,,,9223 B ~ Enzyme substrate assay for measuring total coliforms and E. coli (ONPG-MUG test or CPRG-MUG test)
2025-08-13,09:24:00,Bacteria Monitoring 2025,DRBC-6107_010,6107_010,40.009969,-75.042944,Sample-Routine,20.9,MPN/100mL,,,9223 B ~ Enzyme substrate assay for measuring total coliforms and E. coli (ONPG-MUG test or CPRG-MUG test)
2025-08-13,09:27:00,Bacteria Monitoring 2025,DRBC-6107_011,6107_011,40.011885,-75.044057,Sample-Routine,13.4,MPN/100mL,,,9223 B ~ Enzyme substrate assay for measuring total coliforms and E. coli (ONPG-MUG test or CPRG-MUG test)
2025-08-13,09:29:00,Bacteria Monitoring 2025,DRBC-6107_012,6107_012,40.014052,-75.045711,Sample-Routine,21.3,MPN/100mL,,,9223 B ~ Enzyme substrate assay for measuring total coliforms and E. coli (ONPG-MUG test or CPRG-MUG test)
2025-08-13,09:00:00,Bacteria Monitoring 2025,DRBC-6107_013,6107_013,40.01668,-75.107116,Sample-Routine,2419.6,MPN/100mL,L,,9223 B ~ Enzyme substrate assay for measuring total coliforms and E. coli (ONPG-MUG test or CPRG-MUG test)
2025-08-13,09:34:00,Bacteria Monitoring 2025,DRBC-6107_014,6107_014,40.019748,-75.033026,Sample-Routine,52.1,MPN/100mL,,,9223 B ~ Enzyme substrate assay for measuring total coliforms and E. coli (ONPG-MUG test or CPRG-MUG test)
2025-08-13,09:40:00,Bacteria Monitoring 2025,DRBC-6107_015,6107_015,40.022851,-75.004345,Sample-Routine,22.8,MPN/100mL,,,9223 B ~ Enzyme substrate assay for measuring total coliforms and E. coli (ONPG-MUG test or CPRG-MUG test)
2025-08-13,09:42:00,Bacteria Monitoring 2025,DRBC-6107_016,6107_016,40.024236,-75.005679,Sample-Routine,23.1,MPN/100mL,,,9223 B ~ Enzyme substrate assay for measuring total coliforms and E. coli (ONPG-MUG test or CPRG-MUG test)
2025-08-13,09:44:00,Bacteria Monitoring 2025,DRBC-6107_017,6107_017,40.025414,-75.006823,Sample-Routine,9.7,MPN/100mL,,,9223 B ~ Enzyme substrate assay for measuring total coliforms and E. coli (ONPG-MUG test or CPRG-MUG test)
2025-08-13,09:47:00,Bacteria Monitoring 2025,DRBC-6107_018,6107_018,40.026865,-75.008773,Sample-Routine,19.5,MPN/100mL,,,9223 B ~ Enzyme substrate assay for measuring total coliforms and E. coli (ONPG-MUG test or CPRG-MUG test)
2025-08-13,09:50:00,Bacteria Monitoring 2025,DRBC-6107_019,6107_019,40.027932,-75.009999,Sample-Routine,148.3,MPN/100mL,,,9223 B ~ Enzyme substrate assay for measuring total coliforms and E. coli (ONPG-MUG test or CPRG-MUG test)
2025-08-13,09:53:00,Bacteria Monitoring 2025,DRBC-6107_020,6107_020,40.033358,-75.018026,Sample-Routine,135.4,MPN/100mL,,,9223 B ~ Enzyme substrate assay for measuring total coliforms and E. coli (ONPG-MUG test or CPRG-MUG test)
2025-08-13,09:57:00,Bacteria Monitoring 2025,DRBC-6107_021,6107_021,40.041564,-74.990545,Sample-Routine,27.2,MPN/100mL,,,9223 B ~ Enzyme substrate assay for measuring total coliforms and E. coli (ONPG-MUG test or CPRG-MUG test)
2025-08-13,10:16:00,Bacteria Monitoring 2025,DRBC-6107_022,6107_022,40.0494,-75.026565,Sample-Routine,86.2,MPN/100mL,,,9223 B ~ Enzyme substrate assay for measuring total coliforms and E. coli (ONPG-MUG test or CPRG-MUG test)
2025-08-13,10:02:00,Bacteria Monitoring 2025,DRBC-6107_023,6107_023,40.051178,-74.97831,Sample-Routine,24.1,MPN/100mL,,,9223 B ~ Enzyme substrate assay for measuring total coliforms and E. coli (ONPG-MUG test or CPRG-MUG test)
2025-08-13,10:09:00,Bacteria Monitoring 2025,DRBC-6107_024,6107_024,40.053149,-74.959818,Sample-Routine,52.9,MPN/100mL,,,9223 B ~ Enzyme substrate assay for measuring total coliforms and E. coli (ONPG-MUG test or CPRG-MUG test)
2025-08-13,10:55:00,Bacteria Monitoring 2025,DRBC-6107_027,6107_027,40.053743,-74.982025,Sample-Routine,172.3,MPN/100mL,,,9223 B ~ Enzyme substrate assay for measuring total coliforms and E. coli (ONPG-MUG test or CPRG-MUG test)
2025-08-13,10:16:00,Bacteria Monitoring 2025,DRBC-6107_028,6107_028,40.0546,-74.961117,Sample-Routine,28.5,MPN/100mL,,,9223 B ~ Enzyme substrate assay for measuring total coliforms and E. coli (ONPG-MUG test or CPRG-MUG test)
2025-08-13,10:18:00,Bacteria Monitoring 2025,DRBC-6107_029,6107_029,40.056244,-74.962182,Sample-Routine,14.4,MPN/100mL,,,9223 B ~ Enzyme substrate assay for measuring total coliforms and E. coli (ONPG-MUG test or CPRG-MUG test)
2025-08-13,10:21:00,Bacteria Monitoring 2025,DRBC-6107_030,6107_030,40.05727,-74.963321,Sample-Routine,18.3,MPN/100mL,,,9223 B ~ Enzyme substrate assay for measuring total coliforms and E. coli (ONPG-MUG test or CPRG-MUG test)
2025-08-13,10:25:00,Bacteria Monitoring 2025,DRBC-6107_031,6107_031,40.058676,-74.96436,Sample-Routine,25.9,MPN/100mL,,,9223 B ~ Enzyme substrate assay for measuring total coliforms and E. coli (ONPG-MUG test or CPRG-MUG test)
2025-08-13,10:41:00,Bacteria Monitoring 2025,DRBC-6107_032,6107_032,40.064948,-74.981065,Sample-Routine,272.3,MPN/100mL,,,9223 B ~ Enzyme substrate assay for measuring total coliforms and E. coli (ONPG-MUG test or CPRG-MUG test)
2025-08-13,10:35:00,Bacteria Monitoring 2025,DRBC-6107_033,6107_033,40.073224,-74.914095,Sample-Routine,161.6,MPN/100mL,,,9223 B ~ Enzyme substrate assay for measuring total coliforms and E. coli (ONPG-MUG test or CPRG-MUG test)
2025-08-13,10:56:00,Bacteria Monitoring 2025,DRBC-6107_034,6107_034,40.074434,-74.906087,Sample-Routine,18.3,MPN/100mL,,,9223 B ~ Enzyme substrate assay for measuring total coliforms and E. coli (ONPG-MUG test or CPRG-MUG test)
2025-08-13,10:40:00,Bacteria Monitoring 2025,DRBC-6107_035,6107_035,40.075601,-74.901185,Sample-Routine,8.5,MPN/100mL,,,9223 B ~ Enzyme substrate assay for measuring total coliforms and E. coli (ONPG-MUG test or CPRG-MUG test)
2025-08-13,10:45:00,Bacteria Monitoring 2025,DRBC-6107_036,6107_036,40.076605,-74.884269,Sample-Routine,25.3,MPN/100mL,,,9223 B ~ Enzyme substrate assay for measuring total coliforms and E. coli (ONPG-MUG test or CPRG-MUG test)
2025-08-13,10:47:00,Bacteria Monitoring 2025,DRBC-6107_037,6107_037,40.078262,-74.884861,Sample-Routine,18.7,MPN/100mL,,,9223 B ~ Enzyme substrate assay for measuring total coliforms and E. coli (ONPG-MUG test or CPRG-MUG test)
2025-08-13,10:48:00,Bacteria Monitoring 2025,DRBC-6107_038,6107_038,40.080014,-74.885481,Sample-Routine,13.5,MPN/100mL,,,9223 B ~ Enzyme substrate assay for measuring total coliforms and E. coli (ONPG-MUG test or CPRG-MUG test)
2025-08-13,11:15:00,Bacteria Monitoring 2025,DRBC-6107_039,6107_039,40.093569,-74.913619,Sample-Routine,34.6,MPN/100mL,,,9223 B ~ Enzyme substrate assay for measuring total coliforms and E. coli (ONPG-MUG test or CPRG-MUG test)
2025-08-13,11:32:00,Bacteria Monitoring 2025,DRBC-6107_040,6107_040,40.094027,-74.862507,Sample-Routine,110.6,MPN/100mL,,,9223 B ~ Enzyme substrate assay for measuring total coliforms and E. coli (ONPG-MUG test or CPRG-MUG test)
2025-08-13,12:35:00,Bacteria Monitoring 2025,DRBC-6107_041,6107_041,40.103018,-74.863965,Sample-Routine,328.2,MPN/100mL,L,,9223 B ~ Enzyme substrate assay for measuring total coliforms and E. coli (ONPG-MUG test or CPRG-MUG test)
2025-08-13,12:58:00,Bacteria Monitoring 2025,DRBC-6107_042,6107_042,40.141492,-74.912421,Sample-Routine,6.3,MPN/100mL,,,9223 B ~ Enzyme substrate assay for measuring total coliforms and E. coli (ONPG-MUG test or CPRG-MUG test)
2025-08-14,12:22:00,Bacteria Monitoring 2025,DRBC-6107_043,6107_043,40.253244,-74.845336,Sample-Routine,148.3,MPN/100mL,,,9223 B ~ Enzyme substrate assay for measuring total coliforms and E. coli (ONPG-MUG test or CPRG-MUG test)
2025-08-14,12:05:00,Bacteria Monitoring 2025,DRBC-6107_044,6107_044,40.294832,-74.868938,Sample-Routine,28.1,MPN/100mL,,,9223 B ~ Enzyme substrate assay for measuring total coliforms and E. coli (ONPG-MUG test or CPRG-MUG test)
2025-08-14,12:04:00,Bacteria Monitoring 2025,DRBC-6107_045,6107_045,40.29524,-74.868297,Sample-Routine,52.8,MPN/100mL,,,9223 B ~ Enzyme substrate assay for measuring total coliforms and E. coli (ONPG-MUG test or CPRG-MUG test)
2025-08-14,12:05:00,Bacteria Monitoring 2025,DRBC-6107_046,6107_046,40.295765,-74.867539,Sample-Routine,31.1,MPN/100mL,,,9223 B ~ Enzyme substrate assay for measuring total coliforms and E. coli (ONPG-MUG test or CPRG-MUG test)
2025-08-14,11:48:00,Bacteria Monitoring 2025,DRBC-6107_047,6107_047,40.333411,-74.935782,Sample-Routine,185,MPN/100mL,,,9223 B ~ Enzyme substrate assay for measuring total coliforms and E. coli (ONPG-MUG test or CPRG-MUG test)
2025-08-14,11:26:00,Bacteria Monitoring 2025,DRBC-6107_048,6107_048,40.407049,-75.00366,Sample-Routine,152.9,MPN/100mL,,,9223 B ~ Enzyme substrate assay for measuring total coliforms and E. coli (ONPG-MUG test or CPRG-MUG test)
2025-08-14,11:08:00,Bacteria Monitoring 2025,DRBC-6107_049,6107_049,40.407416,-75.037649,Sample-Routine,126.7,MPN/100mL,,,9223 B ~ Enzyme substrate assay for measuring total coliforms and E. coli (ONPG-MUG test or CPRG-MUG test)
2025-08-14,11:09:00,Bacteria Monitoring 2025,DRBC-6107_050,6107_050,40.407803,-75.037334,Sample-Routine,93.4,MPN/100mL,,,9223 B ~ Enzyme substrate assay for measuring total coliforms and E. coli (ONPG-MUG test or CPRG-MUG test)
2025-08-14,11:10:00,Bacteria Monitoring 2025,DRBC-6107_051,6107_051,40.408098,-75.037098,Sample-Routine,88.2,MPN/100mL,,,9223 B ~ Enzyme substrate assay for measuring total coliforms and E. coli (ONPG-MUG test or CPRG-MUG test)
2025-08-14,10:48:00,Bacteria Monitoring 2025,DRBC-6107_052,6107_052,40.506697,-75.067197,Sample-Routine,613.1,MPN/100mL,,,9223 B ~ Enzyme substrate assay for measuring total coliforms and E. coli (ONPG-MUG test or CPRG-MUG test)
2025-08-14,10:30:00,Bacteria Monitoring 2025,DRBC-6107_055,6107_055,40.56604,-75.099181,Sample-Routine,387.3,MPN/100mL,,,9223 B ~ Enzyme substrate assay for measuring total coliforms and E. coli (ONPG-MUG test or CPRG-MUG test)
2025-08-14,10:29:00,Bacteria Monitoring 2025,DRBC-6107_056,6107_056,40.566517,-75.098521,Sample-Routine,488.4,MPN/100mL,,,9223 B ~ Enzyme substrate assay for measuring total coliforms and E. coli (ONPG-MUG test or CPRG-MUG test)
2025-08-14,10:28:00,Bacteria Monitoring 2025,DRBC-6107_057,6107_057,40.566853,-75.098051,Sample-Routine,579.4,MPN/100mL,,,9223 B ~ Enzyme substrate assay for measuring total coliforms and E. coli (ONPG-MUG test or CPRG-MUG test)
2025-08-14,10:00:00,Bacteria Monitoring 2025,DRBC-6107_058,6107_058,40.594063,-75.191368,Sample-Routine,387.3,MPN/100mL,,,9223 B ~ Enzyme substrate assay for measuring total coliforms and E. coli (ONPG-MUG test or CPRG-MUG test)
2025-08-14,10:01:00,Bacteria Monitoring 2025,DRBC-6107_059,6107_059,40.594267,-75.19077,Sample-Routine,360.9,MPN/100mL,,,9223 B ~ Enzyme substrate assay for measuring total coliforms and E. coli (ONPG-MUG test or CPRG-MUG test)
2025-08-14,10:02:00,Bacteria Monitoring 2025,DRBC-6107_060,6107_060,40.594435,-75.190078,Sample-Routine,290.9,MPN/100mL,,,9223 B ~ Enzyme substrate assay for measuring total coliforms and E. coli (ONPG-MUG test or CPRG-MUG test)
2025-08-14,09:50:00,Bacteria Monitoring 2025,DRBC-6107_061,6107_061,40.626862,-75.190309,Sample-Routine,172.3,MPN/100mL,,,9223 B ~ Enzyme substrate assay for measuring total coliforms and E. coli (ONPG-MUG test or CPRG-MUG test)
2025-08-14,09:36:00,Bacteria Monitoring 2025,DRBC-6107_062,6107_062,40.668842,-75.182369,Sample-Routine,344.8,MPN/100mL,,,9223 B ~ Enzyme substrate assay for measuring total coliforms and E. coli (ONPG-MUG test or CPRG-MUG test)
2025-08-14,09:24:00,Bacteria Monitoring 2025,DRBC-6107_063,6107_063,40.688907,-75.206612,Sample-Routine,198.9,MPN/100mL,,,9223 B ~ Enzyme substrate assay for measuring total coliforms and E. coli (ONPG-MUG test or CPRG-MUG test)
2025-08-14,09:10:00,Bacteria Monitoring 2025,DRBC-6107_064,6107_064,40.691447,-75.204686,Sample-Routine,387.3,MPN/100mL,,,9223 B ~ Enzyme substrate assay for measuring total coliforms and E. coli (ONPG-MUG test or CPRG-MUG test)
2025-08-14,09:10:00,Bacteria Monitoring 2025,DRBC-6107_065,6107_065,40.691469,-75.204052,Sample-Routine,131.4,MPN/100mL,,,9223 B ~ Enzyme substrate assay for measuring total coliforms and E. coli (ONPG-MUG test or CPRG-MUG test)
2025-08-14,09:10:00,Bacteria Monitoring 2025,DRBC-6107_066,6107_066,40.691491,-75.203684,Sample-Routine,78.9,MPN/100mL,,,9223 B ~ Enzyme substrate assay for measuring total coliforms and E. coli (ONPG-MUG test or CPRG-MUG test)
2025-08-18,09:07:00,Bacteria Monitoring 2025,DRBC-6107_001,6107_001,39.982605,-75.065202,Sample-Routine,1299.7,MPN/100mL,,,9223 B ~ Enzyme substrate assay for measuring total coliforms and E. coli (ONPG-MUG test or CPRG-MUG test)
2025-08-18,09:08:00,Bacteria Monitoring 2025,DRBC-6107_002,6107_002,39.983365,-75.066275,Sample-Routine,980.4,MPN/100mL,,,9223 B ~ Enzyme substrate assay for measuring total coliforms and E. coli (ONPG-MUG test or CPRG-MUG test)
2025-08-18,09:10:00,Bacteria Monitoring 2025,DRBC-6107_003,6107_003,39.984562,-75.067971,Sample-Routine,2419.6,MPN/100mL,,,9223 B ~ Enzyme substrate assay for measuring total coliforms and E. coli (ONPG-MUG test or CPRG-MUG test)
2025-08-18,09:11:00,Bacteria Monitoring 2025,DRBC-6107_004,6107_004,39.98513,-75.068813,Sample-Routine,2419.6,MPN/100mL,,,9223 B ~ Enzyme substrate assay for measuring total coliforms and E. coli (ONPG-MUG test or CPRG-MUG test)
2025-08-18,09:13:00,Bacteria Monitoring 2025,DRBC-6107_005,6107_005,39.985648,-75.069813,Sample-Routine,2419.6,MPN/100mL,,,9223 B ~ Enzyme substrate assay for measuring total coliforms and E. coli (ONPG-MUG test or CPRG-MUG test)
2025-08-18,10:20:00,Bacteria Monitoring 2025,DRBC-6107_006,6107_006,39.993604,-75.080701,Sample-Routine,2419.6,MPN/100mL,L,,9223 B ~ Enzyme substrate assay for measuring total coliforms and E. coli (ONPG-MUG test or CPRG-MUG test)
2025-08-18,09:23:00,Bacteria Monitoring 2025,DRBC-6107_009,6107_009,40.006754,-75.056197,Sample-Routine,2419.6,MPN/100mL,L,,9223 B ~ Enzyme substrate assay for measuring total coliforms and E. coli (ONPG-MUG test or CPRG-MUG test)
2025-08-18,09:27:00,Bacteria Monitoring 2025,DRBC-6107_010,6107_010,40.009969,-75.042944,Sample-Routine,157.6,MPN/100mL,,,9223 B ~ Enzyme substrate assay for measuring total coliforms and E. coli (ONPG-MUG test or CPRG-MUG test)
2025-08-18,09:28:00,Bacteria Monitoring 2025,DRBC-6107_011,6107_011,40.011885,-75.044057,Sample-Routine,1046.2,MPN/100mL,,,9223 B ~ Enzyme substrate assay for measuring total coliforms and E. coli (ONPG-MUG test or CPRG-MUG test)
2025-08-18,09:31:00,Bacteria Monitoring 2025,DRBC-6107_012,6107_012,40.014052,-75.045711,Sample-Routine,2419.6,MPN/100mL,,,9223 B ~ Enzyme substrate assay for measuring total coliforms and E. coli (ONPG-MUG test or CPRG-MUG test)
2025-08-18,08:50:00,Bacteria Monitoring 2025,DRBC-6107_013,6107_013,40.01668,-75.107116,Sample-Routine,2419.6,MPN/100mL,L,,9223 B ~ Enzyme substrate assay for measuring total coliforms and E. coli (ONPG-MUG test or CPRG-MUG test)
2025-08-18,09:36:00,Bacteria Monitoring 2025,DRBC-6107_014,6107_014,40.019748,-75.033026,Sample-Routine,2419.6,MPN/100mL,,,9223 B ~ Enzyme substrate assay for measuring total coliforms and E. coli (ONPG-MUG test or CPRG-MUG test)
2025-08-18,09:48:00,Bacteria Monitoring 2025,DRBC-6107_015,6107_015,40.022851,-75.004345,Sample-Routine,517.2,MPN/100mL,,,9223 B ~ Enzyme substrate assay for measuring total coliforms and E. coli (ONPG-MUG test or CPRG-MUG test)
2025-08-18,09:50:00,Bacteria Monitoring 2025,DRBC-6107_016,6107_016,40.024236,-75.005679,Sample-Routine,920.8,MPN/100mL,,,9223 B ~ Enzyme substrate assay for measuring total coliforms and E. coli (ONPG-MUG test or CPRG-MUG test)
2025-08-18,09:51:00,Bacteria Monitoring 2025,DRBC-6107_017,6107_017,40.025414,-75.006823,Sample-Routine,2419.6,MPN/100mL,L,,9223 B ~ Enzyme substrate assay for measuring total coliforms and E. coli (ONPG-MUG test or CPRG-MUG test)
2025-08-18,09:53:00,Bacteria Monitoring 2025,DRBC-6107_018,6107_018,40.026865,-75.008773,Sample-Routine,1986.3,MPN/100mL,,,9223 B ~ Enzyme substrate assay for measuring total coliforms and E. coli (ONPG-MUG test or CPRG-MUG test)
2025-08-18,09:55:00,Bacteria Monitoring 2025,DRBC-6107_019,6107_019,40.027932,-75.009999,Sample-Routine,2419.6,MPN/100mL,L,,9223 B ~ Enzyme substrate assay for measuring total coliforms and E. coli (ONPG-MUG test or CPRG-MUG test)
2025-08-18,10:40:00,Bacteria Monitoring 2025,DRBC-6107_020,6107_020,40.033358,-75.018026,Sample-Routine,2419.6,MPN/100mL,L,,9223 B ~ Enzyme substrate assay for measuring total coliforms and E. coli (ONPG-MUG test or CPRG-MUG test)
2025-08-18,10:01:00,Bacteria Monitoring 2025,DRBC-6107_021,6107_021,40.041564,-74.990545,Sample-Routine,2419.6,MPN/100mL,L,,9223 B ~ Enzyme substrate assay for measuring total coliforms and E. coli (ONPG-MUG test or CPRG-MUG test)
2025-08-18,10:52:00,Bacteria Monitoring 2025,DRBC-6107_022,6107_022,40.0494,-75.026565,Sample-Routine,2419.6,MPN/100mL,L,,9223 B ~ Enzyme substrate assay for measuring total coliforms and E. coli (ONPG-MUG test or CPRG-MUG test)
2025-08-18,10:07:00,Bacteria Monitoring 2025,DRBC-6107_023,6107_023,40.051178,-74.97831,Sample-Routine,2419.6,MPN/100mL,L,,9223 B ~ Enzyme substrate assay for measuring total coliforms and E. coli (ONPG-MUG test or CPRG-MUG test)
2025-08-18,10:14:00,Bacteria Monitoring 2025,DRBC-6107_024,6107_024,40.053149,-74.959818,Sample-Routine,488.4,MPN/100mL,,,9223 B ~ Enzyme substrate assay for measuring total coliforms and E. coli (ONPG-MUG test or CPRG-MUG test)
2025-08-18,11:18:00,Bacteria Monitoring 2025,DRBC-6107_027,6107_027,40.053743,-74.982025,Sample-Routine,2419.6,MPN/100mL,L,,9223 B ~ Enzyme substrate assay for measuring total coliforms and E. coli (ONPG-MUG test or CPRG-MUG test)
2025-08-18,10:17:00,Bacteria Monitoring 2025,DRBC-6107_028,6107_028,40.0546,-74.961117,Sample-Routine,461.1,MPN/100mL,,,9223 B ~ Enzyme substrate assay for measuring total coliforms and E. coli (ONPG-MUG test or CPRG-MUG test)
2025-08-18,10:19:00,Bacteria Monitoring 2025,DRBC-6107_029,6107_029,40.056244,-74.962182,Sample-Routine,1119.9,MPN/100mL,,,9223 B ~ Enzyme substrate assay for measuring total coliforms and E. coli (ONPG-MUG test or CPRG-MUG test)
2025-08-18,10:20:00,Bacteria Monitoring 2025,DRBC-6107_030,6107_030,40.05727,-74.963321,Sample-Routine,2419.6,MPN/100mL,L,,9223 B ~ Enzyme substrate assay for measuring total coliforms and E. coli (ONPG-MUG test or CPRG-MUG test)
2025-08-18,10:22:00,Bacteria Monitoring 2025,DRBC-6107_031,6107_031,40.058676,-74.96436,Sample-Routine,1732.9,MPN/100mL,L,,9223 B ~ Enzyme substrate assay for measuring total coliforms and E. coli (ONPG-MUG test or CPRG-MUG test)
2025-08-18,11:11:00,Bacteria Monitoring 2025,DRBC-6107_032,6107_032,40.064948,-74.981065,Sample-Routine,2419.6,MPN/100mL,L,,9223 B ~ Enzyme substrate assay for measuring total coliforms and E. coli (ONPG-MUG test or CPRG-MUG test)
2025-08-18,10:34:00,Bacteria Monitoring 2025,DRBC-6107_033,6107_033,40.073224,-74.914095,Sample-Routine,816.4,MPN/100mL,L,,9223 B ~ Enzyme substrate assay for measuring total coliforms and E. coli (ONPG-MUG test or CPRG-MUG test)
2025-08-18,10:51:00,Bacteria Monitoring 2025,DRBC-6107_034,6107_034,40.074434,-74.906087,Sample-Routine,920.8,MPN/100mL,L,,9223 B ~ Enzyme substrate assay for measuring total coliforms and E. coli (ONPG-MUG test or CPRG-MUG test)
2025-08-18,10:38:00,Bacteria Monitoring 2025,DRBC-6107_035,6107_035,40.075601,-74.901185,Sample-Routine,980.4,MPN/100mL,L,,9223 B ~ Enzyme substrate assay for measuring total coliforms and E. coli (ONPG-MUG test or CPRG-MUG test)
2025-08-18,10:43:00,Bacteria Monitoring 2025,DRBC-6107_036,6107_036,40.076605,-74.884269,Sample-Routine,290.9,MPN/100mL,,,9223 B ~ Enzyme substrate assay for measuring total coliforms and E. coli (ONPG-MUG test or CPRG-MUG test)
2025-08-18,10:44:00,Bacteria Monitoring 2025,DRBC-6107_037,6107_037,40.078262,-74.884861,Sample-Routine,920.8,MPN/100mL,,,9223 B ~ Enzyme substrate assay for measuring total coliforms and E. coli (ONPG-MUG test or CPRG-MUG test)
2025-08-18,10:45:00,Bacteria Monitoring 2025,DRBC-6107_038,6107_038,40.080014,-74.885481,Sample-Routine,866.4,MPN/100mL,,,9223 B ~ Enzyme substrate assay for measuring total coliforms and E. coli (ONPG-MUG test or CPRG-MUG test)
2025-08-18,11:35:00,Bacteria Monitoring 2025,DRBC-6107_039,6107_039,40.093569,-74.913619,Sample-Routine,2419.6,MPN/100mL,L,,9223 B ~ Enzyme substrate assay for measuring total coliforms and E. coli (ONPG-MUG test or CPRG-MUG test)
2025-08-18,11:50:00,Bacteria Monitoring 2025,DRBC-6107_040,6107_040,40.094027,-74.862507,Sample-Routine,2419.6,MPN/100mL,L,,9223 B ~ Enzyme substrate assay for measuring total coliforms and E. coli (ONPG-MUG test or CPRG-MUG test)
2025-08-18,12:00:00,Bacteria Monitoring 2025,DRBC-6107_041,6107_041,40.103018,-74.863965,Sample-Routine,2419.6,MPN/100mL,L,,9223 B ~ Enzyme substrate assay for measuring total coliforms and E. coli (ONPG-MUG test or CPRG-MUG test)
2025-08-18,12:15:00,Bacteria Monitoring 2025,DRBC-6107_042,6107_042,40.141492,-74.912421,Sample-Routine,2419.6,MPN/100mL,L,,9223 B ~ Enzyme substrate assay for measuring total coliforms and E. coli (ONPG-MUG test or CPRG-MUG test)
2025-08-19,12:35:00,Bacteria Monitoring 2025,DRBC-6107_043,6107_043,40.253244,-74.845336,Sample-Routine,18.1,MPN/100mL,,,9223 B ~ Enzyme substrate assay for measuring total coliforms and E. coli (ONPG-MUG test or CPRG-MUG test)
2025-08-19,12:09:00,Bacteria Monitoring 2025,DRBC-6107_044,6107_044,40.294832,-74.868938,Sample-Routine,8.6,MPN/100mL,,,9223 B ~ Enzyme substrate assay for measuring total coliforms and E. coli (ONPG-MUG test or CPRG-MUG test)
2025-08-19,12:10:00,Bacteria Monitoring 2025,DRBC-6107_045,6107_045,40.29524,-74.868297,Sample-Routine,6.3,MPN/100mL,,,9223 B ~ Enzyme substrate assay for measuring total coliforms and E. coli (ONPG-MUG test or CPRG-MUG test)
2025-08-19,12:11:00,Bacteria Monitoring 2025,DRBC-6107_046,6107_046,40.295765,-74.867539,Sample-Routine,25,MPN/100mL,,,9223 B ~ Enzyme substrate assay for measuring total coliforms and E. coli (ONPG-MUG test or CPRG-MUG test)
2025-08-19,11:55:00,Bacteria Monitoring 2025,DRBC-6107_047,6107_047,40.333411,-74.935782,Sample-Routine,21.3,MPN/100mL,,,9223 B ~ Enzyme substrate assay for measuring total coliforms and E. coli (ONPG-MUG test or CPRG-MUG test)
2025-08-19,11:34:00,Bacteria Monitoring 2025,DRBC-6107_048,6107_048,40.407049,-75.00366,Sample-Routine,10.7,MPN/100mL,,,9223 B ~ Enzyme substrate assay for measuring total coliforms and E. coli (ONPG-MUG test or CPRG-MUG test)
2025-08-19,11:15:00,Bacteria Monitoring 2025,DRBC-6107_049,6107_049,40.407416,-75.037649,Sample-Routine,15.8,MPN/100mL,,,9223 B ~ Enzyme substrate assay for measuring total coliforms and E. coli (ONPG-MUG test or CPRG-MUG test)
2025-08-19,11:16:00,Bacteria Monitoring 2025,DRBC-6107_050,6107_050,40.407803,-75.037334,Sample-Routine,10.9,MPN/100mL,,,9223 B ~ Enzyme substrate assay for measuring total coliforms and E. coli (ONPG-MUG test or CPRG-MUG test)
2025-08-19,11:17:00,Bacteria Monitoring 2025,DRBC-6107_051,6107_051,40.408098,-75.037098,Sample-Routine,11,MPN/100mL,,,9223 B ~ Enzyme substrate assay for measuring total coliforms and E. coli (ONPG-MUG test or CPRG-MUG test)
2025-08-19,10:55:00,Bacteria Monitoring 2025,DRBC-6107_052,6107_052,40.506697,-75.067197,Sample-Routine,10.8,MPN/100mL,,,9223 B ~ Enzyme substrate assay for measuring total coliforms and E. coli (ONPG-MUG test or CPRG-MUG test)
2025-08-19,10:31:00,Bacteria Monitoring 2025,DRBC-6107_055,6107_055,40.56604,-75.099181,Sample-Routine,18.9,MPN/100mL,,,9223 B ~ Enzyme substrate assay for measuring total coliforms and E. coli (ONPG-MUG test or CPRG-MUG test)
2025-08-19,10:32:00,Bacteria Monitoring 2025,DRBC-6107_056,6107_056,40.566517,-75.098521,Sample-Routine,24.3,MPN/100mL,,,9223 B ~ Enzyme substrate assay for measuring total coliforms and E. coli (ONPG-MUG test or CPRG-MUG test)
2025-08-19,10:33:00,Bacteria Monitoring 2025,DRBC-6107_057,6107_057,40.566853,-75.098051,Sample-Routine,24.1,MPN/100mL,,,9223 B ~ Enzyme substrate assay for measuring total coliforms and E. coli (ONPG-MUG test or CPRG-MUG test)
2025-08-19,10:06:00,Bacteria Monitoring 2025,DRBC-6107_058,6107_058,40.594063,-75.191368,Sample-Routine,34.1,MPN/100mL,,,9223 B ~ Enzyme substrate assay for measuring total coliforms and E. coli (ONPG-MUG test or CPRG-MUG test)
2025-08-19,10:07:00,Bacteria Monitoring 2025,DRBC-6107_059,6107_059,40.594267,-75.19077,Sample-Routine,28.5,MPN/100mL,,,9223 B ~ Enzyme substrate assay for measuring total coliforms and E. coli (ONPG-MUG test or CPRG-MUG test)
2025-08-19,10:08:00,Bacteria Monitoring 2025,DRBC-6107_060,6107_060,40.594435,-75.190078,Sample-Routine,26.9,MPN/100mL,,,9223 B ~ Enzyme substrate assay for measuring total coliforms and E. coli (ONPG-MUG test or CPRG-MUG test)
2025-08-19,09:56:00,Bacteria Monitoring 2025,DRBC-6107_061,6107_061,40.626862,-75.190309,Sample-Routine,29.2,MPN/100mL,,,9223 B ~ Enzyme substrate assay for measuring total coliforms and E. coli (ONPG-MUG test or CPRG-MUG test)
2025-08-19,09:45:00,Bacteria Monitoring 2025,DRBC-6107_062,6107_062,40.668842,-75.182369,Sample-Routine,41.4,MPN/100mL,,,9223 B ~ Enzyme substrate assay for measuring total coliforms and E. coli (ONPG-MUG test or CPRG-MUG test)
2025-08-19,09:10:00,Bacteria Monitoring 2025,DRBC-6107_063,6107_063,40.688907,-75.206612,Sample-Routine,55.4,MPN/100mL,,,9223 B ~ Enzyme substrate assay for measuring total coliforms and E. coli (ONPG-MUG test or CPRG-MUG test)
2025-08-19,09:20:00,Bacteria Monitoring 2025,DRBC-6107_064,6107_064,40.691447,-75.204686,Sample-Routine,16,MPN/100mL,,,9223 B ~ Enzyme substrate assay for measuring total coliforms and E. coli (ONPG-MUG test or CPRG-MUG test)
2025-08-19,09:21:00,Bacteria Monitoring 2025,DRBC-6107_065,6107_065,40.691469,-75.204052,Sample-Routine,12.2,MPN/100mL,,,9223 B ~ Enzyme substrate assay for measuring total coliforms and E. coli (ONPG-MUG test or CPRG-MUG test)
2025-08-19,09:22:00,Bacteria Monitoring 2025,DRBC-6107_066,6107_066,40.691491,-75.203684,Sample-Routine,11,MPN/100mL,,,9223 B ~ Enzyme substrate assay for measuring total coliforms and E. coli (ONPG-MUG test or CPRG-MUG test)
2025-09-16,08:43:00,Tidal Cycle Bacteria Monitoring 2025,DRBC-DS_CC,DS_CC,39.974304,-75.094729,Sample-Routine,145.5,MPN/100mL,,,9223 B ~ Enzyme substrate assay for measuring total coliforms and E. coli (ONPG-MUG test or CPRG-MUG test)
2025-09-16,13:10:00,Tidal Cycle Bacteria Monitoring 2025,DRBC-DS_CC,DS_CC,39.974304,-75.094729,Sample-Routine,261.3,MPN/100mL,,,9223 B ~ Enzyme substrate assay for measuring total coliforms and E. coli (ONPG-MUG test or CPRG-MUG test)
2025-09-16,10:08:00,Tidal Cycle Bacteria Monitoring 2025,DRBC-DS_CC,DS_CC,39.974304,-75.094729,Sample-Routine,167,MPN/100mL,,,9223 B ~ Enzyme substrate assay for measuring total coliforms and E. coli (ONPG-MUG test or CPRG-MUG test)
2025-09-16,07:17:00,Tidal Cycle Bacteria Monitoring 2025,DRBC-DS_CC,DS_CC,39.974304,-75.094729,Sample-Routine,114.5,MPN/100mL,,,9223 B ~ Enzyme substrate assay for measuring total coliforms and E. coli (ONPG-MUG test or CPRG-MUG test)
2025-09-16,11:37:00,Tidal Cycle Bacteria Monitoring 2025,DRBC-DS_CC,DS_CC,39.974304,-75.094729,Sample-Routine,102.2,MPN/100mL,,,9223 B ~ Enzyme substrate assay for measuring total coliforms and E. coli (ONPG-MUG test or CPRG-MUG test)
2025-09-16,11:39:00,Tidal Cycle Bacteria Monitoring 2025,DRBC-DS_NJ,DS_NJ,39.971942,-75.093816,Sample-Routine,325.5,MPN/100mL,,,9223 B ~ Enzyme substrate assay for measuring total coliforms and E. coli (ONPG-MUG test or CPRG-MUG test)
2025-09-16,13:05:00,Tidal Cycle Bacteria Monitoring 2025,DRBC-DS_NJ,DS_NJ,39.971942,-75.093816,Sample-Routine,344.8,MPN/100mL,,,9223 B ~ Enzyme substrate assay for measuring total coliforms and E. coli (ONPG-MUG test or CPRG-MUG test)
2025-09-16,10:09:00,Tidal Cycle Bacteria Monitoring 2025,DRBC-DS_NJ,DS_NJ,39.971942,-75.093816,Sample-Routine,260.3,MPN/100mL,,,9223 B ~ Enzyme substrate assay for measuring total coliforms and E. coli (ONPG-MUG test or CPRG-MUG test)
2025-09-16,07:15:00,Tidal Cycle Bacteria Monitoring 2025,DRBC-DS_NJ,DS_NJ,39.971942,-75.093816,Sample-Routine,185,MPN/100mL,,,9223 B ~ Enzyme substrate assay for measuring total coliforms and E. coli (ONPG-MUG test or CPRG-MUG test)
2025-09-16,08:44:00,Tidal Cycle Bacteria Monitoring 2025,DRBC-DS_NJ,DS_NJ,39.971942,-75.093816,Sample-Routine,686.7,MPN/100mL,,,9223 B ~ Enzyme substrate assay for measuring total coliforms and E. coli (ONPG-MUG test or CPRG-MUG test)
2025-09-16,08:42:00,Tidal Cycle Bacteria Monitoring 2025,DRBC-DS_PA,DS_PA,39.976698,-75.095836,Sample-Routine,129.6,MPN/100mL,,,9223 B ~ Enzyme substrate assay for measuring total coliforms and E. coli (ONPG-MUG test or CPRG-MUG test)
2025-09-16,07:19:00,Tidal Cycle Bacteria Monitoring 2025,DRBC-DS_PA,DS_PA,39.976698,-75.095836,Sample-Routine,57.8,MPN/100mL,,,9223 B ~ Enzyme substrate assay for measuring total coliforms and E. coli (ONPG-MUG test or CPRG-MUG test)
2025-09-16,10:06:00,Tidal Cycle Bacteria Monitoring 2025,DRBC-DS_PA,DS_PA,39.976698,-75.095836,Sample-Routine,98.7,MPN/100mL,,,9223 B ~ Enzyme substrate assay for measuring total coliforms and E. coli (ONPG-MUG test or CPRG-MUG test)
2025-09-16,13:08:00,Tidal Cycle Bacteria Monitoring 2025,DRBC-DS_PA,DS_PA,39.976698,-75.095836,Sample-Routine,74.3,MPN/100mL,,,9223 B ~ Enzyme substrate assay for measuring total coliforms and E. coli (ONPG-MUG test or CPRG-MUG test)
2025-09-16,11:36:00,Tidal Cycle Bacteria Monitoring 2025,DRBC-DS_PA,DS_PA,39.976698,-75.095836,Sample-Routine,73.8,MPN/100mL,,,9223 B ~ Enzyme substrate assay for measuring total coliforms and E. coli (ONPG-MUG test or CPRG-MUG test)
2025-09-16,10:00:00,Tidal Cycle Bacteria Monitoring 2025,DRBC-MO_CC,MO_CC,39.98354,-75.067477,Sample-Routine,151.5,MPN/100mL,,,9223 B ~ Enzyme substrate assay for measuring total coliforms and E. coli (ONPG-MUG test or CPRG-MUG test)
2025-09-16,08:34:00,Tidal Cycle Bacteria Monitoring 2025,DRBC-MO_CC,MO_CC,39.98354,-75.067477,Sample-Routine,90.9,MPN/100mL,,,9223 B ~ Enzyme substrate assay for measuring total coliforms and E. coli (ONPG-MUG test or CPRG-MUG test)
2025-09-16,13:00:00,Tidal Cycle Bacteria Monitoring 2025,DRBC-MO_CC,MO_CC,39.98354,-75.067477,Sample-Routine,80.1,MPN/100mL,,,9223 B ~ Enzyme substrate assay for measuring total coliforms and E. coli (ONPG-MUG test or CPRG-MUG test)
2025-09-16,11:30:00,Tidal Cycle Bacteria Monitoring 2025,DRBC-MO_CC,MO_CC,39.98354,-75.067477,Sample-Routine,228.2,MPN/100mL,,,9223 B ~ Enzyme substrate assay for measuring total coliforms and E. coli (ONPG-MUG test or CPRG-MUG test)
2025-09-16,07:32:00,Tidal Cycle Bacteria Monitoring 2025,DRBC-MO_CC,MO_CC,39.98354,-75.067477,Sample-Routine,36.4,MPN/100mL,,,9223 B ~ Enzyme substrate assay for measuring total coliforms and E. coli (ONPG-MUG test or CPRG-MUG test)
2025-09-16,11:29:00,Tidal Cycle Bacteria Monitoring 2025,DRBC-MO_NJ,MO_NJ,39.982086,-75.06527,Sample-Routine,365.4,MPN/100mL,,,9223 B ~ Enzyme substrate assay for measuring total coliforms and E. coli (ONPG-MUG test or CPRG-MUG test)
2025-09-16,12:38:00,Tidal Cycle Bacteria Monitoring 2025,DRBC-MO_NJ,MO_NJ,39.982086,-75.06527,Sample-Routine,206.4,MPN/100mL,,,9223 B ~ Enzyme substrate assay for measuring total coliforms and E. coli (ONPG-MUG test or CPRG-MUG test)
2025-09-16,07:34:00,Tidal Cycle Bacteria Monitoring 2025,DRBC-MO_NJ,MO_NJ,39.982086,-75.06527,Sample-Routine,73.3,MPN/100mL,,,9223 B ~ Enzyme substrate assay for measuring total coliforms and E. coli (ONPG-MUG test or CPRG-MUG test)
2025-09-16,08:33:00,Tidal Cycle Bacteria Monitoring 2025,DRBC-MO_NJ,MO_NJ,39.982086,-75.06527,Sample-Routine,59.8,MPN/100mL,,,9223 B ~ Enzyme substrate assay for measuring total coliforms and E. coli (ONPG-MUG test or CPRG-MUG test)
2025-09-16,09:59:00,Tidal Cycle Bacteria Monitoring 2025,DRBC-MO_NJ,MO_NJ,39.982086,-75.06527,Sample-Routine,108.5,MPN/100mL,,,9223 B ~ Enzyme substrate assay for measuring total coliforms and E. coli (ONPG-MUG test or CPRG-MUG test)
2025-09-16,08:36:00,Tidal Cycle Bacteria Monitoring 2025,DRBC-MO_PA,MO_PA,39.985112,-75.070576,Sample-Routine,60.9,MPN/100mL,,,9223 B ~ Enzyme substrate assay for measuring total coliforms and E. coli (ONPG-MUG test or CPRG-MUG test)
2025-09-16,07:30:00,Tidal Cycle Bacteria Monitoring 2025,DRBC-MO_PA,MO_PA,39.985112,-75.070576,Sample-Routine,45.9,MPN/100mL,,,9223 B ~ Enzyme substrate assay for measuring total coliforms and E. coli (ONPG-MUG test or CPRG-MUG test)
2025-09-16,11:31:00,Tidal Cycle Bacteria Monitoring 2025,DRBC-MO_PA,MO_PA,39.985112,-75.070576,Sample-Routine,95.8,MPN/100mL,,,9223 B ~ Enzyme substrate assay for measuring total coliforms and E. coli (ONPG-MUG test or CPRG-MUG test)
2025-09-16,13:01:00,Tidal Cycle Bacteria Monitoring 2025,DRBC-MO_PA,MO_PA,39.985112,-75.070576,Sample-Routine,83.6,MPN/100mL,,,9223 B ~ Enzyme substrate assay for measuring total coliforms and E. coli (ONPG-MUG test or CPRG-MUG test)
2025-09-16,10:01:00,Tidal Cycle Bacteria Monitoring 2025,DRBC-MO_PA,MO_PA,39.985112,-75.070576,Sample-Routine,101.4,MPN/100mL,,,9223 B ~ Enzyme substrate assay for measuring total coliforms and E. coli (ONPG-MUG test or CPRG-MUG test)
2025-09-16,11:22:00,Tidal Cycle Bacteria Monitoring 2025,DRBC-US_CC,US_CC,40.002103,-75.05608,Sample-Routine,261.3,MPN/100mL,,,9223 B ~ Enzyme substrate assay for measuring total coliforms and E. coli (ONPG-MUG test or CPRG-MUG test)
2025-09-16,07:42:00,Tidal Cycle Bacteria Monitoring 2025,DRBC-US_CC,US_CC,40.002103,-75.05608,Sample-Routine,21.1,MPN/100mL,,,9223 B ~ Enzyme substrate assay for measuring total coliforms and E. coli (ONPG-MUG test or CPRG-MUG test)
2025-09-16,09:52:00,Tidal Cycle Bacteria Monitoring 2025,DRBC-US_CC,US_CC,40.002103,-75.05608,Sample-Routine,148.3,MPN/100mL,,,9223 B ~ Enzyme substrate assay for measuring total coliforms and E. coli (ONPG-MUG test or CPRG-MUG test)
2025-09-16,08:27:00,Tidal Cycle Bacteria Monitoring 2025,DRBC-US_CC,US_CC,40.002103,-75.05608,Sample-Routine,47.1,MPN/100mL,,,9223 B ~ Enzyme substrate assay for measuring total coliforms and E. coli (ONPG-MUG test or CPRG-MUG test)
2025-09-16,12:53:00,Tidal Cycle Bacteria Monitoring 2025,DRBC-US_CC,US_CC,40.002103,-75.05608,Sample-Routine,54.6,MPN/100mL,,,9223 B ~ Enzyme substrate assay for measuring total coliforms and E. coli (ONPG-MUG test or CPRG-MUG test)
2025-09-16,09:54:00,Tidal Cycle Bacteria Monitoring 2025,DRBC-US_NJ,US_NJ,40.000701,-75.051979,Sample-Routine,123.4,MPN/100mL,,,9223 B ~ Enzyme substrate assay for measuring total coliforms and E. coli (ONPG-MUG test or CPRG-MUG test)
2025-09-16,08:28:00,Tidal Cycle Bacteria Monitoring 2025,DRBC-US_NJ,US_NJ,40.000701,-75.051979,Sample-Routine,51.2,MPN/100mL,,,9223 B ~ Enzyme substrate assay for measuring total coliforms and E. coli (ONPG-MUG test or CPRG-MUG test)
2025-09-16,07:40:00,Tidal Cycle Bacteria Monitoring 2025,DRBC-US_NJ,US_NJ,40.000701,-75.051979,Sample-Routine,62.4,MPN/100mL,,,9223 B ~ Enzyme substrate assay for measuring total coliforms and E. coli (ONPG-MUG test or CPRG-MUG test)
2025-09-16,12:55:00,Tidal Cycle Bacteria Monitoring 2025,DRBC-US_NJ,US_NJ,40.000701,-75.051979,Sample-Routine,43.5,MPN/100mL,,,9223 B ~ Enzyme substrate assay for measuring total coliforms and E. coli (ONPG-MUG test or CPRG-MUG test)
2025-09-16,11:25:00,Tidal Cycle Bacteria Monitoring 2025,DRBC-US_NJ,US_NJ,40.000701,-75.051979,Sample-Routine,55.6,MPN/100mL,,,9223 B ~ Enzyme substrate assay for measuring total coliforms and E. coli (ONPG-MUG test or CPRG-MUG test)
2025-09-16,07:44:00,Tidal Cycle Bacteria Monitoring 2025,DRBC-US_PA,US_PA,40.003158,-75.059082,Sample-Routine,42.8,MPN/100mL,,,9223 B ~ Enzyme substrate assay for measuring total coliforms and E. coli (ONPG-MUG test or CPRG-MUG test)
2025-09-16,08:25:00,Tidal Cycle Bacteria Monitoring 2025,DRBC-US_PA,US_PA,40.003158,-75.059082,Sample-Routine,24.1,MPN/100mL,,,9223 B ~ Enzyme substrate assay for measuring total coliforms and E. coli (ONPG-MUG test or CPRG-MUG test)
2025-09-16,11:21:00,Tidal Cycle Bacteria Monitoring 2025,DRBC-US_PA,US_PA,40.003158,-75.059082,Sample-Routine,41.4,MPN/100mL,,,9223 B ~ Enzyme substrate assay for measuring total coliforms and E. coli (ONPG-MUG test or CPRG-MUG test)
2025-09-16,12:51:00,Tidal Cycle Bacteria Monitoring 2025,DRBC-US_PA,US_PA,40.003158,-75.059082,Sample-Routine,547.5,MPN/100mL,,,9223 B ~ Enzyme substrate assay for measuring total coliforms and E. coli (ONPG-MUG test or CPRG-MUG test)
2025-09-16,09:51:00,Tidal Cycle Bacteria Monitoring 2025,DRBC-US_PA,US_PA,40.003158,-75.059082,Sample-Routine,29.2,MPN/100mL,,,9223 B ~ Enzyme substrate assay for measuring total coliforms and E. coli (ONPG-MUG test or CPRG-MUG test)
2025-09-23,09:50:00,Tidal Cycle Bacteria Monitoring 2025,DRBC-DS_CC,DS_CC,39.974304,-75.094729,Sample-Routine,30.1,MPN/100mL,,,9223 B ~ Enzyme substrate assay for measuring total coliforms and E. coli (ONPG-MUG test or CPRG-MUG test)
2025-09-23,08:38:00,Tidal Cycle Bacteria Monitoring 2025,DRBC-DS_CC,DS_CC,39.974304,-75.094729,Sample-Routine,48.8,MPN/100mL,,,9223 B ~ Enzyme substrate assay for measuring total coliforms and E. coli (ONPG-MUG test or CPRG-MUG test)
2025-09-23,07:17:00,Tidal Cycle Bacteria Monitoring 2025,DRBC-DS_CC,DS_CC,39.974304,-75.094729,Sample-Routine,156.5,MPN/100mL,,,9223 B ~ Enzyme substrate assay for measuring total coliforms and E. coli (ONPG-MUG test or CPRG-MUG test)
2025-09-23,11:20:00,Tidal Cycle Bacteria Monitoring 2025,DRBC-DS_CC,DS_CC,39.974304,-75.094729,Sample-Routine,30.5,MPN/100mL,,,9223 B ~ Enzyme substrate assay for measuring total coliforms and E. coli (ONPG-MUG test or CPRG-MUG test)
2025-09-23,12:52:00,Tidal Cycle Bacteria Monitoring 2025,DRBC-DS_CC,DS_CC,39.974304,-75.094729,Sample-Routine,49.6,MPN/100mL,,,9223 B ~ Enzyme substrate assay for measuring total coliforms and E. coli (ONPG-MUG test or CPRG-MUG test)
2025-09-23,07:16:00,Tidal Cycle Bacteria Monitoring 2025,DRBC-DS_NJ,DS_NJ,39.971942,-75.093816,Sample-Routine,325.5,MPN/100mL,,,9223 B ~ Enzyme substrate assay for measuring total coliforms and E. coli (ONPG-MUG test or CPRG-MUG test)
2025-09-23,08:36:00,Tidal Cycle Bacteria Monitoring 2025,DRBC-DS_NJ,DS_NJ,39.971942,-75.093816,Sample-Routine,107.1,MPN/100mL,,,9223 B ~ Enzyme substrate assay for measuring total coliforms and E. coli (ONPG-MUG test or CPRG-MUG test)
2025-09-23,12:53:00,Tidal Cycle Bacteria Monitoring 2025,DRBC-DS_NJ,DS_NJ,39.971942,-75.093816,Sample-Routine,260.3,MPN/100mL,,,9223 B ~ Enzyme substrate assay for measuring total coliforms and E. coli (ONPG-MUG test or CPRG-MUG test)
2025-09-23,09:52:00,Tidal Cycle Bacteria Monitoring 2025,DRBC-DS_NJ,DS_NJ,39.971942,-75.093816,Sample-Routine,90.9,MPN/100mL,,,9223 B ~ Enzyme substrate assay for measuring total coliforms and E. coli (ONPG-MUG test or CPRG-MUG test)
2025-09-23,11:21:00,Tidal Cycle Bacteria Monitoring 2025,DRBC-DS_NJ,DS_NJ,39.971942,-75.093816,Sample-Routine,59.1,MPN/100mL,,,9223 B ~ Enzyme substrate assay for measuring total coliforms and E. coli (ONPG-MUG test or CPRG-MUG test)
2025-09-23,11:19:00,Tidal Cycle Bacteria Monitoring 2025,DRBC-DS_PA,DS_PA,39.976698,-75.095836,Sample-Routine,24.1,MPN/100mL,,,9223 B ~ Enzyme substrate assay for measuring total coliforms and E. coli (ONPG-MUG test or CPRG-MUG test)
2025-09-23,08:40:00,Tidal Cycle Bacteria Monitoring 2025,DRBC-DS_PA,DS_PA,39.976698,-75.095836,Sample-Routine,36.4,MPN/100mL,,,9223 B ~ Enzyme substrate assay for measuring total coliforms and E. coli (ONPG-MUG test or CPRG-MUG test)
2025-09-23,09:49:00,Tidal Cycle Bacteria Monitoring 2025,DRBC-DS_PA,DS_PA,39.976698,-75.095836,Sample-Routine,27.2,MPN/100mL,,,9223 B ~ Enzyme substrate assay for measuring total coliforms and E. coli (ONPG-MUG test or CPRG-MUG test)
2025-09-23,07:18:00,Tidal Cycle Bacteria Monitoring 2025,DRBC-DS_PA,DS_PA,39.976698,-75.095836,Sample-Routine,86.2,MPN/100mL,,,9223 B ~ Enzyme substrate assay for measuring total coliforms and E. coli (ONPG-MUG test or CPRG-MUG test)
2025-09-23,12:51:00,Tidal Cycle Bacteria Monitoring 2025,DRBC-DS_PA,DS_PA,39.976698,-75.095836,Sample-Routine,40.8,MPN/100mL,,,9223 B ~ Enzyme substrate assay for measuring total coliforms and E. coli (ONPG-MUG test or CPRG-MUG test)
2025-09-23,07:11:00,Tidal Cycle Bacteria Monitoring 2025,DRBC-MO_CC,MO_CC,39.98354,-75.067477,Sample-Routine,61.3,MPN/100mL,,,9223 B ~ Enzyme substrate assay for measuring total coliforms and E. coli (ONPG-MUG test or CPRG-MUG test)
2025-09-23,08:28:00,Tidal Cycle Bacteria Monitoring 2025,DRBC-MO_CC,MO_CC,39.98354,-75.067477,Sample-Routine,33.6,MPN/100mL,,,9223 B ~ Enzyme substrate assay for measuring total coliforms and E. coli (ONPG-MUG test or CPRG-MUG test)
2025-09-23,12:58:00,Tidal Cycle Bacteria Monitoring 2025,DRBC-MO_CC,MO_CC,39.98354,-75.067477,Sample-Routine,29.2,MPN/100mL,,,9223 B ~ Enzyme substrate assay for measuring total coliforms and E. coli (ONPG-MUG test or CPRG-MUG test)
2025-09-23,11:27:00,Tidal Cycle Bacteria Monitoring 2025,DRBC-MO_CC,MO_CC,39.98354,-75.067477,Sample-Routine,12,MPN/100mL,,,9223 B ~ Enzyme substrate assay for measuring total coliforms and E. coli (ONPG-MUG test or CPRG-MUG test)
2025-09-23,09:58:00,Tidal Cycle Bacteria Monitoring 2025,DRBC-MO_CC,MO_CC,39.98354,-75.067477,Sample-Routine,13.5,MPN/100mL,,,9223 B ~ Enzyme substrate assay for measuring total coliforms and E. coli (ONPG-MUG test or CPRG-MUG test)
2025-09-23,07:10:00,Tidal Cycle Bacteria Monitoring 2025,DRBC-MO_NJ,MO_NJ,39.982086,-75.06527,Sample-Routine,156.5,MPN/100mL,,,9223 B ~ Enzyme substrate assay for measuring total coliforms and E. coli (ONPG-MUG test or CPRG-MUG test)
2025-09-23,08:27:00,Tidal Cycle Bacteria Monitoring 2025,DRBC-MO_NJ,MO_NJ,39.982086,-75.06527,Sample-Routine,88.4,MPN/100mL,,,9223 B ~ Enzyme substrate assay for measuring total coliforms and E. coli (ONPG-MUG test or CPRG-MUG test)
2025-09-23,10:00:00,Tidal Cycle Bacteria Monitoring 2025,DRBC-MO_NJ,MO_NJ,39.982086,-75.06527,Sample-Routine,52.9,MPN/100mL,,,9223 B ~ Enzyme substrate assay for measuring total coliforms and E. coli (ONPG-MUG test or CPRG-MUG test)
2025-09-23,11:28:00,Tidal Cycle Bacteria Monitoring 2025,DRBC-MO_NJ,MO_NJ,39.982086,-75.06527,Sample-Routine,62.7,MPN/100mL,,,9223 B ~ Enzyme substrate assay for measuring total coliforms and E. coli (ONPG-MUG test or CPRG-MUG test)
2025-09-23,12:59:00,Tidal Cycle Bacteria Monitoring 2025,DRBC-MO_NJ,MO_NJ,39.982086,-75.06527,Sample-Routine,114.5,MPN/100mL,,,9223 B ~ Enzyme substrate assay for measuring total coliforms and E. coli (ONPG-MUG test or CPRG-MUG test)
2025-09-23,07:12:00,Tidal Cycle Bacteria Monitoring 2025,DRBC-MO_PA,MO_PA,39.985112,-75.070576,Sample-Routine,49.5,MPN/100mL,,,9223 B ~ Enzyme substrate assay for measuring total coliforms and E. coli (ONPG-MUG test or CPRG-MUG test)
2025-09-23,08:30:00,Tidal Cycle Bacteria Monitoring 2025,DRBC-MO_PA,MO_PA,39.985112,-75.070576,Sample-Routine,55.6,MPN/100mL,,,9223 B ~ Enzyme substrate assay for measuring total coliforms and E. coli (ONPG-MUG test or CPRG-MUG test)
2025-09-23,11:26:00,Tidal Cycle Bacteria Monitoring 2025,DRBC-MO_PA,MO_PA,39.985112,-75.070576,Sample-Routine,54.5,MPN/100mL,,,9223 B ~ Enzyme substrate assay for measuring total coliforms and E. coli (ONPG-MUG test or CPRG-MUG test)
2025-09-23,09:57:00,Tidal Cycle Bacteria Monitoring 2025,DRBC-MO_PA,MO_PA,39.985112,-75.070576,Sample-Routine,67.6,MPN/100mL,,,9223 B ~ Enzyme substrate assay for measuring total coliforms and E. coli (ONPG-MUG test or CPRG-MUG test)
2025-09-23,12:57:00,Tidal Cycle Bacteria Monitoring 2025,DRBC-MO_PA,MO_PA,39.985112,-75.070576,Sample-Routine,43.2,MPN/100mL,,,9223 B ~ Enzyme substrate assay for measuring total coliforms and E. coli (ONPG-MUG test or CPRG-MUG test)
2025-09-23,08:21:00,Tidal Cycle Bacteria Monitoring 2025,DRBC-US_CC,US_CC,40.002103,-75.05608,Sample-Routine,19.9,MPN/100mL,,,9223 B ~ Enzyme substrate assay for measuring total coliforms and E. coli (ONPG-MUG test or CPRG-MUG test)
2025-09-23,11:33:00,Tidal Cycle Bacteria Monitoring 2025,DRBC-US_CC,US_CC,40.002103,-75.05608,Sample-Routine,20.1,MPN/100mL,,,9223 B ~ Enzyme substrate assay for measuring total coliforms and E. coli (ONPG-MUG test or CPRG-MUG test)
2025-09-23,13:03:00,Tidal Cycle Bacteria Monitoring 2025,DRBC-US_CC,US_CC,40.002103,-75.05608,Sample-Routine,31.3,MPN/100mL,,,9223 B ~ Enzyme substrate assay for measuring total coliforms and E. coli (ONPG-MUG test or CPRG-MUG test)
2025-09-23,07:04:00,Tidal Cycle Bacteria Monitoring 2025,DRBC-US_CC,US_CC,40.002103,-75.05608,Sample-Routine,45,MPN/100mL,,,9223 B ~ Enzyme substrate assay for measuring total coliforms and E. coli (ONPG-MUG test or CPRG-MUG test)
2025-09-23,10:05:00,Tidal Cycle Bacteria Monitoring 2025,DRBC-US_CC,US_CC,40.002103,-75.05608,Sample-Routine,29.4,MPN/100mL,,,9223 B ~ Enzyme substrate assay for measuring total coliforms and E. coli (ONPG-MUG test or CPRG-MUG test)
2025-09-23,08:22:00,Tidal Cycle Bacteria Monitoring 2025,DRBC-US_NJ,US_NJ,40.000701,-75.051979,Sample-Routine,34.1,MPN/100mL,,,9223 B ~ Enzyme substrate assay for measuring total coliforms and E. coli (ONPG-MUG test or CPRG-MUG test)
2025-09-23,07:06:00,Tidal Cycle Bacteria Monitoring 2025,DRBC-US_NJ,US_NJ,40.000701,-75.051979,Sample-Routine,33.6,MPN/100mL,,,9223 B ~ Enzyme substrate assay for measuring total coliforms and E. coli (ONPG-MUG test or CPRG-MUG test)
2025-09-23,13:02:00,Tidal Cycle Bacteria Monitoring 2025,DRBC-US_NJ,US_NJ,40.000701,-75.051979,Sample-Routine,51.2,MPN/100mL,,,9223 B ~ Enzyme substrate assay for measuring total coliforms and E. coli (ONPG-MUG test or CPRG-MUG test)
2025-09-23,10:04:00,Tidal Cycle Bacteria Monitoring 2025,DRBC-US_NJ,US_NJ,40.000701,-75.051979,Sample-Routine,24.6,MPN/100mL,,,9223 B ~ Enzyme substrate assay for measuring total coliforms and E. coli (ONPG-MUG test or CPRG-MUG test)
2025-09-23,11:32:00,Tidal Cycle Bacteria Monitoring 2025,DRBC-US_NJ,US_NJ,40.000701,-75.051979,Sample-Routine,32.3,MPN/100mL,,,9223 B ~ Enzyme substrate assay for measuring total coliforms and E. coli (ONPG-MUG test or CPRG-MUG test)
2025-09-23,10:07:00,Tidal Cycle Bacteria Monitoring 2025,DRBC-US_PA,US_PA,40.003158,-75.059082,Sample-Routine,488.4,MPN/100mL,,,9223 B ~ Enzyme substrate assay for measuring total coliforms and E. coli (ONPG-MUG test or CPRG-MUG test)
2025-09-23,07:03:00,Tidal Cycle Bacteria Monitoring 2025,DRBC-US_PA,US_PA,40.003158,-75.059082,Sample-Routine,86.2,MPN/100mL,,,9223 B ~ Enzyme substrate assay for measuring total coliforms and E. coli (ONPG-MUG test or CPRG-MUG test)
2025-09-23,13:04:00,Tidal Cycle Bacteria Monitoring 2025,DRBC-US_PA,US_PA,40.003158,-75.059082,Sample-Routine,37.3,MPN/100mL,,,9223 B ~ Enzyme substrate assay for measuring total coliforms and E. coli (ONPG-MUG test or CPRG-MUG test)
2025-09-23,08:19:00,Tidal Cycle Bacteria Monitoring 2025,DRBC-US_PA,US_PA,40.003158,-75.059082,Sample-Routine,2419.6,MPN/100mL,L,,9223 B ~ Enzyme substrate assay for measuring total coliforms and E. coli (ONPG-MUG test or CPRG-MUG test)
2025-09-23,11:34:00,Tidal Cycle Bacteria Monitoring 2025,DRBC-US_PA,US_PA,40.003158,-75.059082,Sample-Routine,33.6,MPN/100mL,,,9223 B ~ Enzyme substrate assay for measuring total coliforms and E. coli (ONPG-MUG test or CPRG-MUG test)
