datetime,00010_Maximum,00010_Maximum_cd,"00010_ism test bed, [ism barge_Maximum","00010_ism test bed, [ism barge_Maximum_cd",00010_Minimum,00010_Minimum_cd,"00010_ism test bed, [ism barge_Minimum","00010_ism test bed, [ism barge_Minimum_cd","00010_ism test bed, [ism barge_Mean","00010_ism test bed, [ism barge_Mean_cd",00010_Mean,00010_Mean_cd,00095_Maximum,00095_Maximum_cd,"00095_ism test bed, [ism barge_Maximum","00095_ism test bed, [ism barge_Maximum_cd",00095_Minimum,00095_Minimum_cd,"00095_ism test bed, [ism barge_Minimum","00095_ism test bed, [ism barge_Minimum_cd","00095_ism test bed, [ism barge_Mean","00095_ism test bed, [ism barge_Mean_cd",00095_Mean,00095_Mean_cd,00300_Maximum,00300_Maximum_cd,"00300_ism test bed, [ism barge_Maximum","00300_ism test bed, [ism barge_Maximum_cd",00300_Minimum,00300_Minimum_cd,"00300_ism test bed, [ism barge_Minimum","00300_ism test bed, [ism barge_Minimum_cd",00300_Mean,00300_Mean_cd,"00300_ism test bed, [ism barge_Mean","00300_ism test bed, [ism barge_Mean_cd",00400_Maximum,00400_Maximum_cd,"00400_ism test bed, [ism barge_Maximum","00400_ism test bed, [ism barge_Maximum_cd",00400_Minimum,00400_Minimum_cd,"00400_ism test bed, [ism barge_Minimum","00400_ism test bed, [ism barge_Minimum_cd",00400_Median,00400_Median_cd,"00400_ism test bed, [ism barge_Median","00400_ism test bed, [ism barge_Median_cd",site_no
2005-03-30 00:00:00+00:00,7.0,A,,,6.4,A,,,,,6.9,A,248.0,A,,,162.0,A,,,,,213.0,A,11.4,A,,,10.8,A,,,11.0,A,,,7.7,A,,,7.4,A,,,7.6,A,,,01467200
2005-03-31 00:00:00+00:00,6.5,A,,,5.3,A,,,,,5.7,A,170.0,A,,,118.0,A,,,,,136.0,A,11.7,A,,,11.0,A,,,11.4,A,,,7.4,A,,,7.2,A,,,7.3,A,,,01467200
2005-04-01 00:00:00+00:00,5.9,A,,,5.1,A,,,,,5.5,A,122.0,A,,,113.0,A,,,,,117.0,A,11.9,A,,,11.7,A,,,11.8,A,,,7.3,A,,,7.2,A,,,7.2,A,,,01467200
2005-04-02 00:00:00+00:00,7.4,A,,,5.9,A,,,,,6.4,A,127.0,A,,,115.0,A,,,,,120.0,A,11.8,A,,,11.0,A,,,11.5,A,,,7.3,A,,,7.3,A,,,7.3,A,,,01467200
2005-04-03 00:00:00+00:00,8.6,A,,,7.4,A,,,,,8.0,A,137.0,A,,,118.0,A,,,,,127.0,A,11.2,A,,,10.5,A,,,10.8,A,,,7.4,A,,,7.3,A,,,7.3,A,,,01467200
2005-04-04 00:00:00+00:00,8.1,A,,,6.3,A,,,,,7.1,A,121.0,A,,,82.0,A,,,,,100.0,A,11.2,A,,,10.5,A,,,10.8,A,,,7.4,A,,,7.2,A,,,7.3,A,,,01467200
2005-04-05 00:00:00+00:00,6.5,A,,,6.0,A,,,,,6.3,A,97.0,A,,,82.0,A,,,,,88.0,A,11.5,A,,,11.2,A,,,11.4,A,,,7.2,A,,,7.2,A,,,7.2,A,,,01467200
2005-04-06 00:00:00+00:00,7.5,A,,,6.5,A,,,,,7.0,A,116.0,A,,,94.0,A,,,,,107.0,A,11.7,A,,,11.4,A,,,11.6,A,,,7.2,A,,,7.2,A,,,7.2,A,,,01467200
2005-04-07 00:00:00+00:00,8.6,A,,,7.3,A,,,,,7.7,A,124.0,A,,,110.0,A,,,,,117.0,A,11.6,A,,,11.3,A,,,11.5,A,,,7.3,A,,,7.2,A,,,7.2,A,,,01467200
2005-04-12 00:00:00+00:00,11.8,A,,,11.4,A,,,,,11.6,A,155.0,A,,,147.0,A,,,,,151.0,A,10.7,A,,,10.3,A,,,10.5,A,,,7.4,A,,,7.3,A,,,7.3,A,,,01467200
2005-04-13 00:00:00+00:00,12.0,A,,,11.6,A,,,,,11.8,A,159.0,A,,,151.0,A,,,,,155.0,A,10.5,A,,,10.4,A,,,10.4,A,,,7.3,A,,,7.3,A,,,7.3,A,,,01467200
2005-04-14 00:00:00+00:00,12.4,A,,,11.8,A,,,,,12.0,A,163.0,A,,,155.0,A,,,,,158.0,A,10.5,A,,,10.3,A,,,10.4,A,,,7.3,A,,,7.2,A,,,7.2,A,,,01467200
2005-04-15 00:00:00+00:00,12.2,A,,,11.9,A,,,,,12.0,A,171.0,A,,,159.0,A,,,,,164.0,A,10.6,A,,,10.4,A,,,10.5,A,,,7.3,A,,,7.2,A,,,7.3,A,,,01467200
2005-04-16 00:00:00+00:00,12.2,A,,,11.9,A,,,,,12.0,A,175.0,A,,,165.0,A,,,,,170.0,A,10.6,A,,,10.3,A,,,10.5,A,,,7.3,A,,,7.3,A,,,7.3,A,,,01467200
2005-04-17 00:00:00+00:00,12.4,A,,,11.9,A,,,,,12.2,A,183.0,A,,,169.0,A,,,,,175.0,A,10.5,A,,,10.2,A,,,10.4,A,,,7.3,A,,,7.3,A,,,7.3,A,,,01467200
2005-04-18 00:00:00+00:00,12.9,A,,,12.3,A,,,,,12.5,A,188.0,A,,,172.0,A,,,,,180.0,A,10.5,A,,,10.3,A,,,10.4,A,,,7.3,A,,,7.3,A,,,7.3,A,,,01467200
2005-04-19 00:00:00+00:00,13.5,A,,,12.7,A,,,,,13.0,A,191.0,A,,,178.0,A,,,,,184.0,A,10.4,A,,,10.0,A,,,10.3,A,,,7.3,A,,,7.3,A,,,7.3,A,,,01467200
2005-04-20 00:00:00+00:00,14.1,A,,,13.2,A,,,,,13.6,A,195.0,A,,,184.0,A,,,,,190.0,A,10.2,A,,,10.0,A,,,10.1,A,,,7.3,A,,,7.2,A,,,7.3,A,,,01467200
2005-04-21 00:00:00+00:00,14.6,A,,,13.8,A,,,,,14.2,A,196.0,A,,,188.0,A,,,,,192.0,A,10.1,A,,,9.9,A,,,10.0,A,,,7.3,A,,,7.2,A,,,7.3,A,,,01467200
2005-04-22 00:00:00+00:00,14.5,A,,,14.1,A,,,,,14.3,A,200.0,A,,,193.0,A,,,,,196.0,A,10.0,A,,,9.7,A,,,9.9,A,,,7.3,A,,,7.3,A,,,7.3,A,,,01467200
2005-04-23 00:00:00+00:00,14.8,A,,,14.1,A,,,,,14.4,A,201.0,A,,,195.0,A,,,,,199.0,A,9.7,A,,,9.5,A,,,9.6,A,,,7.3,A,,,7.3,A,,,7.3,A,,,01467200
2005-04-24 00:00:00+00:00,14.9,A,,,14.4,A,,,,,14.6,A,209.0,A,,,201.0,A,,,,,206.0,A,9.5,A,,,9.3,A,,,9.4,A,,,7.4,A,,,7.3,A,,,7.3,A,,,01467200
2005-04-25 00:00:00+00:00,15.0,A,,,14.3,A,,,,,14.6,A,217.0,A,,,206.0,A,,,,,211.0,A,9.5,A,,,9.2,A,,,9.4,A,,,7.4,A,,,7.3,A,,,7.3,A,,,01467200
2005-04-26 00:00:00+00:00,15.2,A,,,14.4,A,,,,,14.9,A,222.0,A,,,212.0,A,,,,,216.0,A,9.5,A,,,9.2,A,,,9.3,A,,,7.4,A,,,7.3,A,,,7.4,A,,,01467200
2005-04-27 00:00:00+00:00,15.2,A,,,14.8,A,,,,,15.1,A,226.0,A,,,214.0,A,,,,,220.0,A,9.7,A,,,9.3,A,,,9.4,A,,,7.5,A,,,7.3,A,,,7.4,A,,,01467200
2005-04-28 00:00:00+00:00,15.0,A,,,14.3,A,,,,,14.8,A,,,,,,,,,,,,,9.7,A,,,9.2,A,,,9.5,A,,,7.4,A,,,7.4,A,,,7.4,A,,,01467200
2005-04-29 00:00:00+00:00,14.8,A,,,13.9,A,,,,,14.3,A,,,,,,,,,,,,,9.9,A,,,9.4,A,,,9.6,A,,,7.4,A,,,7.3,A,,,7.4,A,,,01467200
2005-04-30 00:00:00+00:00,14.4,A,,,13.6,A,,,,,13.9,A,,,,,,,,,,,,,10.2,A,,,9.5,A,,,9.8,A,,,7.3,A,,,7.3,A,,,7.3,A,,,01467200
2005-05-01 00:00:00+00:00,13.9,A,,,13.6,A,,,,,13.7,A,,,,,,,,,,,,,10.0,A,,,9.6,A,,,9.8,A,,,7.3,A,,,7.2,A,,,7.2,A,,,01467200
2005-05-02 00:00:00+00:00,13.8,A,,,13.5,A,,,,,13.7,A,,,,,,,,,,,,,10.1,A,,,9.7,A,,,10.0,A,,,7.3,A,,,7.2,A,,,7.3,A,,,01467200
2005-05-03 00:00:00+00:00,13.9,A,,,13.6,A,,,,,13.7,A,,,,,,,,,,,,,10.2,A,,,9.8,A,,,10.0,A,,,7.3,A,,,7.2,A,,,7.2,A,,,01467200
2005-05-04 00:00:00+00:00,13.8,A,,,13.6,A,,,,,13.7,A,,,,,,,,,,,,,10.1,A,,,9.7,A,,,9.9,A,,,7.3,A,,,7.2,A,,,7.2,A,,,01467200
2005-05-05 00:00:00+00:00,13.9,A,,,13.4,A,,,,,13.7,A,,,,,,,,,,,,,10.0,A,,,9.7,A,,,9.8,A,,,7.2,A,,,7.2,A,,,7.2,A,,,01467200
2005-05-06 00:00:00+00:00,13.9,A,,,13.4,A,,,,,13.6,A,,,,,,,,,,,,,10.0,A,,,9.7,A,,,9.8,A,,,7.2,A,,,7.2,A,,,7.2,A,,,01467200
2005-05-07 00:00:00+00:00,13.8,A,,,13.3,A,,,,,13.5,A,,,,,,,,,,,,,9.9,A,,,9.7,A,,,9.8,A,,,7.2,A,,,7.1,A,,,7.2,A,,,01467200
2005-05-08 00:00:00+00:00,13.9,A,,,13.5,A,,,,,13.7,A,,,,,,,,,,,,,10.1,A,,,9.5,A,,,9.8,A,,,7.2,A,,,7.1,A,,,7.2,A,,,01467200
2005-05-09 00:00:00+00:00,14.4,A,,,13.7,A,,,,,14.0,A,,,,,,,,,,,,,10.1,A,,,9.6,A,,,9.8,A,,,7.2,A,,,7.1,A,,,7.2,A,,,01467200
2005-05-10 00:00:00+00:00,14.8,A,,,14.2,A,,,,,14.4,A,,,,,,,,,,,,,9.9,A,,,9.5,A,,,9.7,A,,,7.2,A,,,7.1,A,,,7.1,A,,,01467200
2005-05-11 00:00:00+00:00,15.3,A,,,14.6,A,,,,,14.8,A,,,,,,,,,,,,,9.9,A,,,9.2,A,,,9.5,A,,,7.2,A,,,7.0,A,,,7.1,A,,,01467200
2005-05-12 00:00:00+00:00,15.5,A,,,15.2,A,,,,,15.3,A,,,,,,,,,,,,,9.7,A,,,9.0,A,,,9.3,A,,,7.2,A,,,7.1,A,,,7.1,A,,,01467200
2005-05-13 00:00:00+00:00,15.8,A,,,15.2,A,,,,,15.5,A,,,,,,,,,,,,,9.6,A,,,8.8,A,,,9.2,A,,,7.2,A,,,7.1,A,,,7.1,A,,,01467200
2005-05-14 00:00:00+00:00,16.3,A,,,15.5,A,,,,,15.9,A,,,,,,,,,,,,,9.4,A,,,8.8,A,,,9.0,A,,,7.2,A,,,7.1,A,,,7.2,A,,,01467200
2005-05-15 00:00:00+00:00,16.8,A,,,16.1,A,,,,,16.4,A,,,,,,,,,,,,,9.4,A,,,8.7,A,,,9.0,A,,,7.2,A,,,7.0,A,,,7.2,A,,,01467200
2005-05-16 00:00:00+00:00,17.4,A,,,16.5,A,,,,,16.8,A,,,,,,,,,,,,,8.9,A,,,8.3,A,,,8.6,A,,,7.1,A,,,7.0,A,,,7.1,A,,,01467200
2005-05-17 00:00:00+00:00,17.9,A,,,16.9,A,,,,,17.3,A,,,,,,,,,,,,,8.7,A,,,7.6,A,,,8.2,A,,,7.1,A,,,7.0,A,,,7.1,A,,,01467200
2005-05-18 00:00:00+00:00,18.4,A,,,17.1,A,,,,,17.6,A,,,,,,,,,,,,,8.1,A,,,7.4,A,,,7.9,A,,,7.1,A,,,7.0,A,,,7.0,A,,,01467200
2005-05-19 00:00:00+00:00,18.7,A,,,17.5,A,,,,,18.0,A,,,,,,,,,,,,,7.8,A,,,7.4,A,,,7.6,A,,,7.3,A,,,7.0,A,,,7.1,A,,,01467200
2005-05-20 00:00:00+00:00,18.5,A,,,17.6,A,,,,,18.0,A,233.0,A,,,218.0,A,,,,,225.0,A,7.6,A,,,7.3,A,,,7.5,A,,,7.2,A,,,7.1,A,,,7.2,A,,,01467200
2005-05-21 00:00:00+00:00,18.6,A,,,17.5,A,,,,,18.0,A,231.0,A,,,221.0,A,,,,,225.0,A,7.3,A,,,7.0,A,,,7.2,A,,,7.2,A,,,7.1,A,,,7.1,A,,,01467200
2005-05-22 00:00:00+00:00,18.8,A,,,17.7,A,,,,,18.2,A,234.0,A,,,225.0,A,,,,,230.0,A,7.2,A,,,6.8,A,,,7.0,A,,,7.2,A,,,7.1,A,,,7.1,A,,,01467200
2005-05-23 00:00:00+00:00,18.8,A,,,17.9,A,,,,,18.4,A,238.0,A,,,228.0,A,,,,,233.0,A,6.9,A,,,6.5,A,,,6.7,A,,,7.2,A,,,7.1,A,,,7.1,A,,,01467200
2005-05-24 00:00:00+00:00,18.6,A,,,18.1,A,,,,,18.3,A,245.0,A,,,233.0,A,,,,,238.0,A,6.6,A,,,6.4,A,,,6.5,A,,,7.1,A,,,7.0,A,,,7.1,A,,,01467200
2005-05-25 00:00:00+00:00,18.3,A,,,17.8,A,,,,,18.0,A,249.0,A,,,234.0,A,,,,,242.0,A,6.6,A,,,6.3,A,,,6.4,A,,,7.1,A,,,7.0,A,,,7.1,A,,,01467200
2005-05-26 00:00:00+00:00,18.0,A,,,17.5,A,,,,,17.7,A,252.0,A,,,239.0,A,,,,,246.0,A,6.5,A,,,6.1,A,,,6.2,A,,,7.1,A,,,7.0,A,,,7.0,A,,,01467200
2005-05-27 00:00:00+00:00,18.2,A,,,17.5,A,,,,,17.9,A,253.0,A,,,242.0,A,,,,,249.0,A,6.2,A,,,5.9,A,,,6.0,A,,,7.1,A,,,7.0,A,,,7.0,A,,,01467200
2005-05-28 00:00:00+00:00,18.5,A,,,17.9,A,,,,,18.2,A,256.0,A,,,244.0,A,,,,,251.0,A,6.2,A,,,5.7,A,,,5.9,A,,,7.0,A,,,7.0,A,,,7.0,A,,,01467200
2005-05-29 00:00:00+00:00,18.7,A,,,18.1,A,,,,,18.4,A,259.0,A,,,247.0,A,,,,,253.0,A,6.1,A,,,5.6,A,,,5.7,A,,,7.0,A,,,6.9,A,,,7.0,A,,,01467200
2005-05-30 00:00:00+00:00,18.8,A,,,18.4,A,,,,,18.6,A,261.0,A,,,248.0,A,,,,,256.0,A,6.0,A,,,5.4,A,,,5.6,A,,,7.0,A,,,6.9,A,,,7.0,A,,,01467200
2005-05-31 00:00:00+00:00,19.2,A,,,18.6,A,,,,,18.9,A,264.0,A,,,250.0,A,,,,,258.0,A,5.8,A,,,5.2,A,,,5.5,A,,,7.1,A,,,6.9,A,,,7.0,A,,,01467200
2005-06-01 00:00:00+00:00,19.5,A,,,19.0,A,,,,,19.2,A,268.0,A,,,255.0,A,,,,,260.0,A,6.0,A,,,5.1,A,,,5.5,A,,,7.1,A,,,7.0,A,,,7.0,A,,,01467200
2005-06-02 00:00:00+00:00,19.6,A,,,19.2,A,,,,,19.4,A,271.0,A,,,258.0,A,,,,,263.0,A,6.0,A,,,5.3,A,,,5.7,A,,,7.1,A,,,7.0,A,,,7.0,A,,,01467200
2005-06-03 00:00:00+00:00,19.5,A,,,19.3,A,,,,,19.3,A,273.0,A,,,260.0,A,,,,,266.0,A,6.1,A,,,5.4,A,,,5.8,A,,,7.1,A,,,7.0,A,,,7.1,A,,,01467200
2005-06-04 00:00:00+00:00,19.5,A,,,19.2,A,,,,,19.4,A,275.0,A,,,262.0,A,,,,,266.0,A,6.1,A,,,5.4,A,,,5.7,A,,,7.1,A,,,7.0,A,,,7.0,A,,,01467200
2005-06-05 00:00:00+00:00,20.1,A,,,19.4,A,,,,,19.7,A,273.0,A,,,261.0,A,,,,,267.0,A,6.4,A,,,5.3,A,,,5.7,A,,,7.1,A,,,7.0,A,,,7.0,A,,,01467200
2005-06-06 00:00:00+00:00,20.8,A,,,20.0,A,,,,,20.4,A,277.0,A,,,256.0,A,,,,,268.0,A,6.6,A,,,5.5,A,,,6.0,A,,,7.1,A,,,7.0,A,,,7.0,A,,,01467200
2005-06-07 00:00:00+00:00,21.4,A,,,20.6,A,,,,,20.9,A,277.0,A,,,257.0,A,,,,,265.0,A,6.3,A,,,5.7,A,,,5.9,A,,,7.1,A,,,7.0,A,,,7.0,A,,,01467200
2005-06-08 00:00:00+00:00,22.0,A,,,21.1,A,,,,,21.6,A,273.0,A,,,256.0,A,,,,,263.0,A,6.4,A,,,5.6,A,,,6.0,A,,,7.1,A,,,7.0,A,,,7.0,A,,,01467200
2005-06-09 00:00:00+00:00,22.6,A,,,21.7,A,,,,,22.1,A,272.0,A,,,257.0,A,,,,,263.0,A,6.3,A,,,5.5,A,,,5.9,A,,,7.1,A,,,7.0,A,,,7.0,A,,,01467200
2005-06-10 00:00:00+00:00,23.2,A,,,22.3,A,,,,,22.6,A,273.0,A,,,256.0,A,,,,,263.0,A,6.3,A,,,5.5,A,,,5.7,A,,,7.1,A,,,7.0,A,,,7.0,A,,,01467200
2005-06-11 00:00:00+00:00,23.6,A,,,22.7,A,,,,,23.2,A,269.0,A,,,254.0,A,,,,,261.0,A,5.9,A,,,5.1,A,,,5.4,A,,,7.0,A,,,7.0,A,,,7.0,A,,,01467200
2005-06-12 00:00:00+00:00,24.1,A,,,23.2,A,,,,,23.6,A,269.0,A,,,249.0,A,,,,,260.0,A,5.9,A,,,3.9,A,,,5.4,A,,,7.1,A,,,7.0,A,,,7.0,A,,,01467200
2005-06-13 00:00:00+00:00,24.7,A,,,23.7,A,,,,,24.1,A,270.0,A,,,252.0,A,,,,,261.0,A,5.8,A,,,4.9,A,,,5.3,A,,,7.1,A,,,7.0,A,,,7.0,A,,,01467200
2005-06-14 00:00:00+00:00,25.2,A,,,24.2,A,,,,,24.6,A,274.0,A,,,254.0,A,,,,,265.0,A,5.5,A,,,4.6,A,,,5.0,A,,,7.1,A,,,7.0,A,,,7.0,A,,,01467200
2005-06-15 00:00:00+00:00,25.5,A,,,24.7,A,,,,,25.0,A,286.0,A,,,260.0,A,,,,,275.0,A,5.3,A,,,4.3,A,,,4.8,A,,,7.1,A,,,7.0,A,,,7.0,A,,,01467200
2005-06-16 00:00:00+00:00,25.6,A,,,25.0,A,,,,,25.2,A,291.0,A,,,270.0,A,,,,,282.0,A,5.1,A,,,4.2,A,,,4.6,A,,,7.1,A,,,7.0,A,,,7.0,A,,,01467200
2005-06-17 00:00:00+00:00,25.5,A,,,24.9,A,,,,,25.1,A,289.0,A,,,268.0,A,,,,,281.0,A,4.8,A,,,3.9,A,,,4.2,A,,,7.1,A,,,7.0,A,,,7.0,A,,,01467200
2005-06-18 00:00:00+00:00,25.4,A,,,24.8,A,,,,,25.0,A,292.0,A,,,271.0,A,,,,,282.0,A,4.4,A,,,3.7,A,,,4.0,A,,,7.1,A,,,7.0,A,,,7.0,A,,,01467200
2005-06-19 00:00:00+00:00,25.0,A,,,24.4,A,,,,,24.7,A,293.0,A,,,272.0,A,,,,,282.0,A,4.4,A,,,3.8,A,,,4.1,A,,,7.1,A,,,7.0,A,,,7.0,A,,,01467200
2005-06-20 00:00:00+00:00,24.9,A,,,24.3,A,,,,,24.6,A,296.0,A,,,273.0,A,,,,,285.0,A,4.3,A,,,3.8,A,,,4.0,A,,,7.1,A,,,7.0,A,,,7.1,A,,,01467200
2005-06-21 00:00:00+00:00,25.0,A,,,24.2,A,,,,,24.6,A,298.0,A,,,274.0,A,,,,,285.0,A,4.1,A,,,3.5,A,,,3.8,A,,,7.1,A,,,7.0,A,,,7.0,A,,,01467200
2005-06-24 00:00:00+00:00,25.3,A,,,24.6,A,,,,,24.9,A,303.0,A,,,276.0,A,,,,,290.0,A,4.3,A,,,3.4,A,,,3.7,A,,,7.1,A,,,7.0,A,,,7.0,A,,,01467200
2005-06-25 00:00:00+00:00,25.5,A,,,24.8,A,,,,,25.1,A,301.0,A,,,276.0,A,,,,,289.0,A,4.3,A,,,3.7,A,,,3.9,A,,,7.1,A,,,7.0,A,,,7.1,A,,,01467200
2005-06-26 00:00:00+00:00,25.9,A,,,25.1,A,,,,,25.5,A,299.0,A,,,275.0,A,,,,,288.0,A,4.4,A,,,3.8,A,,,4.1,A,,,7.1,A,,,7.0,A,,,7.1,A,,,01467200
2005-06-27 00:00:00+00:00,25.8,A,,,25.4,A,,,,,25.6,A,304.0,A,,,278.0,A,,,,,291.0,A,4.5,A,,,3.8,A,,,4.1,A,,,7.1,A,,,7.0,A,,,7.1,A,,,01467200
2005-06-28 00:00:00+00:00,26.2,A,,,25.4,A,,,,,25.8,A,302.0,A,,,279.0,A,,,,,291.0,A,4.2,A,,,3.7,A,,,3.9,A,,,7.1,A,,,7.0,A,,,7.0,A,,,01467200
2005-06-29 00:00:00+00:00,26.2,A,,,25.8,A,,,,,26.0,A,300.0,A,,,277.0,A,,,,,289.0,A,4.3,A,,,3.6,A,,,3.9,A,,,7.1,A,,,7.0,A,,,7.1,A,,,01467200
2005-07-02 00:00:00+00:00,26.7,A,,,26.3,A,,,,,26.4,A,305.0,A,,,274.0,A,,,,,287.0,A,4.6,A,,,3.7,A,,,4.1,A,,,7.1,A,,,7.0,A,,,7.1,A,,,01467200
2005-07-03 00:00:00+00:00,26.7,A,,,26.4,A,,,,,26.5,A,298.0,A,,,275.0,A,,,,,285.0,A,4.9,A,,,3.8,A,,,4.3,A,,,7.1,A,,,7.0,A,,,7.1,A,,,01467200
2005-07-04 00:00:00+00:00,26.8,A,,,26.3,A,,,,,26.5,A,304.0,A,,,278.0,A,,,,,288.0,A,5.0,A,,,4.0,A,,,4.4,A,,,7.1,A,,,7.0,A,,,7.1,A,,,01467200
2005-07-05 00:00:00+00:00,26.8,A,,,26.5,A,,,,,26.7,A,307.0,A,,,282.0,A,,,,,293.0,A,4.7,A,,,3.9,A,,,4.3,A,,,7.1,A,,,7.0,A,,,7.1,A,,,01467200
2005-07-06 00:00:00+00:00,26.9,A,,,26.6,A,,,,,26.7,A,312.0,A,,,285.0,A,,,,,296.0,A,4.5,A,,,3.7,A,,,4.1,A,,,7.1,A,,,7.0,A,,,7.1,A,,,01467200
2005-07-07 00:00:00+00:00,26.8,A,,,26.5,A,,,,,26.6,A,312.0,A,,,286.0,A,,,,,299.0,A,4.4,A,,,3.6,A,,,3.9,A,,,7.1,A,,,7.0,A,,,7.0,A,,,01467200
2005-07-08 00:00:00+00:00,26.5,A,,,25.6,A,,,,,26.0,A,319.0,A,,,269.0,A,,,,,296.0,A,4.3,A,,,3.6,A,,,4.0,A,,,7.0,A,,,6.9,A,,,7.0,A,,,01467200
2005-07-09 00:00:00+00:00,25.8,A,,,25.5,A,,,,,25.6,A,303.0,A,,,263.0,A,,,,,282.0,A,4.2,A,,,3.5,A,,,3.8,A,,,7.0,A,,,6.9,A,,,6.9,A,,,01467200
2005-07-10 00:00:00+00:00,25.9,A,,,25.5,A,,,,,25.6,A,294.0,A,,,261.0,A,,,,,276.0,A,4.1,A,,,3.4,A,,,3.8,A,,,6.9,A,,,6.9,A,,,6.9,A,,,01467200
2005-07-11 00:00:00+00:00,26.0,A,,,25.6,A,,,,,25.8,A,293.0,A,,,260.0,A,,,,,276.0,A,4.2,A,,,3.4,A,,,3.8,A,,,6.9,A,,,6.9,A,,,6.9,A,,,01467200
2005-07-12 00:00:00+00:00,26.3,A,,,25.8,A,,,,,26.0,A,292.0,A,,,259.0,A,,,,,276.0,A,4.3,A,,,3.4,A,,,3.8,A,,,6.9,A,,,6.9,A,,,6.9,A,,,01467200
2005-07-13 00:00:00+00:00,26.3,A,,,26.0,A,,,,,26.1,A,293.0,A,,,263.0,A,,,,,278.0,A,4.2,A,,,3.4,A,,,3.8,A,,,6.9,A,,,6.9,A,,,6.9,A,,,01467200
2005-07-14 00:00:00+00:00,26.3,A,,,26.1,A,,,,,26.2,A,280.0,A,,,250.0,A,,,,,266.0,A,4.1,A,,,3.4,A,,,3.7,A,,,7.0,A,,,6.9,A,,,6.9,A,,,01467200
2005-07-15 00:00:00+00:00,26.7,A,,,26.2,A,,,,,26.4,A,278.0,A,,,247.0,A,,,,,262.0,A,4.3,A,,,3.4,A,,,3.7,A,,,7.0,A,,,6.9,A,,,6.9,A,,,01467200
2005-07-16 00:00:00+00:00,26.8,A,,,26.4,A,,,,,26.6,A,280.0,A,,,252.0,A,,,,,263.0,A,4.2,A,,,3.2,A,,,3.6,A,,,7.0,A,,,6.9,A,,,6.9,A,,,01467200
2005-07-17 00:00:00+00:00,26.9,A,,,26.6,A,,,,,26.7,A,280.0,A,,,251.0,A,,,,,263.0,A,4.2,A,,,3.3,A,,,3.6,A,,,7.0,A,,,6.9,A,,,6.9,A,,,01467200
2005-07-18 00:00:00+00:00,27.2,A,,,26.7,A,,,,,26.9,A,271.0,A,,,237.0,A,,,,,250.0,A,4.0,A,,,3.2,A,,,3.6,A,,,6.9,A,,,6.9,A,,,6.9,A,,,01467200
2005-07-19 00:00:00+00:00,27.5,A,,,27.0,A,,,,,27.2,A,267.0,A,,,236.0,A,,,,,249.0,A,4.0,A,,,3.1,A,,,3.4,A,,,6.9,A,,,6.8,A,,,6.9,A,,,01467200
2005-07-20 00:00:00+00:00,27.7,A,,,27.2,A,,,,,27.4,A,267.0,A,,,235.0,A,,,,,249.0,A,4.0,A,,,3.1,A,,,3.5,A,,,6.9,A,,,6.8,A,,,6.9,A,,,01467200
2005-07-21 00:00:00+00:00,28.0,A,,,27.4,A,,,,,27.7,A,270.0,A,,,238.0,A,,,,,251.0,A,4.0,A,,,3.2,A,,,3.5,A,,,6.9,A,,,6.9,A,,,6.9,A,,,01467200
2005-07-22 00:00:00+00:00,28.3,A,,,27.7,A,,,,,28.0,A,272.0,A,,,242.0,A,,,,,255.0,A,3.9,A,,,3.2,A,,,3.5,A,,,6.9,A,,,6.9,A,,,6.9,A,,,01467200
2005-07-23 00:00:00+00:00,28.3,A,,,28.0,A,,,,,28.1,A,270.0,A,,,242.0,A,,,,,256.0,A,3.9,A,,,3.2,A,,,3.5,A,,,6.9,A,,,6.9,A,,,6.9,A,,,01467200
2005-07-24 00:00:00+00:00,28.3,A,,,27.9,A,,,,,28.1,A,270.0,A,,,243.0,A,,,,,256.0,A,3.9,A,,,3.4,A,,,3.5,A,,,6.9,A,,,6.9,A,,,6.9,A,,,01467200
2005-07-25 00:00:00+00:00,28.1,A,,,27.7,A,,,,,27.9,A,272.0,A,,,244.0,A,,,,,261.0,A,3.9,A,,,3.3,A,,,3.6,A,,,7.0,A,,,6.9,A,,,7.0,A,,,01467200
2005-07-26 00:00:00+00:00,28.4,A,,,27.9,A,,,,,28.2,A,277.0,A,,,251.0,A,,,,,264.0,A,3.8,A,,,3.4,A,,,3.6,A,,,7.0,A,,,6.9,A,,,6.9,A,,,01467200
2005-07-27 00:00:00+00:00,28.9,A,,,28.2,A,,,,,28.5,A,279.0,A,,,254.0,A,,,,,267.0,A,4.1,A,,,3.5,A,,,3.8,A,,,7.0,A,,,6.9,A,,,6.9,A,,,01467200
2005-07-28 00:00:00+00:00,28.8,A,,,28.2,A,,,,,28.5,A,282.0,A,,,257.0,A,,,,,270.0,A,4.2,A,,,3.7,A,,,3.9,A,,,7.0,A,,,7.0,A,,,7.0,A,,,01467200
2005-07-29 00:00:00+00:00,28.8,A,,,28.3,A,,,,,28.5,A,285.0,A,,,261.0,A,,,,,273.0,A,4.3,A,,,3.8,A,,,4.0,A,,,7.0,A,,,7.0,A,,,7.0,A,,,01467200
2005-07-30 00:00:00+00:00,28.8,A,,,28.3,A,,,,,28.5,A,286.0,A,,,262.0,A,,,,,273.0,A,4.2,A,,,3.7,A,,,4.0,A,,,7.0,A,,,7.0,A,,,7.0,A,,,01467200
2005-07-31 00:00:00+00:00,28.6,A,,,28.3,A,,,,,28.4,A,291.0,A,,,263.0,A,,,,,274.0,A,4.2,A,,,3.8,A,,,4.0,A,,,7.0,A,,,6.9,A,,,7.0,A,,,01467200
2005-08-01 00:00:00+00:00,28.7,A,,,28.2,A,,,,,28.4,A,291.0,A,,,265.0,A,,,,,277.0,A,4.1,A,,,3.7,A,,,3.9,A,,,7.0,A,,,6.9,A,,,7.0,A,,,01467200
2005-08-02 00:00:00+00:00,28.7,A,,,28.3,A,,,,,28.5,A,290.0,A,,,268.0,A,,,,,279.0,A,4.1,A,,,3.5,A,,,3.8,A,,,7.0,A,,,6.9,A,,,7.0,A,,,01467200
2005-08-03 00:00:00+00:00,29.0,A,,,28.4,A,,,,,28.6,A,293.0,A,,,267.0,A,,,,,281.0,A,4.3,A,,,3.6,A,,,3.9,A,,,7.0,A,,,6.9,A,,,7.0,A,,,01467200
2005-08-04 00:00:00+00:00,29.1,A,,,28.7,A,,,,,28.8,A,300.0,A,,,272.0,A,,,,,284.0,A,4.3,A,,,3.7,A,,,3.9,A,,,7.0,A,,,6.9,A,,,7.0,A,,,01467200
2005-08-05 00:00:00+00:00,29.1,A,,,28.7,A,,,,,28.9,A,297.0,A,,,273.0,A,,,,,285.0,A,4.4,A,,,3.7,A,,,4.0,A,,,7.0,A,,,7.0,A,,,7.0,A,,,01467200
2005-08-06 00:00:00+00:00,29.0,A,,,28.7,A,,,,,28.9,A,298.0,A,,,274.0,A,,,,,285.0,A,4.5,A,,,3.8,A,,,4.1,A,,,7.0,A,,,6.9,A,,,7.0,A,,,01467200
2005-08-07 00:00:00+00:00,28.9,A,,,28.7,A,,,,,28.8,A,301.0,A,,,275.0,A,,,,,288.0,A,4.4,A,,,3.9,A,,,4.1,A,,,6.9,A,,,6.9,A,,,6.9,A,,,01467200
2005-08-08 00:00:00+00:00,28.9,A,,,28.6,A,,,,,28.7,A,303.0,A,,,276.0,A,,,,,291.0,A,4.4,A,,,3.9,A,,,4.1,A,,,6.9,A,,,6.9,A,,,6.9,A,,,01467200
2005-08-09 00:00:00+00:00,28.7,A,,,28.5,A,,,,,28.6,A,302.0,A,,,280.0,A,,,,,292.0,A,4.2,A,,,3.7,A,,,3.9,A,,,6.9,A,,,6.8,A,,,6.9,A,,,01467200
2005-08-10 00:00:00+00:00,28.7,A,,,28.3,A,,,,,28.5,A,302.0,A,,,281.0,A,,,,,291.0,A,4.0,A,,,3.4,A,,,3.7,A,,,6.9,A,,,6.8,A,,,6.8,A,,,01467200
2005-08-11 00:00:00+00:00,28.8,A,,,28.4,A,,,,,28.6,A,302.0,A,,,284.0,A,,,,,292.0,A,3.9,A,,,3.4,A,,,3.6,A,,,6.9,A,,,6.8,A,,,6.8,A,,,01467200
2005-08-12 00:00:00+00:00,29.0,A,,,28.6,A,,,,,28.8,A,307.0,A,,,282.0,A,,,,,293.0,A,3.9,A,,,3.3,A,,,3.6,A,,,6.9,A,,,6.8,A,,,6.8,A,,,01467200
2005-08-13 00:00:00+00:00,29.2,A,,,28.7,A,,,,,28.9,A,306.0,A,,,281.0,A,,,,,293.0,A,4.3,A,,,3.5,A,,,3.8,A,,,6.9,A,,,6.8,A,,,6.9,A,,,01467200
2005-08-14 00:00:00+00:00,29.3,A,,,28.9,A,,,,,29.1,A,317.0,A,,,284.0,A,,,,,296.0,A,4.3,A,,,3.6,A,,,3.9,A,,,6.9,A,,,6.8,A,,,6.9,A,,,01467200
2005-08-15 00:00:00+00:00,29.3,A,,,28.9,A,,,,,29.0,A,316.0,A,,,284.0,A,,,,,296.0,A,4.0,A,,,3.4,A,,,3.7,A,,,6.9,A,,,6.8,A,,,6.9,A,,,01467200
2005-08-16 00:00:00+00:00,29.0,A,,,28.6,A,,,,,28.8,A,320.0,A,,,286.0,A,,,,,301.0,A,3.9,A,,,3.6,A,,,3.7,A,,,6.9,A,,,6.8,A,,,6.9,A,,,01467200
2005-08-17 00:00:00+00:00,28.7,A,,,28.4,A,,,,,28.6,A,323.0,A,,,286.0,A,,,,,303.0,A,3.8,A,,,3.4,A,,,3.6,A,,,6.9,A,,,6.8,A,,,6.8,A,,,01467200
2005-08-18 00:00:00+00:00,28.6,A,,,28.3,A,,,,,28.4,A,321.0,A,,,282.0,A,,,,,301.0,A,3.9,A,,,3.4,A,,,3.7,A,,,6.9,A,,,6.8,A,,,6.8,A,,,01467200
2005-08-19 00:00:00+00:00,28.4,A,,,28.1,A,,,,,28.3,A,323.0,A,,,284.0,A,,,,,303.0,A,3.9,A,,,3.6,A,,,3.7,A,,,6.9,A,,,6.8,A,,,6.8,A,,,01467200
2005-08-20 00:00:00+00:00,28.2,A,,,28.0,A,,,,,28.1,A,326.0,A,,,286.0,A,,,,,305.0,A,3.9,A,,,3.5,A,,,3.7,A,,,6.8,A,,,6.8,A,,,6.8,A,,,01467200
2005-08-21 00:00:00+00:00,28.3,A,,,28.0,A,,,,,28.1,A,324.0,A,,,285.0,A,,,,,305.0,A,3.9,A,,,3.4,A,,,3.6,A,,,6.9,A,,,6.8,A,,,6.8,A,,,01467200
2005-08-22 00:00:00+00:00,28.2,A,,,28.0,A,,,,,28.1,A,312.0,A,,,263.0,A,,,,,286.0,A,3.9,A,,,3.5,A,,,3.7,A,,,6.9,A,,,6.8,A,,,6.8,A,,,01467200
2005-08-25 00:00:00+00:00,27.4,A,,,27.2,A,,,,,27.3,A,334.0,A,,,296.0,A,,,,,313.0,A,4.3,A,,,3.7,A,,,4.0,A,,,6.9,A,,,6.9,A,,,6.9,A,,,01467200
2005-08-26 00:00:00+00:00,27.2,A,,,27.1,A,,,,,27.2,A,335.0,A,,,295.0,A,,,,,315.0,A,4.6,A,,,4.0,A,,,4.2,A,,,6.9,A,,,6.9,A,,,6.9,A,,,01467200
2005-08-27 00:00:00+00:00,27.1,A,,,26.9,A,,,,,27.0,A,337.0,A,,,297.0,A,,,,,316.0,A,4.6,A,,,4.0,A,,,4.3,A,,,6.9,A,,,6.9,A,,,6.9,A,,,01467200
2005-08-30 00:00:00+00:00,27.0,A,,,26.9,A,,,,,27.0,A,341.0,A,,,295.0,A,,,,,316.0,A,4.1,A,,,3.7,A,,,3.9,A,,,6.9,A,,,6.9,A,,,6.9,A,,,01467200
2005-08-31 00:00:00+00:00,27.1,A,,,26.9,A,,,,,27.0,A,351.0,A,,,295.0,A,,,,,317.0,A,4.5,A,,,3.8,A,,,4.1,A,,,7.0,A,,,6.9,A,,,6.9,A,,,01467200
2005-09-01 00:00:00+00:00,27.0,A,,,26.8,A,,,,,26.9,A,335.0,A,,,295.0,A,,,,,313.0,A,4.4,A,,,4.0,A,,,4.2,A,,,7.0,A,,,6.9,A,,,6.9,A,,,01467200
2005-09-02 00:00:00+00:00,27.0,A,,,26.7,A,,,,,26.8,A,345.0,A,,,295.0,A,,,,,318.0,A,4.5,A,,,4.0,A,,,4.2,A,,,7.0,A,,,6.9,A,,,6.9,A,,,01467200
2005-09-03 00:00:00+00:00,26.8,A,,,26.6,A,,,,,26.7,A,342.0,A,,,297.0,A,,,,,319.0,A,4.5,A,,,4.1,A,,,4.3,A,,,7.0,A,,,6.9,A,,,7.0,A,,,01467200
2005-09-04 00:00:00+00:00,26.7,A,,,26.4,A,,,,,26.5,A,343.0,A,,,300.0,A,,,,,321.0,A,4.6,A,,,4.1,A,,,4.3,A,,,7.0,A,,,6.9,A,,,7.0,A,,,01467200
2005-09-05 00:00:00+00:00,26.4,A,,,26.2,A,,,,,26.3,A,350.0,A,,,301.0,A,,,,,324.0,A,4.8,A,,,4.3,A,,,4.5,A,,,7.0,A,,,7.0,A,,,7.0,A,,,01467200
2005-09-06 00:00:00+00:00,26.3,A,,,26.1,A,,,,,26.2,A,359.0,A,,,302.0,A,,,,,328.0,A,4.8,A,,,4.5,A,,,4.6,A,,,7.0,A,,,7.0,A,,,7.0,A,,,01467200
2005-09-07 00:00:00+00:00,26.2,A,,,26.0,A,,,,,26.1,A,353.0,A,,,305.0,A,,,,,329.0,A,4.8,A,,,4.5,A,,,4.6,A,,,7.0,A,,,7.0,A,,,7.0,A,,,01467200
2005-09-08 00:00:00+00:00,26.2,A,,,25.9,A,,,,,26.0,A,355.0,A,,,308.0,A,,,,,331.0,A,5.0,A,,,4.3,A,,,4.7,A,,,7.0,A,,,7.0,A,,,7.0,A,,,01467200
2005-09-09 00:00:00+00:00,26.0,A,,,25.9,A,,,,,25.9,A,358.0,A,,,309.0,A,,,,,333.0,A,5.0,A,,,4.5,A,,,4.7,A,,,7.0,A,,,7.0,A,,,7.0,A,,,01467200
2005-09-10 00:00:00+00:00,26.0,A,,,25.7,A,,,,,25.9,A,367.0,A,,,310.0,A,,,,,335.0,A,4.9,A,,,4.4,A,,,4.6,A,,,7.0,A,,,7.0,A,,,7.0,A,,,01467200
2005-09-11 00:00:00+00:00,25.9,A,,,25.6,A,,,,,25.8,A,371.0,A,,,315.0,A,,,,,339.0,A,4.9,A,,,4.3,A,,,4.5,A,,,7.0,A,,,6.9,A,,,7.0,A,,,01467200
2005-09-12 00:00:00+00:00,25.8,A,,,25.5,A,,,,,25.6,A,368.0,A,,,318.0,A,,,,,339.0,A,5.0,A,,,4.3,A,,,4.6,A,,,7.0,A,,,7.0,A,,,7.0,A,,,01467200
2005-09-13 00:00:00+00:00,25.9,A,,,25.5,A,,,,,25.7,A,383.0,A,,,315.0,A,,,,,340.0,A,5.0,A,,,4.3,A,,,4.6,A,,,7.0,A,,,6.9,A,,,7.0,A,,,01467200
2005-09-14 00:00:00+00:00,25.8,A,,,25.7,A,,,,,25.7,A,387.0,A,,,320.0,A,,,,,351.0,A,4.7,A,,,4.0,A,,,4.4,A,,,7.0,A,,,6.9,A,,,7.0,A,,,01467200
2005-09-15 00:00:00+00:00,26.0,A,,,25.7,A,,,,,25.8,A,395.0,A,,,317.0,A,,,,,345.0,A,4.4,A,,,3.7,A,,,4.1,A,,,7.0,A,,,6.9,A,,,6.9,A,,,01467200
2005-09-16 00:00:00+00:00,26.1,A,,,25.9,A,,,,,26.0,A,388.0,A,,,312.0,A,,,,,343.0,A,4.2,A,,,3.7,A,,,3.9,A,,,7.0,A,,,6.9,A,,,6.9,A,,,01467200
2005-09-17 00:00:00+00:00,26.2,A,,,26.0,A,,,,,26.1,A,390.0,A,,,317.0,A,,,,,349.0,A,4.0,A,,,3.6,A,,,3.8,A,,,6.9,A,,,6.9,A,,,6.9,A,,,01467200
2005-09-18 00:00:00+00:00,26.2,A,,,25.9,A,,,,,26.1,A,400.0,A,,,314.0,A,,,,,350.0,A,4.0,A,,,3.5,A,,,3.7,A,,,7.0,A,,,6.9,A,,,6.9,A,,,01467200
2005-09-19 00:00:00+00:00,26.2,A,,,26.0,A,,,,,26.1,A,390.0,A,,,315.0,A,,,,,350.0,A,3.9,A,,,3.4,A,,,3.6,A,,,7.0,A,,,6.9,A,,,6.9,A,,,01467200
2005-09-20 00:00:00+00:00,26.1,A,,,25.9,A,,,,,26.0,A,404.0,A,,,320.0,A,,,,,358.0,A,4.0,A,,,3.5,A,,,3.7,A,,,7.0,A,,,6.9,A,,,6.9,A,,,01467200
2005-09-21 00:00:00+00:00,26.0,A,,,25.7,A,,,,,25.9,A,396.0,A,,,315.0,A,,,,,352.0,A,3.9,A,,,3.5,A,,,3.7,A,,,7.0,A,,,6.8,A,,,6.9,A,,,01467200
2005-09-22 00:00:00+00:00,25.9,A,,,25.6,A,,,,,25.7,A,413.0,A,,,320.0,A,,,,,360.0,A,4.1,A,,,3.6,A,,,3.9,A,,,6.9,A,,,6.8,A,,,6.8,A,,,01467200
2005-09-23 00:00:00+00:00,25.8,A,,,25.6,A,,,,,25.7,A,398.0,A,,,325.0,A,,,,,360.0,A,4.2,A,,,3.7,A,,,3.9,A,,,6.9,A,,,6.8,A,,,6.8,A,,,01467200
2005-09-24 00:00:00+00:00,25.6,A,,,25.2,A,,,,,25.4,A,427.0,A,,,319.0,A,,,,,364.0,A,4.9,A,,,4.0,A,,,4.4,A,,,6.9,A,,,6.8,A,,,6.9,A,,,01467200
2005-09-25 00:00:00+00:00,25.2,A,,,25.0,A,,,,,25.0,A,418.0,A,,,328.0,A,,,,,368.0,A,4.8,A,,,4.2,A,,,4.5,A,,,6.9,A,,,6.9,A,,,6.9,A,,,01467200
2005-09-26 00:00:00+00:00,25.0,A,,,24.8,A,,,,,24.8,A,412.0,A,,,323.0,A,,,,,364.0,A,4.9,A,,,4.3,A,,,4.6,A,,,6.9,A,,,6.9,A,,,6.9,A,,,01467200
2005-09-27 00:00:00+00:00,24.8,A,,,24.5,A,,,,,24.6,A,415.0,A,,,317.0,A,,,,,353.0,A,5.0,A,,,4.4,A,,,4.6,A,,,7.0,A,,,6.9,A,,,6.9,A,,,01467200
2005-09-28 00:00:00+00:00,24.5,A,,,24.1,A,,,,,24.2,A,453.0,A,,,331.0,A,,,,,377.0,A,4.8,A,,,4.4,A,,,4.6,A,,,7.0,A,,,6.9,A,,,6.9,A,,,01467200
2005-09-29 00:00:00+00:00,24.2,A,,,23.6,A,,,,,23.9,A,468.0,A,,,351.0,A,,,,,395.0,A,4.9,A,,,4.5,A,,,4.7,A,,,7.0,A,,,6.9,A,,,7.0,A,,,01467200
2005-09-30 00:00:00+00:00,23.6,A,,,23.2,A,,,,,23.4,A,430.0,A,,,336.0,A,,,,,379.0,A,4.9,A,,,4.6,A,,,4.7,A,,,7.0,A,,,6.9,A,,,7.0,A,,,01467200
2005-10-01 00:00:00+00:00,23.2,A,,,22.9,A,,,,,23.1,A,453.0,A,,,347.0,A,,,,,388.0,A,4.8,A,,,4.5,A,,,4.7,A,,,7.2,A,,,7.1,A,,,7.2,A,,,01467200
2005-10-02 00:00:00+00:00,23.2,A,,,22.8,A,,,,,23.0,A,451.0,A,,,345.0,A,,,,,391.0,A,4.8,A,,,4.4,A,,,4.6,A,,,7.2,A,,,7.1,A,,,7.1,A,,,01467200
2005-10-03 00:00:00+00:00,23.1,A,,,22.8,A,,,,,23.0,A,445.0,A,,,336.0,A,,,,,384.0,A,5.1,A,,,4.3,A,,,4.7,A,,,7.2,A,,,7.1,A,,,7.1,A,,,01467200
2005-10-04 00:00:00+00:00,23.0,A,,,22.8,A,,,,,22.9,A,441.0,A,,,337.0,A,,,,,383.0,A,4.9,A,,,4.6,A,,,4.7,A,,,7.1,A,,,7.1,A,,,7.1,A,,,01467200
2005-10-05 00:00:00+00:00,23.1,A,,,22.8,A,,,,,22.9,A,435.0,A,,,335.0,A,,,,,387.0,A,4.8,A,,,4.4,A,,,4.5,A,,,7.1,A,,,7.1,A,,,7.1,A,,,01467200
2005-10-06 00:00:00+00:00,23.1,A,,,22.9,A,,,,,23.0,A,450.0,A,,,340.0,A,,,,,389.0,A,4.7,A,,,4.3,A,,,4.4,A,,,7.1,A,,,7.1,A,,,7.1,A,,,01467200
2005-10-07 00:00:00+00:00,23.1,A,,,23.0,A,,,,,23.0,A,482.0,A,,,338.0,A,,,,,399.0,A,4.6,A,,,4.2,A,,,4.4,A,,,7.1,A,,,7.0,A,,,7.1,A,,,01467200
2005-10-08 00:00:00+00:00,23.1,A,,,22.5,A,,,,,23.0,A,448.0,A,,,300.0,A,,,,,383.0,A,5.1,A,,,4.4,A,,,4.7,A,,,7.1,A,,,7.0,A,,,7.1,A,,,01467200
2005-10-15 00:00:00+00:00,16.6,A,,,15.9,A,,,,,16.2,A,168.0,A,,,147.0,A,,,,,159.0,A,8.3,A,,,7.9,A,,,8.1,A,,,7.1,A,,,7.0,A,,,7.1,A,,,01467200
2005-10-16 00:00:00+00:00,16.0,A,,,15.5,A,,,,,15.7,A,157.0,A,,,134.0,A,,,,,144.0,A,8.2,A,,,8.1,A,,,8.2,A,,,7.0,A,,,6.9,A,,,7.0,A,,,01467200
2005-10-17 00:00:00+00:00,15.7,A,,,15.4,A,,,,,15.5,A,141.0,A,,,134.0,A,,,,,138.0,A,8.2,A,,,8.0,A,,,8.2,A,,,7.0,A,,,6.9,A,,,6.9,A,,,01467200
2005-10-18 00:00:00+00:00,15.7,A,,,15.4,A,,,,,15.5,A,146.0,A,,,137.0,A,,,,,142.0,A,8.2,A,,,8.0,A,,,8.1,A,,,7.0,A,,,6.9,A,,,7.0,A,,,01467200
2005-10-19 00:00:00+00:00,15.7,A,,,15.4,A,,,,,15.6,A,148.0,A,,,143.0,A,,,,,145.0,A,8.2,A,,,8.0,A,,,8.1,A,,,7.0,A,,,6.9,A,,,7.0,A,,,01467200
2005-10-20 00:00:00+00:00,15.7,A,,,15.4,A,,,,,15.5,A,156.0,A,,,145.0,A,,,,,150.0,A,8.3,A,,,8.0,A,,,8.1,A,,,7.1,A,,,6.9,A,,,7.0,A,,,01467200
2005-10-21 00:00:00+00:00,15.5,A,,,15.2,A,,,,,15.4,A,160.0,A,,,151.0,A,,,,,155.0,A,8.3,A,,,7.9,A,,,8.1,A,,,7.1,A,,,7.0,A,,,7.1,A,,,01467200
2005-10-22 00:00:00+00:00,15.3,A,,,15.1,A,,,,,15.2,A,169.0,A,,,157.0,A,,,,,162.0,A,8.2,A,,,7.9,A,,,8.1,A,,,7.1,A,,,7.0,A,,,7.0,A,,,01467200
2005-10-23 00:00:00+00:00,15.1,A,,,14.9,A,,,,,15.0,A,171.0,A,,,161.0,A,,,,,165.0,A,8.1,A,,,7.9,A,,,8.0,A,,,7.1,A,,,7.0,A,,,7.1,A,,,01467200
2005-10-24 00:00:00+00:00,14.9,A,,,14.5,A,,,,,14.7,A,178.0,A,,,167.0,A,,,,,171.0,A,8.5,A,,,8.0,A,,,8.3,A,,,7.2,A,,,7.1,A,,,7.1,A,,,01467200
2005-10-25 00:00:00+00:00,14.5,A,,,14.0,A,,,,,14.2,A,187.0,A,,,176.0,A,,,,,181.0,A,8.7,A,,,8.2,A,,,8.5,A,,,7.2,A,,,7.1,A,,,7.2,A,,,01467200
2005-10-26 00:00:00+00:00,14.0,A,,,12.6,A,,,,,13.2,A,204.0,A,,,182.0,A,,,,,198.0,A,9.5,A,,,8.5,A,,,9.1,A,,,7.4,A,,,7.2,A,,,7.3,A,,,01467200
2005-10-27 00:00:00+00:00,12.8,A,,,11.4,A,,,,,11.9,A,208.0,A,,,171.0,A,,,,,189.0,A,10.0,A,,,9.3,A,,,9.8,A,,,7.3,A,,,7.2,A,,,7.3,A,,,01467200
2005-10-28 00:00:00+00:00,11.7,A,,,10.8,A,,,,,11.1,A,183.0,A,,,164.0,A,,,,,170.0,A,10.2,A,,,9.9,A,,,10.0,A,,,7.3,A,,,7.2,A,,,7.2,A,,,01467200
2005-10-29 00:00:00+00:00,11.0,A,,,10.3,A,,,,,10.6,A,170.0,A,,,149.0,A,,,,,163.0,A,10.5,A,,,9.9,A,,,10.2,A,,,7.2,A,,,7.1,A,,,7.2,A,,,01467200
2005-10-30 00:00:00+00:00,10.5,A,,,10.0,A,,,,,10.2,A,162.0,A,,,144.0,A,,,,,151.0,A,10.7,A,,,10.2,A,,,10.4,A,,,7.2,A,,,7.1,A,,,7.1,A,,,01467200
2005-10-31 00:00:00+00:00,10.4,A,,,9.8,A,,,,,10.1,A,153.0,A,,,144.0,A,,,,,148.0,A,10.7,A,,,10.3,A,,,10.5,A,,,7.1,A,,,7.0,A,,,7.1,A,,,01467200
2005-11-01 00:00:00+00:00,10.3,A,,,9.9,A,,,,,10.1,A,152.0,A,,,145.0,A,,,,,149.0,A,10.6,A,,,10.3,A,,,10.5,A,,,7.1,A,,,7.0,A,,,7.0,A,,,01467200
2005-11-02 00:00:00+00:00,10.3,A,,,10.0,A,,,,,10.2,A,155.0,A,,,148.0,A,,,,,151.0,A,10.6,A,,,10.3,A,,,10.5,A,,,7.1,A,,,7.1,A,,,7.1,A,,,01467200
2005-11-03 00:00:00+00:00,10.4,A,,,10.1,A,,,,,10.2,A,162.0,A,,,151.0,A,,,,,156.0,A,10.6,A,,,10.4,A,,,10.5,A,,,7.1,A,,,7.1,A,,,7.1,A,,,01467200
2005-11-04 00:00:00+00:00,10.7,A,,,10.2,A,,,,,10.4,A,171.0,A,,,157.0,A,,,,,163.0,A,10.5,A,,,10.2,A,,,10.4,A,,,7.1,A,,,7.1,A,,,7.1,A,,,01467200
2005-11-05 00:00:00+00:00,10.9,A,,,10.5,A,,,,,10.7,A,176.0,A,,,165.0,A,,,,,170.0,A,10.4,A,,,9.9,A,,,10.1,A,,,7.1,A,,,7.0,A,,,7.1,A,,,01467200
2005-11-06 00:00:00+00:00,11.3,A,,,10.7,A,,,,,11.0,A,178.0,A,,,170.0,A,,,,,173.0,A,10.1,A,,,9.7,A,,,9.9,A,,,7.1,A,,,7.0,A,,,7.0,A,,,01467200
2005-11-07 00:00:00+00:00,11.5,A,,,11.1,A,,,,,11.3,A,183.0,A,,,173.0,A,,,,,177.0,A,9.8,A,,,9.2,A,,,9.5,A,,,7.2,A,,,7.0,A,,,7.1,A,,,01467200
2005-11-08 00:00:00+00:00,11.7,A,,,11.2,A,,,,,11.5,A,187.0,A,,,178.0,A,,,,,182.0,A,9.3,A,,,9.1,A,,,9.2,A,,,7.1,A,,,7.0,A,,,7.1,A,,,01467200
2005-11-09 00:00:00+00:00,11.9,A,,,11.5,A,,,,,11.7,A,189.0,A,,,183.0,A,,,,,186.0,A,9.2,A,,,9.1,A,,,9.2,A,,,7.1,A,,,7.0,A,,,7.1,A,,,01467200
2005-11-10 00:00:00+00:00,12.1,A,,,11.7,A,,,,,11.9,A,195.0,A,,,189.0,A,,,,,191.0,A,9.1,A,,,9.0,A,,,9.0,A,,,7.1,A,,,7.1,A,,,7.1,A,,,01467200
2005-11-11 00:00:00+00:00,11.9,A,,,11.5,A,,,,,11.8,A,198.0,A,,,189.0,A,,,,,195.0,A,9.1,A,,,8.9,A,,,9.0,A,,,7.1,A,,,7.1,A,,,7.1,A,,,01467200
2005-11-12 00:00:00+00:00,11.9,A,,,11.5,A,,,,,11.7,A,203.0,A,,,193.0,A,,,,,199.0,A,9.0,A,,,8.8,A,,,8.9,A,,,7.2,A,,,7.1,A,,,7.1,A,,,01467200
2005-11-13 00:00:00+00:00,12.0,A,,,11.5,A,,,,,11.8,A,205.0,A,,,197.0,A,,,,,202.0,A,9.1,A,,,8.9,A,,,9.0,A,,,7.1,A,,,7.1,A,,,7.1,A,,,01467200
2005-11-14 00:00:00+00:00,12.2,A,,,11.7,A,,,,,12.0,A,209.0,A,,,201.0,A,,,,,206.0,A,8.9,A,,,8.8,A,,,8.9,A,,,7.1,A,,,7.1,A,,,7.1,A,,,01467200
2005-11-15 00:00:00+00:00,12.4,A,,,11.9,A,,,,,12.2,A,213.0,A,,,205.0,A,,,,,209.0,A,8.9,A,,,8.7,A,,,8.8,A,,,7.1,A,,,7.0,A,,,7.1,A,,,01467200
2005-11-16 00:00:00+00:00,12.9,A,,,12.3,A,,,,,12.6,A,216.0,A,,,209.0,A,,,,,212.0,A,8.9,A,,,8.6,A,,,8.7,A,,,7.1,A,,,7.0,A,,,7.1,A,,,01467200
2005-11-17 00:00:00+00:00,12.8,A,,,12.1,A,,,,,12.5,A,215.0,A,,,212.0,A,,,,,214.0,A,8.9,A,,,8.5,A,,,8.7,A,,,7.1,A,,,7.1,A,,,7.1,A,,,01467200
2005-11-18 00:00:00+00:00,12.1,A,,,11.3,A,,,,,11.8,A,218.0,A,,,213.0,A,,,,,215.0,A,9.2,A,,,8.7,A,,,8.9,A,,,7.2,A,,,7.1,A,,,7.1,A,,,01467200
2005-11-19 00:00:00+00:00,11.6,A,,,10.6,A,,,,,11.2,A,219.0,A,,,212.0,A,,,,,216.0,A,9.6,A,,,8.8,A,,,9.1,A,,,7.2,A,,,7.1,A,,,7.1,A,,,01467200
2005-11-20 00:00:00+00:00,11.0,A,,,10.5,A,,,,,10.7,A,216.0,A,,,210.0,A,,,,,214.0,A,9.7,A,,,9.1,A,,,9.4,A,,,7.2,A,,,7.1,A,,,7.1,A,,,01467200
2005-11-21 00:00:00+00:00,10.6,A,,,10.4,A,,,,,10.5,A,224.0,A,,,211.0,A,,,,,216.0,A,9.8,A,,,9.3,A,,,9.5,A,,,7.3,A,,,7.1,A,,,7.1,A,,,01467200
2005-11-22 00:00:00+00:00,10.5,A,,,9.8,A,,,,,10.3,A,224.0,A,,,216.0,A,,,,,220.0,A,9.7,A,,,9.4,A,,,9.5,A,,,7.3,A,,,7.2,A,,,7.3,A,,,01467200
2005-11-23 00:00:00+00:00,9.8,A,,,8.7,A,,,,,9.3,A,217.0,A,,,202.0,A,,,,,212.0,A,10.4,A,,,9.7,A,,,10.0,A,,,7.3,A,,,7.3,A,,,7.3,A,,,01467200
2005-11-24 00:00:00+00:00,9.1,A,,,8.0,A,,,,,8.6,A,215.0,A,,,196.0,A,,,,,205.0,A,10.6,A,,,9.9,A,,,10.3,A,,,7.3,A,,,7.3,A,,,7.3,A,,,01467200
2005-11-25 00:00:00+00:00,8.0,A,,,6.9,A,,,,,7.3,A,199.0,A,,,183.0,A,,,,,189.0,A,11.2,A,,,10.5,A,,,10.9,A,,,7.3,A,,,7.3,A,,,7.3,A,,,01467200
2005-11-26 00:00:00+00:00,7.2,A,,,6.5,A,,,,,6.8,A,198.0,A,,,185.0,A,,,,,190.0,A,11.2,A,,,10.7,A,,,11.0,A,,,7.3,A,,,7.3,A,,,7.3,A,,,01467200
2005-11-27 00:00:00+00:00,6.9,A,,,6.2,A,,,,,6.5,A,195.0,A,,,185.0,A,,,,,189.0,A,11.2,A,,,10.8,A,,,11.0,A,,,7.3,A,,,7.2,A,,,7.3,A,,,01467200
2005-11-28 00:00:00+00:00,7.0,A,,,6.2,A,,,,,6.6,A,195.0,A,,,185.0,A,,,,,190.0,A,11.1,A,,,10.8,A,,,11.0,A,,,7.2,A,,,7.2,A,,,7.2,A,,,01467200
2006-03-31 00:00:00+00:00,9.6,A,,,9.0,A,,,,,9.3,A,287.0,A,,,246.0,A,,,,,265.0,A,11.9,A,,,11.1,A,,,11.4,A,,,7.7,A,,,7.6,A,,,7.6,A,,,01467200
2006-04-01 00:00:00+00:00,10.0,A,,,9.5,A,,,,,9.8,A,280.0,A,,,240.0,A,,,,,258.0,A,11.9,A,,,11.3,A,,,11.5,A,,,7.7,A,,,7.6,A,,,7.6,A,,,01467200
2006-04-02 00:00:00+00:00,10.4,A,,,9.9,A,,,,,10.2,A,270.0,A,,,240.0,A,,,,,255.0,A,11.9,A,,,11.4,A,,,11.7,A,,,7.7,A,,,7.5,A,,,7.6,A,,,01467200
2006-04-03 00:00:00+00:00,10.5,A,,,10.3,A,,,,,10.4,A,274.0,A,,,239.0,A,,,,,257.0,A,11.9,A,,,11.4,A,,,11.6,A,,,7.7,A,,,7.5,A,,,7.6,A,,,01467200
2006-04-04 00:00:00+00:00,10.8,A,,,10.3,A,,,,,10.5,A,267.0,A,,,247.0,A,,,,,256.0,A,11.7,A,,,11.3,A,,,11.5,A,,,7.6,A,,,7.5,A,,,7.6,A,,,01467200
2006-04-05 00:00:00+00:00,10.8,A,,,10.4,A,,,,,10.6,A,273.0,A,,,251.0,A,,,,,261.0,A,11.7,A,,,11.4,A,,,11.6,A,,,7.6,A,,,7.5,A,,,7.6,A,,,01467200
2006-04-06 00:00:00+00:00,11.0,A,,,10.4,A,,,,,10.6,A,274.0,A,,,255.0,A,,,,,262.0,A,11.7,A,,,11.5,A,,,11.6,A,,,7.6,A,,,7.5,A,,,7.6,A,,,01467200
2006-04-07 00:00:00+00:00,11.2,A,,,10.6,A,,,,,10.9,A,278.0,A,,,256.0,A,,,,,264.0,A,11.6,A,,,11.3,A,,,11.5,A,,,7.6,A,,,7.5,A,,,7.6,A,,,01467200
2006-04-08 00:00:00+00:00,11.3,A,,,10.9,A,,,,,11.1,A,272.0,A,,,258.0,A,,,,,265.0,A,11.4,A,,,10.8,A,,,11.1,A,,,7.6,A,,,7.5,A,,,7.5,A,,,01467200
2006-04-09 00:00:00+00:00,11.6,A,,,10.8,A,,,,,11.1,A,269.0,A,,,254.0,A,,,,,261.0,A,11.0,A,,,10.6,A,,,10.9,A,,,7.6,A,,,7.5,A,,,7.5,A,,,01467200
2006-04-10 00:00:00+00:00,12.2,A,,,11.0,A,,,,,11.5,A,268.0,A,,,253.0,A,,,,,260.0,A,10.9,A,,,10.2,A,,,10.6,A,,,7.6,A,,,7.5,A,,,7.5,A,,,01467200
2006-04-11 00:00:00+00:00,12.7,A,,,11.4,A,,,,,12.0,A,267.0,A,,,254.0,A,,,,,260.0,A,10.6,A,,,9.8,A,,,10.2,A,,,7.5,A,,,7.5,A,,,7.5,A,,,01467200
2006-04-12 00:00:00+00:00,13.1,A,,,11.8,A,,,,,12.5,A,271.0,A,,,258.0,A,,,,,265.0,A,10.3,A,,,9.0,A,,,9.6,A,,,,,,,,,,,,,,,01467200
2006-04-13 00:00:00+00:00,13.5,A,,,12.3,A,,,,,12.9,A,275.0,A,,,266.0,A,,,,,270.0,A,9.6,A,,,8.7,A,,,9.1,A,,,7.5,A,,,7.5,A,,,7.5,A,,,01467200
2006-04-14 00:00:00+00:00,13.6,A,,,12.8,A,,,,,13.3,A,282.0,A,,,268.0,A,,,,,274.0,A,9.3,A,,,8.6,A,,,8.9,A,,,7.5,A,,,7.4,A,,,7.5,A,,,01467200
2006-04-15 00:00:00+00:00,14.0,A,,,13.1,A,,,,,13.6,A,290.0,A,,,273.0,A,,,,,282.0,A,8.9,A,,,8.4,A,,,8.6,A,,,7.5,A,,,7.4,A,,,7.4,A,,,01467200
2006-04-16 00:00:00+00:00,14.1,A,,,13.5,A,,,,,13.9,A,297.0,A,,,277.0,A,,,,,285.0,A,8.7,A,,,8.4,A,,,8.5,A,,,7.4,A,,,7.4,A,,,7.4,A,,,01467200
2006-04-17 00:00:00+00:00,14.3,A,,,13.7,A,,,,,14.1,A,300.0,A,,,275.0,A,,,,,286.0,A,8.7,A,,,8.4,A,,,8.5,A,,,7.4,A,,,7.4,A,,,7.4,A,,,01467200
2006-04-18 00:00:00+00:00,14.5,A,,,13.9,A,,,,,14.3,A,299.0,A,,,276.0,A,,,,,286.0,A,8.6,A,,,8.2,A,,,8.4,A,,,7.4,A,,,7.4,A,,,7.4,A,,,01467200
2006-04-19 00:00:00+00:00,14.9,A,,,14.3,A,,,,,14.6,A,298.0,A,,,276.0,A,,,,,285.0,A,8.6,A,,,8.1,A,,,8.3,A,,,7.4,A,,,7.3,A,,,7.3,A,,,01467200
2006-04-20 00:00:00+00:00,15.3,A,,,14.6,A,,,,,15.0,A,298.0,A,,,273.0,A,,,,,285.0,A,8.6,A,,,8.0,A,,,8.3,A,,,7.3,A,,,7.2,A,,,7.2,A,,,01467200
2006-04-21 00:00:00+00:00,15.6,A,,,15.0,A,,,,,15.2,A,299.0,A,,,271.0,A,,,,,284.0,A,8.8,A,,,8.2,A,,,8.5,A,,,7.3,A,,,7.2,A,,,7.3,A,,,01467200
2006-04-22 00:00:00+00:00,15.3,A,,,14.9,A,,,,,15.1,A,308.0,A,,,275.0,A,,,,,288.0,A,8.7,A,,,8.3,A,,,8.5,A,,,7.3,A,,,7.2,A,,,7.2,A,,,01467200
2006-04-23 00:00:00+00:00,15.6,A,,,14.9,A,,,,,15.2,A,297.0,A,,,255.0,A,,,,,275.0,A,8.4,A,,,7.7,A,,,8.1,A,,,7.2,A,,,7.2,A,,,7.2,A,,,01467200
2006-04-24 00:00:00+00:00,16.1,A,,,15.2,A,,,,,15.6,A,276.0,A,,,253.0,A,,,,,264.0,A,8.1,A,,,7.5,A,,,7.8,A,,,7.2,A,,,7.1,A,,,7.2,A,,,01467200
2006-04-25 00:00:00+00:00,17.0,A,,,15.6,A,,,,,16.3,A,267.0,A,,,244.0,A,,,,,255.0,A,7.6,A,,,7.1,A,,,7.4,A,,,7.2,A,,,7.1,A,,,7.2,A,,,01467200
2006-04-26 00:00:00+00:00,16.7,A,,,15.8,A,,,,,16.3,A,253.0,A,,,229.0,A,,,,,241.0,A,7.3,A,,,6.5,A,,,6.9,A,,,7.2,A,,,7.1,A,,,7.1,A,,,01467200
2006-04-27 00:00:00+00:00,16.4,A,,,15.1,A,,,,,15.7,A,237.0,A,,,199.0,A,,,,,222.0,A,7.4,A,,,6.4,A,,,7.0,A,,,7.1,A,,,7.0,A,,,7.1,A,,,01467200
2006-04-28 00:00:00+00:00,15.9,A,,,14.7,A,,,,,15.2,A,212.0,A,,,176.0,A,,,,,198.0,A,8.0,A,,,6.7,A,,,7.3,A,,,7.2,A,,,7.0,A,,,7.1,A,,,01467200
2006-04-29 00:00:00+00:00,15.5,A,,,14.5,A,,,,,14.9,A,216.0,A,,,162.0,A,,,,,185.0,A,7.9,A,,,6.9,A,,,7.5,A,,,7.2,A,,,7.1,A,,,7.1,A,,,01467200
2006-04-30 00:00:00+00:00,15.2,A,,,14.6,A,,,,,14.8,A,199.0,A,,,159.0,A,,,,,175.0,A,8.0,A,,,7.2,A,,,7.7,A,,,7.2,A,,,7.1,A,,,7.1,A,,,01467200
2006-05-01 00:00:00+00:00,15.2,A,,,14.7,A,,,,,14.9,A,186.0,A,,,156.0,A,,,,,169.0,A,8.1,A,,,7.5,A,,,7.8,A,,,7.1,A,,,7.1,A,,,7.1,A,,,01467200
2006-05-02 00:00:00+00:00,15.3,A,,,14.9,A,,,,,15.0,A,184.0,A,,,158.0,A,,,,,168.0,A,8.0,A,,,7.5,A,,,7.7,A,,,7.1,A,,,7.0,A,,,7.1,A,,,01467200
2006-05-03 00:00:00+00:00,15.5,A,,,15.0,A,,,,,15.3,A,175.0,A,,,157.0,A,,,,,163.0,A,7.9,A,,,7.5,A,,,7.7,A,,,7.0,A,,,7.0,A,,,7.0,A,,,01467200
2006-05-04 00:00:00+00:00,16.0,A,,,15.4,A,,,,,15.7,A,169.0,A,,,156.0,A,,,,,163.0,A,8.0,A,,,7.6,A,,,7.8,A,,,7.0,A,,,7.0,A,,,7.0,A,,,01467200
2006-05-05 00:00:00+00:00,16.6,A,,,15.9,A,,,,,16.2,A,169.0,A,,,160.0,A,,,,,166.0,A,8.0,A,,,7.5,A,,,7.7,A,,,7.1,A,,,7.0,A,,,7.1,A,,,01467200
2006-05-06 00:00:00+00:00,17.1,A,,,16.3,A,,,,,16.7,A,172.0,A,,,164.0,A,,,,,169.0,A,7.8,A,,,7.5,A,,,7.7,A,,,7.1,A,,,7.0,A,,,7.1,A,,,01467200
2006-05-07 00:00:00+00:00,17.4,A,,,16.6,A,,,,,16.9,A,175.0,A,,,169.0,A,,,,,172.0,A,7.9,A,,,7.5,A,,,7.7,A,,,7.1,A,,,7.0,A,,,7.0,A,,,01467200
2006-05-08 00:00:00+00:00,17.3,A,,,16.8,A,,,,,17.0,A,180.0,A,,,170.0,A,,,,,176.0,A,7.8,A,,,7.4,A,,,7.6,A,,,7.0,A,,,7.0,A,,,7.0,A,,,01467200
2006-05-09 00:00:00+00:00,17.4,A,,,16.7,A,,,,,17.0,A,187.0,A,,,176.0,A,,,,,180.0,A,7.6,A,,,7.3,A,,,7.5,A,,,7.0,A,,,7.0,A,,,7.0,A,,,01467200
2006-05-10 00:00:00+00:00,17.9,A,,,16.9,A,,,,,17.3,A,188.0,A,,,180.0,A,,,,,185.0,A,7.7,A,,,6.5,A,,,7.1,A,,,,,,,,,,,,,,,01467200
2006-05-11 00:00:00+00:00,18.0,A,,,17.3,A,,,,,17.6,A,191.0,A,,,182.0,A,,,,,186.0,A,6.9,A,,,6.5,A,,,6.7,A,,,7.1,A,,,7.0,A,,,7.0,A,,,01467200
2006-05-12 00:00:00+00:00,18.6,A,,,17.5,A,,,,,18.0,A,198.0,A,,,185.0,A,,,,,191.0,A,,,,,,,,,,,,,7.0,A,,,7.0,A,,,7.0,A,,,01467200
2006-05-13 00:00:00+00:00,18.9,A,,,17.9,A,,,,,18.4,A,194.0,A,,,185.0,A,,,,,189.0,A,,,,,,,,,,,,,7.0,A,,,6.9,A,,,7.0,A,,,01467200
2006-05-14 00:00:00+00:00,19.0,A,,,18.2,A,,,,,18.6,A,196.0,A,,,188.0,A,,,,,192.0,A,,,,,,,,,,,,,7.0,A,,,6.9,A,,,7.0,A,,,01467200
2006-05-15 00:00:00+00:00,18.9,A,,,18.3,A,,,,,18.6,A,236.0,A,,,192.0,A,,,,,208.0,A,,,,,,,,,,,,,,,,,,,,,,,,,01467200
2006-05-16 00:00:00+00:00,18.8,A,,,18.5,A,,,,,18.7,A,235.0,A,,,222.0,A,,,,,227.0,A,6.5,A,,,5.9,A,,,6.2,A,,,7.2,A,,,7.1,A,,,7.2,A,,,01467200
2006-05-17 00:00:00+00:00,18.9,A,,,18.5,A,,,,,18.7,A,234.0,A,,,225.0,A,,,,,230.0,A,6.7,A,,,6.0,A,,,6.4,A,,,7.3,A,,,7.1,A,,,7.2,A,,,01467200
2006-05-18 00:00:00+00:00,19.0,A,,,18.6,A,,,,,18.8,A,242.0,A,,,231.0,A,,,,,236.0,A,6.9,A,,,6.1,A,,,6.5,A,,,7.3,A,,,7.1,A,,,7.2,A,,,01467200
2006-05-19 00:00:00+00:00,18.9,A,,,18.4,A,,,,,18.7,A,241.0,A,,,229.0,A,,,,,236.0,A,6.9,A,,,6.1,A,,,6.5,A,,,7.3,A,,,7.2,A,,,7.2,A,,,01467200
2006-05-20 00:00:00+00:00,18.5,A,,,17.9,A,,,,,18.2,A,236.0,A,,,212.0,A,,,,,225.0,A,7.3,A,,,6.3,A,,,6.8,A,,,7.2,A,,,7.1,A,,,7.1,A,,,01467200
2006-05-21 00:00:00+00:00,18.3,A,,,17.5,A,,,,,17.8,A,229.0,A,,,206.0,A,,,,,216.0,A,7.6,A,,,6.6,A,,,7.1,A,,,7.2,A,,,7.0,A,,,7.1,A,,,01467200
2006-05-22 00:00:00+00:00,17.8,A,,,17.0,A,,,,,17.3,A,217.0,A,,,203.0,A,,,,,208.0,A,7.6,A,,,7.2,A,,,7.4,A,,,7.2,A,,,7.1,A,,,7.1,A,,,01467200
2006-05-23 00:00:00+00:00,17.5,A,,,16.9,A,,,,,17.2,A,216.0,A,,,200.0,A,,,,,206.0,A,7.6,A,,,7.1,A,,,7.4,A,,,7.1,A,,,7.0,A,,,7.1,A,,,01467200
2006-05-24 00:00:00+00:00,17.5,A,,,16.9,A,,,,,17.2,A,216.0,A,,,200.0,A,,,,,206.0,A,7.5,A,,,6.9,A,,,7.3,A,,,7.1,A,,,7.0,A,,,7.0,A,,,01467200
2006-05-25 00:00:00+00:00,17.7,A,,,17.2,A,,,,,17.4,A,217.0,A,,,198.0,A,,,,,205.0,A,7.7,A,,,7.0,A,,,7.4,A,,,7.0,A,,,6.9,A,,,7.0,A,,,01467200
2006-05-26 00:00:00+00:00,17.9,A,,,17.4,A,,,,,17.7,A,217.0,A,,,199.0,A,,,,,206.0,A,7.6,A,,,6.5,A,,,7.1,A,,,6.9,A,,,6.8,A,,,6.9,A,,,01467200
2006-05-27 00:00:00+00:00,18.3,A,,,17.8,A,,,,,18.1,A,216.0,A,,,197.0,A,,,,,205.0,A,7.6,A,,,6.6,A,,,7.0,A,,,6.9,A,,,6.8,A,,,6.9,A,,,01467200
2006-05-28 00:00:00+00:00,18.9,A,,,18.2,A,,,,,18.6,A,215.0,A,,,194.0,A,,,,,203.0,A,7.9,A,,,6.9,A,,,7.3,A,,,6.9,A,,,6.9,A,,,6.9,A,,,01467200
2006-05-29 00:00:00+00:00,19.6,A,,,18.8,A,,,,,19.1,A,215.0,A,,,195.0,A,,,,,203.0,A,7.7,A,,,6.9,A,,,7.2,A,,,6.9,A,,,6.8,A,,,6.9,A,,,01467200
2006-05-30 00:00:00+00:00,20.4,A,,,19.5,A,,,,,19.9,A,211.0,A,,,192.0,A,,,,,200.0,A,7.7,A,,,6.8,A,,,7.2,A,,,6.8,A,,,6.8,A,,,6.8,A,,,01467200
2006-05-31 00:00:00+00:00,20.8,A,,,20.1,A,,,,,20.5,A,208.0,A,,,191.0,A,,,,,200.0,A,7.4,A,,,6.5,A,,,6.8,A,,,6.9,A,,,6.8,A,,,6.8,A,,,01467200
2006-06-01 00:00:00+00:00,21.5,A,,,20.7,A,,,,,21.0,A,212.0,A,,,199.0,A,,,,,205.0,A,7.0,A,,,6.4,A,,,6.7,A,,,6.9,A,,,6.8,A,,,6.9,A,,,01467200
2006-06-02 00:00:00+00:00,22.3,A,,,21.3,A,,,,,21.7,A,211.0,A,,,192.0,A,,,,,204.0,A,7.1,A,,,6.6,A,,,6.8,A,,,6.9,A,,,6.8,A,,,6.8,A,,,01467200
2006-06-03 00:00:00+00:00,23.0,A,,,21.8,A,,,,,22.4,A,201.0,A,,,190.0,A,,,,,195.0,A,6.7,A,,,5.7,A,,,6.1,A,,,6.8,A,,,6.7,A,,,6.7,A,,,01467200
2006-06-04 00:00:00+00:00,23.6,A,,,22.3,A,,,,,22.9,A,197.0,A,,,190.0,A,,,,,194.0,A,6.1,A,,,5.1,A,,,5.7,A,,,6.8,A,,,6.7,A,,,6.7,A,,,01467200
2006-06-05 00:00:00+00:00,24.0,A,,,22.7,A,,,,,23.3,A,203.0,A,,,195.0,A,,,,,199.0,A,5.3,A,,,4.8,A,,,5.1,A,,,6.7,A,,,6.7,A,,,6.7,A,,,01467200
2006-06-06 00:00:00+00:00,24.1,A,,,22.9,A,,,,,23.5,A,206.0,A,,,200.0,A,,,,,203.0,A,4.9,A,,,4.6,A,,,4.8,A,,,6.7,A,,,6.6,A,,,6.6,A,,,01467200
2006-06-07 00:00:00+00:00,23.7,A,,,23.1,A,,,,,23.4,A,210.0,A,,,198.0,A,,,,,205.0,A,4.8,A,,,4.2,A,,,4.4,A,,,6.6,A,,,6.6,A,,,6.6,A,,,01467200
2006-06-08 00:00:00+00:00,23.2,A,,,22.9,A,,,,,23.0,A,210.0,A,,,191.0,A,,,,,201.0,A,4.3,A,,,3.8,A,,,4.0,A,,,6.6,A,,,6.6,A,,,6.6,A,,,01467200
2006-06-09 00:00:00+00:00,23.0,A,,,22.4,A,,,,,22.7,A,209.0,A,,,190.0,A,,,,,196.0,A,4.5,A,,,3.8,A,,,4.0,A,,,6.6,A,,,6.6,A,,,6.6,A,,,01467200
2006-06-10 00:00:00+00:00,22.8,A,,,21.7,A,,,,,22.2,A,199.0,A,,,192.0,A,,,,,195.0,A,4.9,A,,,3.7,A,,,4.3,A,,,6.7,A,,,6.6,A,,,6.6,A,,,01467200
2006-06-11 00:00:00+00:00,22.1,A,,,21.3,A,,,,,21.6,A,201.0,A,,,194.0,A,,,,,198.0,A,5.2,A,,,4.2,A,,,4.8,A,,,6.7,A,,,6.6,A,,,6.7,A,,,01467200
2006-06-12 00:00:00+00:00,21.7,A,,,21.0,A,,,,,21.3,A,202.0,A,,,198.0,A,,,,,200.0,A,5.2,A,,,4.6,A,,,4.9,A,,,6.7,A,,,6.6,A,,,6.7,A,,,01467200
2006-06-13 00:00:00+00:00,21.7,A,,,21.0,A,,,,,21.3,A,203.0,A,,,198.0,A,,,,,200.0,A,5.2,A,,,4.6,A,,,4.9,A,,,6.7,A,,,6.6,A,,,6.7,A,,,01467200
2006-06-14 00:00:00+00:00,21.7,A,,,21.3,A,,,,,21.4,A,208.0,A,,,197.0,A,,,,,202.0,A,5.2,A,,,4.6,A,,,4.9,A,,,6.7,A,,,6.6,A,,,6.6,A,,,01467200
2006-06-15 00:00:00+00:00,21.7,A,,,21.3,A,,,,,21.4,A,206.0,A,,,198.0,A,,,,,203.0,A,5.3,A,,,4.6,A,,,5.0,A,,,6.7,A,,,6.6,A,,,6.7,A,,,01467200
2006-06-16 00:00:00+00:00,21.8,A,,,21.3,A,,,,,21.5,A,209.0,A,,,200.0,A,,,,,204.0,A,5.4,A,,,4.8,A,,,5.1,A,,,6.7,A,,,6.6,A,,,6.7,A,,,01467200
2006-06-17 00:00:00+00:00,22.1,A,,,21.6,A,,,,,21.8,A,210.0,A,,,202.0,A,,,,,206.0,A,5.9,A,,,4.9,A,,,5.3,A,,,6.7,A,,,6.6,A,,,6.7,A,,,01467200
2006-06-18 00:00:00+00:00,22.5,A,,,21.8,A,,,,,22.1,A,210.0,A,,,201.0,A,,,,,206.0,A,6.2,A,,,5.0,A,,,5.6,A,,,6.7,A,,,6.6,A,,,6.7,A,,,01467200
2006-06-19 00:00:00+00:00,22.9,A,,,22.3,A,,,,,22.6,A,211.0,A,,,202.0,A,,,,,207.0,A,6.6,A,,,5.3,A,,,5.9,A,,,6.7,A,,,6.6,A,,,6.7,A,,,01467200
2006-06-20 00:00:00+00:00,23.3,A,,,22.7,A,,,,,22.9,A,213.0,A,,,203.0,A,,,,,209.0,A,6.5,A,,,5.5,A,,,5.9,A,,,6.7,A,,,6.6,A,,,6.6,A,,,01467200
2006-06-21 00:00:00+00:00,23.8,A,,,23.0,A,,,,,23.3,A,217.0,A,,,203.0,A,,,,,210.0,A,6.5,A,,,5.1,A,,,5.8,A,,,6.7,A,,,6.5,A,,,6.6,A,,,01467200
2006-06-22 00:00:00+00:00,24.2,A,,,23.4,A,,,,,23.7,A,218.0,A,,,203.0,A,,,,,211.0,A,6.2,A,,,5.1,A,,,5.6,A,,,6.6,A,,,6.5,A,,,6.6,A,,,01467200
2006-06-23 00:00:00+00:00,24.6,A,,,23.8,A,,,,,24.1,A,220.0,A,,,205.0,A,,,,,213.0,A,5.9,A,,,4.9,A,,,5.4,A,,,6.7,A,,,6.5,A,,,6.5,A,,,01467200
2006-06-24 00:00:00+00:00,24.9,A,,,24.2,A,,,,,24.5,A,226.0,A,,,206.0,A,,,,,216.0,A,5.7,A,,,4.7,A,,,5.1,A,,,6.5,A,,,6.4,A,,,6.5,A,,,01467200
2006-06-25 00:00:00+00:00,25.1,A,,,24.4,A,,,,,24.7,A,228.0,A,,,209.0,A,,,,,218.0,A,5.4,A,,,4.6,A,,,5.0,A,,,6.6,A,,,6.4,A,,,6.5,A,,,01467200
2006-06-26 00:00:00+00:00,25.1,A,,,24.5,A,,,,,24.8,A,232.0,A,,,210.0,A,,,,,220.0,A,5.2,A,,,4.5,A,,,4.7,A,,,6.6,A,,,6.5,A,,,6.5,A,,,01467200
2006-06-27 00:00:00+00:00,25.8,A,,,24.6,A,,,,,25.2,A,228.0,A,,,213.0,A,,,,,219.0,A,4.8,A,,,4.3,A,,,4.6,A,,,6.6,A,,,6.5,A,,,6.6,A,,,01467200
2006-06-28 00:00:00+00:00,25.9,A,,,21.4,A,,,,,23.8,A,219.0,A,,,119.0,A,,,,,180.0,A,6.0,A,,,4.5,A,,,5.3,A,,,6.8,A,,,6.5,A,,,6.6,A,,,01467200
2006-06-29 00:00:00+00:00,21.6,A,,,20.3,A,,,,,20.8,A,124.0,A,,,101.0,A,,,,,109.0,A,6.2,A,,,5.3,A,,,5.8,A,,,6.6,A,,,6.3,A,,,6.4,A,,,01467200
2006-06-30 00:00:00+00:00,20.3,A,,,19.8,A,,,,,20.0,A,111.0,A,,,95.0,A,,,,,101.0,A,6.7,A,,,5.9,A,,,6.3,A,,,6.4,A,,,6.3,A,,,6.4,A,,,01467200
2006-07-01 00:00:00+00:00,20.4,A,,,19.9,A,,,,,20.2,A,127.0,A,,,109.0,A,,,,,116.0,A,6.9,A,,,6.2,A,,,6.6,A,,,6.5,A,,,6.4,A,,,6.4,A,,,01467200
2006-07-02 00:00:00+00:00,21.0,A,,,20.3,A,,,,,20.6,A,134.0,A,,,123.0,A,,,,,127.0,A,7.2,A,,,6.5,A,,,7.0,A,,,6.5,A,,,6.4,A,,,6.5,A,,,01467200
2006-07-03 00:00:00+00:00,21.5,A,,,21.0,A,,,,,21.3,A,138.0,A,,,129.0,A,,,,,133.0,A,7.2,A,,,6.5,A,,,6.9,A,,,6.5,A,,,6.4,A,,,6.5,A,,,01467200
2006-07-04 00:00:00+00:00,22.2,A,,,21.5,A,,,,,21.9,A,140.0,A,,,133.0,A,,,,,136.0,A,6.9,A,,,6.4,A,,,6.7,A,,,,,,,,,,,,,,,01467200
2006-07-05 00:00:00+00:00,22.5,A,,,22.1,A,,,,,22.2,A,145.0,A,,,136.0,A,,,,,141.0,A,6.6,A,,,6.2,A,,,6.4,A,,,6.4,A,,,6.4,A,,,6.4,A,,,01467200
2006-07-06 00:00:00+00:00,22.8,A,,,22.3,A,,,,,22.5,A,153.0,A,,,141.0,A,,,,,147.0,A,6.8,A,,,6.0,A,,,6.3,A,,,6.4,A,,,6.3,A,,,6.4,A,,,01467200
2006-07-07 00:00:00+00:00,22.9,A,,,22.5,A,,,,,22.7,A,159.0,A,,,146.0,A,,,,,153.0,A,6.8,A,,,6.0,A,,,6.4,A,,,6.5,A,,,6.4,A,,,6.4,A,,,01467200
2006-07-08 00:00:00+00:00,23.0,A,,,22.6,A,,,,,22.8,A,169.0,A,,,153.0,A,,,,,160.0,A,6.6,A,,,6.0,A,,,6.4,A,,,6.8,A,,,6.4,A,,,6.4,A,,,01467200
2006-07-09 00:00:00+00:00,23.2,A,,,22.7,A,,,,,22.9,A,173.0,A,,,161.0,A,,,,,167.0,A,6.6,A,,,6.1,A,,,6.4,A,,,6.5,A,,,6.5,A,,,6.5,A,,,01467200
2006-07-10 00:00:00+00:00,23.4,A,,,22.8,A,,,,,23.2,A,175.0,A,,,168.0,A,,,,,172.0,A,6.6,A,,,6.2,A,,,6.4,A,,,6.5,A,,,6.5,A,,,6.5,A,,,01467200
2006-07-11 00:00:00+00:00,23.9,A,,,23.2,A,,,,,23.5,A,176.0,A,,,172.0,A,,,,,174.0,A,6.6,A,,,6.0,A,,,6.3,A,,,6.6,A,,,6.5,A,,,6.5,A,,,01467200
2006-07-12 00:00:00+00:00,24.3,A,,,23.7,A,,,,,24.0,A,176.0,A,,,173.0,A,,,,,175.0,A,6.4,A,,,5.9,A,,,6.1,A,,,6.6,A,,,6.5,A,,,6.6,A,,,01467200
2006-07-13 00:00:00+00:00,24.6,A,,,24.1,A,,,,,24.3,A,180.0,A,,,173.0,A,,,,,177.0,A,6.4,A,,,5.7,A,,,6.0,A,,,6.7,A,,,6.5,A,,,6.6,A,,,01467200
2006-07-14 00:00:00+00:00,25.2,A,,,24.3,A,,,,,24.7,A,185.0,A,,,178.0,A,,,,,180.0,A,6.4,A,,,5.6,A,,,6.0,A,,,6.8,A,,,6.6,A,,,6.7,A,,,01467200
2006-07-15 00:00:00+00:00,25.4,A,,,24.8,A,,,,,25.1,A,191.0,A,,,182.0,A,,,,,186.0,A,6.4,A,,,5.8,A,,,6.1,A,,,6.7,A,,,6.6,A,,,6.6,A,,,01467200
2006-07-16 00:00:00+00:00,26.0,A,,,25.1,A,,,,,25.5,A,196.0,A,,,188.0,A,,,,,191.0,A,6.2,A,,,5.6,A,,,5.9,A,,,6.7,A,,,6.6,A,,,6.6,A,,,01467200
2006-07-17 00:00:00+00:00,26.6,A,,,25.6,A,,,,,26.0,A,200.0,A,,,194.0,A,,,,,196.0,A,6.2,A,,,5.4,A,,,5.7,A,,,6.7,A,,,6.6,A,,,6.6,A,,,01467200
2006-07-18 00:00:00+00:00,27.1,A,,,26.2,A,,,,,26.6,A,203.0,A,,,198.0,A,,,,,201.0,A,5.9,A,,,5.2,A,,,5.5,A,,,6.6,A,,,6.6,A,,,6.6,A,,,01467200
2006-07-19 00:00:00+00:00,27.7,A,,,26.6,A,,,,,27.0,A,209.0,A,,,202.0,A,,,,,205.0,A,5.9,A,,,5.0,A,,,5.4,A,,,6.7,A,,,6.6,A,,,6.6,A,,,01467200
2006-07-20 00:00:00+00:00,27.6,A,,,26.9,A,,,,,27.2,A,213.0,A,,,205.0,A,,,,,209.0,A,5.9,A,,,5.1,A,,,5.5,A,,,6.8,A,,,6.6,A,,,6.7,A,,,01467200
2006-07-21 00:00:00+00:00,27.8,A,,,27.1,A,,,,,27.4,A,217.0,A,,,210.0,A,,,,,214.0,A,5.7,A,,,5.0,A,,,5.3,A,,,6.7,A,,,6.7,A,,,6.7,A,,,01467200
2006-07-22 00:00:00+00:00,27.6,A,,,27.3,A,,,,,27.4,A,218.0,A,,,211.0,A,,,,,216.0,A,5.7,A,,,4.7,A,,,5.2,A,,,6.8,A,,,6.7,A,,,6.7,A,,,01467200
2006-07-23 00:00:00+00:00,27.5,A,,,27.3,A,,,,,27.4,A,223.0,A,,,215.0,A,,,,,218.0,A,5.5,A,,,4.7,A,,,5.1,A,,,6.8,A,,,6.7,A,,,6.7,A,,,01467200
2006-07-24 00:00:00+00:00,27.6,A,,,27.2,A,,,,,27.4,A,226.0,A,,,217.0,A,,,,,222.0,A,5.1,A,,,4.5,A,,,4.7,A,,,6.8,A,,,6.7,A,,,6.8,A,,,01467200
2006-07-25 00:00:00+00:00,27.4,A,,,27.2,A,,,,,27.3,A,229.0,A,,,224.0,A,,,,,226.0,A,5.0,A,,,4.3,A,,,4.6,A,,,6.8,A,,,6.7,A,,,6.8,A,,,01467200
2006-07-26 00:00:00+00:00,27.6,A,,,27.2,A,,,,,27.4,A,233.0,A,,,225.0,A,,,,,229.0,A,5.1,A,,,4.5,A,,,4.8,A,,,6.7,A,,,6.6,A,,,6.7,A,,,01467200
2006-07-27 00:00:00+00:00,27.8,A,,,27.3,A,,,,,27.5,A,237.0,A,,,228.0,A,,,,,232.0,A,5.1,A,,,4.6,A,,,4.8,A,,,6.7,A,,,6.6,A,,,6.7,A,,,01467200
2006-07-28 00:00:00+00:00,27.7,A,,,27.4,A,,,,,27.6,A,238.0,A,,,228.0,A,,,,,232.0,A,5.1,A,,,4.5,A,,,4.8,A,,,6.7,A,,,6.6,A,,,6.6,A,,,01467200
2006-07-29 00:00:00+00:00,27.9,A,,,27.5,A,,,,,27.6,A,236.0,A,,,225.0,A,,,,,231.0,A,4.9,A,,,4.4,A,,,4.6,A,,,6.6,A,,,6.6,A,,,6.6,A,,,01467200
2006-07-30 00:00:00+00:00,28.1,A,,,27.7,A,,,,,27.8,A,238.0,A,,,226.0,A,,,,,231.0,A,4.7,A,,,4.3,A,,,4.5,A,,,6.6,A,,,6.5,A,,,6.6,A,,,01467200
2006-07-31 00:00:00+00:00,28.3,A,,,27.9,A,,,,,28.0,A,237.0,A,,,225.0,A,,,,,230.0,A,4.6,A,,,4.2,A,,,4.4,A,,,6.6,A,,,6.6,A,,,6.6,A,,,01467200
2006-08-01 00:00:00+00:00,28.6,A,,,28.1,A,,,,,28.3,A,235.0,A,,,227.0,A,,,,,230.0,A,4.6,A,,,4.1,A,,,4.4,A,,,6.6,A,,,6.6,A,,,6.6,A,,,01467200
2006-08-02 00:00:00+00:00,28.9,A,,,28.4,A,,,,,28.6,A,247.0,A,,,227.0,A,,,,,236.0,A,,,,,,,,,,,,,6.9,A,,,6.4,A,,,6.6,A,,,01467200
2006-08-03 00:00:00+00:00,29.2,A,,,28.7,A,,,,,28.9,A,251.0,A,,,239.0,A,,,,,244.0,A,,,,,,,,,,,,,6.9,A,,,6.6,A,,,6.6,A,,,01467200
2006-08-04 00:00:00+00:00,29.4,A,,,29.0,A,,,,,29.1,A,255.0,A,,,240.0,A,,,,,247.0,A,,,,,,,,,,,,,6.7,A,,,6.6,A,,,6.6,A,,,01467200
2006-08-05 00:00:00+00:00,29.4,A,,,28.9,A,,,,,29.1,A,256.0,A,,,244.0,A,,,,,250.0,A,,,,,,,,,,,,,6.6,A,,,6.6,A,,,6.6,A,,,01467200
2006-08-08 00:00:00+00:00,28.9,A,,,28.6,A,,,,,28.8,A,265.0,A,,,253.0,A,,,,,258.0,A,4.8,A,,,3.9,A,,,4.3,A,,,6.8,A,,,6.3,A,,,6.3,A,,,01467200
2006-08-09 00:00:00+00:00,28.6,A,,,28.4,A,,,,,28.5,A,270.0,A,,,256.0,A,,,,,263.0,A,4.9,A,,,3.9,A,,,4.4,A,,,6.8,A,,,6.3,A,,,6.4,A,,,01467200
2006-08-10 00:00:00+00:00,28.5,A,,,28.2,A,,,,,28.3,A,277.0,A,,,259.0,A,,,,,269.0,A,4.7,A,,,3.7,A,,,4.4,A,,,6.8,A,,,6.3,A,,,6.6,A,,,01467200
2006-08-11 00:00:00+00:00,28.2,A,,,27.9,A,,,,,28.0,A,279.0,A,,,262.0,A,,,,,271.0,A,4.7,A,,,3.9,A,,,4.3,A,,,6.8,A,,,6.3,A,,,6.6,A,,,01467200
2006-08-12 00:00:00+00:00,27.9,A,,,27.5,A,,,,,27.6,A,281.0,A,,,265.0,A,,,,,274.0,A,4.7,A,,,3.9,A,,,4.3,A,,,6.8,A,,,6.4,A,,,6.7,A,,,01467200
2006-08-13 00:00:00+00:00,27.5,A,,,27.2,A,,,,,27.4,A,283.0,A,,,267.0,A,,,,,275.0,A,4.7,A,,,3.8,A,,,4.3,A,,,6.9,A,,,6.4,A,,,6.7,A,,,01467200
2006-08-14 00:00:00+00:00,27.3,A,,,27.1,A,,,,,27.2,A,285.0,A,,,270.0,A,,,,,278.0,A,4.7,A,,,3.6,A,,,4.3,A,,,6.9,A,,,6.4,A,,,6.8,A,,,01467200
2006-08-15 00:00:00+00:00,27.2,A,,,26.9,A,,,,,27.0,A,285.0,A,,,271.0,A,,,,,278.0,A,4.9,A,,,4.2,A,,,4.5,A,,,6.9,A,,,6.4,A,,,6.8,A,,,01467200
2006-08-16 00:00:00+00:00,27.2,A,,,26.8,A,,,,,27.0,A,288.0,A,,,272.0,A,,,,,280.0,A,4.9,A,,,4.0,A,,,4.4,A,,,6.8,A,,,6.4,A,,,6.8,A,,,01467200
2006-08-17 00:00:00+00:00,27.3,A,,,26.9,A,,,,,27.1,A,288.0,A,,,271.0,A,,,,,281.0,A,4.8,A,,,4.1,A,,,4.5,A,,,,,,,,,,,,,,,01467200
2006-08-18 00:00:00+00:00,27.2,A,,,27.0,A,,,,,27.1,A,291.0,A,,,273.0,A,,,,,280.0,A,4.8,A,,,4.0,A,,,4.4,A,,,6.7,A,,,6.3,A,,,6.6,A,,,01467200
2006-08-19 00:00:00+00:00,27.2,A,,,27.0,A,,,,,27.1,A,293.0,A,,,275.0,A,,,,,282.0,A,4.7,A,,,4.0,A,,,4.4,A,,,6.7,A,,,6.3,A,,,6.6,A,,,01467200
2006-08-20 00:00:00+00:00,27.2,A,,,27.0,A,,,,,27.1,A,295.0,A,,,277.0,A,,,,,285.0,A,5.0,A,,,4.0,A,,,4.5,A,,,6.7,A,,,6.3,A,,,6.6,A,,,01467200
2006-08-21 00:00:00+00:00,27.2,A,,,26.9,A,,,,,27.0,A,296.0,A,,,277.0,A,,,,,285.0,A,5.0,A,,,4.0,A,,,4.5,A,,,6.8,A,,,6.3,A,,,6.6,A,,,01467200
2006-08-22 00:00:00+00:00,27.2,A,,,26.8,A,,,,,27.0,A,299.0,A,,,279.0,A,,,,,287.0,A,4.9,A,,,4.1,A,,,4.6,A,,,6.7,A,,,6.3,A,,,6.6,A,,,01467200
2006-08-23 00:00:00+00:00,27.2,A,,,26.9,A,,,,,27.1,A,302.0,A,,,281.0,A,,,,,290.0,A,4.9,A,,,4.0,A,,,4.5,A,,,6.6,A,,,6.2,A,,,6.5,A,,,01467200
2006-08-24 00:00:00+00:00,27.1,A,,,26.8,A,,,,,27.0,A,301.0,A,,,283.0,A,,,,,292.0,A,4.8,A,,,3.9,A,,,4.5,A,,,6.6,A,,,6.2,A,,,6.5,A,,,01467200
2006-08-25 00:00:00+00:00,27.0,A,,,26.8,A,,,,,26.9,A,305.0,A,,,286.0,A,,,,,295.0,A,4.7,A,,,3.9,A,,,4.3,A,,,6.6,A,,,6.2,A,,,6.5,A,,,01467200
2006-08-26 00:00:00+00:00,26.9,A,,,26.4,A,,,,,26.7,A,310.0,A,,,286.0,A,,,,,298.0,A,4.7,A,,,3.9,A,,,4.2,A,,,,,,,,,,,,,,,01467200
2006-08-27 00:00:00+00:00,26.4,A,,,26.2,A,,,,,26.3,A,306.0,A,,,261.0,A,,,,,291.0,A,4.4,A,,,3.6,A,,,4.2,A,,,,,,,,,,,,,,,01467200
2006-08-28 00:00:00+00:00,26.2,A,,,25.9,A,,,,,26.0,A,301.0,A,,,277.0,A,,,,,285.0,A,4.5,A,,,3.9,A,,,4.3,A,,,,,,,,,,,,,,,01467200
2006-08-29 00:00:00+00:00,25.9,A,,,25.6,A,,,,,25.8,A,289.0,A,,,271.0,A,,,,,279.0,A,4.2,A,,,3.3,A,,,3.9,A,,,,,,,,,,,,,,,01467200
2006-08-30 00:00:00+00:00,25.6,A,,,25.2,A,,,,,25.4,A,281.0,A,,,267.0,A,,,,,273.0,A,4.2,A,,,3.2,A,,,3.7,A,,,,,,,,,,,,,,,01467200
2006-08-31 00:00:00+00:00,25.2,A,,,24.7,A,,,,,25.0,A,276.0,A,,,248.0,A,,,,,271.0,A,4.5,A,,,3.3,A,,,3.9,A,,,,,,,,,,,,,,,01467200
2006-09-01 00:00:00+00:00,24.7,A,,,24.0,A,,,,,24.4,A,279.0,A,,,273.0,A,,,,,276.0,A,5.3,A,,,4.1,A,,,4.7,A,,,,,,,,,,,,,,,01467200
2006-09-02 00:00:00+00:00,24.0,A,,,23.1,A,,,,,23.5,A,281.0,A,,,267.0,A,,,,,274.0,A,6.1,A,,,5.1,A,,,5.7,A,,,7.1,A,,,6.9,A,,,7.0,A,,,01467200
2006-09-03 00:00:00+00:00,23.2,A,,,21.6,A,,,,,22.4,A,272.0,A,,,242.0,A,,,,,256.0,A,6.9,A,,,5.8,A,,,6.4,A,,,7.2,A,,,7.0,A,,,7.1,A,,,01467200
2006-09-04 00:00:00+00:00,22.6,A,,,21.1,A,,,,,21.5,A,259.0,A,,,214.0,A,,,,,237.0,A,6.9,A,,,6.1,A,,,6.6,A,,,7.2,A,,,7.1,A,,,7.1,A,,,01467200
2006-09-05 00:00:00+00:00,22.1,A,,,20.8,A,,,,,21.3,A,248.0,A,,,204.0,A,,,,,223.0,A,6.6,A,,,6.0,A,,,6.4,A,,,7.1,A,,,7.0,A,,,7.1,A,,,01467200
2006-09-06 00:00:00+00:00,21.4,A,,,20.5,A,,,,,20.9,A,233.0,A,,,190.0,A,,,,,209.0,A,6.3,A,,,5.8,A,,,6.1,A,,,7.0,A,,,6.9,A,,,7.0,A,,,01467200
2006-09-07 00:00:00+00:00,21.3,A,,,20.5,A,,,,,20.9,A,221.0,A,,,188.0,A,,,,,202.0,A,6.1,A,,,5.5,A,,,5.8,A,,,6.9,A,,,6.8,A,,,6.9,A,,,01467200
2006-09-08 00:00:00+00:00,21.5,A,,,20.8,A,,,,,21.1,A,215.0,A,,,187.0,A,,,,,200.0,A,5.8,A,,,5.2,A,,,5.5,A,,,6.9,A,,,6.7,A,,,6.8,A,,,01467200
2006-09-09 00:00:00+00:00,21.7,A,,,21.1,A,,,,,21.4,A,215.0,A,,,187.0,A,,,,,200.0,A,5.6,A,,,5.1,A,,,5.3,A,,,6.8,A,,,6.6,A,,,6.7,A,,,01467200
2006-09-10 00:00:00+00:00,21.8,A,,,21.4,A,,,,,21.6,A,214.0,A,,,187.0,A,,,,,201.0,A,5.5,A,,,4.9,A,,,5.2,A,,,6.7,A,,,6.6,A,,,6.6,A,,,01467200
2006-09-11 00:00:00+00:00,21.7,A,,,21.4,A,,,,,21.6,A,217.0,A,,,195.0,A,,,,,205.0,A,5.4,A,,,4.8,A,,,5.2,A,,,6.7,A,,,6.5,A,,,6.6,A,,,01467200
2006-09-12 00:00:00+00:00,21.6,A,,,21.3,A,,,,,21.5,A,220.0,A,,,201.0,A,,,,,209.0,A,5.3,A,,,4.8,A,,,5.1,A,,,6.6,A,,,6.4,A,,,6.6,A,,,01467200
2006-09-13 00:00:00+00:00,21.4,A,,,21.2,A,,,,,21.3,A,223.0,A,,,208.0,A,,,,,213.0,A,5.3,A,,,4.7,A,,,5.0,A,,,6.6,A,,,6.4,A,,,6.5,A,,,01467200
2006-09-14 00:00:00+00:00,21.3,A,,,21.2,A,,,,,21.2,A,223.0,A,,,201.0,A,,,,,216.0,A,5.3,A,,,4.6,A,,,4.9,A,,,6.6,A,,,6.4,A,,,6.5,A,,,01467200
2006-09-15 00:00:00+00:00,21.3,A,,,21.1,A,,,,,21.2,A,220.0,A,,,190.0,A,,,,,217.0,A,5.1,A,,,4.5,A,,,4.8,A,,,6.6,A,,,6.4,A,,,6.5,A,,,01467200
2006-09-16 00:00:00+00:00,21.4,A,,,21.2,A,,,,,21.3,A,224.0,A,,,209.0,A,,,,,219.0,A,5.6,A,,,4.7,A,,,5.1,A,,,6.6,A,,,6.4,A,,,6.5,A,,,01467200
2006-09-17 00:00:00+00:00,21.7,A,,,21.3,A,,,,,21.5,A,236.0,A,,,222.0,A,,,,,228.0,A,6.1,A,,,5.1,A,,,5.6,A,,,6.6,A,,,6.5,A,,,6.6,A,,,01467200
2006-09-18 00:00:00+00:00,21.9,A,,,21.3,A,,,,,21.6,A,238.0,A,,,226.0,A,,,,,234.0,A,7.0,A,,,5.5,A,,,6.2,A,,,6.8,A,,,6.5,A,,,6.6,A,,,01467200
2006-09-19 00:00:00+00:00,21.8,A,,,21.0,A,,,,,21.4,A,239.0,A,,,228.0,A,,,,,235.0,A,7.1,A,,,6.1,A,,,6.7,A,,,6.9,A,,,6.5,A,,,6.7,A,,,01467200
2006-09-20 00:00:00+00:00,21.5,A,,,20.4,A,,,,,21.0,A,236.0,A,,,210.0,A,,,,,227.0,A,7.1,A,,,6.4,A,,,6.8,A,,,6.9,A,,,6.6,A,,,6.7,A,,,01467200
2006-09-21 00:00:00+00:00,20.9,A,,,20.0,A,,,,,20.4,A,228.0,A,,,197.0,A,,,,,213.0,A,7.2,A,,,6.6,A,,,7.0,A,,,6.9,A,,,6.7,A,,,6.8,A,,,01467200
2006-09-22 00:00:00+00:00,20.5,A,,,19.8,A,,,,,20.2,A,226.0,A,,,190.0,A,,,,,206.0,A,7.1,A,,,6.5,A,,,6.9,A,,,6.8,A,,,6.6,A,,,6.7,A,,,01467200
2006-09-23 00:00:00+00:00,20.3,A,,,19.9,A,,,,,20.1,A,219.0,A,,,187.0,A,,,,,200.0,A,7.1,A,,,6.5,A,,,6.8,A,,,6.8,A,,,6.5,A,,,6.6,A,,,01467200
2006-09-24 00:00:00+00:00,20.4,A,,,20.1,A,,,,,20.2,A,208.0,A,,,186.0,A,,,,,195.0,A,6.9,A,,,6.4,A,,,6.7,A,,,6.8,A,,,6.5,A,,,6.7,A,,,01467200
2006-09-25 00:00:00+00:00,20.4,A,,,20.2,A,,,,,20.3,A,201.0,A,,,187.0,A,,,,,193.0,A,6.7,A,,,6.1,A,,,6.4,A,,,6.8,A,,,6.4,A,,,6.6,A,,,01467200
2006-09-26 00:00:00+00:00,20.4,A,,,20.1,A,,,,,20.3,A,203.0,A,,,175.0,A,,,,,194.0,A,6.5,A,,,5.8,A,,,6.2,A,,,6.7,A,,,6.4,A,,,6.6,A,,,01467200
2006-09-27 00:00:00+00:00,20.4,A,,,20.2,A,,,,,20.3,A,207.0,A,,,177.0,A,,,,,194.0,A,6.4,A,,,5.6,A,,,6.1,A,,,6.7,A,,,6.4,A,,,6.6,A,,,01467200
2006-09-28 00:00:00+00:00,20.5,A,,,20.1,A,,,,,20.3,A,213.0,A,,,193.0,A,,,,,200.0,A,6.4,A,,,5.7,A,,,6.0,A,,,6.7,A,,,6.4,A,,,6.6,A,,,01467200
2006-09-29 00:00:00+00:00,20.3,A,,,19.9,A,,,,,20.1,A,204.0,A,,,179.0,A,,,,,190.0,A,6.5,A,,,5.5,A,,,6.1,A,,,,,,,,,,,,,,,01467200
2006-09-30 00:00:00+00:00,20.0,A,,,19.5,A,,,,,19.7,A,187.0,A,,,179.0,A,,,,,181.0,A,6.5,A,,,5.9,A,,,6.2,A,,,7.0,A,,,6.9,A,,,7.0,A,,,01467200
2006-10-01 00:00:00+00:00,19.7,A,,,19.4,A,,,,,19.5,A,188.0,A,,,182.0,A,,,,,184.0,A,6.4,A,,,6.0,A,,,6.2,A,,,7.0,A,,,7.0,A,,,7.0,A,,,01467200
2006-10-02 00:00:00+00:00,19.5,A,,,19.1,A,,,,,19.2,A,188.0,A,,,185.0,A,,,,,186.0,A,6.7,A,,,5.5,A,,,6.2,A,,,7.1,A,,,7.0,A,,,7.0,A,,,01467200
2006-10-03 00:00:00+00:00,19.3,A,,,18.9,A,,,,,19.2,A,196.0,A,,,186.0,A,,,,,190.0,A,6.9,A,,,6.2,A,,,6.5,A,,,7.2,A,,,7.1,A,,,7.1,A,,,01467200
2006-10-04 00:00:00+00:00,19.4,A,,,19.0,A,,,,,19.3,A,199.0,A,,,193.0,A,,,,,196.0,A,7.0,A,,,5.9,A,,,6.4,A,,,7.2,A,,,7.1,A,,,7.1,A,,,01467200
2006-10-05 00:00:00+00:00,19.5,A,,,19.0,A,,,,,19.3,A,205.0,A,,,198.0,A,,,,,200.0,A,7.1,A,,,6.0,A,,,6.6,A,,,7.3,A,,,7.1,A,,,7.2,A,,,01467200
2006-10-06 00:00:00+00:00,19.2,A,,,18.4,A,,,,,18.9,A,208.0,A,,,198.0,A,,,,,203.0,A,7.0,A,,,6.3,A,,,6.6,A,,,7.2,A,,,7.2,A,,,7.2,A,,,01467200
2006-10-07 00:00:00+00:00,18.5,A,,,17.7,A,,,,,18.2,A,209.0,A,,,193.0,A,,,,,202.0,A,7.2,A,,,6.3,A,,,6.8,A,,,7.3,A,,,7.2,A,,,7.2,A,,,01467200
2006-10-08 00:00:00+00:00,18.0,A,,,17.4,A,,,,,17.8,A,207.0,A,,,186.0,A,,,,,197.0,A,7.4,A,,,6.6,A,,,7.0,A,,,7.3,A,,,7.2,A,,,7.2,A,,,01467200
2006-10-09 00:00:00+00:00,17.9,A,,,17.3,A,,,,,17.6,A,194.0,A,,,179.0,A,,,,,188.0,A,7.5,A,,,6.7,A,,,7.0,A,,,7.2,A,,,7.2,A,,,7.2,A,,,01467200
2006-10-10 00:00:00+00:00,18.0,A,,,17.5,A,,,,,17.7,A,195.0,A,,,177.0,A,,,,,186.0,A,7.2,A,,,6.5,A,,,6.8,A,,,7.2,A,,,7.2,A,,,7.2,A,,,01467200
2006-10-11 00:00:00+00:00,18.0,A,,,17.6,A,,,,,17.8,A,193.0,A,,,179.0,A,,,,,186.0,A,7.0,A,,,6.2,A,,,6.6,A,,,7.2,A,,,7.1,A,,,7.2,A,,,01467200
2006-10-12 00:00:00+00:00,17.9,A,,,17.7,A,,,,,17.8,A,194.0,A,,,182.0,A,,,,,187.0,A,6.6,A,,,5.6,A,,,6.3,A,,,7.1,A,,,7.0,A,,,7.1,A,,,01467200
2006-10-13 00:00:00+00:00,17.7,A,,,17.1,A,,,,,17.3,A,186.0,A,,,180.0,A,,,,,182.0,A,7.0,A,,,6.0,A,,,6.6,A,,,7.2,A,,,7.1,A,,,7.1,A,,,01467200
2006-10-14 00:00:00+00:00,17.3,A,,,16.7,A,,,,,16.9,A,185.0,A,,,181.0,A,,,,,183.0,A,7.2,A,,,6.4,A,,,6.8,A,,,7.2,A,,,7.1,A,,,7.2,A,,,01467200
2006-10-15 00:00:00+00:00,16.8,A,,,16.3,A,,,,,16.4,A,187.0,A,,,184.0,A,,,,,185.0,A,7.1,A,,,6.4,A,,,6.8,A,,,7.2,A,,,7.1,A,,,7.2,A,,,01467200
2006-10-16 00:00:00+00:00,16.4,A,,,15.9,A,,,,,16.1,A,193.0,A,,,186.0,A,,,,,188.0,A,7.1,A,,,6.1,A,,,6.8,A,,,7.2,A,,,7.1,A,,,7.2,A,,,01467200
2006-10-17 00:00:00+00:00,16.2,A,,,15.9,A,,,,,16.0,A,195.0,A,,,189.0,A,,,,,191.0,A,7.1,A,,,5.9,A,,,6.7,A,,,7.2,A,,,7.0,A,,,7.1,A,,,01467200
2006-10-18 00:00:00+00:00,16.1,A,,,15.9,A,,,,,16.0,A,195.0,A,,,189.0,A,,,,,192.0,A,6.9,A,,,6.0,A,,,6.5,A,,,7.1,A,,,7.0,A,,,7.1,A,,,01467200
2006-10-19 00:00:00+00:00,16.1,A,,,15.8,A,,,,,16.0,A,194.0,A,,,189.0,A,,,,,192.0,A,6.9,A,,,6.1,A,,,6.6,A,,,,,,,,,,,,,,,01467200
2006-10-20 00:00:00+00:00,16.1,A,,,15.4,A,,,,,15.9,A,195.0,A,,,192.0,A,,,,,194.0,A,6.9,A,,,6.3,A,,,6.6,A,,,,,,,,,,,,,,,01467200
2006-10-21 00:00:00+00:00,15.5,A,,,14.6,A,,,,,15.2,A,197.0,A,,,193.0,A,,,,,195.0,A,7.2,A,,,6.6,A,,,6.9,A,,,7.6,A,,,7.2,A,,,7.2,A,,,01467200
2006-10-22 00:00:00+00:00,15.0,A,,,14.3,A,,,,,14.7,A,202.0,A,,,197.0,A,,,,,199.0,A,7.6,A,,,7.1,A,,,7.4,A,,,7.7,A,,,7.2,A,,,7.2,A,,,01467200
2006-10-23 00:00:00+00:00,14.5,A,,,13.6,A,,,,,14.1,A,202.0,A,,,200.0,A,,,,,201.0,A,7.9,A,,,7.4,A,,,7.6,A,,,7.8,A,,,7.2,A,,,7.2,A,,,01467200
2006-10-24 00:00:00+00:00,13.7,A,,,13.1,A,,,,,13.5,A,201.0,A,,,194.0,A,,,,,199.0,A,8.3,A,,,7.6,A,,,8.0,A,,,7.8,A,,,7.3,A,,,7.3,A,,,01467200
2006-10-25 00:00:00+00:00,13.1,A,,,12.6,A,,,,,12.9,A,197.0,A,,,188.0,A,,,,,193.0,A,8.4,A,,,7.9,A,,,8.2,A,,,7.3,A,,,7.3,A,,,7.3,A,,,01467200
2006-10-26 00:00:00+00:00,12.6,A,,,12.2,A,,,,,12.5,A,200.0,A,,,185.0,A,,,,,192.0,A,8.7,A,,,8.0,A,,,8.3,A,,,7.3,A,,,7.3,A,,,7.3,A,,,01467200
2006-10-27 00:00:00+00:00,12.2,A,,,11.8,A,,,,,12.1,A,215.0,A,,,181.0,A,,,,,195.0,A,8.8,A,,,8.3,A,,,8.5,A,,,7.3,A,,,7.3,A,,,7.3,A,,,01467200
2006-10-28 00:00:00+00:00,12.3,A,,,11.6,A,,,,,12.0,A,205.0,A,,,169.0,A,,,,,187.0,A,8.9,A,,,8.2,A,,,8.5,A,,,7.3,A,,,7.2,A,,,7.3,A,,,01467200
2006-10-29 00:00:00+00:00,11.6,A,,,10.2,A,,,,,10.6,A,169.0,A,,,150.0,A,,,,,155.0,A,9.9,A,,,8.9,A,,,9.5,A,,,7.4,A,,,7.3,A,,,7.3,A,,,01467200
2006-10-30 00:00:00+00:00,10.2,A,,,9.7,A,,,,,9.9,A,166.0,A,,,156.0,A,,,,,160.0,A,10.1,A,,,9.3,A,,,9.8,A,,,7.4,A,,,7.3,A,,,7.3,A,,,01467200
2006-10-31 00:00:00+00:00,10.1,A,,,9.9,A,,,,,10.0,A,164.0,A,,,156.0,A,,,,,160.0,A,9.8,A,,,9.4,A,,,9.6,A,,,,,,,,,,,,,,,01467200
2006-11-01 00:00:00+00:00,10.1,A,,,9.8,A,,,,,10.0,A,159.0,A,,,132.0,A,,,,,146.0,A,9.9,A,,,9.5,A,,,9.7,A,,,7.3,A,,,7.2,A,,,7.3,A,,,01467200
2006-11-02 00:00:00+00:00,10.1,A,,,9.8,A,,,,,9.9,A,148.0,A,,,124.0,A,,,,,132.0,A,9.9,A,,,9.5,A,,,9.7,A,,,7.2,A,,,7.1,A,,,7.2,A,,,01467200
2006-11-03 00:00:00+00:00,9.9,A,,,9.6,A,,,,,9.7,A,131.0,A,,,122.0,A,,,,,125.0,A,10.4,A,,,9.6,A,,,9.9,A,,,7.2,A,,,7.1,A,,,7.2,A,,,01467200
2006-11-04 00:00:00+00:00,9.7,A,,,9.5,A,,,,,9.6,A,133.0,A,,,125.0,A,,,,,129.0,A,10.0,A,,,9.6,A,,,9.8,A,,,7.2,A,,,7.1,A,,,7.2,A,,,01467200
2006-11-05 00:00:00+00:00,9.9,A,,,9.5,A,,,,,9.7,A,139.0,A,,,130.0,A,,,,,135.0,A,10.0,A,,,9.5,A,,,9.8,A,,,7.2,A,,,7.1,A,,,7.2,A,,,01467200
2006-11-06 00:00:00+00:00,10.0,A,,,9.6,A,,,,,9.8,A,145.0,A,,,135.0,A,,,,,139.0,A,9.9,A,,,9.3,A,,,9.7,A,,,7.2,A,,,7.1,A,,,7.2,A,,,01467200
2006-11-07 00:00:00+00:00,10.0,A,,,9.8,A,,,,,9.9,A,151.0,A,,,140.0,A,,,,,144.0,A,9.9,A,,,9.4,A,,,9.7,A,,,7.3,A,,,7.2,A,,,7.2,A,,,01467200
2006-11-08 00:00:00+00:00,10.5,A,,,9.9,A,,,,,10.2,A,154.0,A,,,142.0,A,,,,,149.0,A,9.8,A,,,9.2,A,,,9.5,A,,,7.2,A,,,7.1,A,,,7.2,A,,,01467200
2006-11-09 00:00:00+00:00,10.4,A,,,9.9,A,,,,,10.1,A,153.0,A,,,140.0,A,,,,,146.0,A,10.3,A,,,9.2,A,,,9.8,A,,,7.3,A,,,7.2,A,,,7.2,A,,,01467200
2006-11-10 00:00:00+00:00,10.8,A,,,10.0,A,,,,,10.3,A,152.0,A,,,145.0,A,,,,,149.0,A,10.1,A,,,9.0,A,,,9.7,A,,,7.2,A,,,7.2,A,,,7.2,A,,,01467200
2006-11-11 00:00:00+00:00,11.5,A,,,10.7,A,,,,,11.1,A,145.0,A,,,137.0,A,,,,,140.0,A,9.3,A,,,8.2,A,,,8.8,A,,,7.2,A,,,7.1,A,,,7.1,A,,,01467200
2006-11-12 00:00:00+00:00,11.8,A,,,11.5,A,,,,,11.7,A,159.0,A,,,144.0,A,,,,,150.0,A,8.7,A,,,8.0,A,,,8.5,A,,,7.2,A,,,7.1,A,,,7.1,A,,,01467200
2006-11-13 00:00:00+00:00,12.0,A,,,11.8,A,,,,,11.8,A,160.0,A,,,152.0,A,,,,,155.0,A,8.7,A,,,8.1,A,,,8.4,A,,,7.2,A,,,7.1,A,,,7.2,A,,,01467200
2006-11-14 00:00:00+00:00,12.0,A,,,11.9,A,,,,,12.0,A,154.0,A,,,148.0,A,,,,,151.0,A,8.8,A,,,7.9,A,,,8.5,A,,,7.2,A,,,7.1,A,,,7.2,A,,,01467200
2006-11-15 00:00:00+00:00,12.3,A,,,12.0,A,,,,,12.2,A,156.0,A,,,148.0,A,,,,,152.0,A,8.9,A,,,8.4,A,,,8.7,A,,,7.2,A,,,7.1,A,,,7.2,A,,,01467200
2006-11-16 00:00:00+00:00,12.8,A,,,12.2,A,,,,,12.5,A,157.0,A,,,153.0,A,,,,,155.0,A,9.2,A,,,8.3,A,,,8.6,A,,,7.2,A,,,7.1,A,,,7.2,A,,,01467200
2006-11-17 00:00:00+00:00,13.0,A,,,12.8,A,,,,,12.9,A,162.0,A,,,155.0,A,,,,,159.0,A,8.8,A,,,7.9,A,,,8.4,A,,,7.2,A,,,7.1,A,,,7.2,A,,,01467200
2006-11-18 00:00:00+00:00,13.1,A,,,12.7,A,,,,,12.8,A,166.0,A,,,156.0,A,,,,,162.0,A,9.0,A,,,8.3,A,,,8.8,A,,,7.3,A,,,7.2,A,,,7.3,A,,,01467200
2006-11-19 00:00:00+00:00,13.2,A,,,12.7,A,,,,,13.0,A,162.0,A,,,145.0,A,,,,,157.0,A,8.8,A,,,8.1,A,,,8.6,A,,,7.3,A,,,7.2,A,,,7.3,A,,,01467200
2006-11-20 00:00:00+00:00,12.8,A,,,11.5,A,,,,,12.2,A,151.0,A,,,115.0,A,,,,,134.0,A,9.0,A,,,8.2,A,,,8.7,A,,,7.3,A,,,7.1,A,,,7.2,A,,,01467200
2006-11-21 00:00:00+00:00,11.6,A,,,10.5,A,,,,,11.1,A,122.0,A,,,112.0,A,,,,,117.0,A,9.6,A,,,8.5,A,,,9.1,A,,,7.2,A,,,7.1,A,,,7.2,A,,,01467200
2006-11-22 00:00:00+00:00,10.7,A,,,9.6,A,,,,,10.3,A,121.0,A,,,114.0,A,,,,,117.0,A,9.9,A,,,9.2,A,,,9.6,A,,,7.2,A,,,7.2,A,,,7.2,A,,,01467200
2006-11-23 00:00:00+00:00,9.9,A,,,8.9,A,,,,,9.5,A,130.0,A,,,118.0,A,,,,,123.0,A,10.1,A,,,9.6,A,,,9.9,A,,,7.2,A,,,7.2,A,,,7.2,A,,,01467200
2006-11-24 00:00:00+00:00,8.9,A,,,8.3,A,,,,,8.7,A,135.0,A,,,125.0,A,,,,,129.0,A,10.6,A,,,9.7,A,,,10.2,A,,,7.3,A,,,7.2,A,,,7.2,A,,,01467200
2006-11-25 00:00:00+00:00,8.3,A,,,7.9,A,,,,,8.1,A,145.0,A,,,130.0,A,,,,,136.0,A,10.9,A,,,10.1,A,,,10.6,A,,,7.3,A,,,7.2,A,,,7.3,A,,,01467200
2006-11-26 00:00:00+00:00,7.9,A,,,7.7,A,,,,,7.8,A,152.0,A,,,139.0,A,,,,,144.0,A,10.9,A,,,9.4,A,,,10.6,A,,,7.3,A,,,7.2,A,,,7.3,A,,,01467200
2006-11-27 00:00:00+00:00,7.8,A,,,7.7,A,,,,,7.8,A,154.0,A,,,147.0,A,,,,,151.0,A,10.9,A,,,10.3,A,,,10.6,A,,,7.3,A,,,7.2,A,,,7.3,A,,,01467200
2006-11-28 00:00:00+00:00,7.9,A,,,7.7,A,,,,,7.8,A,154.0,A,,,147.0,A,,,,,151.0,A,10.9,A,,,10.3,A,,,10.6,A,,,7.3,A,,,7.2,A,,,7.3,A,,,01467200
2006-11-29 00:00:00+00:00,8.1,A,,,7.8,A,,,,,7.9,A,155.0,A,,,149.0,A,,,,,152.0,A,10.9,A,,,10.2,A,,,10.6,A,,,7.3,A,,,7.1,A,,,7.3,A,,,01467200
2006-11-30 00:00:00+00:00,8.4,A,,,8.0,A,,,,,8.2,A,158.0,A,,,151.0,A,,,,,156.0,A,10.8,A,,,10.4,A,,,10.6,A,,,7.3,A,,,7.2,A,,,7.3,A,,,01467200
2007-03-31 00:00:00+00:00,8.2,A,,,8.0,A,,,,,8.1,A,137.0,A,,,121.0,A,,,,,128.0,A,11.3,A,,,10.9,A,,,11.2,A,,,7.3,A,,,7.2,A,,,7.3,A,,,01467200
2007-04-01 00:00:00+00:00,8.2,A,,,7.6,A,,,,,7.9,A,127.0,A,,,120.0,A,,,,,123.0,A,11.3,A,,,10.7,A,,,11.1,A,,,7.2,A,,,7.2,A,,,7.2,A,,,01467200
2007-04-02 00:00:00+00:00,8.1,A,,,7.6,A,,,,,7.9,A,129.0,A,,,121.0,A,,,,,125.0,A,11.3,A,,,11.0,A,,,11.2,A,,,7.3,A,,,7.2,A,,,7.2,A,,,01467200
2007-04-03 00:00:00+00:00,8.3,A,,,7.9,A,,,,,8.1,A,132.0,A,,,124.0,A,,,,,128.0,A,11.4,A,,,10.9,A,,,11.2,A,,,7.3,A,,,7.2,A,,,7.2,A,,,01467200
2007-04-04 00:00:00+00:00,8.3,A,,,8.0,A,,,,,8.2,A,149.0,A,,,128.0,A,,,,,136.0,A,11.4,A,,,10.7,A,,,11.1,A,,,7.3,A,,,7.2,A,,,7.3,A,,,01467200
2007-04-05 00:00:00+00:00,8.2,A,,,8.0,A,,,,,8.1,A,153.0,A,,,139.0,A,,,,,144.0,A,11.1,A,,,10.6,A,,,10.9,A,,,7.3,A,,,7.2,A,,,7.3,A,,,01467200
2007-04-06 00:00:00+00:00,8.3,A,,,7.9,A,,,,,8.1,A,161.0,A,,,147.0,A,,,,,152.0,A,11.1,A,,,10.7,A,,,11.0,A,,,7.4,A,,,7.3,A,,,7.4,A,,,01467200
2007-04-07 00:00:00+00:00,8.3,A,,,8.0,A,,,,,8.2,A,165.0,A,,,155.0,A,,,,,159.0,A,10.9,A,,,10.7,A,,,10.8,A,,,7.4,A,,,7.3,A,,,7.4,A,,,01467200
2007-04-08 00:00:00+00:00,8.2,A,,,7.9,A,,,,,8.0,A,168.0,A,,,162.0,A,,,,,164.0,A,10.8,A,,,10.3,A,,,10.6,A,,,7.4,A,,,7.3,A,,,7.4,A,,,01467200
2007-04-09 00:00:00+00:00,7.9,A,,,7.6,A,,,,,7.7,A,168.0,A,,,162.0,A,,,,,165.0,A,11.0,A,,,10.5,A,,,10.8,A,,,7.4,A,,,7.3,A,,,7.4,A,,,01467200
2007-04-10 00:00:00+00:00,7.6,A,,,7.3,A,,,,,7.5,A,170.0,A,,,163.0,A,,,,,166.0,A,11.2,A,,,10.8,A,,,11.0,A,,,7.3,A,,,7.3,A,,,7.3,A,,,01467200
2007-04-11 00:00:00+00:00,7.7,A,,,7.2,A,,,,,7.5,A,170.0,A,,,164.0,A,,,,,167.0,A,11.4,A,,,10.7,A,,,11.1,A,,,7.3,A,,,7.2,A,,,7.3,A,,,01467200
2007-04-12 00:00:00+00:00,7.6,A,,,7.2,A,,,,,7.4,A,182.0,A,,,164.0,A,,,,,171.0,A,11.4,A,,,10.7,A,,,11.1,A,,,7.3,A,,,7.2,A,,,7.3,A,,,01467200
2007-04-13 00:00:00+00:00,7.5,A,,,7.1,A,,,,,7.2,A,172.0,A,,,165.0,A,,,,,168.0,A,11.5,A,,,10.8,A,,,11.3,A,,,7.3,A,,,7.2,A,,,7.3,A,,,01467200
2007-04-14 00:00:00+00:00,7.6,A,,,7.1,A,,,,,7.3,A,182.0,A,,,167.0,A,,,,,174.0,A,11.5,A,,,11.2,A,,,11.4,A,,,7.4,A,,,7.3,A,,,7.3,A,,,01467200
2007-04-15 00:00:00+00:00,8.0,A,,,7.5,A,,,,,7.7,A,181.0,A,,,166.0,A,,,,,176.0,A,11.3,A,,,10.4,A,,,11.0,A,,,7.4,A,,,7.2,A,,,7.3,A,,,01467200
2007-04-16 00:00:00+00:00,7.9,A,,,7.0,A,,,,,7.4,A,173.0,A,,,131.0,A,,,,,149.0,A,11.1,A,,,10.4,A,,,10.8,A,,,7.3,A,,,7.1,A,,,7.2,A,,,01467200
2007-04-17 00:00:00+00:00,7.0,A,,,6.0,A,,,,,6.6,A,144.0,A,,,127.0,A,,,,,136.0,A,11.1,A,,,10.4,A,,,10.6,A,,,7.2,A,,,7.1,A,,,7.1,A,,,01467200
2007-04-18 00:00:00+00:00,6.1,A,,,5.6,A,,,,,5.8,A,132.0,A,,,117.0,A,,,,,125.0,A,11.5,A,,,10.7,A,,,11.1,A,,,7.1,A,,,7.1,A,,,7.1,A,,,01467200
2007-04-19 00:00:00+00:00,6.3,A,,,5.7,A,,,,,5.9,A,132.0,A,,,117.0,A,,,,,123.0,A,11.6,A,,,10.8,A,,,11.4,A,,,7.1,A,,,7.0,A,,,7.1,A,,,01467200
2007-04-20 00:00:00+00:00,7.4,A,,,6.1,A,,,,,6.7,A,139.0,A,,,124.0,A,,,,,130.0,A,12.0,A,,,11.1,A,,,11.5,A,,,7.2,A,,,7.0,A,,,7.1,A,,,01467200
2007-04-21 00:00:00+00:00,8.5,A,,,7.1,A,,,,,7.8,A,146.0,A,,,131.0,A,,,,,137.0,A,11.5,A,,,11.2,A,,,11.3,A,,,7.2,A,,,7.2,A,,,7.2,A,,,01467200
2007-04-22 00:00:00+00:00,9.7,A,,,8.3,A,,,,,9.0,A,147.0,A,,,137.0,A,,,,,142.0,A,11.3,A,,,10.8,A,,,11.1,A,,,7.2,A,,,7.2,A,,,7.2,A,,,01467200
2007-04-23 00:00:00+00:00,10.9,A,,,9.5,A,,,,,10.1,A,147.0,A,,,139.0,A,,,,,142.0,A,10.9,A,,,10.3,A,,,10.8,A,,,7.2,A,,,7.1,A,,,7.2,A,,,01467200
2007-04-24 00:00:00+00:00,12.2,A,,,10.9,A,,,,,11.4,A,152.0,A,,,141.0,A,,,,,144.0,A,10.8,A,,,10.0,A,,,10.4,A,,,7.2,A,,,7.1,A,,,7.2,A,,,01467200
2007-04-25 00:00:00+00:00,13.0,A,,,11.8,A,,,,,12.4,A,153.0,A,,,142.0,A,,,,,149.0,A,10.3,A,,,9.8,A,,,10.1,A,,,7.2,A,,,7.2,A,,,7.2,A,,,01467200
2007-04-26 00:00:00+00:00,13.6,A,,,12.5,A,,,,,13.1,A,155.0,A,,,148.0,A,,,,,152.0,A,10.1,A,,,9.4,A,,,9.8,A,,,7.2,A,,,7.2,A,,,7.2,A,,,01467200
2007-04-27 00:00:00+00:00,13.7,A,,,13.1,A,,,,,13.5,A,158.0,A,,,151.0,A,,,,,154.0,A,9.8,A,,,9.0,A,,,9.4,A,,,7.2,A,,,7.2,A,,,7.2,A,,,01467200
2007-04-28 00:00:00+00:00,13.7,A,,,13.3,A,,,,,13.6,A,163.0,A,,,152.0,A,,,,,157.0,A,9.5,A,,,8.9,A,,,9.2,A,,,7.2,A,,,7.2,A,,,7.2,A,,,01467200
2007-04-29 00:00:00+00:00,13.6,A,,,12.9,A,,,,,13.2,A,164.0,A,,,158.0,A,,,,,161.0,A,9.4,A,,,8.8,A,,,9.2,A,,,7.2,A,,,7.1,A,,,7.2,A,,,01467200
2007-04-30 00:00:00+00:00,13.4,A,,,12.9,A,,,,,13.2,A,167.0,A,,,160.0,A,,,,,163.0,A,9.3,A,,,8.7,A,,,9.1,A,,,7.2,A,,,7.1,A,,,7.1,A,,,01467200
2007-05-01 00:00:00+00:00,13.8,A,,,13.3,A,,,,,13.5,A,170.0,A,,,160.0,A,,,,,166.0,A,9.2,A,,,8.7,A,,,9.0,A,,,7.2,A,,,7.1,A,,,7.1,A,,,01467200
2007-05-02 00:00:00+00:00,14.2,A,,,13.6,A,,,,,13.9,A,191.0,A,,,167.0,A,,,,,174.0,A,9.2,A,,,8.5,A,,,8.9,A,,,7.2,A,,,7.1,A,,,7.1,A,,,01467200
2007-05-03 00:00:00+00:00,14.6,A,,,14.0,A,,,,,14.2,A,181.0,A,,,174.0,A,,,,,177.0,A,9.3,A,,,8.6,A,,,9.0,A,,,7.2,A,,,7.1,A,,,7.2,A,,,01467200
2007-05-04 00:00:00+00:00,15.1,A,,,14.3,A,,,,,14.7,A,190.0,A,,,178.0,A,,,,,182.0,A,9.3,A,,,8.7,A,,,9.0,A,,,7.2,A,,,7.1,A,,,7.2,A,,,01467200
2007-05-05 00:00:00+00:00,15.6,A,,,14.7,A,,,,,15.1,A,191.0,A,,,182.0,A,,,,,186.0,A,9.2,A,,,8.2,A,,,8.9,A,,,7.2,A,,,7.1,A,,,7.2,A,,,01467200
2007-05-06 00:00:00+00:00,15.6,A,,,15.1,A,,,,,15.4,A,193.0,A,,,187.0,A,,,,,190.0,A,9.2,A,,,8.5,A,,,8.9,A,,,7.3,A,,,7.1,A,,,7.2,A,,,01467200
2007-05-07 00:00:00+00:00,15.7,A,,,15.1,A,,,,,15.4,A,195.0,A,,,190.0,A,,,,,193.0,A,9.1,A,,,6.9,A,,,8.6,A,,,7.2,A,,,7.1,A,,,7.2,A,,,01467200
2007-05-08 00:00:00+00:00,16.1,A,,,15.4,A,,,,,15.7,A,198.0,A,,,191.0,A,,,,,195.0,A,9.0,A,,,7.6,A,,,8.5,A,,,7.2,A,,,7.1,A,,,7.2,A,,,01467200
2007-05-09 00:00:00+00:00,16.7,A,,,15.9,A,,,,,16.3,A,203.0,A,,,195.0,A,,,,,199.0,A,8.7,A,,,6.4,A,,,8.0,A,,,7.2,A,,,7.0,A,,,7.2,A,,,01467200
2007-05-10 00:00:00+00:00,17.2,A,,,16.6,A,,,,,16.9,A,205.0,A,,,199.0,A,,,,,203.0,A,8.1,A,,,7.2,A,,,7.8,A,,,7.2,A,,,7.1,A,,,7.2,A,,,01467200
2007-05-11 00:00:00+00:00,17.7,A,,,17.0,A,,,,,17.3,A,210.0,A,,,203.0,A,,,,,206.0,A,8.0,A,,,7.0,A,,,7.6,A,,,7.2,A,,,7.1,A,,,7.2,A,,,01467200
2007-05-12 00:00:00+00:00,18.3,A,,,17.4,A,,,,,17.8,A,213.0,A,,,207.0,A,,,,,210.0,A,7.9,A,,,6.9,A,,,7.5,A,,,7.2,A,,,7.1,A,,,7.2,A,,,01467200
2007-05-13 00:00:00+00:00,18.5,A,,,17.9,A,,,,,18.1,A,216.0,A,,,211.0,A,,,,,214.0,A,7.7,A,,,6.6,A,,,7.3,A,,,7.2,A,,,7.1,A,,,7.2,A,,,01467200
2007-05-14 00:00:00+00:00,18.6,A,,,18.1,A,,,,,18.3,A,220.0,A,,,214.0,A,,,,,216.0,A,7.8,A,,,6.4,A,,,7.4,A,,,7.2,A,,,7.1,A,,,7.2,A,,,01467200
2007-05-15 00:00:00+00:00,19.1,A,,,18.2,A,,,,,18.5,A,223.0,A,,,219.0,A,,,,,221.0,A,8.1,A,,,6.5,A,,,7.5,A,,,7.4,A,,,7.1,A,,,7.2,A,,,01467200
2007-05-16 00:00:00+00:00,19.5,A,,,18.6,A,,,,,19.0,A,229.0,A,,,223.0,A,,,,,227.0,A,7.9,A,,,6.5,A,,,7.5,A,,,7.3,A,,,7.1,A,,,7.2,A,,,01467200
2007-05-17 00:00:00+00:00,19.7,A,,,19.1,A,,,,,19.4,A,233.0,A,,,227.0,A,,,,,231.0,A,7.5,A,,,6.0,A,,,6.9,A,,,7.3,A,,,7.1,A,,,7.2,A,,,01467200
2007-05-18 00:00:00+00:00,19.6,A,,,19.2,A,,,,,19.3,A,239.0,A,,,232.0,A,,,,,237.0,A,7.1,A,,,6.3,A,,,6.9,A,,,7.3,A,,,7.1,A,,,7.2,A,,,01467200
2007-05-19 00:00:00+00:00,19.5,A,,,18.9,A,,,,,19.2,A,242.0,A,,,237.0,A,,,,,240.0,A,7.0,A,,,6.1,A,,,6.5,A,,,7.2,A,,,7.1,A,,,7.2,A,,,01467200
2007-05-20 00:00:00+00:00,19.4,A,,,18.8,A,,,,,19.1,A,246.0,A,,,239.0,A,,,,,243.0,A,6.8,A,,,5.3,A,,,6.3,A,,,7.2,A,,,7.1,A,,,7.2,A,,,01467200
2007-05-21 00:00:00+00:00,19.5,A,,,19.0,A,,,,,19.3,A,248.0,A,,,241.0,A,,,,,245.0,A,6.6,A,,,5.0,A,,,6.0,A,,,7.2,A,,,7.1,A,,,7.2,A,,,01467200
2007-05-22 00:00:00+00:00,19.8,A,,,19.1,A,,,,,19.4,A,252.0,A,,,241.0,A,,,,,246.0,A,6.5,A,,,4.6,A,,,5.8,A,,,7.2,A,,,7.1,A,,,7.2,A,,,01467200
2007-05-23 00:00:00+00:00,20.1,A,,,19.4,A,,,,,19.7,A,254.0,A,,,243.0,A,,,,,249.0,A,6.1,A,,,4.5,A,,,5.4,A,,,7.2,A,,,7.1,A,,,7.2,A,,,01467200
2007-05-24 00:00:00+00:00,20.4,A,,,19.7,A,,,,,20.0,A,255.0,A,,,246.0,A,,,,,251.0,A,5.6,A,,,4.4,A,,,5.3,A,,,7.2,A,,,7.1,A,,,7.2,A,,,01467200
2007-05-25 00:00:00+00:00,20.8,A,,,20.0,A,,,,,20.4,A,258.0,A,,,247.0,A,,,,,252.0,A,5.7,A,,,4.5,A,,,5.3,A,,,7.2,A,,,7.1,A,,,7.2,A,,,01467200
2007-05-26 00:00:00+00:00,21.3,A,,,20.5,A,,,,,20.8,A,261.0,A,,,249.0,A,,,,,256.0,A,5.7,A,,,4.5,A,,,5.3,A,,,7.2,A,,,7.1,A,,,7.2,A,,,01467200
2007-05-27 00:00:00+00:00,21.8,A,,,21.0,A,,,,,21.3,A,265.0,A,,,252.0,A,,,,,258.0,A,5.6,A,,,3.5,A,,,5.0,A,,,7.2,A,,,7.1,A,,,7.1,A,,,01467200
2007-05-28 00:00:00+00:00,22.0,A,,,21.5,A,,,,,21.7,A,264.0,A,,,254.0,A,,,,,258.0,A,5.4,A,,,3.5,A,,,4.8,A,,,7.2,A,,,7.1,A,,,7.1,A,,,01467200
2007-05-29 00:00:00+00:00,22.3,A,,,21.7,A,,,,,21.9,A,266.0,A,,,252.0,A,,,,,258.0,A,5.6,A,,,3.8,A,,,4.9,A,,,7.2,A,,,7.1,A,,,7.1,A,,,01467200
2007-05-30 00:00:00+00:00,22.6,A,,,22.0,A,,,,,22.2,A,268.0,A,,,255.0,A,,,,,261.0,A,5.7,A,,,3.9,A,,,5.0,A,,,7.2,A,,,7.0,A,,,7.1,A,,,01467200
2007-05-31 00:00:00+00:00,23.0,A,,,22.3,A,,,,,22.6,A,269.0,A,,,259.0,A,,,,,264.0,A,5.8,A,,,3.8,A,,,5.0,A,,,7.2,A,,,7.1,A,,,7.1,A,,,01467200
2007-06-01 00:00:00+00:00,23.4,A,,,22.8,A,,,,,23.0,A,274.0,A,,,262.0,A,,,,,267.0,A,5.7,A,,,4.0,A,,,4.9,A,,,7.2,A,,,7.1,A,,,7.1,A,,,01467200
2007-06-02 00:00:00+00:00,23.9,A,,,23.1,A,,,,,23.4,A,272.0,A,,,262.0,A,,,,,268.0,A,5.6,A,,,3.4,A,,,5.0,A,,,7.2,A,,,7.1,A,,,7.1,A,,,01467200
2007-06-03 00:00:00+00:00,23.9,A,,,23.5,A,,,,,23.6,A,274.0,A,,,264.0,A,,,,,268.0,A,5.3,A,,,3.6,A,,,4.6,A,,,7.2,A,,,7.0,A,,,7.1,A,,,01467200
2007-06-04 00:00:00+00:00,23.7,A,,,23.3,A,,,,,23.5,A,285.0,A,,,263.0,A,,,,,270.0,A,5.1,A,,,3.5,A,,,4.4,A,,,7.2,A,,,7.1,A,,,7.1,A,,,01467200
2007-06-05 00:00:00+00:00,23.8,A,,,23.3,A,,,,,23.6,A,282.0,A,,,264.0,A,,,,,270.0,A,4.5,A,,,3.1,A,,,4.0,A,,,7.1,A,,,7.0,A,,,7.1,A,,,01467200
2007-06-06 00:00:00+00:00,23.9,A,,,23.4,A,,,,,23.6,A,273.0,A,,,264.0,A,,,,,269.0,A,4.6,A,,,2.8,A,,,3.9,A,,,7.2,A,,,7.0,A,,,7.1,A,,,01467200
2007-06-07 00:00:00+00:00,24.0,A,,,23.3,A,,,,,23.7,A,278.0,A,,,268.0,A,,,,,272.0,A,4.7,A,,,2.6,A,,,3.9,A,,,7.2,A,,,7.0,A,,,7.1,A,,,01467200
2007-06-08 00:00:00+00:00,24.6,A,,,23.6,A,,,,,24.0,A,282.0,A,,,269.0,A,,,,,275.0,A,4.3,A,,,2.9,A,,,3.8,A,,,7.2,A,,,7.1,A,,,7.1,A,,,01467200
2007-06-09 00:00:00+00:00,24.9,A,,,24.0,A,,,,,24.4,A,288.0,A,,,270.0,A,,,,,278.0,A,4.2,A,,,3.3,A,,,3.7,A,,,7.2,A,,,7.1,A,,,7.1,A,,,01467200
2007-06-10 00:00:00+00:00,24.8,A,,,24.2,A,,,,,24.5,A,296.0,A,,,272.0,A,,,,,282.0,A,4.1,A,,,3.3,A,,,3.8,A,,,7.2,A,,,7.1,A,,,7.2,A,,,01467200
2007-06-11 00:00:00+00:00,24.9,A,,,24.3,A,,,,,24.5,A,298.0,A,,,273.0,A,,,,,287.0,A,4.0,A,,,3.2,A,,,3.7,A,,,7.2,A,,,7.1,A,,,7.1,A,,,01467200
2007-06-12 00:00:00+00:00,24.9,A,,,24.4,A,,,,,24.6,A,298.0,A,,,273.0,A,,,,,287.0,A,3.7,A,,,2.9,A,,,3.4,A,,,7.2,A,,,7.0,A,,,7.1,A,,,01467200
2007-06-13 00:00:00+00:00,24.8,A,,,24.3,A,,,,,24.6,A,301.0,A,,,269.0,A,,,,,285.0,A,3.5,A,,,2.9,A,,,3.2,A,,,7.1,A,,,7.0,A,,,7.1,A,,,01467200
2007-06-14 00:00:00+00:00,24.3,A,,,23.9,A,,,,,24.1,A,306.0,A,,,272.0,A,,,,,288.0,A,3.6,A,,,3.1,A,,,3.4,A,,,7.1,A,,,7.1,A,,,7.1,A,,,01467200
2007-06-15 00:00:00+00:00,23.9,A,,,23.7,A,,,,,23.8,A,301.0,A,,,268.0,A,,,,,286.0,A,3.7,A,,,2.9,A,,,3.4,A,,,7.1,A,,,7.1,A,,,7.1,A,,,01467200
2007-06-16 00:00:00+00:00,23.8,A,,,23.6,A,,,,,23.7,A,310.0,A,,,271.0,A,,,,,287.0,A,4.0,A,,,2.9,A,,,3.4,A,,,7.2,A,,,7.1,A,,,7.1,A,,,01467200
2007-06-17 00:00:00+00:00,24.0,A,,,23.6,A,,,,,23.8,A,300.0,A,,,271.0,A,,,,,285.0,A,4.3,A,,,3.1,A,,,3.6,A,,,7.2,A,,,7.1,A,,,7.1,A,,,01467200
2007-06-18 00:00:00+00:00,24.4,A,,,23.9,A,,,,,24.2,A,301.0,A,,,268.0,A,,,,,285.0,A,4.4,A,,,2.9,A,,,3.8,A,,,7.2,A,,,7.1,A,,,7.1,A,,,01467200
2007-06-19 00:00:00+00:00,24.8,A,,,24.2,A,,,,,24.5,A,304.0,A,,,271.0,A,,,,,288.0,A,4.6,A,,,2.5,A,,,4.0,A,,,7.2,A,,,7.1,A,,,7.2,A,,,01467200
2007-06-20 00:00:00+00:00,24.8,A,,,24.5,A,,,,,24.7,A,313.0,A,,,272.0,A,,,,,286.0,A,4.4,A,,,2.5,A,,,3.9,A,,,7.2,A,,,7.1,A,,,7.1,A,,,01467200
2007-06-21 00:00:00+00:00,24.9,A,,,24.4,A,,,,,24.6,A,301.0,A,,,271.0,A,,,,,286.0,A,4.5,A,,,2.9,A,,,3.9,A,,,7.2,A,,,7.0,A,,,7.1,A,,,01467200
2007-06-22 00:00:00+00:00,24.8,A,,,24.5,A,,,,,24.6,A,292.0,A,,,269.0,A,,,,,280.0,A,4.9,A,,,3.7,A,,,4.3,A,,,7.2,A,,,7.0,A,,,7.2,A,,,01467200
2007-06-23 00:00:00+00:00,24.6,A,,,24.2,A,,,,,24.4,A,292.0,A,,,268.0,A,,,,,280.0,A,5.4,A,,,4.0,A,,,4.8,A,,,7.3,A,,,7.1,A,,,7.2,A,,,01467200
2007-06-24 00:00:00+00:00,24.6,A,,,24.1,A,,,,,24.4,A,300.0,A,,,268.0,A,,,,,282.0,A,5.9,A,,,3.7,A,,,5.1,A,,,7.3,A,,,7.1,A,,,7.2,A,,,01467200
2007-06-25 00:00:00+00:00,24.6,A,,,24.3,A,,,,,24.4,A,302.0,A,,,273.0,A,,,,,287.0,A,6.0,A,,,4.4,A,,,5.3,A,,,7.3,A,,,7.1,A,,,7.2,A,,,01467200
2007-06-26 00:00:00+00:00,25.1,A,,,24.4,A,,,,,24.7,A,302.0,A,,,276.0,A,,,,,289.0,A,6.3,A,,,4.7,A,,,5.4,A,,,7.3,A,,,7.1,A,,,7.2,A,,,01467200
2007-06-27 00:00:00+00:00,25.5,A,,,24.9,A,,,,,25.2,A,305.0,A,,,278.0,A,,,,,288.0,A,5.9,A,,,4.7,A,,,5.4,A,,,7.3,A,,,7.1,A,,,7.2,A,,,01467200
2007-06-28 00:00:00+00:00,25.9,A,,,25.3,A,,,,,25.5,A,302.0,A,,,282.0,A,,,,,290.0,A,6.0,A,,,4.8,A,,,5.3,A,,,7.4,A,,,7.2,A,,,7.3,A,,,01467200
2007-06-29 00:00:00+00:00,25.9,A,,,25.6,A,,,,,25.7,A,301.0,A,,,283.0,A,,,,,291.0,A,5.8,A,,,4.8,A,,,5.2,A,,,7.3,A,,,7.2,A,,,7.3,A,,,01467200
2007-06-30 00:00:00+00:00,26.0,A,,,25.5,A,,,,,25.7,A,304.0,A,,,284.0,A,,,,,293.0,A,5.7,A,,,4.6,A,,,5.1,A,,,7.3,A,,,7.2,A,,,7.3,A,,,01467200
2007-07-01 00:00:00+00:00,25.9,A,,,25.5,A,,,,,25.7,A,308.0,A,,,285.0,A,,,,,295.0,A,5.6,A,,,4.5,A,,,5.2,A,,,7.3,A,,,7.2,A,,,7.3,A,,,01467200
2007-07-02 00:00:00+00:00,25.6,A,,,25.2,A,,,,,25.3,A,311.0,A,,,288.0,A,,,,,298.0,A,5.7,A,,,4.6,A,,,5.3,A,,,7.3,A,,,7.2,A,,,7.3,A,,,01467200
2007-07-03 00:00:00+00:00,25.5,A,,,25.0,A,,,,,25.2,A,313.0,A,,,289.0,A,,,,,303.0,A,5.8,A,,,4.9,A,,,5.4,A,,,7.2,A,,,7.1,A,,,7.2,A,,,01467200
2007-07-04 00:00:00+00:00,25.3,A,,,24.9,A,,,,,25.0,A,319.0,A,,,288.0,A,,,,,305.0,A,5.8,A,,,5.2,A,,,5.6,A,,,7.2,A,,,7.1,A,,,7.2,A,,,01467200
2007-07-05 00:00:00+00:00,25.0,A,,,24.8,A,,,,,24.9,A,323.0,A,,,284.0,A,,,,,300.0,A,5.6,A,,,4.9,A,,,5.3,A,,,7.2,A,,,7.1,A,,,7.2,A,,,01467200
2007-07-06 00:00:00+00:00,25.2,A,,,24.7,A,,,,,25.0,A,311.0,A,,,279.0,A,,,,,296.0,A,5.4,A,,,4.7,A,,,5.1,A,,,7.2,A,,,7.1,A,,,7.2,A,,,01467200
2007-07-07 00:00:00+00:00,25.4,A,,,24.9,A,,,,,25.2,A,315.0,A,,,275.0,A,,,,,293.0,A,5.6,A,,,4.2,A,,,5.1,A,,,7.2,A,,,7.0,A,,,7.2,A,,,01467200
2007-07-08 00:00:00+00:00,25.8,A,,,25.1,A,,,,,25.4,A,313.0,A,,,283.0,A,,,,,297.0,A,5.7,A,,,4.2,A,,,5.2,A,,,7.2,A,,,7.0,A,,,7.2,A,,,01467200
2007-07-09 00:00:00+00:00,26.2,A,,,25.5,A,,,,,25.8,A,319.0,A,,,273.0,A,,,,,295.0,A,5.8,A,,,4.5,A,,,5.3,A,,,7.2,A,,,7.1,A,,,7.2,A,,,01467200
2007-07-10 00:00:00+00:00,26.6,A,,,26.0,A,,,,,26.2,A,319.0,A,,,274.0,A,,,,,294.0,A,5.8,A,,,4.9,A,,,5.3,A,,,7.2,A,,,7.1,A,,,7.2,A,,,01467200
2007-07-11 00:00:00+00:00,26.8,A,,,26.3,A,,,,,26.5,A,317.0,A,,,274.0,A,,,,,294.0,A,5.4,A,,,4.1,A,,,5.2,A,,,7.2,A,,,7.1,A,,,7.2,A,,,01467200
2007-07-12 00:00:00+00:00,26.8,A,,,26.4,A,,,,,26.6,A,311.0,A,,,270.0,A,,,,,291.0,A,5.0,A,,,4.1,A,,,4.8,A,,,7.2,A,,,7.1,A,,,7.1,A,,,01467200
2007-07-13 00:00:00+00:00,26.6,A,,,26.4,A,,,,,26.5,A,319.0,A,,,272.0,A,,,,,292.0,A,5.0,A,,,4.3,A,,,4.7,A,,,7.2,A,,,7.1,A,,,7.1,A,,,01467200
2007-07-14 00:00:00+00:00,26.6,A,,,26.3,A,,,,,26.5,A,324.0,A,,,282.0,A,,,,,304.0,A,5.2,A,,,4.3,A,,,4.7,A,,,7.2,A,,,7.0,A,,,7.1,A,,,01467200
2007-07-15 00:00:00+00:00,26.7,A,,,26.3,A,,,,,26.5,A,319.0,A,,,277.0,A,,,,,299.0,A,5.3,A,,,4.3,A,,,4.8,A,,,7.2,A,,,7.0,A,,,7.1,A,,,01467200
2007-07-16 00:00:00+00:00,26.8,A,,,26.5,A,,,,,26.6,A,324.0,A,,,275.0,A,,,,,296.0,A,5.4,A,,,4.5,A,,,5.0,A,,,7.2,A,,,7.1,A,,,7.2,A,,,01467200
2007-07-17 00:00:00+00:00,27.0,A,,,26.5,A,,,,,26.8,A,319.0,A,,,275.0,A,,,,,299.0,A,5.4,A,,,4.1,A,,,5.0,A,,,7.2,A,,,7.1,A,,,7.2,A,,,01467200
2007-07-18 00:00:00+00:00,27.0,A,,,26.8,A,,,,,26.9,A,330.0,A,,,280.0,A,,,,,302.0,A,5.3,A,,,4.3,A,,,4.8,A,,,7.2,A,,,7.0,A,,,7.1,A,,,01467200
2007-07-19 00:00:00+00:00,27.1,A,,,26.9,A,,,,,27.0,A,317.0,A,,,280.0,A,,,,,300.0,A,5.2,A,,,4.0,A,,,4.6,A,,,7.2,A,,,7.0,A,,,7.1,A,,,01467200
2007-07-20 00:00:00+00:00,27.0,A,,,26.7,A,,,,,26.9,A,326.0,A,,,281.0,A,,,,,301.0,A,5.2,A,,,3.9,A,,,4.7,A,,,7.2,A,,,7.1,A,,,7.1,A,,,01467200
2007-07-21 00:00:00+00:00,26.7,A,,,26.3,A,,,,,26.6,A,312.0,A,,,279.0,A,,,,,297.0,A,5.6,A,,,4.2,A,,,4.9,A,,,7.2,A,,,7.0,A,,,7.2,A,,,01467200
2007-07-22 00:00:00+00:00,26.5,A,,,26.2,A,,,,,26.3,A,320.0,A,,,273.0,A,,,,,297.0,A,5.9,A,,,4.0,A,,,5.3,A,,,7.3,A,,,7.1,A,,,7.2,A,,,01467200
2007-07-23 00:00:00+00:00,26.2,A,,,25.7,A,,,,,26.0,A,318.0,A,,,281.0,A,,,,,298.0,A,5.8,A,,,4.6,A,,,5.4,A,,,7.2,A,,,7.1,A,,,7.2,A,,,01467200
2007-07-24 00:00:00+00:00,25.9,A,,,25.5,A,,,,,25.7,A,321.0,A,,,277.0,A,,,,,295.0,A,5.9,A,,,4.8,A,,,5.5,A,,,7.3,A,,,7.2,A,,,7.2,A,,,01467200
2007-07-25 00:00:00+00:00,26.0,A,,,25.6,A,,,,,25.8,A,321.0,A,,,275.0,A,,,,,294.0,A,5.8,A,,,4.9,A,,,5.5,A,,,7.3,A,,,7.2,A,,,7.2,A,,,01467200
2007-07-26 00:00:00+00:00,26.2,A,,,25.8,A,,,,,26.0,A,315.0,A,,,272.0,A,,,,,290.0,A,5.7,A,,,4.8,A,,,5.3,A,,,7.3,A,,,7.2,A,,,7.2,A,,,01467200
2007-07-27 00:00:00+00:00,26.5,A,,,26.0,A,,,,,26.2,A,313.0,A,,,271.0,A,,,,,288.0,A,5.8,A,,,4.8,A,,,5.3,A,,,7.3,A,,,7.2,A,,,7.3,A,,,01467200
2007-07-28 00:00:00+00:00,26.8,A,,,26.3,A,,,,,26.5,A,317.0,A,,,274.0,A,,,,,290.0,A,5.7,A,,,4.8,A,,,5.2,A,,,7.3,A,,,7.2,A,,,7.2,A,,,01467200
2007-07-29 00:00:00+00:00,26.9,A,,,26.6,A,,,,,26.7,A,313.0,A,,,275.0,A,,,,,291.0,A,5.4,A,,,4.6,A,,,5.0,A,,,7.3,A,,,7.2,A,,,7.2,A,,,01467200
2007-07-30 00:00:00+00:00,27.1,A,,,26.6,A,,,,,26.8,A,309.0,A,,,273.0,A,,,,,289.0,A,5.2,A,,,4.2,A,,,4.8,A,,,7.3,A,,,7.1,A,,,7.2,A,,,01467200
2007-07-31 00:00:00+00:00,27.3,A,,,26.7,A,,,,,27.0,A,307.0,A,,,276.0,A,,,,,290.0,A,5.1,A,,,4.3,A,,,4.7,A,,,7.2,A,,,7.1,A,,,7.2,A,,,01467200
2007-08-01 00:00:00+00:00,27.6,A,,,26.9,A,,,,,27.2,A,307.0,A,,,276.0,A,,,,,289.0,A,5.1,A,,,4.3,A,,,4.6,A,,,7.2,A,,,7.2,A,,,7.2,A,,,01467200
2007-08-02 00:00:00+00:00,27.7,A,,,27.2,A,,,,,27.5,A,310.0,A,,,276.0,A,,,,,292.0,A,5.1,A,,,4.1,A,,,4.6,A,,,7.2,A,,,7.1,A,,,7.2,A,,,01467200
2007-08-03 00:00:00+00:00,27.8,A,,,27.4,A,,,,,27.6,A,312.0,A,,,277.0,A,,,,,293.0,A,5.0,A,,,4.0,A,,,4.6,A,,,7.2,A,,,7.1,A,,,7.2,A,,,01467200
2007-08-04 00:00:00+00:00,28.1,A,,,27.6,A,,,,,27.8,A,308.0,A,,,279.0,A,,,,,292.0,A,5.1,A,,,4.1,A,,,4.7,A,,,7.2,A,,,7.2,A,,,7.2,A,,,01467200
2007-08-05 00:00:00+00:00,28.1,A,,,27.6,A,,,,,27.9,A,321.0,A,,,279.0,A,,,,,296.0,A,5.2,A,,,4.2,A,,,4.7,A,,,7.3,A,,,7.2,A,,,7.2,A,,,01467200
2007-08-06 00:00:00+00:00,28.0,A,,,27.7,A,,,,,27.8,A,319.0,A,,,277.0,A,,,,,298.0,A,5.1,A,,,4.1,A,,,4.5,A,,,7.3,A,,,7.2,A,,,7.2,A,,,01467200
2007-08-07 00:00:00+00:00,28.2,A,,,27.8,A,,,,,27.9,A,324.0,A,,,277.0,A,,,,,295.0,A,4.8,A,,,3.6,A,,,4.4,A,,,7.2,A,,,7.1,A,,,7.2,A,,,01467200
2007-08-08 00:00:00+00:00,28.4,A,,,28.0,A,,,,,28.1,A,324.0,A,,,276.0,A,,,,,296.0,A,5.0,A,,,3.8,A,,,4.4,A,,,7.3,A,,,7.1,A,,,7.2,A,,,01467200
2007-08-09 00:00:00+00:00,28.5,A,,,28.1,A,,,,,28.3,A,327.0,A,,,265.0,A,,,,,292.0,A,5.0,A,,,4.3,A,,,4.6,A,,,7.3,A,,,7.2,A,,,7.2,A,,,01467200
2007-08-10 00:00:00+00:00,28.3,A,,,27.8,A,,,,,28.2,A,321.0,A,,,255.0,A,,,,,283.0,A,5.0,A,,,4.3,A,,,4.6,A,,,7.2,A,,,7.2,A,,,7.2,A,,,01467200
2007-08-11 00:00:00+00:00,28.0,A,,,27.7,A,,,,,27.8,A,312.0,A,,,254.0,A,,,,,282.0,A,5.1,A,,,4.3,A,,,4.7,A,,,7.3,A,,,7.2,A,,,7.2,A,,,01467200
2007-08-12 00:00:00+00:00,28.0,A,,,27.6,A,,,,,27.8,A,311.0,A,,,244.0,A,,,,,274.0,A,5.1,A,,,4.3,A,,,4.7,A,,,7.2,A,,,7.2,A,,,7.2,A,,,01467200
2007-08-13 00:00:00+00:00,27.9,A,,,27.7,A,,,,,27.8,A,303.0,A,,,239.0,A,,,,,267.0,A,5.1,A,,,4.3,A,,,4.8,A,,,7.2,A,,,7.2,A,,,7.2,A,,,01467200
2007-08-14 00:00:00+00:00,27.8,A,,,27.5,A,,,,,27.6,A,296.0,A,,,241.0,A,,,,,266.0,A,5.2,A,,,4.3,A,,,4.8,A,,,7.2,A,,,7.2,A,,,7.2,A,,,01467200
2007-08-15 00:00:00+00:00,27.6,A,,,27.3,A,,,,,27.5,A,301.0,A,,,246.0,A,,,,,273.0,A,5.1,A,,,4.4,A,,,4.8,A,,,7.2,A,,,7.2,A,,,7.2,A,,,01467200
2007-08-16 00:00:00+00:00,27.5,A,,,27.3,A,,,,,27.4,A,294.0,A,,,251.0,A,,,,,271.0,A,5.1,A,,,4.3,A,,,4.7,A,,,7.2,A,,,7.2,A,,,7.2,A,,,01467200
2007-08-17 00:00:00+00:00,27.6,A,,,27.3,A,,,,,27.4,A,288.0,A,,,250.0,A,,,,,268.0,A,5.0,A,,,4.3,A,,,4.7,A,,,7.2,A,,,7.2,A,,,7.2,A,,,01467200
2007-08-18 00:00:00+00:00,27.5,A,,,27.0,A,,,,,27.2,A,288.0,A,,,251.0,A,,,,,268.0,A,5.0,A,,,4.0,A,,,4.6,A,,,7.2,A,,,7.1,A,,,7.2,A,,,01467200
2007-08-19 00:00:00+00:00,27.0,A,,,26.4,A,,,,,26.7,A,288.0,A,,,250.0,A,,,,,269.0,A,5.0,A,,,4.2,A,,,4.6,A,,,7.2,A,,,7.1,A,,,7.2,A,,,01467200
2007-08-20 00:00:00+00:00,26.4,A,,,25.7,A,,,,,26.1,A,286.0,A,,,242.0,A,,,,,263.0,A,4.7,A,,,3.5,A,,,4.4,A,,,7.2,A,,,7.1,A,,,7.2,A,,,01467200
2007-08-21 00:00:00+00:00,25.7,A,,,24.9,A,,,,,25.2,A,280.0,A,,,240.0,A,,,,,259.0,A,4.8,A,,,4.1,A,,,4.5,A,,,7.2,A,,,7.2,A,,,7.2,A,,,01467200
2007-08-22 00:00:00+00:00,24.9,A,,,23.9,A,,,,,24.3,A,270.0,A,,,231.0,A,,,,,250.0,A,5.0,A,,,4.2,A,,,4.6,A,,,7.2,A,,,7.2,A,,,7.2,A,,,01467200
2007-08-23 00:00:00+00:00,24.3,A,,,23.6,A,,,,,23.9,A,263.0,A,,,227.0,A,,,,,243.0,A,5.2,A,,,4.1,A,,,4.7,A,,,7.2,A,,,7.2,A,,,7.2,A,,,01467200
2007-08-24 00:00:00+00:00,24.2,A,,,23.6,A,,,,,23.8,A,265.0,A,,,229.0,A,,,,,243.0,A,5.3,A,,,4.2,A,,,4.7,A,,,7.2,A,,,7.2,A,,,7.2,A,,,01467200
2007-08-25 00:00:00+00:00,24.4,A,,,23.7,A,,,,,24.0,A,267.0,A,,,231.0,A,,,,,243.0,A,5.0,A,,,3.9,A,,,4.6,A,,,7.2,A,,,7.2,A,,,7.2,A,,,01467200
2007-08-26 00:00:00+00:00,24.5,A,,,24.1,A,,,,,24.3,A,265.0,A,,,235.0,A,,,,,245.0,A,4.6,A,,,3.0,A,,,4.1,A,,,7.2,A,,,7.1,A,,,7.2,A,,,01467200
2007-08-27 00:00:00+00:00,24.6,A,,,24.1,A,,,,,24.4,A,265.0,A,,,235.0,A,,,,,245.0,A,,,,,,,,,,,,,7.2,A,,,7.1,A,,,7.2,A,,,01467200
2007-08-28 00:00:00+00:00,24.8,A,,,24.3,A,,,,,24.5,A,255.0,A,,,238.0,A,,,,,246.0,A,,,,,,,,,,,,,7.2,A,,,7.2,A,,,7.2,A,,,01467200
2007-08-29 00:00:00+00:00,24.9,A,,,24.5,A,,,,,24.7,A,262.0,A,,,241.0,A,,,,,251.0,A,,,,,,,,,,,,,7.2,A,,,7.2,A,,,7.2,A,,,01467200
2007-08-30 00:00:00+00:00,25.0,A,,,24.6,A,,,,,24.8,A,263.0,A,,,244.0,A,,,,,254.0,A,,,,,,,,,,,,,7.2,A,,,7.2,A,,,7.2,A,,,01467200
2007-08-31 00:00:00+00:00,25.0,A,,,24.7,A,,,,,24.8,A,267.0,A,,,248.0,A,,,,,257.0,A,,,,,,,,,,,,,7.2,A,,,7.1,A,,,7.2,A,,,01467200
2007-09-01 00:00:00+00:00,24.8,A,,,24.5,A,,,,,24.6,A,268.0,A,,,252.0,A,,,,,259.0,A,,,,,,,,,,,,,7.2,A,,,7.2,A,,,7.2,A,,,01467200
2007-09-02 00:00:00+00:00,24.7,A,,,24.3,A,,,,,24.5,A,273.0,A,,,253.0,A,,,,,262.0,A,,,,,,,,,,,,,7.2,A,,,7.2,A,,,7.2,A,,,01467200
2007-09-03 00:00:00+00:00,24.7,A,,,24.3,A,,,,,24.4,A,277.0,A,,,256.0,A,,,,,265.0,A,,,,,,,,,,,,,7.2,A,,,7.2,A,,,7.2,A,,,01467200
2007-09-04 00:00:00+00:00,24.7,A,,,24.3,A,,,,,24.5,A,278.0,A,,,258.0,A,,,,,266.0,A,,,,,,,,,,,,,7.2,A,,,7.2,A,,,7.2,A,,,01467200
2007-09-05 00:00:00+00:00,24.8,A,,,24.4,A,,,,,24.6,A,285.0,A,,,257.0,A,,,,,267.0,A,,,,,,,,,,,,,7.2,A,,,7.1,A,,,7.2,A,,,01467200
2007-09-06 00:00:00+00:00,24.9,A,,,24.5,A,,,,,24.7,A,285.0,A,,,262.0,A,,,,,272.0,A,,,,,,,,,,,,,7.2,A,,,7.2,A,,,7.2,A,,,01467200
2007-09-07 00:00:00+00:00,25.0,A,,,24.7,A,,,,,24.9,A,287.0,A,,,266.0,A,,,,,276.0,A,,,,,,,,,,,,,7.3,A,,,7.2,A,,,7.2,A,,,01467200
2007-09-08 00:00:00+00:00,25.2,A,,,24.8,A,,,,,25.0,A,293.0,A,,,266.0,A,,,,,277.0,A,,,,,,,,,,,,,7.3,A,,,7.2,A,,,7.2,A,,,01467200
2007-09-09 00:00:00+00:00,25.4,A,,,25.0,A,,,,,25.2,A,294.0,A,,,268.0,A,,,,,279.0,A,,,,,,,,,,,,,7.3,A,,,7.2,A,,,7.2,A,,,01467200
2007-09-10 00:00:00+00:00,25.7,A,,,25.3,A,,,,,25.4,A,300.0,A,,,270.0,A,,,,,282.0,A,,,,,,,,,,,,,7.2,A,,,7.1,A,,,7.2,A,,,01467200
2007-09-11 00:00:00+00:00,25.6,A,,,25.5,A,,,,,25.5,A,298.0,A,,,271.0,A,,,,,285.0,A,,,,,,,,,,,,,7.2,A,,,7.2,A,,,7.2,A,,,01467200
2007-09-12 00:00:00+00:00,25.5,A,,,25.2,A,,,,,25.3,A,300.0,A,,,268.0,A,,,,,281.0,A,,,,,,,,,,,,,7.2,A,,,7.1,A,,,7.2,A,,,01467200
2007-09-13 00:00:00+00:00,25.2,A,,,25.0,A,,,,,25.1,A,296.0,A,,,268.0,A,,,,,280.0,A,,,,,,,,,,,,,7.2,A,,,7.1,A,,,7.2,A,,,01467200
2007-09-14 00:00:00+00:00,25.1,A,,,24.9,A,,,,,24.9,A,313.0,A,,,270.0,A,,,,,287.0,A,,,,,,,,,,,,,,,,,,,,,,,,,01467200
2007-09-15 00:00:00+00:00,24.9,A,,,24.5,A,,,,,24.7,A,309.0,A,,,273.0,A,,,,,289.0,A,,,,,,,,,,,,,7.2,A,,,7.2,A,,,7.2,A,,,01467200
2007-09-16 00:00:00+00:00,24.5,A,,,24.0,A,,,,,24.1,A,307.0,A,,,271.0,A,,,,,287.0,A,,,,,,,,,,,,,7.3,A,,,7.2,A,,,7.2,A,,,01467200
2007-09-17 00:00:00+00:00,24.0,A,,,23.6,A,,,,,23.7,A,311.0,A,,,274.0,A,,,,,291.0,A,,,,,,,,,,,,,,,,,,,,,,,,,01467200
2007-09-18 00:00:00+00:00,23.6,A,,,23.3,A,,,,,23.4,A,313.0,A,,,277.0,A,,,,,294.0,A,5.8,A,,,5.2,A,,,5.4,A,,,,,,,,,,,,,,,01467200
2007-09-19 00:00:00+00:00,23.4,A,,,23.0,A,,,,,23.2,A,318.0,A,,,278.0,A,,,,,296.0,A,6.0,A,,,5.3,A,,,5.6,A,,,,,,,,,,,,,,,01467200
2007-09-20 00:00:00+00:00,23.3,A,,,23.1,A,,,,,23.2,A,317.0,A,,,283.0,A,,,,,300.0,A,6.1,A,,,5.4,A,,,5.7,A,,,,,,,,,,,,,,,01467200
2007-09-21 00:00:00+00:00,23.4,A,,,23.1,A,,,,,23.2,A,330.0,A,,,293.0,A,,,,,307.0,A,6.2,A,,,5.4,A,,,5.8,A,,,,,,,,,,,,,,,01467200
2007-09-22 00:00:00+00:00,23.4,A,,,23.2,A,,,,,23.3,A,330.0,A,,,293.0,A,,,,,308.0,A,6.3,A,,,5.3,A,,,5.8,A,,,,,,,,,,,,,,,01467200
2007-09-23 00:00:00+00:00,23.5,A,,,23.3,A,,,,,23.4,A,333.0,A,,,293.0,A,,,,,308.0,A,6.4,A,,,5.3,A,,,5.8,A,,,,,,,,,,,,,,,01467200
2007-09-24 00:00:00+00:00,23.4,A,,,23.2,A,,,,,23.3,A,332.0,A,,,296.0,A,,,,,315.0,A,6.4,A,,,5.4,A,,,5.9,A,,,,,,,,,,,,,,,01467200
2007-09-25 00:00:00+00:00,23.5,A,,,23.2,A,,,,,23.3,A,347.0,A,,,300.0,A,,,,,319.0,A,6.5,A,,,5.5,A,,,6.0,A,,,,,,,,,,,,,,,01467200
2007-09-26 00:00:00+00:00,23.6,A,,,23.2,A,,,,,23.4,A,345.0,A,,,302.0,A,,,,,322.0,A,6.6,A,,,5.7,A,,,6.1,A,,,,,,,,,,,,,,,01467200
2007-09-27 00:00:00+00:00,23.7,A,,,23.4,A,,,,,23.5,A,358.0,A,,,303.0,A,,,,,329.0,A,6.5,A,,,5.6,A,,,6.1,A,,,,,,,,,,,,,,,01467200
2007-09-28 00:00:00+00:00,23.6,A,,,23.4,A,,,,,23.6,A,358.0,A,,,308.0,A,,,,,333.0,A,6.5,A,,,5.7,A,,,6.0,A,,,,,,,,,,,,,,,01467200
2007-09-29 00:00:00+00:00,23.4,A,,,23.1,A,,,,,23.3,A,,,,,,,,,,,,,6.6,A,,,5.8,A,,,6.1,A,,,,,,,,,,,,,,,01467200
2007-09-30 00:00:00+00:00,23.2,A,,,22.9,A,,,,,23.0,A,372.0,A,,,308.0,A,,,,,337.0,A,6.6,A,,,5.8,A,,,6.2,A,,,,,,,,,,,,,,,01467200
2007-10-01 00:00:00+00:00,23.0,A,,,22.8,A,,,,,22.9,A,391.0,A,,,314.0,A,,,,,347.0,A,6.4,A,,,5.7,A,,,6.0,A,,,,,,,,,,,,,,,01467200
2007-10-02 00:00:00+00:00,22.8,A,,,22.6,A,,,,,22.7,A,391.0,A,,,315.0,A,,,,,345.0,A,6.4,A,,,5.8,A,,,6.0,A,,,7.2,A,,,7.1,A,,,7.1,A,,,01467200
2007-10-03 00:00:00+00:00,22.8,A,,,22.6,A,,,,,22.7,A,386.0,A,,,312.0,A,,,,,343.0,A,6.3,A,,,5.7,A,,,6.0,A,,,7.2,A,,,7.1,A,,,7.1,A,,,01467200
2007-10-04 00:00:00+00:00,23.0,A,,,22.7,A,,,,,22.8,A,387.0,A,,,313.0,A,,,,,346.0,A,6.1,A,,,5.5,A,,,5.8,A,,,7.2,A,,,7.1,A,,,7.1,A,,,01467200
2007-10-05 00:00:00+00:00,23.1,A,,,22.8,A,,,,,23.0,A,397.0,A,,,312.0,A,,,,,344.0,A,6.2,A,,,5.4,A,,,5.8,A,,,7.2,A,,,7.1,A,,,7.1,A,,,01467200
2007-10-06 00:00:00+00:00,23.1,A,,,22.9,A,,,,,23.0,A,397.0,A,,,317.0,A,,,,,350.0,A,6.2,A,,,5.3,A,,,5.7,A,,,7.2,A,,,7.1,A,,,7.1,A,,,01467200
2007-10-07 00:00:00+00:00,23.2,A,,,23.0,A,,,,,23.1,A,394.0,A,,,309.0,A,,,,,352.0,A,6.3,A,,,5.3,A,,,5.7,A,,,7.2,A,,,7.1,A,,,7.1,A,,,01467200
2007-10-08 00:00:00+00:00,23.4,A,,,23.1,A,,,,,23.3,A,418.0,A,,,320.0,A,,,,,362.0,A,6.3,A,,,5.4,A,,,5.7,A,,,7.2,A,,,7.1,A,,,7.1,A,,,01467200
2007-10-09 00:00:00+00:00,23.5,A,,,23.3,A,,,,,23.4,A,410.0,A,,,319.0,A,,,,,359.0,A,6.3,A,,,5.5,A,,,5.9,A,,,7.2,A,,,7.1,A,,,7.1,A,,,01467200
2007-10-10 00:00:00+00:00,23.4,A,,,23.2,A,,,,,23.3,A,428.0,A,,,324.0,A,,,,,369.0,A,6.0,A,,,5.5,A,,,5.7,A,,,7.2,A,,,7.1,A,,,7.1,A,,,01467200
2007-10-11 00:00:00+00:00,23.3,A,,,22.8,A,,,,,23.1,A,419.0,A,,,313.0,A,,,,,366.0,A,6.0,A,,,5.3,A,,,5.6,A,,,7.2,A,,,7.1,A,,,7.1,A,,,01467200
2007-10-12 00:00:00+00:00,22.8,A,,,21.9,A,,,,,22.4,A,388.0,A,,,295.0,A,,,,,341.0,A,6.6,A,,,5.4,A,,,5.9,A,,,7.2,A,,,7.1,A,,,7.2,A,,,01467200
2007-10-13 00:00:00+00:00,21.9,A,,,21.4,A,,,,,21.7,A,374.0,A,,,295.0,A,,,,,336.0,A,6.7,A,,,5.9,A,,,6.3,A,,,7.3,A,,,7.2,A,,,7.2,A,,,01467200
2007-10-14 00:00:00+00:00,21.4,A,,,20.8,A,,,,,21.1,A,366.0,A,,,293.0,A,,,,,322.0,A,6.9,A,,,6.1,A,,,6.5,A,,,7.3,A,,,7.2,A,,,7.2,A,,,01467200
2007-10-15 00:00:00+00:00,20.9,A,,,20.6,A,,,,,20.8,A,346.0,A,,,284.0,A,,,,,313.0,A,7.1,A,,,6.3,A,,,6.7,A,,,7.3,A,,,7.2,A,,,7.3,A,,,01467200
2007-10-16 00:00:00+00:00,20.7,A,,,20.4,A,,,,,20.6,A,336.0,A,,,283.0,A,,,,,308.0,A,7.3,A,,,6.4,A,,,6.8,A,,,7.3,A,,,7.2,A,,,7.3,A,,,01467200
2007-10-17 00:00:00+00:00,20.7,A,,,20.4,A,,,,,20.5,A,335.0,A,,,285.0,A,,,,,307.0,A,7.1,A,,,6.4,A,,,6.7,A,,,7.3,A,,,7.2,A,,,7.3,A,,,01467200
2007-10-18 00:00:00+00:00,20.7,A,,,20.4,A,,,,,20.5,A,346.0,A,,,288.0,A,,,,,312.0,A,6.9,A,,,6.0,A,,,6.5,A,,,7.3,A,,,7.2,A,,,7.2,A,,,01467200
2007-10-19 00:00:00+00:00,20.8,A,,,20.5,A,,,,,20.6,A,345.0,A,,,295.0,A,,,,,314.0,A,6.8,A,,,6.0,A,,,6.4,A,,,7.3,A,,,7.2,A,,,7.2,A,,,01467200
2007-10-20 00:00:00+00:00,20.8,A,,,20.5,A,,,,,20.6,A,332.0,A,,,291.0,A,,,,,309.0,A,6.6,A,,,6.1,A,,,6.4,A,,,7.3,A,,,7.2,A,,,7.3,A,,,01467200
2007-10-21 00:00:00+00:00,20.5,A,,,20.2,A,,,,,20.4,A,334.0,A,,,281.0,A,,,,,303.0,A,6.9,A,,,6.1,A,,,6.4,A,,,7.3,A,,,7.2,A,,,7.3,A,,,01467200
2007-10-22 00:00:00+00:00,20.4,A,,,20.0,A,,,,,20.2,A,334.0,A,,,282.0,A,,,,,304.0,A,7.0,A,,,6.1,A,,,6.5,A,,,7.3,A,,,7.2,A,,,7.2,A,,,01467200
2007-10-23 00:00:00+00:00,20.3,A,,,19.9,A,,,,,20.1,A,335.0,A,,,278.0,A,,,,,302.0,A,7.3,A,,,6.2,A,,,6.7,A,,,7.3,A,,,7.2,A,,,7.3,A,,,01467200
2007-10-24 00:00:00+00:00,20.3,A,,,19.7,A,,,,,20.0,A,332.0,A,,,273.0,A,,,,,296.0,A,7.3,A,,,6.4,A,,,6.9,A,,,7.3,A,,,7.3,A,,,7.3,A,,,01467200
2007-10-25 00:00:00+00:00,20.1,A,,,19.0,A,,,,,19.6,A,336.0,A,,,270.0,A,,,,,297.0,A,7.4,A,,,6.6,A,,,6.9,A,,,7.3,A,,,7.3,A,,,7.3,A,,,01467200
2007-10-26 00:00:00+00:00,19.4,A,,,18.6,A,,,,,19.1,A,351.0,A,,,275.0,A,,,,,308.0,A,7.5,A,,,6.8,A,,,7.1,A,,,7.3,A,,,7.3,A,,,7.3,A,,,01467200
2007-10-27 00:00:00+00:00,19.0,A,,,17.9,A,,,,,18.6,A,333.0,A,,,230.0,A,,,,,285.0,A,7.8,A,,,6.6,A,,,7.1,A,,,7.3,A,,,7.2,A,,,7.3,A,,,01467200
2007-10-28 00:00:00+00:00,18.2,A,,,17.4,A,,,,,17.7,A,254.0,A,,,229.0,A,,,,,237.0,A,8.2,A,,,7.2,A,,,7.8,A,,,7.3,A,,,7.2,A,,,7.3,A,,,01467200
2007-10-29 00:00:00+00:00,17.4,A,,,16.7,A,,,,,17.1,A,244.0,A,,,230.0,A,,,,,238.0,A,8.2,A,,,7.7,A,,,8.0,A,,,7.3,A,,,7.3,A,,,7.3,A,,,01467200
2007-10-30 00:00:00+00:00,16.7,A,,,16.0,A,,,,,16.4,A,236.0,A,,,204.0,A,,,,,221.0,A,8.6,A,,,7.9,A,,,8.2,A,,,7.3,A,,,7.3,A,,,7.3,A,,,01467200
2007-10-31 00:00:00+00:00,16.1,A,,,15.3,A,,,,,15.8,A,219.0,A,,,197.0,A,,,,,207.0,A,8.8,A,,,8.1,A,,,8.4,A,,,7.3,A,,,7.3,A,,,7.3,A,,,01467200
2007-11-01 00:00:00+00:00,15.7,A,,,14.7,A,,,,,15.2,A,219.0,A,,,192.0,A,,,,,202.0,A,9.0,A,,,8.0,A,,,8.5,A,,,7.3,A,,,7.3,A,,,7.3,A,,,01467200
2007-11-02 00:00:00+00:00,15.1,A,,,14.1,A,,,,,14.6,A,209.0,A,,,186.0,A,,,,,197.0,A,9.3,A,,,8.4,A,,,8.8,A,,,7.3,A,,,7.2,A,,,7.3,A,,,01467200
2007-11-03 00:00:00+00:00,14.8,A,,,13.5,A,,,,,14.1,A,209.0,A,,,187.0,A,,,,,197.0,A,9.4,A,,,8.5,A,,,8.9,A,,,7.3,A,,,7.3,A,,,7.3,A,,,01467200
2007-11-04 00:00:00+00:00,14.4,A,,,12.9,A,,,,,13.5,A,207.0,A,,,173.0,A,,,,,190.0,A,9.7,A,,,8.6,A,,,9.1,A,,,7.3,A,,,7.2,A,,,7.3,A,,,01467200
2007-11-05 00:00:00+00:00,13.7,A,,,12.4,A,,,,,12.9,A,197.0,A,,,171.0,A,,,,,183.0,A,9.8,A,,,8.7,A,,,9.3,A,,,7.3,A,,,7.2,A,,,7.2,A,,,01467200
2007-11-06 00:00:00+00:00,13.4,A,,,12.2,A,,,,,12.7,A,206.0,A,,,180.0,A,,,,,191.0,A,9.8,A,,,8.8,A,,,9.3,A,,,7.3,A,,,7.2,A,,,7.2,A,,,01467200
2007-11-07 00:00:00+00:00,12.7,A,,,11.7,A,,,,,12.1,A,205.0,A,,,172.0,A,,,,,183.0,A,9.8,A,,,9.0,A,,,9.5,A,,,7.2,A,,,7.2,A,,,7.2,A,,,01467200
2007-11-08 00:00:00+00:00,12.1,A,,,11.4,A,,,,,11.7,A,208.0,A,,,176.0,A,,,,,187.0,A,9.8,A,,,9.0,A,,,9.5,A,,,7.2,A,,,7.2,A,,,7.2,A,,,01467200
2007-11-09 00:00:00+00:00,11.9,A,,,11.1,A,,,,,11.5,A,213.0,A,,,178.0,A,,,,,192.0,A,9.9,A,,,8.8,A,,,9.4,A,,,7.2,A,,,7.2,A,,,7.2,A,,,01467200
2007-11-10 00:00:00+00:00,11.6,A,,,10.9,A,,,,,11.2,A,207.0,A,,,179.0,A,,,,,192.0,A,9.8,A,,,8.7,A,,,9.4,A,,,7.2,A,,,7.2,A,,,7.2,A,,,01467200
2007-11-11 00:00:00+00:00,11.2,A,,,10.6,A,,,,,10.9,A,205.0,A,,,186.0,A,,,,,193.0,A,9.8,A,,,8.9,A,,,9.4,A,,,7.3,A,,,7.2,A,,,7.2,A,,,01467200
2007-11-12 00:00:00+00:00,11.0,A,,,10.4,A,,,,,10.7,A,206.0,A,,,186.0,A,,,,,194.0,A,9.9,A,,,8.8,A,,,9.4,A,,,7.3,A,,,7.2,A,,,7.2,A,,,01467200
2007-11-13 00:00:00+00:00,10.9,A,,,10.4,A,,,,,10.6,A,201.0,A,,,187.0,A,,,,,195.0,A,9.9,A,,,8.8,A,,,9.4,A,,,7.3,A,,,7.2,A,,,7.2,A,,,01467200
2007-11-14 00:00:00+00:00,10.9,A,,,10.3,A,,,,,10.6,A,206.0,A,,,193.0,A,,,,,199.0,A,10.0,A,,,8.6,A,,,9.2,A,,,7.3,A,,,7.2,A,,,7.2,A,,,01467200
2007-11-15 00:00:00+00:00,10.8,A,,,10.2,A,,,,,10.5,A,225.0,A,,,197.0,A,,,,,208.0,A,9.7,A,,,8.6,A,,,9.3,A,,,7.3,A,,,7.2,A,,,7.2,A,,,01467200
2007-11-16 00:00:00+00:00,10.3,A,,,9.7,A,,,,,10.1,A,220.0,A,,,203.0,A,,,,,210.0,A,10.1,A,,,9.1,A,,,9.6,A,,,7.3,A,,,7.2,A,,,7.3,A,,,01467200
2007-11-17 00:00:00+00:00,9.7,A,,,9.1,A,,,,,9.4,A,227.0,A,,,212.0,A,,,,,220.0,A,10.5,A,,,9.5,A,,,10.1,A,,,7.4,A,,,7.3,A,,,7.4,A,,,01467200
2007-11-18 00:00:00+00:00,9.1,A,,,8.5,A,,,,,8.8,A,227.0,A,,,219.0,A,,,,,223.0,A,11.1,A,,,10.1,A,,,10.6,A,,,7.5,A,,,7.4,A,,,7.5,A,,,01467200
2007-11-19 00:00:00+00:00,8.7,A,,,8.3,A,,,,,8.5,A,228.0,A,,,222.0,A,,,,,225.0,A,11.8,A,,,10.3,A,,,11.1,A,,,7.6,A,,,7.4,A,,,7.5,A,,,01467200
2007-11-20 00:00:00+00:00,8.5,A,,,8.1,A,,,,,8.3,A,237.0,A,,,219.0,A,,,,,225.0,A,11.8,A,,,11.3,A,,,11.6,A,,,7.6,A,,,7.5,A,,,7.5,A,,,01467200
2007-11-21 00:00:00+00:00,8.4,A,,,7.9,A,,,,,8.2,A,226.0,A,,,194.0,A,,,,,214.0,A,11.9,A,,,11.4,A,,,11.7,A,,,7.5,A,,,7.5,A,,,7.5,A,,,01467200
2007-11-22 00:00:00+00:00,8.5,A,,,7.8,A,,,,,8.1,A,223.0,A,,,172.0,A,,,,,196.0,A,11.9,A,,,11.5,A,,,11.7,A,,,7.5,A,,,7.4,A,,,7.4,A,,,01467200
2007-11-23 00:00:00+00:00,8.2,A,,,7.4,A,,,,,7.7,A,194.0,A,,,147.0,A,,,,,169.0,A,12.2,A,,,11.7,A,,,11.9,A,,,7.4,A,,,7.3,A,,,7.4,A,,,01467200
2007-11-24 00:00:00+00:00,7.7,A,,,7.1,A,,,,,7.4,A,184.0,A,,,150.0,A,,,,,162.0,A,12.3,A,,,11.7,A,,,12.0,A,,,7.4,A,,,7.3,A,,,7.3,A,,,01467200
2007-11-25 00:00:00+00:00,7.5,A,,,6.9,A,,,,,7.2,A,179.0,A,,,156.0,A,,,,,164.0,A,12.3,A,,,11.7,A,,,12.0,A,,,7.4,A,,,7.3,A,,,7.3,A,,,01467200
2007-11-26 00:00:00+00:00,7.4,A,,,7.0,A,,,,,7.2,A,175.0,A,,,157.0,A,,,,,166.0,A,12.3,A,,,11.7,A,,,12.0,A,,,7.3,A,,,7.3,A,,,7.3,A,,,01467200
2007-11-27 00:00:00+00:00,7.4,A,,,7.2,A,,,,,7.4,A,179.0,A,,,166.0,A,,,,,172.0,A,12.2,A,,,11.8,A,,,12.0,A,,,7.4,A,,,7.3,A,,,7.3,A,,,01467200
2007-11-28 00:00:00+00:00,7.3,A,,,7.0,A,,,,,7.2,A,176.0,A,,,170.0,A,,,,,174.0,A,12.4,A,,,11.9,A,,,12.1,A,,,7.4,A,,,7.3,A,,,7.4,A,,,01467200
2007-11-29 00:00:00+00:00,7.2,A,,,6.8,A,,,,,7.0,A,179.0,A,,,170.0,A,,,,,173.0,A,12.6,A,,,12.1,A,,,12.4,A,,,7.4,A,,,7.4,A,,,7.4,A,,,01467200
2007-11-30 00:00:00+00:00,6.8,A,,,6.5,A,,,,,6.6,A,180.0,A,,,174.0,A,,,,,177.0,A,12.7,A,,,12.4,A,,,12.6,A,,,7.5,A,,,7.4,A,,,7.4,A,,,01467200
2007-12-01 00:00:00+00:00,6.5,A,,,6.1,A,,,,,6.3,A,183.0,A,,,172.0,A,,,,,178.0,A,12.8,A,,,12.2,A,,,12.6,A,,,7.5,A,,,7.4,A,,,7.4,A,,,01467200
2007-12-02 00:00:00+00:00,6.1,A,,,5.6,A,,,,,5.9,A,181.0,A,,,165.0,A,,,,,174.0,A,12.9,A,,,12.5,A,,,12.7,A,,,7.4,A,,,7.4,A,,,7.4,A,,,01467200
2007-12-03 00:00:00+00:00,6.0,A,,,5.5,A,,,,,5.7,A,188.0,A,,,161.0,A,,,,,173.0,A,12.9,A,,,12.4,A,,,12.6,A,,,7.4,A,,,7.3,A,,,7.4,A,,,01467200
2007-12-04 00:00:00+00:00,5.5,A,,,4.9,A,,,,,5.2,A,164.0,A,,,156.0,A,,,,,160.0,A,13.0,A,,,12.5,A,,,12.8,A,,,7.4,A,,,7.2,A,,,7.3,A,,,01467200
2007-12-05 00:00:00+00:00,5.1,A,,,4.6,A,,,,,4.8,A,168.0,A,,,157.0,A,,,,,162.0,A,13.2,A,,,12.7,A,,,12.9,A,,,7.3,A,,,7.2,A,,,7.3,A,,,01467200
2007-12-06 00:00:00+00:00,4.8,A,,,4.1,A,,,,,4.4,A,174.0,A,,,163.0,A,,,,,168.0,A,13.3,A,,,12.8,A,,,13.0,A,,,7.3,A,,,7.2,A,,,7.3,A,,,01467200
2007-12-07 00:00:00+00:00,4.4,A,,,3.6,A,,,,,4.0,A,178.0,A,,,169.0,A,,,,,174.0,A,13.4,A,,,12.9,A,,,13.2,A,,,7.3,A,,,7.3,A,,,7.3,A,,,01467200
2007-12-08 00:00:00+00:00,4.1,A,,,3.5,A,,,,,3.8,A,196.0,A,,,174.0,A,,,,,183.0,A,13.5,A,,,12.9,A,,,13.2,A,,,7.3,A,,,7.2,A,,,7.3,A,,,01467200
2007-12-09 00:00:00+00:00,3.9,A,,,3.2,A,,,,,3.6,A,201.0,A,,,184.0,A,,,,,192.0,A,13.6,A,,,12.8,A,,,13.3,A,,,7.3,A,,,7.3,A,,,7.3,A,,,01467200
2007-12-10 00:00:00+00:00,3.9,A,,,3.2,A,,,,,3.5,A,210.0,A,,,191.0,A,,,,,200.0,A,13.6,A,,,13.0,A,,,13.3,A,,,7.3,A,,,7.3,A,,,7.3,A,,,01467200
2007-12-11 00:00:00+00:00,3.9,A,,,3.2,A,,,,,3.5,A,212.0,A,,,200.0,A,,,,,206.0,A,13.7,A,,,12.9,A,,,13.3,A,,,7.3,A,,,7.3,A,,,7.3,A,,,01467200
2007-12-12 00:00:00+00:00,3.8,A,,,3.3,A,,,,,3.6,A,215.0,A,,,206.0,A,,,,,210.0,A,13.9,A,,,13.1,A,,,13.4,A,,,7.3,A,,,7.3,A,,,7.3,A,,,01467200
2007-12-13 00:00:00+00:00,3.6,A,,,3.2,A,,,,,3.4,A,220.0,A,,,203.0,A,,,,,212.0,A,14.0,A,,,13.2,A,,,13.6,A,,,7.4,A,,,7.3,A,,,7.3,A,,,01467200
2007-12-14 00:00:00+00:00,3.6,A,,,3.3,A,,,,,3.4,A,217.0,A,,,206.0,A,,,,,212.0,A,13.8,A,,,13.3,A,,,13.6,A,,,7.3,A,,,7.3,A,,,7.3,A,,,01467200
2007-12-15 00:00:00+00:00,3.4,A,,,3.2,A,,,,,3.3,A,217.0,A,,,208.0,A,,,,,212.0,A,14.0,A,,,13.4,A,,,13.7,A,,,7.4,A,,,7.3,A,,,7.3,A,,,01467200
2007-12-16 00:00:00+00:00,3.7,A,,,3.3,A,,,,,3.5,A,223.0,A,,,212.0,A,,,,,217.0,A,13.9,A,,,13.4,A,,,13.6,A,,,7.4,A,,,7.3,A,,,7.3,A,,,01467200
2007-12-17 00:00:00+00:00,3.9,A,,,3.6,A,,,,,3.7,A,238.0,A,,,223.0,A,,,,,230.0,A,13.5,A,,,13.3,A,,,13.4,A,,,7.4,A,,,7.4,A,,,7.4,A,,,01467200
2007-12-18 00:00:00+00:00,3.6,A,,,3.4,A,,,,,3.5,A,249.0,A,,,232.0,A,,,,,240.0,A,13.5,A,,,13.2,A,,,13.4,A,,,7.4,A,,,7.4,A,,,7.4,A,,,01467200
2008-04-01 00:00:00+00:00,8.1,A,,,7.5,A,,,,,7.8,A,184.0,A,,,175.0,A,,,,,179.0,A,12.1,A,,,11.5,A,,,11.9,A,,,7.5,A,,,7.4,A,,,7.5,A,,,01467200
2008-04-02 00:00:00+00:00,8.2,A,,,7.9,A,,,,,8.0,A,185.0,A,,,178.0,A,,,,,181.0,A,12.1,A,,,11.6,A,,,12.0,A,,,7.6,A,,,7.5,A,,,7.5,A,,,01467200
2008-04-03 00:00:00+00:00,8.2,A,,,7.9,A,,,,,8.1,A,181.0,A,,,174.0,A,,,,,178.0,A,12.1,A,,,11.5,A,,,11.9,A,,,7.6,A,,,7.5,A,,,7.6,A,,,01467200
2008-04-04 00:00:00+00:00,8.5,A,,,8.1,A,,,,,8.2,A,184.0,A,,,178.0,A,,,,,181.0,A,12.1,A,,,11.1,A,,,11.8,A,,,7.6,A,,,7.5,A,,,7.5,A,,,01467200
2008-04-05 00:00:00+00:00,8.9,A,,,8.3,A,,,,,8.6,A,186.0,A,,,179.0,A,,,,,182.0,A,11.8,A,,,11.4,A,,,11.6,A,,,7.6,A,,,7.5,A,,,7.5,A,,,01467200
2008-04-06 00:00:00+00:00,8.8,A,,,8.6,A,,,,,8.7,A,185.0,A,,,164.0,A,,,,,177.0,A,11.8,A,,,11.3,A,,,11.6,A,,,7.6,A,,,7.5,A,,,7.5,A,,,01467200
2008-04-07 00:00:00+00:00,8.8,A,,,8.3,A,,,,,8.6,A,182.0,A,,,155.0,A,,,,,168.0,A,11.7,A,,,11.2,A,,,11.5,A,,,7.6,A,,,7.5,A,,,7.5,A,,,01467200
2008-04-08 00:00:00+00:00,8.7,A,,,8.3,A,,,,,8.5,A,169.0,A,,,154.0,A,,,,,160.0,A,11.5,A,,,11.0,A,,,11.4,A,,,7.5,A,,,7.5,A,,,7.5,A,,,01467200
2008-04-09 00:00:00+00:00,8.7,A,,,8.3,A,,,,,8.5,A,160.0,A,,,152.0,A,,,,,156.0,A,11.6,A,,,10.9,A,,,11.4,A,,,7.5,A,,,7.5,A,,,7.5,A,,,01467200
2008-04-10 00:00:00+00:00,9.0,A,,,8.4,A,,,,,8.7,A,157.0,A,,,150.0,A,,,,,154.0,A,11.5,A,,,10.8,A,,,11.3,A,,,7.5,A,,,7.4,A,,,7.5,A,,,01467200
2008-04-11 00:00:00+00:00,9.4,A,,,8.9,A,,,,,9.1,A,156.0,A,,,151.0,A,,,,,154.0,A,11.4,A,,,10.8,A,,,11.2,A,,,7.5,A,,,7.4,A,,,7.4,A,,,01467200
2008-04-12 00:00:00+00:00,10.2,A,,,9.4,A,,,,,9.8,A,160.0,A,,,153.0,A,,,,,157.0,A,11.4,A,,,10.8,A,,,11.1,A,,,7.5,A,,,7.4,A,,,7.4,A,,,01467200
2008-04-13 00:00:00+00:00,11.1,A,,,10.0,A,,,,,10.5,A,162.0,A,,,157.0,A,,,,,159.0,A,11.3,A,,,10.6,A,,,11.0,A,,,7.5,A,,,7.4,A,,,7.4,A,,,01467200
2008-04-14 00:00:00+00:00,12.0,A,,,10.5,A,,,,,11.2,A,164.0,A,,,158.0,A,,,,,161.0,A,11.0,A,,,9.9,A,,,10.7,A,,,7.5,A,,,7.4,A,,,7.5,A,,,01467200
2008-04-15 00:00:00+00:00,12.7,A,,,11.2,A,,,,,11.9,A,169.0,A,,,161.0,A,,,,,166.0,A,10.9,A,,,9.6,A,,,10.4,A,,,7.6,A,,,7.4,A,,,7.5,A,,,01467200
2008-04-16 00:00:00+00:00,13.3,A,,,11.7,A,,,,,12.5,A,174.0,A,,,167.0,A,,,,,171.0,A,10.6,A,,,9.2,A,,,10.2,A,,,7.6,A,,,7.4,A,,,7.5,A,,,01467200
2008-04-17 00:00:00+00:00,13.7,A,,,12.4,A,,,,,13.1,A,179.0,A,,,172.0,A,,,,,176.0,A,10.3,A,,,9.3,A,,,10.0,A,,,7.6,A,,,7.4,A,,,7.5,A,,,01467200
2008-04-18 00:00:00+00:00,14.1,A,,,13.1,A,,,,,13.6,A,188.0,A,,,176.0,A,,,,,180.0,A,10.2,A,,,9.5,A,,,9.9,A,,,7.6,A,,,7.4,A,,,7.5,A,,,01467200
2008-04-19 00:00:00+00:00,14.4,A,,,13.7,A,,,,,14.0,A,184.0,A,,,178.0,A,,,,,181.0,A,10.4,A,,,9.3,A,,,10.0,A,,,7.6,A,,,7.4,A,,,7.5,A,,,01467200
2008-04-20 00:00:00+00:00,14.6,A,,,14.2,A,,,,,14.4,A,193.0,A,,,182.0,A,,,,,185.0,A,10.4,A,,,9.2,A,,,10.0,A,,,7.6,A,,,7.4,A,,,7.6,A,,,01467200
2008-04-21 00:00:00+00:00,14.7,A,,,14.5,A,,,,,14.6,A,198.0,A,,,183.0,A,,,,,189.0,A,10.3,A,,,9.6,A,,,10.1,A,,,7.6,A,,,7.4,A,,,7.5,A,,,01467200
2008-04-22 00:00:00+00:00,14.8,A,,,14.5,A,,,,,14.7,A,204.0,A,,,187.0,A,,,,,194.0,A,10.2,A,,,9.1,A,,,9.9,A,,,7.5,A,,,7.3,A,,,7.5,A,,,01467200
2008-04-23 00:00:00+00:00,15.3,A,,,14.7,A,,,,,15.0,A,203.0,A,,,190.0,A,,,,,194.0,A,10.0,A,,,9.1,A,,,9.7,A,,,7.5,A,,,7.3,A,,,7.4,A,,,01467200
2008-04-24 00:00:00+00:00,15.8,A,,,15.1,A,,,,,15.4,A,204.0,A,,,193.0,A,,,,,197.0,A,9.8,A,,,9.0,A,,,9.5,A,,,7.5,A,,,7.3,A,,,7.4,A,,,01467200
2008-04-25 00:00:00+00:00,16.1,A,,,15.5,A,,,,,15.8,A,203.0,A,,,194.0,A,,,,,199.0,A,9.6,A,,,8.6,A,,,9.4,A,,,7.5,A,,,7.3,A,,,7.4,A,,,01467200
2008-04-26 00:00:00+00:00,16.5,A,,,15.9,A,,,,,16.1,A,210.0,A,,,200.0,A,,,,,204.0,A,9.4,A,,,8.2,A,,,9.1,A,,,7.4,A,,,7.3,A,,,7.4,A,,,01467200
2008-04-27 00:00:00+00:00,16.4,A,,,15.9,A,,,,,16.1,A,216.0,A,,,204.0,A,,,,,208.0,A,9.2,A,,,7.9,A,,,8.8,A,,,7.4,A,,,7.2,A,,,7.4,A,,,01467200
2008-04-28 00:00:00+00:00,16.3,A,,,15.8,A,,,,,16.1,A,215.0,A,,,208.0,A,,,,,211.0,A,9.0,A,,,7.7,A,,,8.5,A,,,7.4,A,,,7.2,A,,,7.3,A,,,01467200
2008-04-29 00:00:00+00:00,16.4,A,,,15.9,A,,,,,16.1,A,216.0,A,,,210.0,A,,,,,212.0,A,8.7,A,,,6.8,A,,,8.0,A,,,7.3,A,,,7.2,A,,,7.3,A,,,01467200
2008-04-30 00:00:00+00:00,16.4,A,,,15.9,A,,,,,16.1,A,225.0,A,,,211.0,A,,,,,218.0,A,8.3,A,,,6.5,A,,,7.7,A,,,7.5,A,,,7.2,A,,,7.4,A,,,01467200
2008-05-01 00:00:00+00:00,16.5,A,,,15.9,A,,,,,16.2,A,228.0,A,,,218.0,A,,,,,224.0,A,8.0,A,,,6.9,A,,,7.7,A,,,7.5,A,,,7.3,A,,,7.4,A,,,01467200
2008-05-02 00:00:00+00:00,16.9,A,,,16.0,A,,,,,16.4,A,238.0,A,,,223.0,A,,,,,231.0,A,8.0,A,,,6.6,A,,,7.5,A,,,7.5,A,,,7.3,A,,,7.4,A,,,01467200
2008-05-03 00:00:00+00:00,16.7,A,,,16.3,A,,,,,16.5,A,243.0,A,,,230.0,A,,,,,236.0,A,7.8,A,,,6.6,A,,,7.4,A,,,7.5,A,,,7.3,A,,,7.4,A,,,01467200
2008-05-04 00:00:00+00:00,16.8,A,,,16.3,A,,,,,16.5,A,243.0,A,,,237.0,A,,,,,241.0,A,7.8,A,,,6.7,A,,,7.3,A,,,7.4,A,,,7.3,A,,,7.4,A,,,01467200
2008-05-05 00:00:00+00:00,16.9,A,,,16.4,A,,,,,16.7,A,244.0,A,,,239.0,A,,,,,243.0,A,7.5,A,,,6.4,A,,,7.2,A,,,7.4,A,,,7.3,A,,,7.4,A,,,01467200
2008-05-06 00:00:00+00:00,17.1,A,,,16.6,A,,,,,16.8,A,248.0,A,,,242.0,A,,,,,245.0,A,7.5,A,,,6.4,A,,,7.1,A,,,7.4,A,,,7.3,A,,,7.3,A,,,01467200
2008-05-07 00:00:00+00:00,17.4,A,,,16.8,A,,,,,17.1,A,251.0,A,,,241.0,A,,,,,246.0,A,7.6,A,,,6.2,A,,,7.2,A,,,7.4,A,,,7.2,A,,,7.3,A,,,01467200
2008-05-08 00:00:00+00:00,17.4,A,,,17.1,A,,,,,17.3,A,255.0,A,,,241.0,A,,,,,247.0,A,7.6,A,,,6.5,A,,,7.2,A,,,7.3,A,,,7.2,A,,,7.3,A,,,01467200
2008-05-09 00:00:00+00:00,17.4,A,,,16.8,A,,,,,17.1,A,256.0,A,,,238.0,A,,,,,245.0,A,7.5,A,,,6.4,A,,,7.1,A,,,7.3,A,,,7.2,A,,,7.3,A,,,01467200
2008-05-10 00:00:00+00:00,17.0,A,,,16.7,A,,,,,16.8,A,258.0,A,,,234.0,A,,,,,244.0,A,7.2,A,,,5.9,A,,,6.8,A,,,7.3,A,,,7.2,A,,,7.2,A,,,01467200
2008-05-11 00:00:00+00:00,16.8,A,,,16.5,A,,,,,16.7,A,252.0,A,,,231.0,A,,,,,240.0,A,7.9,A,,,5.4,A,,,6.9,A,,,7.3,A,,,7.1,A,,,7.3,A,,,01467200
2008-05-12 00:00:00+00:00,16.6,A,,,16.0,A,,,,,16.2,A,258.0,A,,,234.0,A,,,,,244.0,A,8.0,A,,,6.1,A,,,7.4,A,,,7.4,A,,,7.2,A,,,7.3,A,,,01467200
2008-05-13 00:00:00+00:00,16.0,A,,,15.7,A,,,,,15.9,A,250.0,A,,,235.0,A,,,,,240.0,A,7.5,A,,,6.5,A,,,7.2,A,,,7.4,A,,,7.2,A,,,7.3,A,,,01467200
2008-05-14 00:00:00+00:00,16.2,A,,,15.8,A,,,,,16.0,A,245.0,A,,,237.0,A,,,,,240.0,A,7.8,A,,,6.6,A,,,7.3,A,,,7.4,A,,,7.3,A,,,7.4,A,,,01467200
2008-05-15 00:00:00+00:00,16.7,A,,,16.1,A,,,,,16.4,A,245.0,A,,,237.0,A,,,,,241.0,A,7.6,A,,,6.5,A,,,7.3,A,,,7.4,A,,,7.3,A,,,7.3,A,,,01467200
2008-05-16 00:00:00+00:00,16.6,A,,,16.5,A,,,,,16.6,A,246.0,A,,,236.0,A,,,,,241.0,A,7.6,A,,,6.2,A,,,7.1,A,,,7.3,A,,,7.2,A,,,7.3,A,,,01467200
2008-05-17 00:00:00+00:00,16.7,A,,,16.3,A,,,,,16.5,A,245.0,A,,,231.0,A,,,,,237.0,A,7.6,A,,,6.1,A,,,7.0,A,,,7.3,A,,,7.2,A,,,7.3,A,,,01467200
2008-05-18 00:00:00+00:00,16.7,A,,,16.4,A,,,,,16.6,A,244.0,A,,,232.0,A,,,,,236.0,A,7.4,A,,,5.8,A,,,7.0,A,,,7.3,A,,,7.2,A,,,7.3,A,,,01467200
2008-05-19 00:00:00+00:00,16.6,A,,,16.2,A,,,,,16.4,A,240.0,A,,,228.0,A,,,,,234.0,A,7.8,A,,,5.8,A,,,7.1,A,,,7.3,A,,,7.2,A,,,7.3,A,,,01467200
2008-05-20 00:00:00+00:00,16.2,A,,,16.1,A,,,,,16.1,A,237.0,A,,,228.0,A,,,,,233.0,A,7.7,A,,,6.1,A,,,7.3,A,,,7.3,A,,,7.2,A,,,7.3,A,,,01467200
2008-05-21 00:00:00+00:00,16.3,A,,,15.9,A,,,,,16.1,A,237.0,A,,,231.0,A,,,,,234.0,A,7.5,A,,,6.3,A,,,7.0,A,,,7.3,A,,,7.2,A,,,7.3,A,,,01467200
2008-05-22 00:00:00+00:00,16.3,A,,,16.0,A,,,,,16.1,A,243.0,A,,,232.0,A,,,,,236.0,A,7.4,A,,,5.4,A,,,7.1,A,,,7.3,A,,,7.2,A,,,7.3,A,,,01467200
2008-05-23 00:00:00+00:00,16.2,A,,,15.9,A,,,,,16.0,A,239.0,A,,,233.0,A,,,,,235.0,A,7.7,A,,,5.9,A,,,7.2,A,,,7.3,A,,,7.2,A,,,7.3,A,,,01467200
2008-05-24 00:00:00+00:00,16.3,A,,,15.9,A,,,,,16.0,A,240.0,A,,,231.0,A,,,,,235.0,A,7.9,A,,,5.3,A,,,7.3,A,,,7.3,A,,,7.2,A,,,7.3,A,,,01467200
2008-05-25 00:00:00+00:00,16.5,A,,,15.9,A,,,,,16.2,A,240.0,A,,,228.0,A,,,,,234.0,A,8.1,A,,,6.3,A,,,7.6,A,,,7.3,A,,,7.2,A,,,7.3,A,,,01467200
2008-05-26 00:00:00+00:00,16.9,A,,,16.2,A,,,,,16.5,A,245.0,A,,,226.0,A,,,,,233.0,A,8.4,A,,,6.1,A,,,7.7,A,,,7.3,A,,,7.2,A,,,7.3,A,,,01467200
2008-05-27 00:00:00+00:00,17.4,A,,,16.7,A,,,,,17.0,A,239.0,A,,,224.0,A,,,,,231.0,A,8.1,A,,,6.3,A,,,7.5,A,,,7.3,A,,,7.2,A,,,7.3,A,,,01467200
2008-05-28 00:00:00+00:00,17.6,A,,,17.1,A,,,,,17.3,A,239.0,A,,,224.0,A,,,,,230.0,A,7.8,A,,,6.2,A,,,7.4,A,,,7.3,A,,,7.2,A,,,7.3,A,,,01467200
2008-05-29 00:00:00+00:00,17.9,A,,,17.4,A,,,,,17.6,A,237.0,A,,,223.0,A,,,,,230.0,A,7.8,A,,,6.4,A,,,7.4,A,,,7.3,A,,,7.2,A,,,7.3,A,,,01467200
2008-05-30 00:00:00+00:00,18.6,A,,,17.8,A,,,,,18.1,A,240.0,A,,,222.0,A,,,,,229.0,A,8.1,A,,,6.7,A,,,7.5,A,,,7.3,A,,,7.2,A,,,7.3,A,,,01467200
2008-05-31 00:00:00+00:00,18.9,A,,,18.3,A,,,,,18.5,A,247.0,A,,,222.0,A,,,,,235.0,A,7.8,A,,,6.2,A,,,7.3,A,,,7.3,A,,,7.2,A,,,7.3,A,,,01467200
2008-06-01 00:00:00+00:00,19.6,A,,,18.7,A,,,,,19.0,A,244.0,A,,,222.0,A,,,,,235.0,A,7.8,A,,,6.2,A,,,7.2,A,,,7.4,A,,,7.2,A,,,7.3,A,,,01467200
2008-06-02 00:00:00+00:00,20.1,A,,,19.1,A,,,,,19.5,A,252.0,A,,,219.0,A,,,,,229.0,A,7.9,A,,,6.1,A,,,7.1,A,,,7.3,A,,,7.1,A,,,7.3,A,,,01467200
2008-06-03 00:00:00+00:00,20.7,A,,,19.6,A,,,,,20.0,A,242.0,A,,,221.0,A,,,,,229.0,A,8.1,A,,,6.1,A,,,7.4,A,,,7.3,A,,,7.1,A,,,7.2,A,,,01467200
2008-06-04 00:00:00+00:00,21.0,A,,,20.0,A,,,,,20.4,A,244.0,A,,,225.0,A,,,,,233.0,A,7.8,A,,,5.8,A,,,6.9,A,,,7.3,A,,,7.1,A,,,7.2,A,,,01467200
2008-06-05 00:00:00+00:00,21.5,A,,,20.4,A,,,,,20.8,A,240.0,A,,,227.0,A,,,,,232.0,A,7.4,A,,,4.8,A,,,6.6,A,,,7.3,A,,,7.0,A,,,7.2,A,,,01467200
2008-06-06 00:00:00+00:00,21.9,A,,,20.8,A,,,,,21.3,A,243.0,A,,,229.0,A,,,,,237.0,A,7.9,A,,,6.0,A,,,7.0,A,,,7.4,A,,,7.1,A,,,7.3,A,,,01467200
2008-06-07 00:00:00+00:00,22.5,A,,,21.3,A,,,,,21.9,A,247.0,A,,,236.0,A,,,,,242.0,A,8.1,A,,,5.3,A,,,7.4,A,,,7.4,A,,,7.1,A,,,7.3,A,,,01467200
2008-06-08 00:00:00+00:00,23.1,A,,,22.1,A,,,,,22.6,A,252.0,A,,,241.0,A,,,,,246.0,A,8.1,A,,,6.1,A,,,7.5,A,,,7.4,A,,,7.2,A,,,7.4,A,,,01467200
2008-06-09 00:00:00+00:00,23.8,A,,,22.9,A,,,,,23.3,A,257.0,A,,,239.0,A,,,,,247.0,A,8.3,A,,,6.7,A,,,7.8,A,,,7.5,A,,,7.2,A,,,7.4,A,,,01467200
2008-06-10 00:00:00+00:00,24.7,A,,,23.6,A,,,,,24.0,A,258.0,A,,,241.0,A,,,,,250.0,A,8.8,A,,,5.8,A,,,7.9,A,,,7.6,A,,,7.2,A,,,7.4,A,,,01467200
2008-06-11 00:00:00+00:00,25.1,A,,,24.2,A,,,,,24.5,A,258.0,A,,,242.0,A,,,,,251.0,A,8.5,A,,,6.4,A,,,7.7,A,,,7.6,A,,,7.2,A,,,7.4,A,,,01467200
2008-06-12 00:00:00+00:00,25.5,A,,,24.6,A,,,,,24.9,A,258.0,A,,,244.0,A,,,,,250.0,A,8.2,A,,,5.6,A,,,7.4,A,,,7.5,A,,,7.2,A,,,7.4,A,,,01467200
2008-06-13 00:00:00+00:00,25.7,A,,,24.9,A,,,,,25.3,A,263.0,A,,,244.0,A,,,,,253.0,A,7.4,A,,,5.6,A,,,6.9,A,,,7.4,A,,,7.2,A,,,7.3,A,,,01467200
2008-06-14 00:00:00+00:00,25.9,A,,,25.2,A,,,,,25.5,A,274.0,A,,,252.0,A,,,,,260.0,A,6.9,A,,,4.2,A,,,6.3,A,,,7.3,A,,,7.0,A,,,7.2,A,,,01467200
2008-06-15 00:00:00+00:00,26.2,A,,,25.5,A,,,,,25.8,A,274.0,A,,,250.0,A,,,,,258.0,A,6.2,A,,,4.2,A,,,5.5,A,,,7.2,A,,,7.0,A,,,7.1,A,,,01467200
2008-06-16 00:00:00+00:00,26.2,A,,,25.6,A,,,,,25.9,A,269.0,A,,,247.0,A,,,,,257.0,A,5.8,A,,,3.9,A,,,5.1,A,,,7.2,A,,,7.0,A,,,7.1,A,,,01467200
2008-06-17 00:00:00+00:00,26.1,A,,,25.6,A,,,,,25.8,A,281.0,A,,,250.0,A,,,,,258.0,A,5.3,A,,,3.3,A,,,4.7,A,,,7.2,A,,,7.0,A,,,7.1,A,,,01467200
2008-06-18 00:00:00+00:00,25.7,A,,,25.4,A,,,,,25.5,A,286.0,A,,,262.0,A,,,,,274.0,A,4.8,A,,,3.0,A,,,4.2,A,,,7.1,A,,,7.0,A,,,7.1,A,,,01467200
2008-06-19 00:00:00+00:00,25.5,A,,,25.0,A,,,,,25.2,A,283.0,A,,,257.0,A,,,,,267.0,A,4.7,A,,,2.7,A,,,4.1,A,,,7.2,A,,,7.0,A,,,7.1,A,,,01467200
2008-06-20 00:00:00+00:00,25.4,A,,,24.9,A,,,,,25.2,A,281.0,A,,,260.0,A,,,,,268.0,A,4.7,A,,,2.6,A,,,4.0,A,,,7.2,A,,,7.0,A,,,7.1,A,,,01467200
2008-06-21 00:00:00+00:00,25.6,A,,,25.0,A,,,,,25.3,A,278.0,A,,,260.0,A,,,,,272.0,A,4.7,A,,,2.3,A,,,3.9,A,,,7.2,A,,,7.0,A,,,7.1,A,,,01467200
2008-06-22 00:00:00+00:00,25.7,A,,,25.2,A,,,,,25.4,A,293.0,A,,,265.0,A,,,,,277.0,A,4.4,A,,,2.8,A,,,3.8,A,,,7.2,A,,,7.0,A,,,7.1,A,,,01467200
2008-06-23 00:00:00+00:00,25.7,A,,,25.3,A,,,,,25.5,A,286.0,A,,,264.0,A,,,,,273.0,A,4.4,A,,,2.2,A,,,3.7,A,,,7.1,A,,,7.0,A,,,7.1,A,,,01467200
2008-06-24 00:00:00+00:00,25.8,A,,,25.3,A,,,,,25.6,A,294.0,A,,,265.0,A,,,,,277.0,A,4.4,A,,,2.5,A,,,3.7,A,,,7.1,A,,,7.0,A,,,7.1,A,,,01467200
2008-06-25 00:00:00+00:00,25.8,A,,,25.3,A,,,,,25.6,A,291.0,A,,,272.0,A,,,,,279.0,A,4.5,A,,,2.7,A,,,3.8,A,,,7.2,A,,,7.0,A,,,7.1,A,,,01467200
2008-06-26 00:00:00+00:00,25.8,A,,,25.5,A,,,,,25.6,A,287.0,A,,,268.0,A,,,,,277.0,A,4.6,A,,,3.3,A,,,4.0,A,,,7.2,A,,,7.0,A,,,7.1,A,,,01467200
2008-06-27 00:00:00+00:00,26.1,A,,,25.5,A,,,,,25.8,A,283.0,A,,,268.0,A,,,,,277.0,A,4.5,A,,,3.1,A,,,3.8,A,,,7.2,A,,,7.0,A,,,7.1,A,,,01467200
2008-06-28 00:00:00+00:00,26.3,A,,,25.8,A,,,,,26.0,A,291.0,A,,,272.0,A,,,,,280.0,A,4.7,A,,,3.0,A,,,3.9,A,,,7.2,A,,,7.0,A,,,7.1,A,,,01467200
2008-06-29 00:00:00+00:00,26.5,A,,,26.1,A,,,,,26.3,A,291.0,A,,,275.0,A,,,,,283.0,A,4.9,A,,,3.1,A,,,4.1,A,,,7.2,A,,,7.0,A,,,7.1,A,,,01467200
2008-06-30 00:00:00+00:00,26.5,A,,,26.3,A,,,,,26.4,A,292.0,A,,,274.0,A,,,,,283.0,A,5.0,A,,,3.0,A,,,4.2,A,,,7.2,A,,,7.0,A,,,7.1,A,,,01467200
2008-07-01 00:00:00+00:00,26.7,A,,,26.3,A,,,,,26.5,A,295.0,A,,,276.0,A,,,,,286.0,A,4.9,A,,,3.3,A,,,4.2,A,,,7.2,A,,,7.1,A,,,7.1,A,,,01467200
2008-07-02 00:00:00+00:00,26.6,A,,,26.4,A,,,,,26.5,A,295.0,A,,,276.0,A,,,,,287.0,A,5.1,A,,,3.4,A,,,4.3,A,,,7.2,A,,,7.0,A,,,7.1,A,,,01467200
2008-07-03 00:00:00+00:00,26.6,A,,,26.3,A,,,,,26.4,A,307.0,A,,,278.0,A,,,,,291.0,A,5.5,A,,,3.6,A,,,4.6,A,,,7.2,A,,,7.1,A,,,7.1,A,,,01467200
2008-07-04 00:00:00+00:00,26.5,A,,,26.3,A,,,,,26.4,A,301.0,A,,,279.0,A,,,,,291.0,A,5.3,A,,,4.0,A,,,4.8,A,,,7.2,A,,,7.1,A,,,7.2,A,,,01467200
2008-07-05 00:00:00+00:00,26.4,A,,,26.1,A,,,,,26.3,A,310.0,A,,,277.0,A,,,,,291.0,A,5.0,A,,,3.1,A,,,4.4,A,,,7.2,A,,,7.0,A,,,7.1,A,,,01467200
2008-07-06 00:00:00+00:00,26.3,A,,,26.2,A,,,,,26.2,A,305.0,A,,,278.0,A,,,,,290.0,A,4.7,A,,,3.8,A,,,4.2,A,,,7.1,A,,,7.0,A,,,7.1,A,,,01467200
2008-07-07 00:00:00+00:00,26.3,A,,,26.1,A,,,,,26.2,A,300.0,A,,,279.0,A,,,,,287.0,A,4.3,A,,,3.2,A,,,3.9,A,,,7.1,A,,,7.0,A,,,7.1,A,,,01467200
2008-07-08 00:00:00+00:00,26.6,A,,,26.2,A,,,,,26.4,A,295.0,A,,,280.0,A,,,,,288.0,A,4.5,A,,,2.7,A,,,3.7,A,,,7.1,A,,,7.0,A,,,7.1,A,,,01467200
2008-07-09 00:00:00+00:00,26.6,A,,,26.4,A,,,,,26.5,A,296.0,A,,,281.0,A,,,,,286.0,A,4.5,A,,,2.8,A,,,3.8,A,,,7.2,A,,,7.0,A,,,7.2,A,,,01467200
2008-07-10 00:00:00+00:00,26.7,A,,,26.4,A,,,,,26.5,A,291.0,A,,,284.0,A,,,,,287.0,A,4.2,A,,,3.4,A,,,3.8,A,,,7.2,A,,,7.1,A,,,7.2,A,,,01467200
2008-07-11 00:00:00+00:00,26.8,A,,,26.4,A,,,,,26.6,A,297.0,A,,,286.0,A,,,,,291.0,A,4.5,A,,,3.5,A,,,4.0,A,,,7.2,A,,,7.1,A,,,7.2,A,,,01467200
2008-07-12 00:00:00+00:00,27.0,A,,,26.6,A,,,,,26.8,A,301.0,A,,,290.0,A,,,,,294.0,A,4.7,A,,,3.5,A,,,4.1,A,,,7.2,A,,,7.1,A,,,7.2,A,,,01467200
2008-07-13 00:00:00+00:00,27.1,A,,,26.7,A,,,,,26.9,A,306.0,A,,,291.0,A,,,,,297.0,A,5.2,A,,,4.0,A,,,4.5,A,,,7.3,A,,,7.2,A,,,7.2,A,,,01467200
2008-07-14 00:00:00+00:00,27.0,A,,,26.8,A,,,,,26.9,A,303.0,A,,,293.0,A,,,,,297.0,A,4.9,A,,,4.0,A,,,4.3,A,,,7.2,A,,,7.2,A,,,7.2,A,,,01467200
2008-07-15 00:00:00+00:00,27.2,A,,,26.7,A,,,,,26.9,A,304.0,A,,,291.0,A,,,,,298.0,A,5.0,A,,,3.6,A,,,4.2,A,,,7.2,A,,,7.2,A,,,7.2,A,,,01467200
2008-07-16 00:00:00+00:00,27.4,A,,,26.9,A,,,,,27.1,A,305.0,A,,,292.0,A,,,,,298.0,A,4.8,A,,,3.8,A,,,4.3,A,,,7.2,A,,,7.2,A,,,7.2,A,,,01467200
2008-07-17 00:00:00+00:00,27.6,A,,,27.1,A,,,,,27.3,A,302.0,A,,,292.0,A,,,,,297.0,A,4.3,A,,,3.4,A,,,3.9,A,,,7.2,A,,,7.1,A,,,7.2,A,,,01467200
2008-07-18 00:00:00+00:00,27.8,A,,,27.3,A,,,,,27.6,A,303.0,A,,,292.0,A,,,,,298.0,A,4.3,A,,,3.2,A,,,3.7,A,,,7.2,A,,,7.1,A,,,7.1,A,,,01467200
2008-07-19 00:00:00+00:00,27.9,A,,,27.5,A,,,,,27.7,A,311.0,A,,,292.0,A,,,,,299.0,A,4.3,A,,,3.0,A,,,3.6,A,,,7.2,A,,,7.1,A,,,7.1,A,,,01467200
2008-07-20 00:00:00+00:00,28.0,A,,,27.7,A,,,,,27.9,A,309.0,A,,,294.0,A,,,,,302.0,A,4.6,A,,,3.2,A,,,3.8,A,,,7.2,A,,,7.1,A,,,7.2,A,,,01467200
2008-07-21 00:00:00+00:00,28.2,A,,,27.9,A,,,,,28.1,A,308.0,A,,,297.0,A,,,,,303.0,A,4.3,A,,,3.3,A,,,3.7,A,,,7.2,A,,,7.1,A,,,7.2,A,,,01467200
2008-07-22 00:00:00+00:00,28.4,A,,,28.1,A,,,,,28.3,A,309.0,A,,,298.0,A,,,,,302.0,A,4.1,A,,,3.3,A,,,3.6,A,,,7.2,A,,,7.1,A,,,7.2,A,,,01467200
2008-07-26 00:00:00+00:00,28.3,A,,,27.8,A,,,,,28.0,A,295.0,A,,,276.0,A,,,,,283.0,A,4.7,A,,,3.6,A,,,4.1,A,,,7.3,A,,,7.2,A,,,7.2,A,,,01467200
2008-07-27 00:00:00+00:00,28.2,A,,,27.8,A,,,,,28.0,A,285.0,A,,,268.0,A,,,,,276.0,A,4.6,A,,,3.8,A,,,4.2,A,,,7.3,A,,,7.2,A,,,7.2,A,,,01467200
2008-07-28 00:00:00+00:00,28.2,A,,,27.8,A,,,,,27.9,A,276.0,A,,,264.0,A,,,,,270.0,A,4.5,A,,,3.5,A,,,4.1,A,,,7.2,A,,,7.2,A,,,7.2,A,,,01467200
2008-07-29 00:00:00+00:00,27.9,A,,,27.7,A,,,,,27.8,A,270.0,A,,,260.0,A,,,,,265.0,A,4.9,A,,,3.5,A,,,4.1,A,,,7.3,A,,,7.2,A,,,7.2,A,,,01467200
2008-07-30 00:00:00+00:00,27.9,A,,,27.6,A,,,,,27.8,A,270.0,A,,,253.0,A,,,,,264.0,A,5.0,A,,,3.8,A,,,4.2,A,,,7.2,A,,,7.2,A,,,7.2,A,,,01467200
2008-07-31 00:00:00+00:00,27.8,A,,,27.4,A,,,,,27.7,A,270.0,A,,,243.0,A,,,,,262.0,A,5.2,A,,,3.9,A,,,4.3,A,,,7.2,A,,,7.2,A,,,7.2,A,,,01467200
2008-08-01 00:00:00+00:00,27.6,A,,,27.2,A,,,,,27.5,A,265.0,A,,,235.0,A,,,,,255.0,A,5.3,A,,,3.7,A,,,4.5,A,,,7.2,A,,,7.1,A,,,7.2,A,,,01467200
2008-08-02 00:00:00+00:00,27.6,A,,,27.1,A,,,,,27.4,A,266.0,A,,,235.0,A,,,,,252.0,A,5.3,A,,,4.2,A,,,4.6,A,,,7.2,A,,,7.1,A,,,7.2,A,,,01467200
2008-08-03 00:00:00+00:00,27.3,A,,,26.8,A,,,,,27.1,A,268.0,A,,,235.0,A,,,,,253.0,A,4.9,A,,,3.7,A,,,4.4,A,,,7.2,A,,,7.1,A,,,7.2,A,,,01467200
2008-08-04 00:00:00+00:00,27.1,A,,,26.6,A,,,,,26.9,A,259.0,A,,,220.0,A,,,,,242.0,A,5.3,A,,,4.1,A,,,4.7,A,,,7.2,A,,,7.1,A,,,7.2,A,,,01467200
2008-08-05 00:00:00+00:00,27.1,A,,,26.6,A,,,,,26.8,A,260.0,A,,,223.0,A,,,,,241.0,A,5.4,A,,,4.5,A,,,4.8,A,,,7.2,A,,,7.1,A,,,7.2,A,,,01467200
2008-08-06 00:00:00+00:00,27.1,A,,,26.6,A,,,,,26.8,A,253.0,A,,,219.0,A,,,,,238.0,A,5.0,A,,,4.3,A,,,4.7,A,,,7.2,A,,,7.1,A,,,7.1,A,,,01467200
2008-08-07 00:00:00+00:00,27.0,A,,,26.6,A,,,,,26.8,A,256.0,A,,,217.0,A,,,,,237.0,A,5.1,A,,,4.4,A,,,4.7,A,,,7.1,A,,,7.1,A,,,7.1,A,,,01467200
2008-08-08 00:00:00+00:00,26.8,A,,,26.4,A,,,,,26.6,A,244.0,A,,,210.0,A,,,,,229.0,A,5.2,A,,,4.4,A,,,4.8,A,,,7.1,A,,,7.1,A,,,7.1,A,,,01467200
2008-08-09 00:00:00+00:00,26.6,A,,,26.2,A,,,,,26.3,A,236.0,A,,,209.0,A,,,,,225.0,A,5.4,A,,,4.4,A,,,4.8,A,,,7.1,A,,,7.1,A,,,7.1,A,,,01467200
2008-08-10 00:00:00+00:00,26.4,A,,,25.9,A,,,,,26.1,A,240.0,A,,,207.0,A,,,,,225.0,A,5.0,A,,,4.3,A,,,4.6,A,,,7.1,A,,,7.0,A,,,7.1,A,,,01467200
2008-08-11 00:00:00+00:00,25.9,A,,,25.6,A,,,,,25.6,A,240.0,A,,,206.0,A,,,,,221.0,A,4.6,A,,,4.1,A,,,4.4,A,,,7.1,A,,,7.0,A,,,7.0,A,,,01467200
2008-08-12 00:00:00+00:00,25.6,A,,,25.2,A,,,,,25.4,A,221.0,A,,,204.0,A,,,,,212.0,A,4.9,A,,,3.5,A,,,4.2,A,,,7.0,A,,,7.0,A,,,7.0,A,,,01467200
2008-08-13 00:00:00+00:00,25.5,A,,,25.2,A,,,,,25.3,A,225.0,A,,,208.0,A,,,,,217.0,A,4.8,A,,,4.0,A,,,4.3,A,,,7.0,A,,,7.0,A,,,7.0,A,,,01467200
2008-08-14 00:00:00+00:00,25.5,A,,,25.3,A,,,,,25.4,A,229.0,A,,,210.0,A,,,,,219.0,A,4.8,A,,,4.0,A,,,4.3,A,,,7.0,A,,,7.0,A,,,7.0,A,,,01467200
2008-08-15 00:00:00+00:00,25.6,A,,,25.3,A,,,,,25.5,A,230.0,A,,,209.0,A,,,,,219.0,A,4.8,A,,,4.1,A,,,4.4,A,,,7.0,A,,,7.0,A,,,7.0,A,,,01467200
2008-08-16 00:00:00+00:00,25.6,A,,,25.4,A,,,,,25.5,A,226.0,A,,,210.0,A,,,,,217.0,A,4.9,A,,,3.8,A,,,4.3,A,,,7.0,A,,,6.9,A,,,7.0,A,,,01467200
2008-08-17 00:00:00+00:00,25.6,A,,,25.4,A,,,,,25.5,A,236.0,A,,,211.0,A,,,,,223.0,A,4.8,A,,,4.1,A,,,4.4,A,,,7.1,A,,,7.0,A,,,7.0,A,,,01467200
2008-08-18 00:00:00+00:00,25.7,A,,,25.4,A,,,,,25.6,A,228.0,A,,,215.0,A,,,,,221.0,A,5.0,A,,,4.0,A,,,4.5,A,,,7.1,A,,,7.0,A,,,7.0,A,,,01467200
2008-08-19 00:00:00+00:00,25.7,A,,,25.5,A,,,,,25.6,A,232.0,A,,,217.0,A,,,,,225.0,A,4.8,A,,,4.1,A,,,4.5,A,,,7.1,A,,,7.0,A,,,7.0,A,,,01467200
2008-08-20 00:00:00+00:00,25.5,A,,,25.3,A,,,,,25.4,A,242.0,A,,,222.0,A,,,,,229.0,A,5.1,A,,,4.2,A,,,4.7,A,,,7.1,A,,,7.0,A,,,7.1,A,,,01467200
2008-08-21 00:00:00+00:00,25.6,A,,,25.2,A,,,,,25.4,A,243.0,A,,,228.0,A,,,,,236.0,A,5.3,A,,,4.4,A,,,4.7,A,,,7.0,A,,,6.9,A,,,7.0,A,,,01467200
2008-08-22 00:00:00+00:00,25.7,A,,,25.3,A,,,,,25.5,A,249.0,A,,,232.0,A,,,,,238.0,A,5.3,A,,,4.4,A,,,4.8,A,,,7.1,A,,,6.9,A,,,7.0,A,,,01467200
2008-08-23 00:00:00+00:00,25.7,A,,,25.4,A,,,,,25.5,A,254.0,A,,,236.0,A,,,,,242.0,A,5.4,A,,,4.7,A,,,5.0,A,,,7.0,A,,,7.0,A,,,7.0,A,,,01467200
2008-08-24 00:00:00+00:00,25.8,A,,,25.5,A,,,,,25.7,A,254.0,A,,,240.0,A,,,,,246.0,A,5.4,A,,,4.5,A,,,4.9,A,,,7.0,A,,,7.0,A,,,7.0,A,,,01467200
2008-08-25 00:00:00+00:00,25.8,A,,,25.5,A,,,,,25.7,A,255.0,A,,,246.0,A,,,,,250.0,A,5.1,A,,,4.2,A,,,4.7,A,,,7.0,A,,,7.0,A,,,7.0,A,,,01467200
2008-08-26 00:00:00+00:00,25.7,A,,,25.3,A,,,,,25.5,A,259.0,A,,,247.0,A,,,,,251.0,A,5.4,A,,,4.3,A,,,4.8,A,,,7.1,A,,,7.0,A,,,7.0,A,,,01467200
2008-08-27 00:00:00+00:00,25.5,A,,,25.2,A,,,,,25.3,A,266.0,A,,,251.0,A,,,,,258.0,A,5.3,A,,,4.6,A,,,4.9,A,,,7.1,A,,,7.0,A,,,7.0,A,,,01467200
2008-08-28 00:00:00+00:00,25.3,A,,,25.0,A,,,,,25.1,A,271.0,A,,,255.0,A,,,,,261.0,A,5.2,A,,,4.6,A,,,4.9,A,,,7.1,A,,,7.0,A,,,7.0,A,,,01467200
2008-08-29 00:00:00+00:00,25.1,A,,,24.9,A,,,,,25.0,A,276.0,A,,,258.0,A,,,,,265.0,A,5.2,A,,,4.5,A,,,4.7,A,,,7.1,A,,,7.0,A,,,7.0,A,,,01467200
2008-08-30 00:00:00+00:00,25.2,A,,,24.9,A,,,,,25.0,A,279.0,A,,,261.0,A,,,,,268.0,A,5.0,A,,,4.3,A,,,4.6,A,,,7.0,A,,,7.0,A,,,7.0,A,,,01467200
2008-08-31 00:00:00+00:00,25.2,A,,,25.0,A,,,,,25.1,A,281.0,A,,,260.0,A,,,,,269.0,A,5.0,A,,,4.2,A,,,4.6,A,,,7.1,A,,,7.0,A,,,7.0,A,,,01467200
2008-09-01 00:00:00+00:00,25.2,A,,,25.0,A,,,,,25.1,A,286.0,A,,,261.0,A,,,,,273.0,A,5.0,A,,,4.4,A,,,4.7,A,,,7.1,A,,,7.0,A,,,7.0,A,,,01467200
2008-09-02 00:00:00+00:00,25.3,A,,,25.0,A,,,,,25.2,A,281.0,A,,,264.0,A,,,,,274.0,A,5.0,A,,,4.3,A,,,4.6,A,,,7.1,A,,,7.0,A,,,7.0,A,,,01467200
2008-09-03 00:00:00+00:00,25.5,A,,,25.1,A,,,,,25.3,A,288.0,A,,,267.0,A,,,,,276.0,A,5.0,A,,,4.3,A,,,4.5,A,,,7.1,A,,,7.0,A,,,7.0,A,,,01467200
2008-09-04 00:00:00+00:00,25.7,A,,,25.3,A,,,,,25.5,A,287.0,A,,,271.0,A,,,,,280.0,A,4.9,A,,,4.2,A,,,4.5,A,,,7.1,A,,,7.0,A,,,7.0,A,,,01467200
2008-09-05 00:00:00+00:00,25.8,A,,,25.5,A,,,,,25.6,A,298.0,A,,,272.0,A,,,,,281.0,A,5.0,A,,,4.3,A,,,4.6,A,,,7.1,A,,,7.0,A,,,7.0,A,,,01467200
2008-09-06 00:00:00+00:00,25.7,A,,,25.5,A,,,,,25.7,A,297.0,A,,,272.0,A,,,,,281.0,A,5.1,A,,,4.0,A,,,4.5,A,,,7.1,A,,,7.0,A,,,7.0,A,,,01467200
2008-09-07 00:00:00+00:00,25.5,A,,,25.3,A,,,,,25.4,A,279.0,A,,,254.0,A,,,,,264.0,A,4.9,A,,,4.2,A,,,4.5,A,,,7.1,A,,,7.0,A,,,7.0,A,,,01467200
2008-09-08 00:00:00+00:00,25.5,A,,,25.2,A,,,,,25.4,A,269.0,A,,,255.0,A,,,,,262.0,A,4.7,A,,,3.9,A,,,4.3,A,,,7.1,A,,,7.0,A,,,7.0,A,,,01467200
2008-09-10 00:00:00+00:00,25.2,A,,,24.9,A,,,,,25.1,A,270.0,A,,,258.0,A,,,,,263.0,A,4.7,A,,,3.9,A,,,4.2,A,,,7.1,A,,,7.0,A,,,7.0,A,,,01467200
2008-09-11 00:00:00+00:00,25.0,A,,,24.8,A,,,,,24.9,A,275.0,A,,,261.0,A,,,,,266.0,A,4.7,A,,,3.9,A,,,4.2,A,,,7.1,A,,,7.0,A,,,7.1,A,,,01467200
2008-09-12 00:00:00+00:00,24.8,A,,,24.5,A,,,,,24.6,A,273.0,A,,,262.0,A,,,,,267.0,A,4.7,A,,,4.0,A,,,4.3,A,,,7.1,A,,,7.0,A,,,7.1,A,,,01467200
2008-09-13 00:00:00+00:00,24.7,A,,,24.4,A,,,,,24.6,A,276.0,A,,,264.0,A,,,,,269.0,A,4.5,A,,,3.7,A,,,4.1,A,,,7.1,A,,,7.0,A,,,7.0,A,,,01467200
2008-09-14 00:00:00+00:00,25.0,A,,,24.6,A,,,,,24.8,A,284.0,A,,,264.0,A,,,,,270.0,A,4.5,A,,,3.5,A,,,4.0,A,,,7.1,A,,,7.0,A,,,7.0,A,,,01467200
2008-09-15 00:00:00+00:00,25.0,A,,,24.8,A,,,,,24.9,A,281.0,A,,,267.0,A,,,,,273.0,A,4.7,A,,,3.7,A,,,4.2,A,,,7.1,A,,,7.0,A,,,7.1,A,,,01467200
2008-09-16 00:00:00+00:00,24.9,A,,,24.5,A,,,,,24.6,A,277.0,A,,,266.0,A,,,,,272.0,A,4.8,A,,,4.0,A,,,4.3,A,,,7.1,A,,,7.1,A,,,7.1,A,,,01467200
2008-09-17 00:00:00+00:00,24.5,A,,,24.2,A,,,,,24.3,A,285.0,A,,,269.0,A,,,,,275.0,A,4.7,A,,,4.1,A,,,4.4,A,,,7.1,A,,,7.1,A,,,7.1,A,,,01467200
2008-09-18 00:00:00+00:00,24.3,A,,,24.0,A,,,,,24.2,A,282.0,A,,,272.0,A,,,,,278.0,A,4.7,A,,,4.1,A,,,4.4,A,,,7.1,A,,,7.1,A,,,7.1,A,,,01467200
2008-09-19 00:00:00+00:00,24.0,A,,,23.5,A,,,,,23.8,A,293.0,A,,,274.0,A,,,,,280.0,A,5.0,A,,,4.3,A,,,4.6,A,,,7.1,A,,,7.1,A,,,7.1,A,,,01467200
2008-09-20 00:00:00+00:00,23.5,A,,,23.2,A,,,,,23.3,A,295.0,A,,,277.0,A,,,,,287.0,A,5.1,A,,,4.4,A,,,4.8,A,,,7.1,A,,,7.1,A,,,7.1,A,,,01467200
2008-09-21 00:00:00+00:00,23.3,A,,,23.1,A,,,,,23.2,A,295.0,A,,,278.0,A,,,,,288.0,A,5.2,A,,,4.4,A,,,4.8,A,,,7.1,A,,,7.1,A,,,7.1,A,,,01467200
2008-09-22 00:00:00+00:00,23.3,A,,,23.1,A,,,,,23.2,A,290.0,A,,,278.0,A,,,,,285.0,A,5.3,A,,,4.5,A,,,4.8,A,,,7.1,A,,,7.1,A,,,7.1,A,,,01467200
2008-09-23 00:00:00+00:00,23.2,A,,,22.9,A,,,,,23.0,A,304.0,A,,,284.0,A,,,,,291.0,A,5.2,A,,,4.5,A,,,4.8,A,,,,,,,,,,,,,,,01467200
2008-09-24 00:00:00+00:00,22.9,A,,,22.6,A,,,,,22.7,A,307.0,A,,,287.0,A,,,,,295.0,A,5.5,A,,,4.7,A,,,5.0,A,,,7.2,A,,,7.1,A,,,7.1,A,,,01467200
2008-09-25 00:00:00+00:00,22.6,A,,,21.9,A,,,,,22.2,A,307.0,A,,,291.0,A,,,,,299.0,A,5.8,A,,,5.0,A,,,5.3,A,,,7.2,A,,,7.1,A,,,7.1,A,,,01467200
2008-09-26 00:00:00+00:00,21.9,A,,,21.5,A,,,,,21.7,A,308.0,A,,,291.0,A,,,,,300.0,A,5.9,A,,,5.2,A,,,5.5,A,,,7.2,A,,,7.1,A,,,7.2,A,,,01467200
2008-09-27 00:00:00+00:00,21.6,A,,,21.4,A,,,,,21.5,A,307.0,A,,,288.0,A,,,,,300.0,A,5.9,A,,,5.3,A,,,5.5,A,,,7.2,A,,,7.1,A,,,7.2,A,,,01467200
2008-09-28 00:00:00+00:00,21.6,A,,,21.4,A,,,,,21.5,A,322.0,A,,,286.0,A,,,,,302.0,A,5.8,A,,,5.3,A,,,5.5,A,,,7.2,A,,,7.1,A,,,7.2,A,,,01467200
2008-09-29 00:00:00+00:00,21.6,A,,,21.3,A,,,,,21.4,A,304.0,A,,,279.0,A,,,,,293.0,A,5.7,A,,,5.1,A,,,5.3,A,,,7.2,A,,,7.1,A,,,7.1,A,,,01467200
2008-09-30 00:00:00+00:00,21.4,A,,,21.1,A,,,,,21.3,A,294.0,A,,,277.0,A,,,,,288.0,A,5.8,A,,,5.2,A,,,5.4,A,,,7.2,A,,,7.1,A,,,7.1,A,,,01467200
2008-10-01 00:00:00+00:00,21.3,A,,,21.1,A,,,,,21.2,A,295.0,A,,,277.0,A,,,,,286.0,A,5.6,A,,,5.2,A,,,5.4,A,,,7.2,A,,,7.1,A,,,7.1,A,,,01467200
2008-10-02 00:00:00+00:00,21.1,A,,,20.5,A,,,,,20.8,A,286.0,A,,,273.0,A,,,,,280.0,A,5.8,A,,,4.9,A,,,5.4,A,,,7.2,A,,,7.1,A,,,7.2,A,,,01467200
2008-10-03 00:00:00+00:00,20.5,A,,,20.1,A,,,,,20.3,A,285.0,A,,,275.0,A,,,,,280.0,A,6.0,A,,,5.3,A,,,5.7,A,,,7.2,A,,,7.2,A,,,7.2,A,,,01467200
2008-10-04 00:00:00+00:00,20.1,A,,,19.7,A,,,,,19.9,A,289.0,A,,,277.0,A,,,,,282.0,A,6.3,A,,,5.6,A,,,6.0,A,,,7.3,A,,,7.2,A,,,7.2,A,,,01467200
2008-10-05 00:00:00+00:00,20.0,A,,,19.7,A,,,,,19.8,A,289.0,A,,,279.0,A,,,,,283.0,A,6.3,A,,,5.7,A,,,6.0,A,,,7.2,A,,,7.2,A,,,7.2,A,,,01467200
2008-10-06 00:00:00+00:00,19.8,A,,,19.5,A,,,,,19.6,A,293.0,A,,,280.0,A,,,,,285.0,A,6.3,A,,,5.6,A,,,5.9,A,,,7.2,A,,,7.2,A,,,7.2,A,,,01467200
2008-10-07 00:00:00+00:00,19.6,A,,,19.2,A,,,,,19.3,A,294.0,A,,,283.0,A,,,,,288.0,A,6.2,A,,,5.5,A,,,5.9,A,,,7.2,A,,,7.2,A,,,7.2,A,,,01467200
2008-10-08 00:00:00+00:00,19.4,A,,,19.0,A,,,,,19.1,A,297.0,A,,,285.0,A,,,,,289.0,A,6.2,A,,,5.6,A,,,5.9,A,,,7.2,A,,,7.2,A,,,7.2,A,,,01467200
2008-10-09 00:00:00+00:00,19.2,A,,,18.9,A,,,,,19.1,A,297.0,A,,,284.0,A,,,,,291.0,A,6.3,A,,,5.7,A,,,6.0,A,,,7.2,A,,,7.2,A,,,7.2,A,,,01467200
2008-10-10 00:00:00+00:00,19.3,A,,,18.9,A,,,,,19.1,A,296.0,A,,,283.0,A,,,,,290.0,A,6.4,A,,,5.7,A,,,6.1,A,,,7.2,A,,,7.2,A,,,7.2,A,,,01467200
2008-10-11 00:00:00+00:00,19.3,A,,,18.9,A,,,,,19.1,A,298.0,A,,,282.0,A,,,,,291.0,A,6.6,A,,,5.6,A,,,6.0,A,,,7.2,A,,,7.2,A,,,7.2,A,,,01467200
2008-10-12 00:00:00+00:00,19.3,A,,,18.9,A,,,,,19.2,A,304.0,A,,,286.0,A,,,,,294.0,A,6.5,A,,,5.7,A,,,6.0,A,,,7.2,A,,,7.2,A,,,7.2,A,,,01467200
2008-10-13 00:00:00+00:00,19.3,A,,,19.0,A,,,,,19.2,A,305.0,A,,,284.0,A,,,,,293.0,A,6.3,A,,,5.6,A,,,5.9,A,,,7.2,A,,,7.2,A,,,7.2,A,,,01467200
2008-10-14 00:00:00+00:00,19.4,A,,,19.0,A,,,,,19.2,A,308.0,A,,,280.0,A,,,,,293.0,A,6.3,A,,,5.6,A,,,5.9,A,,,7.2,A,,,7.1,A,,,7.2,A,,,01467200
2008-10-15 00:00:00+00:00,19.5,A,,,19.1,A,,,,,19.3,A,307.0,A,,,281.0,A,,,,,295.0,A,6.2,A,,,5.6,A,,,5.8,A,,,7.2,A,,,7.1,A,,,7.2,A,,,01467200
2008-10-16 00:00:00+00:00,19.6,A,,,19.2,A,,,,,19.4,A,316.0,A,,,288.0,A,,,,,300.0,A,6.1,A,,,5.4,A,,,5.7,A,,,7.2,A,,,7.1,A,,,7.2,A,,,01467200
2008-10-17 00:00:00+00:00,19.3,A,,,18.9,A,,,,,19.2,A,315.0,A,,,285.0,A,,,,,300.0,A,6.2,A,,,5.5,A,,,5.8,A,,,7.2,A,,,7.1,A,,,7.2,A,,,01467200
2008-10-18 00:00:00+00:00,19.1,A,,,18.5,A,,,,,18.8,A,307.0,A,,,287.0,A,,,,,299.0,A,6.3,A,,,5.6,A,,,5.9,A,,,7.2,A,,,7.2,A,,,7.2,A,,,01467200
2008-10-19 00:00:00+00:00,18.5,A,,,18.0,A,,,,,18.2,A,315.0,A,,,292.0,A,,,,,304.0,A,6.6,A,,,5.7,A,,,6.1,A,,,7.2,A,,,7.2,A,,,7.2,A,,,01467200
2008-10-20 00:00:00+00:00,18.0,A,,,17.6,A,,,,,17.7,A,313.0,A,,,298.0,A,,,,,307.0,A,6.3,A,,,5.8,A,,,6.0,A,,,7.2,A,,,7.2,A,,,7.2,A,,,01467200
2008-10-21 00:00:00+00:00,17.6,A,,,17.1,A,,,,,17.3,A,324.0,A,,,299.0,A,,,,,308.0,A,6.5,A,,,5.8,A,,,6.1,A,,,7.2,A,,,7.2,A,,,7.2,A,,,01467200
2008-10-22 00:00:00+00:00,17.1,A,,,16.2,A,,,,,16.6,A,307.0,A,,,286.0,A,,,,,298.0,A,7.2,A,,,6.2,A,,,6.6,A,,,7.3,A,,,7.2,A,,,7.2,A,,,01467200
2008-10-23 00:00:00+00:00,16.4,A,,,15.9,A,,,,,16.0,A,325.0,A,,,292.0,A,,,,,307.0,A,7.2,A,,,6.7,A,,,6.9,A,,,7.3,A,,,7.2,A,,,7.3,A,,,01467200
2008-10-24 00:00:00+00:00,16.0,A,,,15.6,A,,,,,15.8,A,332.0,A,,,302.0,A,,,,,317.0,A,7.3,A,,,6.6,A,,,6.9,A,,,7.3,A,,,7.2,A,,,7.3,A,,,01467200
2008-10-25 00:00:00+00:00,15.8,A,,,15.5,A,,,,,15.7,A,341.0,A,,,300.0,A,,,,,316.0,A,7.8,A,,,6.8,A,,,7.1,A,,,7.3,A,,,7.2,A,,,7.3,A,,,01467200
2008-10-26 00:00:00+00:00,15.8,A,,,15.5,A,,,,,15.7,A,331.0,A,,,301.0,A,,,,,312.0,A,7.2,A,,,6.7,A,,,6.9,A,,,7.3,A,,,7.2,A,,,7.3,A,,,01467200
2008-10-27 00:00:00+00:00,15.6,A,,,15.1,A,,,,,15.4,A,315.0,A,,,287.0,A,,,,,305.0,A,7.3,A,,,6.4,A,,,6.9,A,,,7.3,A,,,7.2,A,,,7.2,A,,,01467200
2008-10-28 00:00:00+00:00,15.1,A,,,13.6,A,,,,,14.7,A,300.0,A,,,262.0,A,,,,,288.0,A,8.0,A,,,6.9,A,,,7.3,A,,,7.4,A,,,7.3,A,,,7.3,A,,,01467200
2008-10-29 00:00:00+00:00,13.8,A,,,11.7,A,,,,,13.1,A,275.0,A,,,258.0,A,,,,,265.0,A,8.8,A,,,7.7,A,,,8.2,A,,,7.5,A,,,7.3,A,,,7.4,A,,,01467200
2008-10-30 00:00:00+00:00,12.1,A,,,10.9,A,,,,,11.6,A,265.0,A,,,254.0,A,,,,,259.0,A,9.3,A,,,8.5,A,,,8.9,A,,,7.6,A,,,7.4,A,,,7.5,A,,,01467200
2008-10-31 00:00:00+00:00,11.2,A,,,10.1,A,,,,,10.8,A,256.0,A,,,222.0,A,,,,,244.0,A,9.3,A,,,8.9,A,,,9.1,A,,,7.5,A,,,7.4,A,,,7.5,A,,,01467200
2008-11-01 00:00:00+00:00,10.5,A,,,9.2,A,,,,,10.0,A,233.0,A,,,187.0,A,,,,,211.0,A,9.5,A,,,9.0,A,,,9.3,A,,,7.4,A,,,7.3,A,,,7.4,A,,,01467200
2008-11-02 00:00:00+00:00,10.3,A,,,9.2,A,,,,,9.7,A,216.0,A,,,184.0,A,,,,,200.0,A,9.4,A,,,9.0,A,,,9.2,A,,,7.3,A,,,7.2,A,,,7.3,A,,,01467200
2008-11-03 00:00:00+00:00,9.8,A,,,9.1,A,,,,,9.5,A,203.0,A,,,185.0,A,,,,,194.0,A,9.5,A,,,9.0,A,,,9.2,A,,,7.3,A,,,7.2,A,,,7.2,A,,,01467200
2008-11-04 00:00:00+00:00,9.6,A,,,9.1,A,,,,,9.3,A,195.0,A,,,175.0,A,,,,,186.0,A,9.6,A,,,8.9,A,,,9.2,A,,,7.2,A,,,7.2,A,,,7.2,A,,,01467200
2008-11-05 00:00:00+00:00,9.6,A,,,9.1,A,,,,,9.3,A,185.0,A,,,174.0,A,,,,,180.0,A,9.8,A,,,9.2,A,,,9.5,A,,,7.2,A,,,7.1,A,,,7.2,A,,,01467200
2008-11-06 00:00:00+00:00,9.9,A,,,9.4,A,,,,,9.7,A,186.0,A,,,174.0,A,,,,,179.0,A,9.7,A,,,9.2,A,,,9.5,A,,,7.2,A,,,7.1,A,,,7.2,A,,,01467200
2008-11-07 00:00:00+00:00,10.1,A,,,9.7,A,,,,,9.9,A,191.0,A,,,171.0,A,,,,,177.0,A,9.8,A,,,9.2,A,,,9.6,A,,,7.2,A,,,7.1,A,,,7.2,A,,,01467200
2008-11-08 00:00:00+00:00,10.2,A,,,9.9,A,,,,,10.1,A,183.0,A,,,174.0,A,,,,,179.0,A,9.7,A,,,9.3,A,,,9.5,A,,,7.2,A,,,7.1,A,,,7.1,A,,,01467200
2008-11-09 00:00:00+00:00,10.3,A,,,10.1,A,,,,,10.2,A,183.0,A,,,178.0,A,,,,,180.0,A,9.8,A,,,9.4,A,,,9.6,A,,,7.2,A,,,7.1,A,,,7.1,A,,,01467200
2008-11-10 00:00:00+00:00,10.3,A,,,10.1,A,,,,,10.2,A,185.0,A,,,180.0,A,,,,,182.0,A,10.0,A,,,9.3,A,,,9.6,A,,,7.2,A,,,7.1,A,,,7.2,A,,,01467200
2008-11-11 00:00:00+00:00,10.1,A,,,10.0,A,,,,,10.1,A,189.0,A,,,183.0,A,,,,,185.0,A,9.9,A,,,9.5,A,,,9.7,A,,,7.2,A,,,7.2,A,,,7.2,A,,,01467200
2008-11-12 00:00:00+00:00,10.1,A,,,10.0,A,,,,,10.0,A,190.0,A,,,185.0,A,,,,,188.0,A,9.8,A,,,9.2,A,,,9.5,A,,,7.2,A,,,7.1,A,,,7.2,A,,,01467200
2008-11-13 00:00:00+00:00,10.3,A,,,10.0,A,,,,,10.1,A,195.0,A,,,189.0,A,,,,,191.0,A,9.8,A,,,9.1,A,,,9.5,A,,,7.2,A,,,7.1,A,,,7.2,A,,,01467200
2008-11-14 00:00:00+00:00,10.5,A,,,10.2,A,,,,,10.3,A,195.0,A,,,190.0,A,,,,,193.0,A,9.4,A,,,8.8,A,,,9.1,A,,,7.2,A,,,7.1,A,,,7.1,A,,,01467200
2008-11-15 00:00:00+00:00,11.1,A,,,10.4,A,,,,,10.6,A,202.0,A,,,192.0,A,,,,,196.0,A,9.2,A,,,8.6,A,,,9.0,A,,,7.2,A,,,7.1,A,,,7.1,A,,,01467200
2008-11-16 00:00:00+00:00,11.2,A,,,10.9,A,,,,,11.0,A,198.0,A,,,190.0,A,,,,,194.0,A,9.3,A,,,8.5,A,,,8.8,A,,,7.2,A,,,7.1,A,,,7.1,A,,,01467200
2008-11-17 00:00:00+00:00,11.1,A,,,10.8,A,,,,,10.9,A,193.0,A,,,188.0,A,,,,,190.0,A,9.4,A,,,8.7,A,,,9.0,A,,,7.2,A,,,7.1,A,,,7.2,A,,,01467200
2008-11-18 00:00:00+00:00,10.8,A,,,10.2,A,,,,,10.5,A,198.0,A,,,192.0,A,,,,,194.0,A,9.3,A,,,8.8,A,,,9.0,A,,,7.3,A,,,7.1,A,,,7.2,A,,,01467200
2008-11-19 00:00:00+00:00,10.2,A,,,9.6,A,,,,,9.8,A,203.0,A,,,197.0,A,,,,,200.0,A,9.2,A,,,8.6,A,,,9.0,A,,,7.3,A,,,7.2,A,,,7.2,A,,,01467200
2008-11-20 00:00:00+00:00,9.6,A,,,9.2,A,,,,,9.4,A,208.0,A,,,203.0,A,,,,,206.0,A,9.5,A,,,9.0,A,,,9.2,A,,,7.3,A,,,7.2,A,,,7.2,A,,,01467200
2008-11-21 00:00:00+00:00,9.2,A,,,8.8,A,,,,,9.0,A,212.0,A,,,206.0,A,,,,,209.0,A,9.5,A,,,8.9,A,,,9.3,A,,,7.3,A,,,7.2,A,,,7.3,A,,,01467200
2008-11-22 00:00:00+00:00,8.8,A,,,8.1,A,,,,,8.4,A,212.0,A,,,209.0,A,,,,,210.0,A,9.7,A,,,9.2,A,,,9.6,A,,,7.3,A,,,7.2,A,,,7.3,A,,,01467200
2008-11-23 00:00:00+00:00,8.1,A,,,7.6,A,,,,,7.9,A,215.0,A,,,210.0,A,,,,,213.0,A,9.8,A,,,9.5,A,,,9.7,A,,,7.3,A,,,7.3,A,,,7.3,A,,,01467200
2008-11-24 00:00:00+00:00,7.7,A,,,7.3,A,,,,,7.5,A,220.0,A,,,213.0,A,,,,,215.0,A,10.1,A,,,9.4,A,,,9.8,A,,,7.3,A,,,7.3,A,,,7.3,A,,,01467200
2008-11-25 00:00:00+00:00,7.6,A,,,7.2,A,,,,,7.4,A,223.0,A,,,217.0,A,,,,,219.0,A,10.1,A,,,9.7,A,,,9.9,A,,,7.3,A,,,7.3,A,,,7.3,A,,,01467200
2008-11-26 00:00:00+00:00,7.4,A,,,6.6,A,,,,,7.0,A,220.0,A,,,215.0,A,,,,,218.0,A,10.4,A,,,9.7,A,,,10.0,A,,,7.3,A,,,7.3,A,,,7.3,A,,,01467200
2008-11-27 00:00:00+00:00,7.0,A,,,6.2,A,,,,,6.7,A,221.0,A,,,214.0,A,,,,,218.0,A,10.6,A,,,9.9,A,,,10.2,A,,,7.3,A,,,7.3,A,,,7.3,A,,,01467200
2008-11-28 00:00:00+00:00,6.7,A,,,5.8,A,,,,,6.3,A,220.0,A,,,212.0,A,,,,,217.0,A,10.9,A,,,10.0,A,,,10.4,A,,,7.3,A,,,7.3,A,,,7.3,A,,,01467200
2008-11-29 00:00:00+00:00,6.2,A,,,5.4,A,,,,,5.9,A,219.0,A,,,210.0,A,,,,,215.0,A,11.0,A,,,10.4,A,,,10.6,A,,,7.3,A,,,7.3,A,,,7.3,A,,,01467200
2008-11-30 00:00:00+00:00,6.0,A,,,5.2,A,,,,,5.7,A,224.0,A,,,209.0,A,,,,,217.0,A,11.2,A,,,10.2,A,,,10.7,A,,,7.4,A,,,7.2,A,,,7.3,A,,,01467200
2008-12-01 00:00:00+00:00,6.0,A,,,5.4,A,,,,,5.7,A,222.0,A,,,215.0,A,,,,,219.0,A,11.1,A,,,10.4,A,,,10.7,A,,,7.3,A,,,7.3,A,,,7.3,A,,,01467200
2008-12-02 00:00:00+00:00,5.4,A,,,4.8,A,,,,,5.1,A,217.0,A,,,214.0,A,,,,,216.0,A,11.7,A,,,10.8,A,,,11.2,A,,,7.4,A,,,7.3,A,,,7.3,A,,,01467200
2008-12-03 00:00:00+00:00,5.0,A,,,4.7,A,,,,,4.8,A,217.0,A,,,214.0,A,,,,,216.0,A,11.8,A,,,11.1,A,,,11.5,A,,,7.4,A,,,7.2,A,,,7.3,A,,,01467200
2008-12-04 00:00:00+00:00,4.8,A,,,4.6,A,,,,,4.7,A,220.0,A,,,215.0,A,,,,,217.0,A,11.9,A,,,11.4,A,,,11.7,A,,,7.3,A,,,7.2,A,,,7.3,A,,,01467200
2008-12-05 00:00:00+00:00,4.8,A,,,4.7,A,,,,,4.8,A,221.0,A,,,218.0,A,,,,,220.0,A,11.9,A,,,11.3,A,,,11.6,A,,,7.3,A,,,7.2,A,,,7.3,A,,,01467200
2008-12-06 00:00:00+00:00,4.7,A,,,4.5,A,,,,,4.6,A,221.0,A,,,216.0,A,,,,,219.0,A,11.8,A,,,11.1,A,,,11.5,A,,,7.3,A,,,7.2,A,,,7.2,A,,,01467200
2008-12-07 00:00:00+00:00,4.6,A,,,4.4,A,,,,,4.6,A,222.0,A,,,217.0,A,,,,,219.0,A,11.7,A,,,11.3,A,,,11.6,A,,,7.3,A,,,7.2,A,,,7.2,A,,,01467200
2008-12-08 00:00:00+00:00,4.4,A,,,4.1,A,,,,,4.2,A,221.0,A,,,216.0,A,,,,,218.0,A,11.9,A,,,11.4,A,,,11.7,A,,,7.3,A,,,7.2,A,,,7.3,A,,,01467200
2008-12-09 00:00:00+00:00,4.2,A,,,4.0,A,,,,,4.1,A,223.0,A,,,217.0,A,,,,,219.0,A,11.9,A,,,11.4,A,,,11.6,A,,,7.3,A,,,7.2,A,,,7.3,A,,,01467200
2008-12-10 00:00:00+00:00,4.6,A,,,4.2,A,,,,,4.4,A,224.0,A,,,219.0,A,,,,,222.0,A,12.0,A,,,11.3,A,,,11.7,A,,,7.3,A,,,7.2,A,,,7.3,A,,,01467200
2008-12-11 00:00:00+00:00,4.7,A,,,4.4,A,,,,,4.6,A,224.0,A,,,208.0,A,,,,,218.0,A,11.8,A,,,11.0,A,,,11.5,A,,,7.2,A,,,7.2,A,,,7.2,A,,,01467200
2008-12-12 00:00:00+00:00,4.8,A,,,4.1,A,,,,,4.6,A,211.0,A,,,184.0,A,,,,,195.0,A,12.3,A,,,11.1,A,,,11.4,A,,,7.2,A,,,7.1,A,,,7.1,A,,,01467200
2008-12-13 00:00:00+00:00,4.6,A,,,4.1,A,,,,,4.4,A,186.0,A,,,148.0,A,,,,,170.0,A,12.3,A,,,11.3,A,,,11.7,A,,,7.2,A,,,7.1,A,,,7.1,A,,,01467200
2008-12-14 00:00:00+00:00,4.4,A,,,4.0,A,,,,,4.2,A,150.0,A,,,121.0,A,,,,,137.0,A,12.0,A,,,11.3,A,,,11.6,A,,,7.1,A,,,7.0,A,,,7.0,A,,,01467200
2008-12-15 00:00:00+00:00,4.1,A,,,3.8,A,,,,,4.0,A,122.0,A,,,112.0,A,,,,,117.0,A,12.4,A,,,11.7,A,,,12.1,A,,,7.0,A,,,6.9,A,,,6.9,A,,,01467200
2008-12-16 00:00:00+00:00,4.2,A,,,4.0,A,,,,,4.1,A,121.0,A,,,114.0,A,,,,,117.0,A,12.4,A,,,12.1,A,,,12.2,A,,,7.0,A,,,6.9,A,,,6.9,A,,,01467200
2008-12-17 00:00:00+00:00,4.2,A,,,4.0,A,,,,,4.1,A,133.0,A,,,120.0,A,,,,,127.0,A,12.6,A,,,12.0,A,,,12.2,A,,,7.0,A,,,6.9,A,,,6.9,A,,,01467200
2009-04-02 00:00:00+00:00,,,,,,,,,,,,,221.0,A,,,216.0,A,,,,,218.0,A,10.7,A,,,10.1,A,,,10.4,A,,,,,,,,,,,,,,,01467200
2009-04-03 00:00:00+00:00,,,,,,,,,,,,,230.0,A,,,218.0,A,,,,,225.0,A,10.6,A,,,10.1,A,,,10.3,A,,,,,,,,,,,,,,,01467200
2009-04-04 00:00:00+00:00,10.6,A,,,9.6,A,,,,,10.0,A,234.0,A,,,226.0,A,,,,,230.0,A,10.3,A,,,9.8,A,,,10.1,A,,,7.5,A,,,7.4,A,,,7.4,A,,,01467200
2009-04-05 00:00:00+00:00,11.0,A,,,10.1,A,,,,,10.5,A,238.0,A,,,231.0,A,,,,,234.0,A,10.2,A,,,9.6,A,,,10.0,A,,,7.5,A,,,7.4,A,,,7.5,A,,,01467200
2009-04-06 00:00:00+00:00,11.2,A,,,10.6,A,,,,,10.9,A,243.0,A,,,235.0,A,,,,,238.0,A,10.0,A,,,9.5,A,,,9.8,A,,,7.5,A,,,7.4,A,,,7.5,A,,,01467200
2009-04-07 00:00:00+00:00,11.1,A,,,10.9,A,,,,,11.0,A,243.0,A,,,222.0,A,,,,,233.0,A,9.7,A,,,9.0,A,,,9.5,A,,,7.4,A,,,7.3,A,,,7.4,A,,,01467200
2009-04-08 00:00:00+00:00,11.0,A,,,10.7,A,,,,,10.8,A,233.0,A,,,222.0,A,,,,,228.0,A,9.6,A,,,9.0,A,,,9.3,A,,,7.4,A,,,7.3,A,,,7.4,A,,,01467200
2009-04-09 00:00:00+00:00,10.9,A,,,10.5,A,,,,,10.7,A,231.0,A,,,226.0,A,,,,,229.0,A,9.4,A,,,8.8,A,,,9.2,A,,,7.4,A,,,7.3,A,,,7.3,A,,,01467200
2009-04-10 00:00:00+00:00,11.0,A,,,10.5,A,,,,,10.8,A,232.0,A,,,217.0,A,,,,,226.0,A,9.4,A,,,8.9,A,,,9.2,A,,,7.3,A,,,7.3,A,,,7.3,A,,,01467200
2009-04-11 00:00:00+00:00,10.9,A,,,10.5,A,,,,,10.7,A,227.0,A,,,211.0,A,,,,,220.0,A,9.4,A,,,8.8,A,,,9.1,A,,,7.3,A,,,7.2,A,,,7.3,A,,,01467200
2009-04-12 00:00:00+00:00,10.5,A,,,10.1,A,,,,,10.4,A,221.0,A,,,205.0,A,,,,,212.0,A,9.5,A,,,8.8,A,,,9.2,A,,,7.3,A,,,7.2,A,,,7.2,A,,,01467200
2009-04-13 00:00:00+00:00,10.4,A,,,9.9,A,,,,,10.1,A,215.0,A,,,203.0,A,,,,,208.0,A,9.7,A,,,9.0,A,,,9.4,A,,,7.2,A,,,7.2,A,,,7.2,A,,,01467200
2009-04-14 00:00:00+00:00,10.2,A,,,9.8,A,,,,,10.0,A,213.0,A,,,202.0,A,,,,,208.0,A,9.8,A,,,8.9,A,,,9.5,A,,,7.2,A,,,7.2,A,,,7.2,A,,,01467200
2009-04-15 00:00:00+00:00,10.0,A,,,9.6,A,,,,,9.8,A,216.0,A,,,201.0,A,,,,,208.0,A,9.8,A,,,8.9,A,,,9.5,A,,,7.2,A,,,7.2,A,,,7.2,A,,,01467200
2009-04-16 00:00:00+00:00,10.0,A,,,9.6,A,,,,,9.7,A,211.0,A,,,204.0,A,,,,,208.0,A,9.8,A,,,8.7,A,,,9.3,A,,,7.2,A,,,7.1,A,,,7.2,A,,,01467200
2009-04-17 00:00:00+00:00,10.1,A,,,9.6,A,,,,,9.9,A,212.0,A,,,207.0,A,,,,,210.0,A,9.6,A,,,9.0,A,,,9.4,A,,,7.3,A,,,7.2,A,,,7.2,A,,,01467200
2009-04-18 00:00:00+00:00,10.5,A,,,9.9,A,,,,,10.2,A,215.0,A,,,209.0,A,,,,,212.0,A,9.7,A,,,8.6,A,,,9.3,A,,,7.3,A,,,7.1,A,,,7.2,A,,,01467200
2009-04-19 00:00:00+00:00,10.9,A,,,10.4,A,,,,,10.6,A,220.0,A,,,213.0,A,,,,,216.0,A,9.9,A,,,9.1,A,,,9.5,A,,,7.3,A,,,7.2,A,,,7.2,A,,,01467200
2009-04-20 00:00:00+00:00,10.9,A,,,10.7,A,,,,,10.8,A,223.0,A,,,218.0,A,,,,,221.0,A,9.6,A,,,8.7,A,,,9.4,A,,,7.3,A,,,7.2,A,,,7.2,A,,,01467200
2009-04-21 00:00:00+00:00,11.4,A,,,10.8,A,,,,,11.0,A,231.0,A,,,223.0,A,,,,,228.0,A,9.3,A,,,8.7,A,,,9.1,A,,,7.2,A,,,7.2,A,,,7.2,A,,,01467200
2009-04-22 00:00:00+00:00,11.5,A,,,11.2,A,,,,,11.4,A,231.0,A,,,227.0,A,,,,,229.0,A,9.4,A,,,8.5,A,,,9.0,A,,,7.3,A,,,7.2,A,,,7.2,A,,,01467200
2009-04-23 00:00:00+00:00,12.0,A,,,11.3,A,,,,,11.6,A,234.0,A,,,228.0,A,,,,,231.0,A,9.5,A,,,8.4,A,,,9.0,A,,,7.4,A,,,7.2,A,,,7.2,A,,,01467200
2009-04-24 00:00:00+00:00,12.7,A,,,11.6,A,,,,,12.0,A,234.0,A,,,229.0,A,,,,,231.0,A,9.5,A,,,8.5,A,,,9.1,A,,,7.4,A,,,7.2,A,,,7.3,A,,,01467200
2009-04-25 00:00:00+00:00,13.5,A,,,12.1,A,,,,,12.6,A,236.0,A,,,230.0,A,,,,,234.0,A,9.3,A,,,8.3,A,,,9.0,A,,,7.3,A,,,7.2,A,,,7.3,A,,,01467200
2009-04-26 00:00:00+00:00,14.4,A,,,12.9,A,,,,,13.5,A,239.0,A,,,231.0,A,,,,,235.0,A,9.1,A,,,8.2,A,,,8.7,A,,,7.3,A,,,7.2,A,,,7.3,A,,,01467200
2009-04-27 00:00:00+00:00,15.2,A,,,13.7,A,,,,,14.3,A,239.0,A,,,232.0,A,,,,,235.0,A,8.8,A,,,7.0,A,,,8.4,A,,,7.3,A,,,7.1,A,,,7.2,A,,,01467200
2009-04-28 00:00:00+00:00,15.8,A,,,14.5,A,,,,,15.1,A,243.0,A,,,232.0,A,,,,,237.0,A,8.6,A,,,7.5,A,,,8.3,A,,,7.3,A,,,7.1,A,,,7.2,A,,,01467200
2009-04-29 00:00:00+00:00,16.0,A,,,15.3,A,,,,,15.7,A,242.0,A,,,235.0,A,,,,,239.0,A,8.6,A,,,7.2,A,,,8.1,A,,,7.3,A,,,7.0,A,,,7.2,A,,,01467200
2009-04-30 00:00:00+00:00,16.1,A,,,15.4,A,,,,,15.8,A,248.0,A,,,238.0,A,,,,,242.0,A,8.5,A,,,6.5,A,,,7.8,A,,,7.2,A,,,7.0,A,,,7.1,A,,,01467200
2009-05-01 00:00:00+00:00,16.3,A,,,15.7,A,,,,,16.0,A,252.0,A,,,241.0,A,,,,,245.0,A,8.2,A,,,6.8,A,,,7.7,A,,,7.2,A,,,7.0,A,,,7.1,A,,,01467200
2009-05-02 00:00:00+00:00,16.7,A,,,16.1,A,,,,,16.3,A,266.0,A,,,243.0,A,,,,,248.0,A,8.0,A,,,6.2,A,,,7.3,A,,,7.2,A,,,7.0,A,,,7.1,A,,,01467200
2009-05-03 00:00:00+00:00,16.7,A,,,16.3,A,,,,,16.5,A,259.0,A,,,243.0,A,,,,,250.0,A,7.6,A,,,6.0,A,,,7.1,A,,,7.1,A,,,7.0,A,,,7.1,A,,,01467200
2009-05-04 00:00:00+00:00,16.7,A,,,16.3,A,,,,,16.5,A,251.0,A,,,242.0,A,,,,,245.0,A,7.3,A,,,5.6,A,,,6.6,A,,,7.1,A,,,6.9,A,,,7.0,A,,,01467200
2009-05-05 00:00:00+00:00,16.9,A,,,16.3,A,,,,,16.5,A,250.0,A,,,238.0,A,,,,,243.0,A,6.9,A,,,5.2,A,,,6.3,A,,,7.1,A,,,6.9,A,,,7.0,A,,,01467200
2009-05-06 00:00:00+00:00,17.3,A,,,16.4,A,,,,,16.8,A,246.0,A,,,238.0,A,,,,,242.0,A,7.0,A,,,5.0,A,,,6.1,A,,,7.1,A,,,6.9,A,,,7.0,A,,,01467200
2009-05-07 00:00:00+00:00,17.4,A,,,16.6,A,,,,,17.1,A,247.0,A,,,237.0,A,,,,,243.0,A,6.7,A,,,5.3,A,,,6.1,A,,,7.1,A,,,7.0,A,,,7.0,A,,,01467200
2009-05-08 00:00:00+00:00,17.6,A,,,17.2,A,,,,,17.3,A,255.0,A,,,245.0,A,,,,,248.0,A,6.6,A,,,5.1,A,,,6.1,A,,,7.1,A,,,7.0,A,,,7.0,A,,,01467200
2009-05-09 00:00:00+00:00,17.8,A,,,17.1,A,,,,,17.5,A,255.0,A,,,248.0,A,,,,,250.0,A,6.7,A,,,5.3,A,,,6.1,A,,,7.1,A,,,7.0,A,,,7.0,A,,,01467200
2009-05-10 00:00:00+00:00,17.7,A,,,17.0,A,,,,,17.4,A,252.0,A,,,243.0,A,,,,,248.0,A,6.8,A,,,6.0,A,,,6.4,A,,,7.1,A,,,7.0,A,,,7.0,A,,,01467200
2009-05-11 00:00:00+00:00,17.3,A,,,16.9,A,,,,,17.1,A,249.0,A,,,238.0,A,,,,,245.0,A,6.8,A,,,5.6,A,,,6.3,A,,,7.1,A,,,7.0,A,,,7.0,A,,,01467200
2009-05-12 00:00:00+00:00,17.2,A,,,16.8,A,,,,,17.0,A,250.0,A,,,237.0,A,,,,,244.0,A,6.5,A,,,5.6,A,,,6.2,A,,,7.1,A,,,7.0,A,,,7.1,A,,,01467200
2009-05-13 00:00:00+00:00,17.3,A,,,16.9,A,,,,,17.1,A,264.0,A,,,234.0,A,,,,,241.0,A,6.6,A,,,5.8,A,,,6.2,A,,,7.1,A,,,7.0,A,,,7.1,A,,,01467200
2009-05-14 00:00:00+00:00,17.3,A,,,17.1,A,,,,,17.2,A,249.0,A,,,233.0,A,,,,,240.0,A,6.7,A,,,5.7,A,,,6.2,A,,,7.1,A,,,7.0,A,,,7.1,A,,,01467200
2009-05-15 00:00:00+00:00,17.8,A,,,17.2,A,,,,,17.5,A,242.0,A,,,234.0,A,,,,,239.0,A,6.5,A,,,5.2,A,,,5.9,A,,,7.1,A,,,7.0,A,,,7.0,A,,,01467200
2009-05-16 00:00:00+00:00,18.3,A,,,17.7,A,,,,,18.0,A,250.0,A,,,240.0,A,,,,,245.0,A,6.5,A,,,4.8,A,,,5.8,A,,,7.1,A,,,7.0,A,,,7.0,A,,,01467200
2009-05-17 00:00:00+00:00,18.6,A,,,18.2,A,,,,,18.4,A,251.0,A,,,246.0,A,,,,,248.0,A,6.6,A,,,5.0,A,,,5.9,A,,,7.1,A,,,7.0,A,,,7.1,A,,,01467200
2009-05-18 00:00:00+00:00,18.4,A,,,18.0,A,,,,,18.3,A,249.0,A,,,243.0,A,,,,,246.0,A,6.9,A,,,5.2,A,,,6.1,A,,,7.2,A,,,7.0,A,,,7.1,A,,,01467200
2009-05-19 00:00:00+00:00,18.3,A,,,18.0,A,,,,,18.2,A,246.0,A,,,234.0,A,,,,,240.0,A,7.7,A,,,5.7,A,,,6.8,A,,,7.2,A,,,7.1,A,,,7.2,A,,,01467200
2009-05-20 00:00:00+00:00,18.7,A,,,18.1,A,,,,,18.4,A,241.0,A,,,228.0,A,,,,,234.0,A,7.6,A,,,6.2,A,,,7.0,A,,,7.2,A,,,7.1,A,,,7.2,A,,,01467200
2009-05-21 00:00:00+00:00,18.8,A,,,18.3,A,,,,,18.6,A,234.0,A,,,216.0,A,,,,,227.0,A,8.0,A,,,6.0,A,,,7.2,A,,,7.3,A,,,7.1,A,,,7.2,A,,,01467200
2009-05-22 00:00:00+00:00,18.9,A,,,18.4,A,,,,,18.7,A,231.0,A,,,207.0,A,,,,,219.0,A,7.8,A,,,6.6,A,,,7.3,A,,,7.2,A,,,7.1,A,,,7.2,A,,,01467200
2009-05-23 00:00:00+00:00,19.3,A,,,18.6,A,,,,,19.0,A,231.0,A,,,195.0,A,,,,,212.0,A,8.2,A,,,6.2,A,,,7.4,A,,,7.3,A,,,7.1,A,,,7.2,A,,,01467200
2009-05-24 00:00:00+00:00,19.6,A,,,19.0,A,,,,,19.3,A,220.0,A,,,184.0,A,,,,,204.0,A,8.3,A,,,7.1,A,,,7.7,A,,,7.2,A,,,7.1,A,,,7.2,A,,,01467200
2009-05-25 00:00:00+00:00,20.0,A,,,19.3,A,,,,,19.6,A,224.0,A,,,179.0,A,,,,,197.0,A,8.6,A,,,6.5,A,,,7.7,A,,,7.2,A,,,7.0,A,,,7.1,A,,,01467200
2009-05-26 00:00:00+00:00,20.0,A,,,19.1,A,,,,,19.6,A,212.0,A,,,176.0,A,,,,,193.0,A,8.2,A,,,6.6,A,,,7.6,A,,,7.2,A,,,7.0,A,,,7.1,A,,,01467200
2009-05-27 00:00:00+00:00,19.5,A,,,19.0,A,,,,,19.2,A,209.0,A,,,179.0,A,,,,,191.0,A,8.0,A,,,6.7,A,,,7.4,A,,,7.2,A,,,7.1,A,,,7.1,A,,,01467200
2009-05-28 00:00:00+00:00,19.7,A,,,19.3,A,,,,,19.5,A,213.0,A,,,180.0,A,,,,,190.0,A,8.0,A,,,6.2,A,,,7.3,A,,,7.2,A,,,7.0,A,,,7.1,A,,,01467200
2009-05-29 00:00:00+00:00,19.8,A,,,19.5,A,,,,,19.6,A,204.0,A,,,183.0,A,,,,,191.0,A,7.8,A,,,6.4,A,,,7.1,A,,,7.2,A,,,7.0,A,,,7.1,A,,,01467200
2009-05-30 00:00:00+00:00,20.3,A,,,19.7,A,,,,,20.0,A,197.0,A,,,185.0,A,,,,,189.0,A,8.0,A,,,6.0,A,,,7.1,A,,,7.2,A,,,7.0,A,,,7.1,A,,,01467200
2009-05-31 00:00:00+00:00,20.8,A,,,20.1,A,,,,,20.4,A,207.0,A,,,187.0,A,,,,,194.0,A,8.1,A,,,6.1,A,,,7.3,A,,,7.3,A,,,7.0,A,,,7.2,A,,,01467200
2009-06-01 00:00:00+00:00,20.8,A,,,20.3,A,,,,,20.6,A,213.0,A,,,191.0,A,,,,,195.0,A,8.3,A,,,6.6,A,,,7.4,A,,,7.4,A,,,7.1,A,,,7.2,A,,,01467200
2009-06-02 00:00:00+00:00,20.9,A,,,20.5,A,,,,,20.7,A,209.0,A,,,196.0,A,,,,,201.0,A,8.3,A,,,5.9,A,,,7.2,A,,,7.4,A,,,7.1,A,,,7.2,A,,,01467200
2009-06-03 00:00:00+00:00,21.0,A,,,20.6,A,,,,,20.8,A,211.0,A,,,202.0,A,,,,,206.0,A,8.1,A,,,6.3,A,,,7.2,A,,,7.4,A,,,7.1,A,,,7.2,A,,,01467200
2009-06-04 00:00:00+00:00,20.9,A,,,20.4,A,,,,,20.6,A,216.0,A,,,208.0,A,,,,,210.0,A,7.6,A,,,6.2,A,,,6.8,A,,,7.3,A,,,7.1,A,,,7.2,A,,,01467200
2009-06-05 00:00:00+00:00,20.6,A,,,19.9,A,,,,,20.3,A,214.0,A,,,202.0,A,,,,,210.0,A,6.8,A,,,5.3,A,,,6.2,A,,,7.2,A,,,7.0,A,,,7.1,A,,,01467200
2009-06-06 00:00:00+00:00,20.2,A,,,19.7,A,,,,,20.0,A,217.0,A,,,191.0,A,,,,,205.0,A,6.8,A,,,4.8,A,,,6.1,A,,,7.2,A,,,7.0,A,,,7.1,A,,,01467200
2009-06-07 00:00:00+00:00,20.4,A,,,19.8,A,,,,,20.1,A,220.0,A,,,184.0,A,,,,,198.0,A,7.1,A,,,5.2,A,,,6.4,A,,,7.2,A,,,7.0,A,,,7.1,A,,,01467200
2009-06-08 00:00:00+00:00,20.7,A,,,20.2,A,,,,,20.5,A,218.0,A,,,181.0,A,,,,,195.0,A,7.2,A,,,5.3,A,,,6.5,A,,,7.2,A,,,7.0,A,,,7.1,A,,,01467200
2009-06-09 00:00:00+00:00,20.8,A,,,20.5,A,,,,,20.7,A,216.0,A,,,180.0,A,,,,,195.0,A,7.0,A,,,5.2,A,,,6.1,A,,,7.1,A,,,7.0,A,,,7.1,A,,,01467200
2009-06-10 00:00:00+00:00,20.9,A,,,20.6,A,,,,,20.7,A,211.0,A,,,185.0,A,,,,,191.0,A,7.0,A,,,5.2,A,,,6.3,A,,,7.1,A,,,7.0,A,,,7.1,A,,,01467200
2009-06-11 00:00:00+00:00,20.9,A,,,20.5,A,,,,,20.7,A,201.0,A,,,187.0,A,,,,,194.0,A,7.0,A,,,5.1,A,,,6.0,A,,,7.1,A,,,7.0,A,,,7.0,A,,,01467200
2009-06-12 00:00:00+00:00,20.8,A,,,20.4,A,,,,,20.6,A,203.0,A,,,192.0,A,,,,,196.0,A,6.8,A,,,5.0,A,,,6.0,A,,,7.1,A,,,7.0,A,,,7.1,A,,,01467200
2009-06-13 00:00:00+00:00,21.0,A,,,20.6,A,,,,,20.8,A,216.0,A,,,198.0,A,,,,,203.0,A,6.7,A,,,5.4,A,,,6.2,A,,,7.2,A,,,7.0,A,,,7.1,A,,,01467200
2009-06-14 00:00:00+00:00,21.9,A,,,21.0,A,,,,,21.4,A,222.0,A,,,209.0,A,,,,,214.0,A,6.6,A,,,4.5,A,,,5.9,A,,,7.2,A,,,7.0,A,,,7.1,A,,,01467200
2009-06-15 00:00:00+00:00,22.0,A,,,21.6,A,,,,,21.8,A,235.0,A,,,210.0,A,,,,,217.0,A,6.3,A,,,4.7,A,,,5.7,A,,,7.2,A,,,7.1,A,,,7.2,A,,,01467200
2009-06-16 00:00:00+00:00,21.9,A,,,21.7,A,,,,,21.7,A,214.0,A,,,192.0,A,,,,,203.0,A,6.2,A,,,4.8,A,,,5.6,A,,,7.2,A,,,7.0,A,,,7.1,A,,,01467200
2009-06-17 00:00:00+00:00,21.7,A,,,21.1,A,,,,,21.4,A,202.0,A,,,184.0,A,,,,,194.0,A,6.3,A,,,4.6,A,,,5.6,A,,,7.1,A,,,7.0,A,,,7.1,A,,,01467200
2009-06-18 00:00:00+00:00,21.4,A,,,20.6,A,,,,,20.9,A,202.0,A,,,186.0,A,,,,,192.0,A,6.0,A,,,4.9,A,,,5.6,A,,,7.1,A,,,7.0,A,,,7.0,A,,,01467200
2009-06-19 00:00:00+00:00,20.9,A,,,20.5,A,,,,,20.7,A,194.0,A,,,188.0,A,,,,,189.0,A,6.3,A,,,4.8,A,,,5.8,A,,,7.1,A,,,7.0,A,,,7.0,A,,,01467200
2009-06-20 00:00:00+00:00,20.8,A,,,19.8,A,,,,,20.4,A,196.0,A,,,186.0,A,,,,,189.0,A,6.7,A,,,5.0,A,,,6.0,A,,,7.1,A,,,7.0,A,,,7.1,A,,,01467200
2009-06-21 00:00:00+00:00,20.4,A,,,19.0,A,,,,,19.6,A,196.0,A,,,182.0,A,,,,,188.0,A,7.2,A,,,5.6,A,,,6.5,A,,,7.2,A,,,7.0,A,,,7.1,A,,,01467200
2009-06-22 00:00:00+00:00,19.7,A,,,18.8,A,,,,,19.2,A,195.0,A,,,168.0,A,,,,,182.0,A,7.5,A,,,6.5,A,,,7.0,A,,,7.2,A,,,7.1,A,,,7.2,A,,,01467200
2009-06-23 00:00:00+00:00,19.3,A,,,18.6,A,,,,,18.9,A,189.0,A,,,162.0,A,,,,,174.0,A,7.5,A,,,6.9,A,,,7.3,A,,,7.2,A,,,7.1,A,,,7.1,A,,,01467200
2009-06-24 00:00:00+00:00,19.0,A,,,18.7,A,,,,,18.9,A,171.0,A,,,156.0,A,,,,,165.0,A,7.6,A,,,7.0,A,,,7.4,A,,,7.2,A,,,7.1,A,,,7.1,A,,,01467200
2009-06-25 00:00:00+00:00,19.7,A,,,19.0,A,,,,,19.2,A,169.0,A,,,151.0,A,,,,,158.0,A,7.6,A,,,7.0,A,,,7.4,A,,,7.2,A,,,7.1,A,,,7.1,A,,,01467200
2009-06-26 00:00:00+00:00,20.2,A,,,19.6,A,,,,,19.8,A,157.0,A,,,148.0,A,,,,,152.0,A,7.5,A,,,6.6,A,,,7.1,A,,,7.1,A,,,7.0,A,,,7.1,A,,,01467200
2009-06-27 00:00:00+00:00,20.8,A,,,20.1,A,,,,,20.4,A,157.0,A,,,150.0,A,,,,,153.0,A,7.3,A,,,6.3,A,,,6.9,A,,,7.1,A,,,7.0,A,,,7.0,A,,,01467200
2009-06-28 00:00:00+00:00,21.5,A,,,20.7,A,,,,,21.0,A,163.0,A,,,153.0,A,,,,,158.0,A,7.3,A,,,6.2,A,,,6.8,A,,,7.1,A,,,7.0,A,,,7.0,A,,,01467200
2009-06-29 00:00:00+00:00,22.2,A,,,21.2,A,,,,,21.6,A,166.0,A,,,156.0,A,,,,,160.0,A,7.3,A,,,6.2,A,,,6.8,A,,,7.1,A,,,7.0,A,,,7.1,A,,,01467200
2009-06-30 00:00:00+00:00,22.9,A,,,21.8,A,,,,,22.3,A,172.0,A,,,158.0,A,,,,,161.0,A,7.6,A,,,6.3,A,,,6.9,A,,,7.2,A,,,7.0,A,,,7.1,A,,,01467200
2009-07-01 00:00:00+00:00,23.4,A,,,22.3,A,,,,,22.9,A,173.0,A,,,162.0,A,,,,,168.0,A,7.6,A,,,6.3,A,,,7.0,A,,,7.3,A,,,7.1,A,,,7.2,A,,,01467200
2009-07-02 00:00:00+00:00,23.7,A,,,22.9,A,,,,,23.3,A,179.0,A,,,169.0,A,,,,,172.0,A,7.4,A,,,6.2,A,,,6.9,A,,,7.2,A,,,7.1,A,,,7.2,A,,,01467200
2009-07-03 00:00:00+00:00,23.7,A,,,23.4,A,,,,,23.6,A,180.0,A,,,173.0,A,,,,,175.0,A,7.7,A,,,6.4,A,,,7.1,A,,,7.3,A,,,7.1,A,,,7.2,A,,,01467200
2009-07-04 00:00:00+00:00,23.7,A,,,23.4,A,,,,,23.6,A,186.0,A,,,176.0,A,,,,,180.0,A,7.8,A,,,6.4,A,,,7.2,A,,,7.3,A,,,7.2,A,,,7.2,A,,,01467200
2009-07-05 00:00:00+00:00,23.6,A,,,23.3,A,,,,,23.5,A,187.0,A,,,179.0,A,,,,,182.0,A,8.0,A,,,6.1,A,,,7.2,A,,,7.4,A,,,7.1,A,,,7.2,A,,,01467200
2009-07-06 00:00:00+00:00,23.8,A,,,23.3,A,,,,,23.5,A,192.0,A,,,184.0,A,,,,,187.0,A,7.9,A,,,7.1,A,,,7.5,A,,,7.4,A,,,7.2,A,,,7.3,A,,,01467200
2009-07-07 00:00:00+00:00,23.9,A,,,23.5,A,,,,,23.7,A,193.0,A,,,187.0,A,,,,,189.0,A,7.8,A,,,7.0,A,,,7.4,A,,,7.3,A,,,7.2,A,,,7.3,A,,,01467200
2009-07-08 00:00:00+00:00,23.9,A,,,23.5,A,,,,,23.7,A,198.0,A,,,191.0,A,,,,,194.0,A,7.6,A,,,6.8,A,,,7.2,A,,,7.3,A,,,7.2,A,,,7.3,A,,,01467200
2009-07-09 00:00:00+00:00,23.9,A,,,23.5,A,,,,,23.7,A,198.0,A,,,193.0,A,,,,,196.0,A,7.7,A,,,6.3,A,,,7.1,A,,,7.3,A,,,7.2,A,,,7.3,A,,,01467200
2009-07-10 00:00:00+00:00,24.0,A,,,23.6,A,,,,,23.8,A,202.0,A,,,196.0,A,,,,,199.0,A,7.9,A,,,6.8,A,,,7.4,A,,,7.4,A,,,7.2,A,,,7.3,A,,,01467200
2009-07-11 00:00:00+00:00,24.0,A,,,23.7,A,,,,,23.8,A,209.0,A,,,199.0,A,,,,,201.0,A,7.9,A,,,6.8,A,,,7.5,A,,,7.4,A,,,7.2,A,,,7.3,A,,,01467200
2009-07-12 00:00:00+00:00,24.1,A,,,23.7,A,,,,,23.9,A,207.0,A,,,201.0,A,,,,,203.0,A,7.9,A,,,6.7,A,,,7.3,A,,,7.4,A,,,7.2,A,,,7.3,A,,,01467200
2009-07-13 00:00:00+00:00,24.1,A,,,23.8,A,,,,,23.9,A,215.0,A,,,202.0,A,,,,,205.0,A,7.5,A,,,6.2,A,,,7.0,A,,,7.3,A,,,7.2,A,,,7.3,A,,,01467200
2009-07-14 00:00:00+00:00,24.1,A,,,23.9,A,,,,,24.0,A,216.0,A,,,205.0,A,,,,,209.0,A,7.8,A,,,6.5,A,,,7.2,A,,,7.3,A,,,7.2,A,,,7.3,A,,,01467200
2009-07-15 00:00:00+00:00,24.3,A,,,23.9,A,,,,,24.1,A,215.0,A,,,208.0,A,,,,,211.0,A,8.3,A,,,6.2,A,,,7.2,A,,,7.5,A,,,7.2,A,,,7.3,A,,,01467200
2009-07-16 00:00:00+00:00,24.5,A,,,24.1,A,,,,,24.3,A,226.0,A,,,213.0,A,,,,,218.0,A,8.3,A,,,6.6,A,,,7.5,A,,,7.5,A,,,7.2,A,,,7.3,A,,,01467200
2009-07-17 00:00:00+00:00,24.7,A,,,24.3,A,,,,,24.5,A,233.0,A,,,220.0,A,,,,,225.0,A,8.0,A,,,6.4,A,,,7.2,A,,,7.4,A,,,7.2,A,,,7.3,A,,,01467200
2009-07-18 00:00:00+00:00,24.8,A,,,24.5,A,,,,,24.6,A,236.0,A,,,222.0,A,,,,,225.0,A,7.5,A,,,5.5,A,,,6.4,A,,,7.3,A,,,7.2,A,,,7.2,A,,,01467200
2009-07-19 00:00:00+00:00,24.9,A,,,24.5,A,,,,,24.7,A,231.0,A,,,225.0,A,,,,,227.0,A,7.4,A,,,5.2,A,,,6.3,A,,,7.3,A,,,7.1,A,,,7.2,A,,,01467200
2009-07-20 00:00:00+00:00,25.0,A,,,24.7,A,,,,,24.8,A,236.0,A,,,227.0,A,,,,,230.0,A,6.5,A,,,5.1,A,,,5.9,A,,,7.3,A,,,7.1,A,,,7.2,A,,,01467200
2009-07-21 00:00:00+00:00,24.9,A,,,24.6,A,,,,,24.7,A,236.0,A,,,228.0,A,,,,,230.0,A,5.8,A,,,4.5,A,,,5.2,A,,,7.2,A,,,7.1,A,,,7.1,A,,,01467200
2009-07-22 00:00:00+00:00,24.8,A,,,24.5,A,,,,,24.6,A,239.0,A,,,229.0,A,,,,,233.0,A,5.6,A,,,4.2,A,,,4.9,A,,,7.2,A,,,7.0,A,,,7.1,A,,,01467200
2009-07-23 00:00:00+00:00,24.8,A,,,24.6,A,,,,,24.7,A,244.0,A,,,231.0,A,,,,,237.0,A,5.4,A,,,3.6,A,,,4.4,A,,,7.1,A,,,7.0,A,,,7.1,A,,,01467200
2009-07-24 00:00:00+00:00,24.8,A,,,24.5,A,,,,,24.6,A,245.0,A,,,236.0,A,,,,,241.0,A,4.6,A,,,3.4,A,,,4.1,A,,,7.1,A,,,7.0,A,,,7.0,A,,,01467200
2009-07-25 00:00:00+00:00,24.9,A,,,24.6,A,,,,,24.7,A,246.0,A,,,237.0,A,,,,,241.0,A,4.8,A,,,3.5,A,,,4.2,A,,,7.1,A,,,7.0,A,,,7.1,A,,,01467200
2009-07-26 00:00:00+00:00,25.1,A,,,24.8,A,,,,,24.9,A,246.0,A,,,238.0,A,,,,,241.0,A,4.9,A,,,3.5,A,,,4.1,A,,,7.1,A,,,7.0,A,,,7.0,A,,,01467200
2009-07-27 00:00:00+00:00,25.3,A,,,25.0,A,,,,,25.1,A,246.0,A,,,240.0,A,,,,,243.0,A,5.2,A,,,3.4,A,,,4.2,A,,,7.2,A,,,7.0,A,,,7.1,A,,,01467200
2009-07-28 00:00:00+00:00,25.6,A,,,25.2,A,,,,,25.4,A,249.0,A,,,242.0,A,,,,,246.0,A,5.0,A,,,3.5,A,,,4.3,A,,,7.2,A,,,7.0,A,,,7.1,A,,,01467200
2009-07-29 00:00:00+00:00,25.8,A,,,25.5,A,,,,,25.6,A,259.0,A,,,246.0,A,,,,,250.0,A,5.5,A,,,3.6,A,,,4.4,A,,,7.2,A,,,7.0,A,,,7.1,A,,,01467200
2009-07-30 00:00:00+00:00,26.0,A,,,25.6,A,,,,,25.8,A,260.0,A,,,247.0,A,,,,,252.0,A,5.0,A,,,3.3,A,,,4.3,A,,,7.2,A,,,7.0,A,,,7.1,A,,,01467200
2009-07-31 00:00:00+00:00,26.1,A,,,25.9,A,,,,,26.0,A,257.0,A,,,241.0,A,,,,,250.0,A,5.4,A,,,3.5,A,,,4.4,A,,,7.2,A,,,7.0,A,,,7.1,A,,,01467200
2009-08-01 00:00:00+00:00,26.4,A,,,25.8,A,,,,,26.1,A,248.0,A,,,236.0,A,,,,,243.0,A,6.4,A,,,4.1,A,,,5.2,A,,,7.3,A,,,7.1,A,,,7.2,A,,,01467200
2009-08-02 00:00:00+00:00,26.4,A,,,26.1,A,,,,,26.2,A,249.0,A,,,228.0,A,,,,,237.0,A,6.5,A,,,4.4,A,,,5.7,A,,,7.3,A,,,7.1,A,,,7.2,A,,,01467200
2009-08-03 00:00:00+00:00,26.4,A,,,24.5,A,,,,,25.6,A,229.0,A,,,155.0,A,,,,,203.0,A,6.0,A,,,4.5,A,,,5.4,A,,,7.3,A,,,7.0,A,,,7.2,A,,,01467200
2009-08-04 00:00:00+00:00,25.5,A,,,23.9,A,,,,,24.7,A,191.0,A,,,134.0,A,,,,,166.0,A,5.6,A,,,4.3,A,,,5.3,A,,,7.2,A,,,6.9,A,,,7.0,A,,,01467200
2009-08-05 00:00:00+00:00,24.8,A,,,23.5,A,,,,,24.1,A,159.0,A,,,129.0,A,,,,,144.0,A,5.5,A,,,4.4,A,,,5.1,A,,,7.0,A,,,6.8,A,,,6.9,A,,,01467200
2009-08-06 00:00:00+00:00,24.4,A,,,23.6,A,,,,,23.9,A,146.0,A,,,132.0,A,,,,,141.0,A,5.6,A,,,4.2,A,,,5.0,A,,,6.9,A,,,6.8,A,,,6.9,A,,,01467200
2009-08-07 00:00:00+00:00,23.9,A,,,23.6,A,,,,,23.8,A,151.0,A,,,142.0,A,,,,,146.0,A,5.8,A,,,4.4,A,,,5.2,A,,,7.0,A,,,6.8,A,,,6.9,A,,,01467200
2009-08-08 00:00:00+00:00,24.0,A,,,23.6,A,,,,,23.8,A,154.0,A,,,148.0,A,,,,,151.0,A,6.2,A,,,4.7,A,,,5.5,A,,,7.0,A,,,6.9,A,,,6.9,A,,,01467200
2009-08-09 00:00:00+00:00,24.0,A,,,23.7,A,,,,,23.9,A,158.0,A,,,148.0,A,,,,,153.0,A,6.2,A,,,4.9,A,,,5.6,A,,,7.0,A,,,6.9,A,,,6.9,A,,,01467200
2009-08-10 00:00:00+00:00,24.3,A,,,23.8,A,,,,,24.0,A,159.0,A,,,148.0,A,,,,,153.0,A,5.9,A,,,5.1,A,,,5.5,A,,,7.0,A,,,6.9,A,,,6.9,A,,,01467200
2009-08-11 00:00:00+00:00,24.7,A,,,24.3,A,,,,,24.5,A,167.0,A,,,154.0,A,,,,,159.0,A,6.2,A,,,4.7,A,,,5.6,A,,,7.0,A,,,6.9,A,,,6.9,A,,,01467200
2009-08-12 00:00:00+00:00,25.0,A,,,24.6,A,,,,,24.8,A,168.0,A,,,161.0,A,,,,,163.0,A,7.0,A,,,5.1,A,,,6.1,A,,,7.1,A,,,6.9,A,,,7.0,A,,,01467200
2009-08-13 00:00:00+00:00,24.9,A,,,24.8,A,,,,,24.8,A,178.0,A,,,166.0,A,,,,,172.0,A,6.8,A,,,5.8,A,,,6.4,A,,,7.1,A,,,7.0,A,,,7.1,A,,,01467200
2009-08-14 00:00:00+00:00,25.2,A,,,24.7,A,,,,,24.9,A,194.0,A,,,177.0,A,,,,,185.0,A,6.7,A,,,5.6,A,,,6.3,A,,,7.2,A,,,7.0,A,,,7.1,A,,,01467200
2009-08-15 00:00:00+00:00,25.3,A,,,24.4,A,,,,,24.9,A,185.0,A,,,155.0,A,,,,,175.0,A,6.9,A,,,5.7,A,,,6.5,A,,,7.2,A,,,7.1,A,,,7.1,A,,,01467200
2009-08-16 00:00:00+00:00,25.3,A,,,24.1,A,,,,,24.7,A,178.0,A,,,142.0,A,,,,,161.0,A,6.8,A,,,5.6,A,,,6.4,A,,,7.1,A,,,7.0,A,,,7.0,A,,,01467200
2009-08-17 00:00:00+00:00,25.2,A,,,24.2,A,,,,,24.7,A,172.0,A,,,146.0,A,,,,,156.0,A,6.7,A,,,5.6,A,,,6.3,A,,,7.1,A,,,6.9,A,,,7.0,A,,,01467200
2009-08-18 00:00:00+00:00,25.2,A,,,24.5,A,,,,,24.9,A,167.0,A,,,150.0,A,,,,,156.0,A,6.6,A,,,5.8,A,,,6.2,A,,,7.0,A,,,6.9,A,,,7.0,A,,,01467200
2009-08-19 00:00:00+00:00,25.3,A,,,24.9,A,,,,,25.2,A,163.0,A,,,155.0,A,,,,,158.0,A,6.4,A,,,5.7,A,,,6.1,A,,,7.0,A,,,6.9,A,,,7.0,A,,,01467200
2009-08-20 00:00:00+00:00,25.7,A,,,25.3,A,,,,,25.5,A,169.0,A,,,157.0,A,,,,,163.0,A,6.4,A,,,5.4,A,,,6.0,A,,,7.0,A,,,6.9,A,,,7.0,A,,,01467200
2009-08-21 00:00:00+00:00,26.0,A,,,25.7,A,,,,,25.8,A,174.0,A,,,162.0,A,,,,,168.0,A,6.3,A,,,5.2,A,,,5.8,A,,,7.0,A,,,6.9,A,,,7.0,A,,,01467200
2009-08-22 00:00:00+00:00,26.1,A,,,25.8,A,,,,,26.0,A,171.0,A,,,164.0,A,,,,,167.0,A,6.0,A,,,4.7,A,,,5.5,A,,,7.0,A,,,6.9,A,,,7.0,A,,,01467200
2009-08-23 00:00:00+00:00,26.5,A,,,26.0,A,,,,,26.3,A,178.0,A,,,166.0,A,,,,,169.0,A,5.8,A,,,4.3,A,,,5.1,A,,,7.0,A,,,6.9,A,,,7.0,A,,,01467200
2009-08-24 00:00:00+00:00,26.8,A,,,26.3,A,,,,,26.6,A,186.0,A,,,176.0,A,,,,,181.0,A,5.6,A,,,4.5,A,,,5.2,A,,,7.1,A,,,7.0,A,,,7.0,A,,,01467200
2009-08-25 00:00:00+00:00,26.8,A,,,26.5,A,,,,,26.7,A,188.0,A,,,184.0,A,,,,,186.0,A,5.8,A,,,4.3,A,,,5.3,A,,,7.1,A,,,6.9,A,,,7.0,A,,,01467200
2009-08-26 00:00:00+00:00,26.7,A,,,26.3,A,,,,,26.5,A,189.0,A,,,182.0,A,,,,,187.0,A,5.8,A,,,4.8,A,,,5.4,A,,,7.1,A,,,7.0,A,,,7.0,A,,,01467200
2009-08-27 00:00:00+00:00,26.6,A,,,26.0,A,,,,,26.3,A,193.0,A,,,182.0,A,,,,,187.0,A,6.3,A,,,4.9,A,,,5.6,A,,,7.1,A,,,7.0,A,,,7.0,A,,,01467200
2009-08-28 00:00:00+00:00,26.4,A,,,25.6,A,,,,,26.0,A,194.0,A,,,185.0,A,,,,,190.0,A,5.9,A,,,5.1,A,,,5.6,A,,,7.1,A,,,7.0,A,,,7.1,A,,,01467200
2009-08-29 00:00:00+00:00,26.0,A,,,25.2,A,,,,,25.5,A,193.0,A,,,177.0,A,,,,,187.0,A,5.9,A,,,4.4,A,,,5.4,A,,,7.1,A,,,7.0,A,,,7.0,A,,,01467200
2009-08-30 00:00:00+00:00,25.7,A,,,24.8,A,,,,,25.1,A,186.0,A,,,164.0,A,,,,,174.0,A,6.0,A,,,4.5,A,,,5.4,A,,,7.1,A,,,6.9,A,,,7.0,A,,,01467200
2009-08-31 00:00:00+00:00,25.2,A,,,24.4,A,,,,,24.7,A,177.0,A,,,169.0,A,,,,,172.0,A,6.0,A,,,4.8,A,,,5.4,A,,,7.0,A,,,7.0,A,,,7.0,A,,,01467200
2009-09-01 00:00:00+00:00,24.6,A,,,24.0,A,,,,,24.3,A,178.0,A,,,173.0,A,,,,,175.0,A,6.2,A,,,4.9,A,,,5.6,A,,,7.1,A,,,7.0,A,,,7.0,A,,,01467200
2009-09-02 00:00:00+00:00,24.3,A,,,23.7,A,,,,,24.0,A,181.0,A,,,177.0,A,,,,,179.0,A,6.2,A,,,5.2,A,,,5.7,A,,,7.1,A,,,7.0,A,,,7.0,A,,,01467200
2009-09-03 00:00:00+00:00,24.1,A,,,23.4,A,,,,,23.8,A,185.0,A,,,181.0,A,,,,,182.0,A,6.3,A,,,4.8,A,,,5.7,A,,,7.1,A,,,6.9,A,,,7.0,A,,,01467200
2009-09-04 00:00:00+00:00,23.8,A,,,23.2,A,,,,,23.6,A,190.0,A,,,183.0,A,,,,,186.0,A,6.4,A,,,4.8,A,,,5.8,A,,,7.1,A,,,7.0,A,,,7.0,A,,,01467200
2009-09-05 00:00:00+00:00,23.8,A,,,23.2,A,,,,,23.5,A,198.0,A,,,187.0,A,,,,,190.0,A,6.8,A,,,5.5,A,,,6.1,A,,,7.1,A,,,7.0,A,,,7.0,A,,,01467200
2009-09-06 00:00:00+00:00,23.7,A,,,23.2,A,,,,,23.5,A,198.0,A,,,192.0,A,,,,,194.0,A,7.1,A,,,5.7,A,,,6.4,A,,,7.1,A,,,7.0,A,,,7.1,A,,,01467200
2009-09-07 00:00:00+00:00,23.4,A,,,23.0,A,,,,,23.2,A,201.0,A,,,195.0,A,,,,,198.0,A,7.0,A,,,5.8,A,,,6.4,A,,,7.2,A,,,7.0,A,,,7.1,A,,,01467200
2009-09-08 00:00:00+00:00,23.1,A,,,22.8,A,,,,,23.0,A,208.0,A,,,199.0,A,,,,,202.0,A,6.9,A,,,5.8,A,,,6.3,A,,,7.1,A,,,7.0,A,,,7.1,A,,,01467200
2009-09-09 00:00:00+00:00,23.0,A,,,22.6,A,,,,,22.9,A,209.0,A,,,203.0,A,,,,,205.0,A,6.7,A,,,5.8,A,,,6.3,A,,,7.1,A,,,7.0,A,,,7.1,A,,,01467200
2009-09-10 00:00:00+00:00,22.8,A,,,22.3,A,,,,,22.5,A,213.0,A,,,206.0,A,,,,,210.0,A,7.0,A,,,6.0,A,,,6.5,A,,,7.2,A,,,7.1,A,,,7.2,A,,,01467200
2009-09-11 00:00:00+00:00,22.4,A,,,21.3,A,,,,,21.8,A,222.0,A,,,210.0,A,,,,,214.0,A,7.0,A,,,6.2,A,,,6.7,A,,,7.3,A,,,7.2,A,,,7.2,A,,,01467200
2009-09-12 00:00:00+00:00,21.5,A,,,21.0,A,,,,,21.2,A,224.0,A,,,210.0,A,,,,,216.0,A,7.0,A,,,6.0,A,,,6.5,A,,,7.3,A,,,7.1,A,,,7.2,A,,,01467200
2009-09-13 00:00:00+00:00,21.3,A,,,20.8,A,,,,,21.0,A,223.0,A,,,214.0,A,,,,,219.0,A,7.3,A,,,6.0,A,,,6.6,A,,,7.3,A,,,7.2,A,,,7.2,A,,,01467200
2009-09-14 00:00:00+00:00,21.3,A,,,20.9,A,,,,,21.1,A,223.0,A,,,217.0,A,,,,,220.0,A,7.6,A,,,6.4,A,,,7.0,A,,,7.4,A,,,7.2,A,,,7.3,A,,,01467200
2009-09-15 00:00:00+00:00,21.4,A,,,21.1,A,,,,,21.3,A,225.0,A,,,221.0,A,,,,,223.0,A,8.2,A,,,6.8,A,,,7.5,A,,,7.4,A,,,7.3,A,,,7.3,A,,,01467200
2009-09-16 00:00:00+00:00,21.5,A,,,21.1,A,,,,,21.3,A,230.0,A,,,225.0,A,,,,,227.0,A,7.7,A,,,6.9,A,,,7.4,A,,,7.4,A,,,7.3,A,,,7.3,A,,,01467200
2009-09-17 00:00:00+00:00,21.2,A,,,20.8,A,,,,,21.0,A,244.0,A,,,228.0,A,,,,,233.0,A,7.4,A,,,7.0,A,,,7.2,A,,,7.3,A,,,7.3,A,,,7.3,A,,,01467200
2009-09-18 00:00:00+00:00,20.9,A,,,20.7,A,,,,,20.8,A,240.0,A,,,233.0,A,,,,,236.0,A,7.4,A,,,6.7,A,,,7.0,A,,,7.3,A,,,7.2,A,,,7.3,A,,,01467200
2009-09-19 00:00:00+00:00,20.8,A,,,20.4,A,,,,,20.7,A,243.0,A,,,236.0,A,,,,,239.0,A,7.9,A,,,6.4,A,,,7.2,A,,,7.4,A,,,7.2,A,,,7.3,A,,,01467200
2009-09-20 00:00:00+00:00,20.8,A,,,20.4,A,,,,,20.6,A,245.0,A,,,241.0,A,,,,,242.0,A,7.8,A,,,7.0,A,,,7.5,A,,,7.4,A,,,7.3,A,,,7.3,A,,,01467200
2009-09-21 00:00:00+00:00,20.9,A,,,20.4,A,,,,,20.6,A,248.0,A,,,243.0,A,,,,,245.0,A,8.0,A,,,7.2,A,,,7.5,A,,,7.4,A,,,7.3,A,,,7.3,A,,,01467200
2009-09-22 00:00:00+00:00,20.9,A,,,20.6,A,,,,,20.7,A,250.0,A,,,245.0,A,,,,,248.0,A,7.9,A,,,7.1,A,,,7.4,A,,,7.4,A,,,7.2,A,,,7.3,A,,,01467200
2009-09-23 00:00:00+00:00,21.1,A,,,20.7,A,,,,,20.8,A,257.0,A,,,248.0,A,,,,,251.0,A,7.6,A,,,6.8,A,,,7.2,A,,,7.3,A,,,7.2,A,,,7.3,A,,,01467200
2009-09-24 00:00:00+00:00,21.3,A,,,20.9,A,,,,,21.1,A,259.0,A,,,253.0,A,,,,,255.0,A,7.5,A,,,6.6,A,,,7.0,A,,,7.3,A,,,7.2,A,,,7.2,A,,,01467200
2009-09-25 00:00:00+00:00,21.3,A,,,21.1,A,,,,,21.2,A,264.0,A,,,248.0,A,,,,,253.0,A,7.5,A,,,6.2,A,,,7.0,A,,,7.3,A,,,7.2,A,,,7.2,A,,,01467200
2009-09-26 00:00:00+00:00,21.2,A,,,20.9,A,,,,,21.0,A,264.0,A,,,254.0,A,,,,,258.0,A,7.2,A,,,6.3,A,,,6.7,A,,,7.3,A,,,7.2,A,,,7.2,A,,,01467200
2009-09-27 00:00:00+00:00,20.9,A,,,20.8,A,,,,,20.8,A,269.0,A,,,255.0,A,,,,,260.0,A,6.8,A,,,6.0,A,,,6.4,A,,,7.2,A,,,7.1,A,,,7.2,A,,,01467200
2009-09-28 00:00:00+00:00,20.8,A,,,20.6,A,,,,,20.7,A,270.0,A,,,254.0,A,,,,,258.0,A,7.1,A,,,6.0,A,,,6.4,A,,,7.2,A,,,7.1,A,,,7.2,A,,,01467200
2009-09-29 00:00:00+00:00,20.7,A,,,20.3,A,,,,,20.5,A,271.0,A,,,254.0,A,,,,,259.0,A,6.8,A,,,5.8,A,,,6.3,A,,,7.2,A,,,7.1,A,,,7.2,A,,,01467200
2009-09-30 00:00:00+00:00,20.3,A,,,19.9,A,,,,,20.1,A,261.0,A,,,252.0,A,,,,,256.0,A,6.7,A,,,5.8,A,,,6.2,A,,,7.2,A,,,7.2,A,,,7.2,A,,,01467200
2009-10-01 00:00:00+00:00,19.9,A,,,19.4,A,,,,,19.6,A,267.0,A,,,256.0,A,,,,,261.0,A,7.3,A,,,6.7,A,,,7.0,A,,,7.2,A,,,7.1,A,,,7.2,A,,,01467200
2009-10-02 00:00:00+00:00,19.4,A,,,19.1,A,,,,,19.2,A,274.0,A,,,257.0,A,,,,,264.0,A,7.5,A,,,6.6,A,,,7.1,A,,,7.2,A,,,7.2,A,,,7.2,A,,,01467200
2009-10-03 00:00:00+00:00,19.3,A,,,19.1,A,,,,,19.2,A,272.0,A,,,261.0,A,,,,,266.0,A,7.2,A,,,6.6,A,,,6.9,A,,,7.2,A,,,7.1,A,,,7.2,A,,,01467200
2009-10-04 00:00:00+00:00,19.4,A,,,19.1,A,,,,,19.2,A,275.0,A,,,263.0,A,,,,,268.0,A,7.1,A,,,6.4,A,,,6.8,A,,,7.2,A,,,7.1,A,,,7.1,A,,,01467200
2009-10-05 00:00:00+00:00,19.2,A,,,18.9,A,,,,,19.0,A,274.0,A,,,264.0,A,,,,,269.0,A,7.0,A,,,6.5,A,,,6.8,A,,,7.2,A,,,7.1,A,,,7.1,A,,,01467200
2009-10-06 00:00:00+00:00,19.0,A,,,18.7,A,,,,,18.9,A,276.0,A,,,265.0,A,,,,,271.0,A,7.2,A,,,6.4,A,,,6.8,A,,,7.2,A,,,7.0,A,,,7.1,A,,,01467200
2009-10-07 00:00:00+00:00,18.9,A,,,18.5,A,,,,,18.8,A,277.0,A,,,265.0,A,,,,,271.0,A,7.6,A,,,6.7,A,,,7.1,A,,,7.2,A,,,7.1,A,,,7.1,A,,,01467200
2009-10-08 00:00:00+00:00,18.5,A,,,18.2,A,,,,,18.4,A,277.0,A,,,265.0,A,,,,,270.0,A,7.7,A,,,6.8,A,,,7.3,A,,,7.2,A,,,7.1,A,,,7.2,A,,,01467200
2009-10-09 00:00:00+00:00,18.6,A,,,18.2,A,,,,,18.4,A,284.0,A,,,268.0,A,,,,,274.0,A,7.6,A,,,7.0,A,,,7.3,A,,,7.2,A,,,7.1,A,,,7.2,A,,,01467200
2009-10-10 00:00:00+00:00,18.6,A,,,18.4,A,,,,,18.5,A,281.0,A,,,271.0,A,,,,,276.0,A,7.6,A,,,6.8,A,,,7.2,A,,,7.2,A,,,7.1,A,,,7.2,A,,,01467200
2009-10-11 00:00:00+00:00,18.4,A,,,18.1,A,,,,,18.2,A,284.0,A,,,274.0,A,,,,,278.0,A,7.7,A,,,6.9,A,,,7.3,A,,,7.2,A,,,7.1,A,,,7.2,A,,,01467200
2009-10-12 00:00:00+00:00,18.3,A,,,17.6,A,,,,,17.8,A,288.0,A,,,273.0,A,,,,,280.0,A,7.9,A,,,7.0,A,,,7.3,A,,,7.2,A,,,7.1,A,,,7.2,A,,,01467200
2009-10-13 00:00:00+00:00,17.8,A,,,17.4,A,,,,,17.5,A,295.0,A,,,278.0,A,,,,,284.0,A,7.6,A,,,7.0,A,,,7.3,A,,,7.2,A,,,7.1,A,,,7.1,A,,,01467200
2009-10-14 00:00:00+00:00,17.5,A,,,16.9,A,,,,,17.1,A,295.0,A,,,280.0,A,,,,,286.0,A,7.9,A,,,6.8,A,,,7.4,A,,,7.2,A,,,7.1,A,,,7.1,A,,,01467200
2009-10-15 00:00:00+00:00,17.1,A,,,16.3,A,,,,,16.7,A,302.0,A,,,283.0,A,,,,,293.0,A,7.8,A,,,7.1,A,,,7.4,A,,,7.2,A,,,7.1,A,,,7.1,A,,,01467200
2009-10-16 00:00:00+00:00,16.4,A,,,15.5,A,,,,,16.0,A,317.0,A,,,289.0,A,,,,,303.0,A,7.9,A,,,7.1,A,,,7.5,A,,,7.2,A,,,7.1,A,,,7.1,A,,,01467200
2009-10-17 00:00:00+00:00,15.6,A,,,14.8,A,,,,,15.3,A,301.0,A,,,284.0,A,,,,,295.0,A,8.1,A,,,7.2,A,,,7.7,A,,,7.2,A,,,7.1,A,,,7.2,A,,,01467200
2009-10-18 00:00:00+00:00,14.9,A,,,14.2,A,,,,,14.6,A,302.0,A,,,278.0,A,,,,,292.0,A,8.2,A,,,7.7,A,,,7.9,A,,,7.2,A,,,7.1,A,,,7.2,A,,,01467200
2009-10-19 00:00:00+00:00,14.3,A,,,13.8,A,,,,,14.1,A,296.0,A,,,276.0,A,,,,,287.0,A,8.5,A,,,7.8,A,,,8.1,A,,,7.2,A,,,7.2,A,,,7.2,A,,,01467200
2009-10-20 00:00:00+00:00,14.0,A,,,13.6,A,,,,,13.8,A,290.0,A,,,274.0,A,,,,,283.0,A,8.6,A,,,8.0,A,,,8.3,A,,,7.2,A,,,7.2,A,,,7.2,A,,,01467200
2009-10-21 00:00:00+00:00,14.0,A,,,13.6,A,,,,,13.8,A,292.0,A,,,273.0,A,,,,,282.0,A,8.8,A,,,8.1,A,,,8.5,A,,,7.2,A,,,7.1,A,,,7.2,A,,,01467200
2009-10-22 00:00:00+00:00,14.0,A,,,13.7,A,,,,,13.9,A,292.0,A,,,274.0,A,,,,,282.0,A,8.8,A,,,8.2,A,,,8.5,A,,,7.2,A,,,7.1,A,,,7.2,A,,,01467200
2009-10-23 00:00:00+00:00,14.0,A,,,13.8,A,,,,,13.9,A,295.0,A,,,276.0,A,,,,,285.0,A,9.0,A,,,8.1,A,,,8.5,A,,,7.2,A,,,7.1,A,,,7.2,A,,,01467200
2009-10-24 00:00:00+00:00,14.5,A,,,13.8,A,,,,,14.1,A,301.0,A,,,280.0,A,,,,,288.0,A,8.8,A,,,8.2,A,,,8.4,A,,,7.2,A,,,7.1,A,,,7.2,A,,,01467200
2009-10-25 00:00:00+00:00,14.5,A,,,13.8,A,,,,,14.1,A,288.0,A,,,269.0,A,,,,,279.0,A,9.4,A,,,7.8,A,,,8.6,A,,,7.3,A,,,7.0,A,,,7.2,A,,,01467200
2009-10-26 00:00:00+00:00,14.1,A,,,13.6,A,,,,,13.8,A,293.0,A,,,263.0,A,,,,,276.0,A,9.7,A,,,8.5,A,,,9.2,A,,,7.3,A,,,7.0,A,,,7.2,A,,,01467200
2009-10-27 00:00:00+00:00,13.8,A,,,13.4,A,,,,,13.5,A,290.0,A,,,262.0,A,,,,,275.0,A,9.6,A,,,8.6,A,,,9.3,A,,,7.3,A,,,7.0,A,,,7.2,A,,,01467200
2009-10-28 00:00:00+00:00,14.1,A,,,13.5,A,,,,,13.7,A,273.0,A,,,241.0,A,,,,,258.0,A,9.4,A,,,8.3,A,,,9.0,A,,,7.2,A,,,7.0,A,,,7.2,A,,,01467200
2009-10-29 00:00:00+00:00,14.2,A,,,13.9,A,,,,,14.1,A,251.0,A,,,219.0,A,,,,,232.0,A,8.8,A,,,7.9,A,,,8.4,A,,,7.2,A,,,7.0,A,,,7.1,A,,,01467200
2009-10-30 00:00:00+00:00,14.1,A,,,13.0,A,,,,,13.5,A,236.0,A,,,178.0,A,,,,,206.0,A,9.0,A,,,8.0,A,,,8.7,A,,,7.1,A,,,6.9,A,,,7.0,A,,,01467200
2009-10-31 00:00:00+00:00,13.3,A,,,12.9,A,,,,,13.1,A,197.0,A,,,168.0,A,,,,,183.0,A,9.2,A,,,8.4,A,,,8.8,A,,,7.0,A,,,6.9,A,,,7.0,A,,,01467200
2009-11-01 00:00:00+00:00,13.2,A,,,13.0,A,,,,,13.1,A,188.0,A,,,168.0,A,,,,,176.0,A,9.1,A,,,8.2,A,,,8.7,A,,,7.0,A,,,6.9,A,,,7.0,A,,,01467200
2009-11-02 00:00:00+00:00,13.1,A,,,12.9,A,,,,,13.0,A,185.0,A,,,162.0,A,,,,,172.0,A,9.1,A,,,8.4,A,,,8.8,A,,,7.0,A,,,6.9,A,,,7.0,A,,,01467200
2009-11-03 00:00:00+00:00,13.0,A,,,12.8,A,,,,,12.9,A,175.0,A,,,159.0,A,,,,,167.0,A,9.1,A,,,8.5,A,,,8.7,A,,,7.0,A,,,6.9,A,,,7.0,A,,,01467200
2009-11-04 00:00:00+00:00,12.8,A,,,12.7,A,,,,,12.7,A,167.0,A,,,154.0,A,,,,,160.0,A,9.2,A,,,8.5,A,,,8.8,A,,,7.0,A,,,6.9,A,,,7.0,A,,,01467200
2009-11-05 00:00:00+00:00,12.7,A,,,12.5,A,,,,,12.7,A,164.0,A,,,155.0,A,,,,,159.0,A,9.2,A,,,8.6,A,,,8.8,A,,,7.0,A,,,6.9,A,,,7.0,A,,,01467200
2009-11-06 00:00:00+00:00,12.5,A,,,12.1,A,,,,,12.3,A,168.0,A,,,159.0,A,,,,,162.0,A,9.2,A,,,8.6,A,,,9.0,A,,,7.0,A,,,6.8,A,,,7.0,A,,,01467200
2009-11-07 00:00:00+00:00,12.1,A,,,11.9,A,,,,,12.0,A,170.0,A,,,164.0,A,,,,,166.0,A,9.4,A,,,8.7,A,,,9.0,A,,,7.0,A,,,6.9,A,,,7.0,A,,,01467200
2009-11-08 00:00:00+00:00,12.0,A,,,11.7,A,,,,,11.8,A,175.0,A,,,169.0,A,,,,,171.0,A,9.5,A,,,8.6,A,,,9.1,A,,,7.1,A,,,7.0,A,,,7.0,A,,,01467200
2009-11-09 00:00:00+00:00,11.9,A,,,11.6,A,,,,,11.7,A,180.0,A,,,170.0,A,,,,,175.0,A,9.5,A,,,8.7,A,,,9.1,A,,,7.1,A,,,7.0,A,,,7.0,A,,,01467200
2009-11-10 00:00:00+00:00,11.8,A,,,11.5,A,,,,,11.7,A,182.0,A,,,176.0,A,,,,,179.0,A,9.6,A,,,8.9,A,,,9.3,A,,,7.1,A,,,7.0,A,,,7.0,A,,,01467200
2009-11-11 00:00:00+00:00,11.8,A,,,11.3,A,,,,,11.5,A,186.0,A,,,177.0,A,,,,,182.0,A,9.8,A,,,8.8,A,,,9.3,A,,,7.1,A,,,7.0,A,,,7.0,A,,,01467200
2009-11-12 00:00:00+00:00,11.6,A,,,11.0,A,,,,,11.3,A,190.0,A,,,183.0,A,,,,,187.0,A,9.8,A,,,9.1,A,,,9.5,A,,,7.1,A,,,7.0,A,,,7.1,A,,,01467200
2009-11-13 00:00:00+00:00,11.2,A,,,10.6,A,,,,,10.9,A,192.0,A,,,187.0,A,,,,,190.0,A,10.0,A,,,9.2,A,,,9.7,A,,,7.2,A,,,7.0,A,,,7.1,A,,,01467200
2009-11-14 00:00:00+00:00,11.0,A,,,10.5,A,,,,,10.8,A,200.0,A,,,190.0,A,,,,,194.0,A,10.1,A,,,9.0,A,,,9.6,A,,,7.2,A,,,7.1,A,,,7.2,A,,,01467200
2009-11-15 00:00:00+00:00,11.0,A,,,10.4,A,,,,,10.7,A,212.0,A,,,195.0,A,,,,,201.0,A,10.1,A,,,9.0,A,,,9.7,A,,,7.2,A,,,7.1,A,,,7.1,A,,,01467200
2009-11-16 00:00:00+00:00,11.0,A,,,10.5,A,,,,,10.7,A,210.0,A,,,198.0,A,,,,,202.0,A,10.1,A,,,9.2,A,,,9.8,A,,,7.2,A,,,7.1,A,,,7.2,A,,,01467200
2009-11-17 00:00:00+00:00,10.9,A,,,10.5,A,,,,,10.7,A,207.0,A,,,200.0,A,,,,,204.0,A,10.2,A,,,9.5,A,,,9.9,A,,,7.2,A,,,7.1,A,,,7.2,A,,,01467200
2009-11-18 00:00:00+00:00,10.8,A,,,10.5,A,,,,,10.6,A,211.0,A,,,203.0,A,,,,,208.0,A,10.1,A,,,8.9,A,,,9.7,A,,,7.2,A,,,7.1,A,,,7.2,A,,,01467200
2009-11-19 00:00:00+00:00,10.8,A,,,10.6,A,,,,,10.7,A,214.0,A,,,207.0,A,,,,,211.0,A,10.1,A,,,9.3,A,,,9.7,A,,,7.2,A,,,7.1,A,,,7.2,A,,,01467200
2009-11-20 00:00:00+00:00,11.0,A,,,10.7,A,,,,,10.9,A,216.0,A,,,209.0,A,,,,,213.0,A,9.9,A,,,8.8,A,,,9.5,A,,,7.2,A,,,7.0,A,,,7.1,A,,,01467200
2009-11-21 00:00:00+00:00,10.9,A,,,10.8,A,,,,,10.9,A,216.0,A,,,209.0,A,,,,,212.0,A,9.8,A,,,8.9,A,,,9.4,A,,,7.2,A,,,7.1,A,,,7.1,A,,,01467200
2009-11-22 00:00:00+00:00,10.9,A,,,10.7,A,,,,,10.8,A,218.0,A,,,209.0,A,,,,,213.0,A,9.8,A,,,9.0,A,,,9.4,A,,,7.2,A,,,7.0,A,,,7.1,A,,,01467200
2009-11-23 00:00:00+00:00,10.9,A,,,10.8,A,,,,,10.8,A,219.0,A,,,213.0,A,,,,,215.0,A,9.9,A,,,9.1,A,,,9.6,A,,,7.2,A,,,7.1,A,,,7.2,A,,,01467200
2009-11-24 00:00:00+00:00,10.9,A,,,10.8,A,,,,,10.9,A,223.0,A,,,214.0,A,,,,,219.0,A,9.8,A,,,8.7,A,,,9.5,A,,,7.2,A,,,7.1,A,,,7.2,A,,,01467200
2009-11-25 00:00:00+00:00,10.9,A,,,10.8,A,,,,,10.9,A,231.0,A,,,219.0,A,,,,,222.0,A,9.8,A,,,9.0,A,,,9.5,A,,,7.2,A,,,7.1,A,,,7.2,A,,,01467200
2009-11-26 00:00:00+00:00,11.0,A,,,10.9,A,,,,,11.0,A,226.0,A,,,222.0,A,,,,,224.0,A,9.6,A,,,8.8,A,,,9.3,A,,,7.2,A,,,7.1,A,,,7.2,A,,,01467200
2009-11-27 00:00:00+00:00,11.0,A,,,10.7,A,,,,,10.9,A,226.0,A,,,221.0,A,,,,,224.0,A,9.7,A,,,8.8,A,,,9.3,A,,,7.2,A,,,7.1,A,,,7.2,A,,,01467200
2009-11-28 00:00:00+00:00,10.7,A,,,10.2,A,,,,,10.4,A,227.0,A,,,219.0,A,,,,,223.0,A,10.1,A,,,9.3,A,,,9.7,A,,,7.3,A,,,7.2,A,,,7.2,A,,,01467200
2009-11-29 00:00:00+00:00,10.3,A,,,9.9,A,,,,,10.1,A,227.0,A,,,216.0,A,,,,,222.0,A,10.1,A,,,9.3,A,,,9.7,A,,,7.2,A,,,7.2,A,,,7.2,A,,,01467200
2009-11-30 00:00:00+00:00,10.2,A,,,9.9,A,,,,,10.1,A,232.0,A,,,222.0,A,,,,,226.0,A,9.9,A,,,9.2,A,,,9.6,A,,,7.2,A,,,7.1,A,,,7.2,A,,,01467200
2010-03-31 00:00:00+00:00,,,,,,,,,,,,,170.0,A,,,160.0,A,,,,,166.0,A,,,,,,,,,,,,,7.1,A,,,7.0,A,,,7.1,A,,,01467200
2010-04-01 00:00:00+00:00,8.4,A,,,7.8,A,,,,,8.0,A,161.0,A,,,147.0,A,,,,,155.0,A,11.9,A,,,11.5,A,,,11.7,A,,,7.1,A,,,7.0,A,,,7.1,A,,,01467200
2010-04-02 00:00:00+00:00,8.9,A,,,8.3,A,,,,,8.5,A,159.0,A,,,149.0,A,,,,,154.0,A,11.8,A,,,11.0,A,,,11.7,A,,,7.1,A,,,6.9,A,,,7.0,A,,,01467200
2010-04-03 00:00:00+00:00,9.6,A,,,8.8,A,,,,,9.2,A,152.0,A,,,142.0,A,,,,,146.0,A,11.8,A,,,10.9,A,,,11.5,A,,,7.0,A,,,6.9,A,,,7.0,A,,,01467200
2010-04-04 00:00:00+00:00,10.7,A,,,9.5,A,,,,,10.0,A,156.0,A,,,143.0,A,,,,,148.0,A,11.5,A,,,10.9,A,,,11.3,A,,,7.0,A,,,6.8,A,,,6.9,A,,,01467200
2010-04-05 00:00:00+00:00,11.7,A,,,10.6,A,,,,,11.1,A,158.0,A,,,152.0,A,,,,,155.0,A,11.3,A,,,10.3,A,,,11.0,A,,,7.0,A,,,6.8,A,,,6.9,A,,,01467200
2010-04-06 00:00:00+00:00,13.0,A,,,11.7,A,,,,,12.3,A,166.0,A,,,155.0,A,,,,,160.0,A,11.1,A,,,10.1,A,,,10.7,A,,,7.0,A,,,6.8,A,,,6.9,A,,,01467200
2010-04-07 00:00:00+00:00,14.1,A,,,12.7,A,,,,,13.5,A,173.0,A,,,161.0,A,,,,,167.0,A,10.7,A,,,9.8,A,,,10.3,A,,,7.0,A,,,6.9,A,,,7.0,A,,,01467200
2010-04-08 00:00:00+00:00,15.1,A,,,13.8,A,,,,,14.4,A,175.0,A,,,168.0,A,,,,,172.0,A,10.2,A,,,9.4,A,,,10.0,A,,,7.0,A,,,6.8,A,,,6.9,A,,,01467200
2010-04-09 00:00:00+00:00,15.3,A,,,14.7,A,,,,,15.1,A,186.0,A,,,172.0,A,,,,,180.0,A,10.0,A,,,8.8,A,,,9.5,A,,,7.0,A,,,6.8,A,,,6.9,A,,,01467200
2010-04-10 00:00:00+00:00,15.2,A,,,14.8,A,,,,,15.0,A,189.0,A,,,180.0,A,,,,,184.0,A,9.6,A,,,8.6,A,,,9.3,A,,,7.1,A,,,7.0,A,,,7.0,A,,,01467200
2010-04-11 00:00:00+00:00,15.5,A,,,14.9,A,,,,,15.1,A,196.0,A,,,186.0,A,,,,,189.0,A,9.5,A,,,8.4,A,,,9.1,A,,,7.1,A,,,7.0,A,,,7.1,A,,,01467200
2010-04-12 00:00:00+00:00,15.7,A,,,15.3,A,,,,,15.4,A,201.0,A,,,192.0,A,,,,,196.0,A,9.3,A,,,8.3,A,,,8.9,A,,,7.1,A,,,7.0,A,,,7.0,A,,,01467200
2010-04-13 00:00:00+00:00,15.6,A,,,15.3,A,,,,,15.4,A,206.0,A,,,197.0,A,,,,,201.0,A,9.0,A,,,8.1,A,,,8.7,A,,,7.1,A,,,7.0,A,,,7.0,A,,,01467200
2010-04-14 00:00:00+00:00,15.5,A,,,15.1,A,,,,,15.3,A,209.0,A,,,203.0,A,,,,,206.0,A,9.0,A,,,8.0,A,,,8.7,A,,,7.1,A,,,7.0,A,,,7.0,A,,,01467200
2010-04-15 00:00:00+00:00,15.5,A,,,15.0,A,,,,,15.2,A,212.0,A,,,207.0,A,,,,,209.0,A,9.0,A,,,8.1,A,,,8.6,A,,,7.1,A,,,7.0,A,,,7.0,A,,,01467200
2010-04-16 00:00:00+00:00,15.6,A,,,15.1,A,,,,,15.4,A,218.0,A,,,210.0,A,,,,,214.0,A,9.1,A,,,8.0,A,,,8.7,A,,,7.1,A,,,7.0,A,,,7.0,A,,,01467200
2010-04-17 00:00:00+00:00,15.5,A,,,15.0,A,,,,,15.4,A,226.0,A,,,212.0,A,,,,,218.0,A,8.9,A,,,8.2,A,,,8.6,A,,,7.1,A,,,6.9,A,,,7.0,A,,,01467200
2010-04-18 00:00:00+00:00,15.1,A,,,14.7,A,,,,,14.9,A,224.0,A,,,216.0,A,,,,,218.0,A,9.0,A,,,8.3,A,,,8.7,A,,,7.1,A,,,7.0,A,,,7.0,A,,,01467200
2010-04-19 00:00:00+00:00,14.8,A,,,14.3,A,,,,,14.6,A,223.0,A,,,217.0,A,,,,,219.0,A,9.4,A,,,8.2,A,,,8.9,A,,,7.1,A,,,7.0,A,,,7.1,A,,,01467200
2010-04-20 00:00:00+00:00,14.9,A,,,14.3,A,,,,,14.6,A,231.0,A,,,220.0,A,,,,,224.0,A,9.4,A,,,8.6,A,,,9.0,A,,,7.2,A,,,7.1,A,,,7.1,A,,,01467200
2010-04-21 00:00:00+00:00,14.8,A,,,14.5,A,,,,,14.7,A,230.0,A,,,224.0,A,,,,,228.0,A,9.5,A,,,8.7,A,,,9.2,A,,,7.2,A,,,7.1,A,,,7.1,A,,,01467200
2010-04-22 00:00:00+00:00,15.0,A,,,14.6,A,,,,,14.8,A,234.0,A,,,228.0,A,,,,,231.0,A,9.4,A,,,8.5,A,,,9.0,A,,,7.1,A,,,7.1,A,,,7.1,A,,,01467200
2010-04-23 00:00:00+00:00,15.1,A,,,14.8,A,,,,,15.0,A,237.0,A,,,232.0,A,,,,,235.0,A,9.9,A,,,8.8,A,,,9.4,A,,,7.2,A,,,7.1,A,,,7.2,A,,,01467200
2010-04-24 00:00:00+00:00,15.3,A,,,14.9,A,,,,,15.1,A,242.0,A,,,234.0,A,,,,,237.0,A,10.1,A,,,9.2,A,,,9.7,A,,,7.2,A,,,7.1,A,,,7.2,A,,,01467200
2010-04-25 00:00:00+00:00,15.3,A,,,14.9,A,,,,,15.1,A,245.0,A,,,236.0,A,,,,,239.0,A,10.0,A,,,8.7,A,,,9.3,A,,,7.2,A,,,7.1,A,,,7.2,A,,,01467200
2010-04-26 00:00:00+00:00,15.0,A,,,14.7,A,,,,,14.9,A,249.0,A,,,237.0,A,,,,,241.0,A,9.6,A,,,8.4,A,,,9.1,A,,,7.2,A,,,7.1,A,,,7.1,A,,,01467200
2010-04-27 00:00:00+00:00,14.9,A,,,14.6,A,,,,,14.8,A,244.0,A,,,233.0,A,,,,,239.0,A,9.4,A,,,8.2,A,,,9.0,A,,,7.2,A,,,7.1,A,,,7.1,A,,,01467200
2010-04-28 00:00:00+00:00,14.6,A,,,14.4,A,,,,,14.5,A,245.0,A,,,233.0,A,,,,,236.0,A,9.8,A,,,8.8,A,,,9.3,A,,,7.4,A,,,7.2,A,,,7.2,A,,,01467200
2010-04-29 00:00:00+00:00,14.4,A,,,14.0,A,,,,,14.2,A,245.0,A,,,234.0,A,,,,,235.0,A,10.2,A,,,8.9,A,,,9.5,A,,,7.5,A,,,7.2,A,,,7.4,A,,,01467200
2010-04-30 00:00:00+00:00,14.5,A,,,13.8,A,,,,,14.2,A,237.0,A,,,233.0,A,,,,,235.0,A,10.6,A,,,9.0,A,,,9.7,A,,,7.5,A,,,7.3,A,,,7.4,A,,,01467200
2010-05-01 00:00:00+00:00,14.8,A,,,14.1,A,,,,,14.4,A,239.0,A,,,231.0,A,,,,,235.0,A,10.6,A,,,9.4,A,,,10.0,A,,,7.5,A,,,7.3,A,,,7.4,A,,,01467200
2010-05-02 00:00:00+00:00,15.2,A,,,14.4,A,,,,,14.8,A,246.0,A,,,229.0,A,,,,,235.0,A,10.6,A,,,9.5,A,,,10.1,A,,,7.5,A,,,7.3,A,,,7.4,A,,,01467200
2010-05-03 00:00:00+00:00,,,,,,,,,,,15.5,A,,,,,,,,,,,,,,,,,,,,,,,,,,,,,,,,,,,,,01467200
2010-05-05 00:00:00+00:00,,,,,,,,,,,16.7,A,,,,,,,,,,,,,,,,,,,,,,,,,,,,,,,,,,,,,01467200
2010-05-06 00:00:00+00:00,,,,,,,,,,,17.4,A,,,,,,,,,,,,,,,,,,,,,,,,,,,,,,,,,,,,,01467200
2010-05-10 00:00:00+00:00,18.5,A,,,18.1,A,,,,,18.3,A,224.0,A,,,211.0,A,,,,,214.0,A,9.4,A,,,7.7,A,,,8.6,A,,,7.4,A,,,7.2,A,,,7.3,A,,,01467200
2010-05-11 00:00:00+00:00,18.1,A,,,17.8,A,,,,,18.0,A,220.0,A,,,214.0,A,,,,,217.0,A,9.2,A,,,8.0,A,,,8.7,A,,,7.3,A,,,7.2,A,,,7.3,A,,,01467200
2010-05-12 00:00:00+00:00,17.8,A,,,17.4,A,,,,,17.6,A,223.0,A,,,218.0,A,,,,,220.0,A,8.8,A,,,7.3,A,,,8.3,A,,,7.3,A,,,7.2,A,,,7.2,A,,,01467200
2010-05-13 00:00:00+00:00,17.6,A,,,17.2,A,,,,,17.4,A,232.0,A,,,219.0,A,,,,,224.0,A,8.8,A,,,7.0,A,,,8.2,A,,,7.3,A,,,7.2,A,,,7.2,A,,,01467200
2010-05-14 00:00:00+00:00,17.8,A,,,17.3,A,,,,,17.5,A,233.0,A,,,223.0,A,,,,,227.0,A,9.3,A,,,7.2,A,,,8.4,A,,,7.4,A,,,7.1,A,,,7.2,A,,,01467200
2010-05-15 00:00:00+00:00,18.0,A,,,17.6,A,,,,,17.8,A,237.0,A,,,227.0,A,,,,,232.0,A,9.4,A,,,7.4,A,,,8.5,A,,,7.4,A,,,7.2,A,,,7.3,A,,,01467200
2010-05-16 00:00:00+00:00,18.1,A,,,17.6,A,,,,,17.9,A,239.0,A,,,231.0,A,,,,,234.0,A,9.6,A,,,7.6,A,,,8.7,A,,,7.4,A,,,7.2,A,,,7.3,A,,,01467200
2010-05-17 00:00:00+00:00,18.0,A,,,17.7,A,,,,,17.9,A,251.0,A,,,236.0,A,,,,,243.0,A,9.6,A,,,7.9,A,,,8.8,A,,,7.4,A,,,7.2,A,,,7.3,A,,,01467200
2010-05-18 00:00:00+00:00,17.8,A,,,17.3,A,,,,,17.6,A,247.0,A,,,239.0,A,,,,,242.0,A,9.7,A,,,7.0,A,,,8.3,A,,,7.5,A,,,7.2,A,,,7.3,A,,,01467200
2010-05-19 00:00:00+00:00,17.3,A,,,16.9,A,,,,,17.2,A,254.0,A,,,241.0,A,,,,,246.0,A,9.2,A,,,7.1,A,,,8.1,A,,,7.5,A,,,7.1,A,,,7.3,A,,,01467200
2010-05-20 00:00:00+00:00,17.5,A,,,16.7,A,,,,,17.1,A,249.0,A,,,244.0,A,,,,,246.0,A,9.5,A,,,7.0,A,,,8.5,A,,,7.5,A,,,7.2,A,,,7.4,A,,,01467200
2010-05-21 00:00:00+00:00,17.9,A,,,17.1,A,,,,,17.5,A,250.0,A,,,244.0,A,,,,,248.0,A,9.9,A,,,8.0,A,,,8.8,A,,,7.5,A,,,7.3,A,,,7.4,A,,,01467200
2010-05-22 00:00:00+00:00,18.1,A,,,17.7,A,,,,,17.9,A,253.0,A,,,241.0,A,,,,,247.0,A,9.8,A,,,8.1,A,,,8.9,A,,,7.5,A,,,7.3,A,,,7.4,A,,,01467200
2010-05-23 00:00:00+00:00,18.4,A,,,18.1,A,,,,,18.2,A,252.0,A,,,241.0,A,,,,,247.0,A,9.8,A,,,7.8,A,,,8.7,A,,,7.5,A,,,7.2,A,,,7.4,A,,,01467200
2010-05-24 00:00:00+00:00,18.8,A,,,18.3,A,,,,,18.5,A,251.0,A,,,239.0,A,,,,,244.0,A,9.3,A,,,7.7,A,,,8.6,A,,,7.4,A,,,7.3,A,,,7.3,A,,,01467200
2010-05-25 00:00:00+00:00,19.4,A,,,18.6,A,,,,,18.9,A,252.0,A,,,240.0,A,,,,,246.0,A,9.1,A,,,7.4,A,,,8.4,A,,,7.4,A,,,7.2,A,,,7.3,A,,,01467200
2010-05-26 00:00:00+00:00,19.9,A,,,19.2,A,,,,,19.5,A,252.0,A,,,243.0,A,,,,,248.0,A,9.0,A,,,7.1,A,,,8.1,A,,,7.4,A,,,7.2,A,,,7.3,A,,,01467200
2010-05-27 00:00:00+00:00,20.5,A,,,19.8,A,,,,,20.1,A,254.0,A,,,243.0,A,,,,,249.0,A,8.9,A,,,6.9,A,,,8.2,A,,,7.4,A,,,7.2,A,,,7.3,A,,,01467200
2010-05-28 00:00:00+00:00,20.7,A,,,20.2,A,,,,,20.4,A,260.0,A,,,247.0,A,,,,,253.0,A,8.7,A,,,6.6,A,,,8.0,A,,,7.3,A,,,7.2,A,,,7.3,A,,,01467200
2010-05-29 00:00:00+00:00,21.1,A,,,20.5,A,,,,,20.7,A,259.0,A,,,246.0,A,,,,,253.0,A,8.7,A,,,7.1,A,,,7.9,A,,,7.4,A,,,7.2,A,,,7.3,A,,,01467200
2010-05-30 00:00:00+00:00,21.7,A,,,20.9,A,,,,,21.2,A,258.0,A,,,247.0,A,,,,,252.0,A,8.5,A,,,6.7,A,,,7.8,A,,,7.4,A,,,7.2,A,,,7.3,A,,,01467200
2010-05-31 00:00:00+00:00,22.2,A,,,21.4,A,,,,,21.8,A,262.0,A,,,246.0,A,,,,,254.0,A,8.5,A,,,6.9,A,,,7.8,A,,,7.4,A,,,7.2,A,,,7.3,A,,,01467200
2010-06-01 00:00:00+00:00,22.5,A,,,22.0,A,,,,,22.3,A,261.0,A,,,249.0,A,,,,,255.0,A,8.0,A,,,6.5,A,,,7.4,A,,,7.3,A,,,7.2,A,,,7.3,A,,,01467200
2010-06-02 00:00:00+00:00,23.2,A,,,22.4,A,,,,,22.8,A,261.0,A,,,251.0,A,,,,,255.0,A,7.7,A,,,6.0,A,,,7.0,A,,,7.3,A,,,7.1,A,,,7.2,A,,,01467200
2010-06-03 00:00:00+00:00,23.7,A,,,23.0,A,,,,,23.3,A,265.0,A,,,253.0,A,,,,,259.0,A,7.5,A,,,5.8,A,,,6.8,A,,,7.2,A,,,7.1,A,,,7.2,A,,,01467200
2010-06-04 00:00:00+00:00,24.3,A,,,23.4,A,,,,,23.8,A,269.0,A,,,255.0,A,,,,,261.0,A,7.3,A,,,5.9,A,,,6.8,A,,,7.3,A,,,7.1,A,,,7.2,A,,,01467200
2010-06-05 00:00:00+00:00,24.8,A,,,23.9,A,,,,,24.3,A,271.0,A,,,258.0,A,,,,,264.0,A,7.2,A,,,5.8,A,,,6.6,A,,,7.3,A,,,7.1,A,,,7.2,A,,,01467200
2010-06-06 00:00:00+00:00,25.0,A,,,24.4,A,,,,,24.7,A,272.0,A,,,261.0,A,,,,,266.0,A,7.3,A,,,5.6,A,,,6.6,A,,,7.3,A,,,7.1,A,,,7.2,A,,,01467200
2010-06-07 00:00:00+00:00,24.8,A,,,24.3,A,,,,,24.5,A,271.0,A,,,264.0,A,,,,,267.0,A,7.2,A,,,5.7,A,,,6.5,A,,,7.4,A,,,7.2,A,,,7.2,A,,,01467200
2010-06-08 00:00:00+00:00,24.6,A,,,24.2,A,,,,,24.4,A,276.0,A,,,267.0,A,,,,,270.0,A,7.4,A,,,5.7,A,,,6.5,A,,,7.5,A,,,7.2,A,,,7.4,A,,,01467200
2010-06-09 00:00:00+00:00,24.3,A,,,23.8,A,,,,,24.1,A,280.0,A,,,269.0,A,,,,,274.0,A,,,,,,,,,,,,,7.4,A,,,7.3,A,,,7.4,A,,,01467200
2010-06-10 00:00:00+00:00,24.2,A,,,23.7,A,,,,,23.9,A,280.0,A,,,272.0,A,,,,,276.0,A,,,,,,,,,,,,,7.3,A,,,7.3,A,,,7.3,A,,,01467200
2010-06-11 00:00:00+00:00,24.3,A,,,23.8,A,,,,,24.0,A,282.0,A,,,274.0,A,,,,,277.0,A,,,,,,,,,,,,,7.4,A,,,7.2,A,,,7.3,A,,,01467200
2010-06-12 00:00:00+00:00,24.5,A,,,23.8,A,,,,,24.1,A,287.0,A,,,276.0,A,,,,,280.0,A,,,,,,,,,,,,,7.3,A,,,7.3,A,,,7.3,A,,,01467200
2010-06-13 00:00:00+00:00,24.9,A,,,24.2,A,,,,,24.5,A,285.0,A,,,275.0,A,,,,,281.0,A,,,,,,,,,,,,,7.3,A,,,7.2,A,,,7.3,A,,,01467200
2010-06-14 00:00:00+00:00,25.0,A,,,24.5,A,,,,,24.7,A,289.0,A,,,275.0,A,,,,,280.0,A,,,,,,,,,,,,,7.3,A,,,7.2,A,,,7.3,A,,,01467200
2010-06-15 00:00:00+00:00,25.2,A,,,24.6,A,,,,,24.9,A,288.0,A,,,274.0,A,,,,,281.0,A,,,,,,,,,,,,,7.3,A,,,7.2,A,,,7.2,A,,,01467200
2010-06-16 00:00:00+00:00,25.2,A,,,24.8,A,,,,,25.0,A,286.0,A,,,276.0,A,,,,,280.0,A,,,,,,,,,,,,,7.3,A,,,7.2,A,,,7.3,A,,,01467200
2010-06-17 00:00:00+00:00,25.2,A,,,24.9,A,,,,,25.0,A,286.0,A,,,279.0,A,,,,,283.0,A,,,,,,,,,,,,,7.3,A,,,7.2,A,,,7.3,A,,,01467200
2010-06-18 00:00:00+00:00,25.2,A,,,24.7,A,,,,,24.9,A,292.0,A,,,282.0,A,,,,,286.0,A,,,,,,,,,,,,,7.4,A,,,7.3,A,,,7.3,A,,,01467200
2010-06-19 00:00:00+00:00,25.2,A,,,24.8,A,,,,,25.0,A,295.0,A,,,286.0,A,,,,,290.0,A,,,,,,,,,,,,,7.4,A,,,7.3,A,,,7.3,A,,,01467200
2010-06-20 00:00:00+00:00,25.5,A,,,25.0,A,,,,,25.2,A,297.0,A,,,288.0,A,,,,,292.0,A,,,,,,,,,,,,,7.4,A,,,7.3,A,,,7.3,A,,,01467200
2010-06-21 00:00:00+00:00,25.7,A,,,25.2,A,,,,,25.5,A,299.0,A,,,289.0,A,,,,,294.0,A,,,,,,,,,,,,,7.4,A,,,7.3,A,,,7.3,A,,,01467200
2010-06-22 00:00:00+00:00,25.9,A,,,25.5,A,,,,,25.8,A,300.0,A,,,288.0,A,,,,,294.0,A,,,,,,,,,,,,,7.4,A,,,7.3,A,,,7.3,A,,,01467200
2010-06-23 00:00:00+00:00,26.1,A,,,25.7,A,,,,,25.9,A,303.0,A,,,288.0,A,,,,,294.0,A,,,,,,,,,,,,,7.4,A,,,7.2,A,,,7.3,A,,,01467200
2010-06-24 00:00:00+00:00,26.3,A,,,26.0,A,,,,,26.2,A,303.0,A,,,284.0,A,,,,,294.0,A,,,,,,,,,,,,,7.3,A,,,7.2,A,,,7.3,A,,,01467200
2010-06-25 00:00:00+00:00,26.6,A,,,26.2,A,,,,,26.4,A,303.0,A,,,279.0,A,,,,,292.0,A,,,,,,,,,,,,,7.3,A,,,7.2,A,,,7.3,A,,,01467200
2010-06-26 00:00:00+00:00,26.8,A,,,26.4,A,,,,,26.6,A,308.0,A,,,281.0,A,,,,,295.0,A,,,,,,,,,,,,,7.5,A,,,7.2,A,,,7.3,A,,,01467200
2010-06-27 00:00:00+00:00,27.0,A,,,26.6,A,,,,,26.8,A,302.0,A,,,278.0,A,,,,,291.0,A,,,,,,,,,,,,,7.5,A,,,7.3,A,,,7.4,A,,,01467200
2010-06-28 00:00:00+00:00,27.2,A,,,26.9,A,,,,,27.0,A,297.0,A,,,275.0,A,,,,,286.0,A,,,,,,,,,,,,,7.5,A,,,7.4,A,,,7.4,A,,,01467200
2010-06-29 00:00:00+00:00,27.3,A,,,27.1,A,,,,,27.2,A,297.0,A,,,274.0,A,,,,,285.0,A,,,,,,,,,,,,,7.5,A,,,7.3,A,,,7.4,A,,,01467200
2010-06-30 00:00:00+00:00,27.2,A,,,26.8,A,,,,,27.0,A,298.0,A,,,270.0,A,,,,,282.0,A,,,,,,,,,,,,,7.5,A,,,7.3,A,,,7.4,A,,,01467200
2010-07-01 00:00:00+00:00,26.8,A,,,26.5,A,,,,,26.7,A,298.0,A,,,272.0,A,,,,,286.0,A,,,,,,,,,,,,,7.5,A,,,7.4,A,,,7.4,A,,,01467200
2010-07-02 00:00:00+00:00,26.5,A,,,26.2,A,,,,,26.4,A,299.0,A,,,271.0,A,,,,,282.0,A,,,,,,,,,,,,,7.5,A,,,7.4,A,,,7.5,A,,,01467200
2010-07-03 00:00:00+00:00,26.5,A,,,26.1,A,,,,,26.3,A,300.0,A,,,274.0,A,,,,,287.0,A,,,,,,,,,,,,,7.5,A,,,7.4,A,,,7.5,A,,,01467200
2010-07-04 00:00:00+00:00,26.7,A,,,26.2,A,,,,,26.4,A,304.0,A,,,276.0,A,,,,,288.0,A,,,,,,,,,,,,,7.5,A,,,7.4,A,,,7.5,A,,,01467200
2010-07-05 00:00:00+00:00,26.9,A,,,26.4,A,,,,,26.6,A,298.0,A,,,276.0,A,,,,,287.0,A,,,,,,,,,,,,,7.5,A,,,7.4,A,,,7.4,A,,,01467200
2010-07-06 00:00:00+00:00,27.4,A,,,26.7,A,,,,,27.0,A,301.0,A,,,279.0,A,,,,,289.0,A,,,,,,,,,,,,,7.5,A,,,7.3,A,,,7.4,A,,,01467200
2010-07-07 00:00:00+00:00,27.8,A,,,27.1,A,,,,,27.4,A,300.0,A,,,280.0,A,,,,,290.0,A,,,,,,,,,,,,,7.4,A,,,7.3,A,,,7.4,A,,,01467200
2010-07-08 00:00:00+00:00,27.9,A,,,27.5,A,,,,,27.6,A,308.0,A,,,282.0,A,,,,,293.0,A,,,,,,,,,,,,,,,,,,,,,,,,,01467200
2010-07-09 00:00:00+00:00,,,,,,,,,,,27.7,A,,,,,,,,,,,,,,,,,,,,,,,,,,,,,,,,,,,,,01467200
2010-07-10 00:00:00+00:00,,,,,,,,,,,27.6,A,,,,,,,,,,,,,,,,,,,,,,,,,,,,,,,,,,,,,01467200
2010-07-13 00:00:00+00:00,,,,,,,,,,,27.7,A,,,,,,,,,,,,,,,,,,,,,,,,,,,,,,,,,,,,,01467200
2010-07-14 00:00:00+00:00,,,,,,,,,,,27.6,A,,,,,,,,,,,,,,,,,,,,,,,,,,,,,,,,,,,,,01467200
2010-07-15 00:00:00+00:00,27.7,A,,,27.4,A,,,,,27.5,A,284.0,A,,,260.0,A,,,,,271.0,A,,,,,,,,,,,,,7.0,A,,,6.9,A,,,7.0,A,,,01467200
2010-07-16 00:00:00+00:00,27.9,A,,,27.5,A,,,,,27.7,A,281.0,A,,,263.0,A,,,,,271.0,A,,,,,,,,,,,,,7.0,A,,,6.9,A,,,7.0,A,,,01467200
2010-07-17 00:00:00+00:00,28.2,A,,,27.7,A,,,,,27.9,A,286.0,A,,,268.0,A,,,,,277.0,A,,,,,,,,,,,,,7.1,A,,,6.9,A,,,7.0,A,,,01467200
2010-07-18 00:00:00+00:00,28.3,A,,,27.9,A,,,,,28.1,A,285.0,A,,,271.0,A,,,,,278.0,A,,,,,,,,,,,,,7.1,A,,,7.0,A,,,7.1,A,,,01467200
2010-07-19 00:00:00+00:00,28.5,A,,,28.1,A,,,,,28.2,A,286.0,A,,,275.0,A,,,,,280.0,A,,,,,,,,,,,,,7.1,A,,,7.0,A,,,7.1,A,,,01467200
2010-07-20 00:00:00+00:00,28.5,A,,,28.2,A,,,,,28.3,A,291.0,A,,,277.0,A,,,,,284.0,A,,,,,,,,,,,,,7.1,A,,,7.0,A,,,7.0,A,,,01467200
2010-07-21 00:00:00+00:00,28.7,A,,,28.2,A,,,,,28.4,A,292.0,A,,,278.0,A,,,,,285.0,A,,,,,,,,,,,,,7.2,A,,,7.0,A,,,7.1,A,,,01467200
2010-07-22 00:00:00+00:00,28.6,A,,,28.3,A,,,,,28.4,A,293.0,A,,,278.0,A,,,,,286.0,A,,,,,,,,,,,,,7.2,A,,,7.1,A,,,7.2,A,,,01467200
2010-07-23 00:00:00+00:00,28.7,A,,,28.3,A,,,,,28.5,A,296.0,A,,,278.0,A,,,,,287.0,A,,,,,,,,,,,,,7.2,A,,,6.9,A,,,7.0,A,,,01467200
2010-07-24 00:00:00+00:00,28.9,A,,,28.5,A,,,,,28.7,A,297.0,A,,,280.0,A,,,,,289.0,A,,,,,,,,,,,,,7.0,A,,,6.9,A,,,6.9,A,,,01467200
2010-07-25 00:00:00+00:00,28.9,A,,,28.7,A,,,,,28.8,A,301.0,A,,,278.0,A,,,,,290.0,A,,,,,,,,,,,,,7.0,A,,,6.8,A,,,6.9,A,,,01467200
2010-07-26 00:00:00+00:00,28.8,A,,,28.4,A,,,,,28.6,A,298.0,A,,,279.0,A,,,,,289.0,A,,,,,,,,,,,,,7.0,A,,,6.9,A,,,7.0,A,,,01467200
2010-07-27 00:00:00+00:00,28.7,A,,,28.4,A,,,,,28.6,A,293.0,A,,,274.0,A,,,,,284.0,A,,,,,,,,,,,,,7.0,A,,,6.9,A,,,7.0,A,,,01467200
2010-07-28 00:00:00+00:00,28.6,A,,,28.4,A,,,,,28.5,A,297.0,A,,,276.0,A,,,,,287.0,A,,,,,,,,,,,,,7.0,A,,,6.9,A,,,7.0,A,,,01467200
2010-07-29 00:00:00+00:00,28.6,A,,,28.4,A,,,,,28.5,A,295.0,A,,,278.0,A,,,,,285.0,A,,,,,,,,,,,,,7.0,A,,,6.9,A,,,6.9,A,,,01467200
2010-07-30 00:00:00+00:00,28.5,A,,,28.1,A,,,,,28.2,A,295.0,A,,,277.0,A,,,,,285.0,A,,,,,,,,,,,,,7.0,A,,,6.9,A,,,7.0,A,,,01467200
2010-07-31 00:00:00+00:00,28.2,A,,,27.9,A,,,,,28.0,A,304.0,A,,,280.0,A,,,,,290.0,A,,,,,,,,,,,,,7.0,A,,,6.9,A,,,7.0,A,,,01467200
2010-08-01 00:00:00+00:00,28.0,A,,,27.8,A,,,,,27.9,A,303.0,A,,,284.0,A,,,,,292.0,A,,,,,,,,,,,,,7.1,A,,,7.0,A,,,7.1,A,,,01467200
2010-08-02 00:00:00+00:00,27.8,A,,,27.6,A,,,,,27.7,A,303.0,A,,,285.0,A,,,,,294.0,A,,,,,,,,,,,,,7.1,A,,,7.0,A,,,7.0,A,,,01467200
2010-08-03 00:00:00+00:00,27.7,A,,,27.5,A,,,,,27.6,A,306.0,A,,,288.0,A,,,,,296.0,A,,,,,,,,,,,,,7.1,A,,,7.0,A,,,7.0,A,,,01467200
2010-08-04 00:00:00+00:00,27.8,A,,,27.4,A,,,,,27.6,A,308.0,A,,,290.0,A,,,,,299.0,A,,,,,,,,,,,,,7.1,A,,,7.0,A,,,7.0,A,,,01467200
2010-08-05 00:00:00+00:00,27.9,A,,,27.6,A,,,,,27.7,A,311.0,A,,,292.0,A,,,,,299.0,A,,,,,,,,,,,,,7.1,A,,,7.0,A,,,7.0,A,,,01467200
2010-08-06 00:00:00+00:00,28.0,A,,,27.6,A,,,,,27.8,A,328.0,A,,,291.0,A,,,,,303.0,A,,,,,,,,,,,,,7.3,A,,,7.0,A,,,7.1,A,,,01467200
2010-08-07 00:00:00+00:00,27.9,A,,,27.6,A,,,,,27.7,A,333.0,A,,,294.0,A,,,,,312.0,A,5.4,A,,,4.6,A,,,4.9,A,,,7.3,A,,,7.2,A,,,7.2,A,,,01467200
2010-08-08 00:00:00+00:00,28.0,A,,,27.6,A,,,,,27.8,A,340.0,A,,,295.0,A,,,,,315.0,A,5.5,A,,,4.7,A,,,5.0,A,,,7.3,A,,,7.2,A,,,7.3,A,,,01467200
2010-08-09 00:00:00+00:00,28.1,A,,,27.7,A,,,,,27.9,A,343.0,A,,,296.0,A,,,,,319.0,A,5.5,A,,,4.7,A,,,5.1,A,,,7.3,A,,,7.2,A,,,7.3,A,,,01467200
2010-08-10 00:00:00+00:00,28.3,A,,,27.8,A,,,,,28.0,A,345.0,A,,,299.0,A,,,,,321.0,A,5.3,A,,,4.7,A,,,5.0,A,,,7.3,A,,,7.2,A,,,7.2,A,,,01467200
2010-08-11 00:00:00+00:00,28.5,A,,,28.1,A,,,,,28.2,A,345.0,A,,,299.0,A,,,,,323.0,A,5.2,A,,,4.5,A,,,4.8,A,,,7.3,A,,,7.2,A,,,7.2,A,,,01467200
2010-08-12 00:00:00+00:00,28.4,A,,,28.0,A,,,,,28.2,A,355.0,A,,,300.0,A,,,,,330.0,A,5.1,A,,,4.5,A,,,4.7,A,,,7.4,A,,,7.2,A,,,7.3,A,,,01467200
2010-08-13 00:00:00+00:00,28.0,A,,,27.6,A,,,,,27.8,A,360.0,A,,,305.0,A,,,,,335.0,A,5.0,A,,,4.5,A,,,4.8,A,,,7.4,A,,,7.3,A,,,7.3,A,,,01467200
2010-08-14 00:00:00+00:00,27.6,A,,,27.4,A,,,,,27.5,A,363.0,A,,,307.0,A,,,,,335.0,A,5.0,A,,,4.4,A,,,4.8,A,,,7.4,A,,,7.3,A,,,7.3,A,,,01467200
2010-08-15 00:00:00+00:00,27.4,A,,,27.1,A,,,,,27.2,A,367.0,A,,,306.0,A,,,,,337.0,A,5.0,A,,,4.5,A,,,4.8,A,,,7.4,A,,,7.3,A,,,7.3,A,,,01467200
2010-08-16 00:00:00+00:00,27.3,A,,,27.0,A,,,,,27.1,A,363.0,A,,,307.0,A,,,,,336.0,A,5.1,A,,,4.3,A,,,4.7,A,,,7.4,A,,,7.3,A,,,7.3,A,,,01467200
2010-08-17 00:00:00+00:00,27.5,A,,,27.2,A,,,,,27.3,A,360.0,A,,,307.0,A,,,,,331.0,A,5.1,A,,,4.3,A,,,4.7,A,,,7.4,A,,,7.2,A,,,7.2,A,,,01467200
2010-08-18 00:00:00+00:00,27.4,A,,,27.2,A,,,,,27.3,A,369.0,A,,,304.0,A,,,,,333.0,A,5.0,A,,,4.4,A,,,4.8,A,,,7.4,A,,,7.2,A,,,7.3,A,,,01467200
2010-08-19 00:00:00+00:00,27.5,A,,,27.1,A,,,,,27.3,A,365.0,A,,,303.0,A,,,,,332.0,A,5.1,A,,,4.3,A,,,4.7,A,,,7.4,A,,,7.3,A,,,7.3,A,,,01467200
2010-08-20 00:00:00+00:00,27.5,A,,,27.2,A,,,,,27.3,A,370.0,A,,,307.0,A,,,,,333.0,A,5.2,A,,,4.4,A,,,4.8,A,,,7.4,A,,,7.3,A,,,7.3,A,,,01467200
2010-08-21 00:00:00+00:00,27.4,A,,,27.1,A,,,,,27.2,A,371.0,A,,,304.0,A,,,,,335.0,A,5.4,A,,,4.7,A,,,5.0,A,,,7.4,A,,,7.3,A,,,7.3,A,,,01467200
2010-08-22 00:00:00+00:00,27.3,A,,,27.1,A,,,,,27.2,A,379.0,A,,,313.0,A,,,,,342.0,A,5.3,A,,,4.7,A,,,5.0,A,,,7.4,A,,,7.3,A,,,7.3,A,,,01467200
2010-08-23 00:00:00+00:00,27.1,A,,,26.8,A,,,,,27.0,A,373.0,A,,,313.0,A,,,,,341.0,A,5.0,A,,,4.4,A,,,4.7,A,,,7.4,A,,,7.3,A,,,7.3,A,,,01467200
2010-08-24 00:00:00+00:00,26.8,A,,,26.3,A,,,,,26.5,A,384.0,A,,,312.0,A,,,,,345.0,A,4.8,A,,,4.5,A,,,4.7,A,,,7.4,A,,,7.2,A,,,7.4,A,,,01467200
2010-08-25 00:00:00+00:00,26.3,A,,,25.9,A,,,,,26.1,A,380.0,A,,,307.0,A,,,,,339.0,A,4.7,A,,,4.4,A,,,4.5,A,,,7.2,A,,,7.1,A,,,7.2,A,,,01467200
2010-08-26 00:00:00+00:00,26.0,A,,,25.7,A,,,,,25.9,A,361.0,A,,,298.0,A,,,,,326.0,A,4.7,A,,,4.1,A,,,4.4,A,,,7.1,A,,,7.0,A,,,7.1,A,,,01467200
2010-08-27 00:00:00+00:00,25.8,A,,,25.5,A,,,,,25.6,A,352.0,A,,,296.0,A,,,,,320.0,A,4.8,A,,,4.2,A,,,4.6,A,,,7.1,A,,,7.0,A,,,7.1,A,,,01467200
2010-08-28 00:00:00+00:00,25.9,A,,,25.4,A,,,,,25.6,A,344.0,A,,,293.0,A,,,,,316.0,A,5.1,A,,,4.4,A,,,4.8,A,,,7.1,A,,,7.1,A,,,7.1,A,,,01467200
2010-08-29 00:00:00+00:00,25.9,A,,,25.5,A,,,,,25.6,A,341.0,A,,,296.0,A,,,,,316.0,A,5.3,A,,,4.7,A,,,5.0,A,,,7.1,A,,,7.1,A,,,7.1,A,,,01467200
2010-08-30 00:00:00+00:00,26.0,A,,,25.6,A,,,,,25.8,A,335.0,A,,,293.0,A,,,,,315.0,A,5.6,A,,,4.7,A,,,5.1,A,,,7.1,A,,,7.0,A,,,7.1,A,,,01467200
2010-08-31 00:00:00+00:00,26.2,A,,,25.8,A,,,,,26.0,A,338.0,A,,,296.0,A,,,,,316.0,A,5.5,A,,,4.9,A,,,5.2,A,,,7.1,A,,,7.0,A,,,7.1,A,,,01467200
2010-09-01 00:00:00+00:00,26.4,A,,,26.1,A,,,,,26.2,A,346.0,A,,,297.0,A,,,,,318.0,A,5.6,A,,,4.8,A,,,5.2,A,,,7.1,A,,,7.1,A,,,7.1,A,,,01467200
2010-09-02 00:00:00+00:00,26.6,A,,,26.2,A,,,,,26.4,A,355.0,A,,,300.0,A,,,,,322.0,A,5.8,A,,,4.9,A,,,5.3,A,,,7.2,A,,,7.1,A,,,7.1,A,,,01467200
2010-09-03 00:00:00+00:00,26.5,A,,,26.4,A,,,,,26.4,A,364.0,A,,,301.0,A,,,,,324.0,A,5.6,A,,,4.8,A,,,5.2,A,,,7.1,A,,,7.0,A,,,7.1,A,,,01467200
2010-09-04 00:00:00+00:00,26.5,A,,,26.0,A,,,,,26.2,A,362.0,A,,,310.0,A,,,,,335.0,A,5.7,A,,,4.6,A,,,5.1,A,,,7.2,A,,,7.0,A,,,7.1,A,,,01467200
2010-09-05 00:00:00+00:00,26.0,A,,,25.5,A,,,,,25.7,A,362.0,A,,,305.0,A,,,,,328.0,A,5.9,A,,,4.9,A,,,5.4,A,,,7.3,A,,,7.1,A,,,7.1,A,,,01467200
2010-09-06 00:00:00+00:00,25.6,A,,,25.1,A,,,,,25.4,A,367.0,A,,,299.0,A,,,,,333.0,A,6.0,A,,,5.1,A,,,5.5,A,,,7.3,A,,,7.2,A,,,7.3,A,,,01467200
2010-09-07 00:00:00+00:00,25.5,A,,,25.0,A,,,,,25.3,A,382.0,A,,,301.0,A,,,,,337.0,A,6.3,A,,,5.2,A,,,5.7,A,,,7.3,A,,,7.2,A,,,7.3,A,,,01467200
2010-09-08 00:00:00+00:00,25.4,A,,,25.0,A,,,,,25.2,A,379.0,A,,,298.0,A,,,,,337.0,A,6.3,A,,,5.4,A,,,5.8,A,,,7.4,A,,,7.3,A,,,7.3,A,,,01467200
2010-09-09 00:00:00+00:00,25.0,A,,,24.3,A,,,,,24.7,A,371.0,A,,,296.0,A,,,,,333.0,A,6.2,A,,,5.5,A,,,5.9,A,,,7.4,A,,,7.3,A,,,7.3,A,,,01467200
2010-09-10 00:00:00+00:00,24.4,A,,,23.8,A,,,,,24.2,A,378.0,A,,,298.0,A,,,,,338.0,A,6.1,A,,,5.4,A,,,5.8,A,,,7.4,A,,,7.3,A,,,7.3,A,,,01467200
2010-09-11 00:00:00+00:00,24.0,A,,,23.7,A,,,,,23.8,A,389.0,A,,,292.0,A,,,,,343.0,A,6.0,A,,,5.5,A,,,5.8,A,,,7.4,A,,,7.3,A,,,7.3,A,,,01467200
2010-09-12 00:00:00+00:00,23.7,A,,,23.4,A,,,,,23.6,A,407.0,A,,,239.0,A,,,,,345.0,A,5.8,A,,,5.3,A,,,5.5,A,,,7.3,A,,,7.2,A,,,7.3,A,,,01467200
2010-09-13 00:00:00+00:00,23.6,A,,,23.3,A,,,,,23.4,A,399.0,A,,,298.0,A,,,,,345.0,A,5.5,A,,,4.9,A,,,5.2,A,,,7.3,A,,,7.2,A,,,7.2,A,,,01467200
2010-09-14 00:00:00+00:00,23.5,A,,,23.3,A,,,,,23.4,A,390.0,A,,,303.0,A,,,,,342.0,A,5.3,A,,,4.8,A,,,5.1,A,,,7.4,A,,,7.1,A,,,7.2,A,,,01467200
2010-09-15 00:00:00+00:00,23.3,A,,,23.1,A,,,,,23.2,A,407.0,A,,,297.0,A,,,,,338.0,A,5.3,A,,,4.7,A,,,5.0,A,,,7.4,A,,,7.3,A,,,7.3,A,,,01467200
2010-09-16 00:00:00+00:00,23.2,A,,,22.9,A,,,,,23.0,A,395.0,A,,,288.0,A,,,,,337.0,A,5.6,A,,,4.9,A,,,5.2,A,,,7.4,A,,,7.3,A,,,7.3,A,,,01467200
2010-09-17 00:00:00+00:00,23.1,A,,,22.9,A,,,,,23.0,A,383.0,A,,,283.0,A,,,,,324.0,A,5.4,A,,,4.7,A,,,5.1,A,,,7.4,A,,,7.2,A,,,7.3,A,,,01467200
2010-09-18 00:00:00+00:00,23.0,A,,,22.6,A,,,,,22.8,A,393.0,A,,,285.0,A,,,,,329.0,A,5.3,A,,,4.8,A,,,5.1,A,,,7.2,A,,,7.2,A,,,7.2,A,,,01467200
2010-09-19 00:00:00+00:00,23.0,A,,,22.7,A,,,,,22.9,A,406.0,A,,,291.0,A,,,,,337.0,A,5.3,A,,,4.8,A,,,5.0,A,,,7.3,A,,,7.2,A,,,7.2,A,,,01467200
2010-09-20 00:00:00+00:00,23.0,A,,,22.7,A,,,,,22.8,A,403.0,A,,,292.0,A,,,,,333.0,A,5.4,A,,,4.8,A,,,5.1,A,,,7.2,A,,,7.2,A,,,7.2,A,,,01467200
2010-09-21 00:00:00+00:00,22.7,A,,,22.5,A,,,,,22.6,A,405.0,A,,,294.0,A,,,,,345.0,A,5.6,A,,,4.9,A,,,5.2,A,,,7.2,A,,,7.2,A,,,7.2,A,,,01467200
2010-09-22 00:00:00+00:00,22.7,A,,,22.4,A,,,,,22.5,A,426.0,A,,,297.0,A,,,,,348.0,A,5.8,A,,,5.1,A,,,5.4,A,,,7.2,A,,,7.2,A,,,7.2,A,,,01467200
2010-09-23 00:00:00+00:00,23.0,A,,,22.6,A,,,,,22.7,A,385.0,A,,,293.0,A,,,,,336.0,A,5.8,A,,,5.1,A,,,5.4,A,,,7.2,A,,,7.1,A,,,7.2,A,,,01467200
2010-09-24 00:00:00+00:00,23.1,A,,,22.8,A,,,,,22.9,A,418.0,A,,,305.0,A,,,,,354.0,A,5.6,A,,,5.1,A,,,5.3,A,,,7.2,A,,,7.1,A,,,7.2,A,,,01467200
2010-09-25 00:00:00+00:00,23.4,A,,,22.9,A,,,,,23.1,A,410.0,A,,,301.0,A,,,,,353.0,A,5.8,A,,,5.0,A,,,5.3,A,,,7.2,A,,,7.1,A,,,7.1,A,,,01467200
2010-09-26 00:00:00+00:00,23.1,A,,,22.7,A,,,,,22.9,A,431.0,A,,,302.0,A,,,,,352.0,A,5.7,A,,,5.1,A,,,5.4,A,,,7.2,A,,,7.1,A,,,7.2,A,,,01467200
2010-09-27 00:00:00+00:00,22.8,A,,,22.6,A,,,,,22.7,A,467.0,A,,,310.0,A,,,,,374.0,A,5.6,A,,,5.1,A,,,5.3,A,,,7.2,A,,,7.1,A,,,7.2,A,,,01467200
2010-09-28 00:00:00+00:00,22.8,A,,,22.7,A,,,,,22.7,A,443.0,A,,,317.0,A,,,,,380.0,A,5.6,A,,,5.1,A,,,5.3,A,,,7.2,A,,,7.1,A,,,7.2,A,,,01467200
2010-09-29 00:00:00+00:00,22.8,A,,,22.6,A,,,,,22.7,A,428.0,A,,,306.0,A,,,,,360.0,A,5.6,A,,,5.0,A,,,5.3,A,,,7.2,A,,,7.1,A,,,7.1,A,,,01467200
2010-09-30 00:00:00+00:00,22.8,A,,,22.6,A,,,,,22.7,A,472.0,A,,,312.0,A,,,,,375.0,A,5.6,A,,,4.9,A,,,5.3,A,,,7.2,A,,,7.1,A,,,7.1,A,,,01467200
2010-10-01 00:00:00+00:00,22.7,A,,,21.8,A,,,,,22.3,A,375.0,A,,,242.0,A,,,,,295.0,A,6.5,A,,,5.2,A,,,5.8,A,,,7.2,A,,,7.1,A,,,7.1,A,,,01467200
2010-10-02 00:00:00+00:00,21.8,A,,,19.9,A,,,,,21.1,A,258.0,A,,,191.0,A,,,,,236.0,A,6.8,A,,,6.0,A,,,6.4,A,,,7.3,A,,,7.2,A,,,7.2,A,,,01467200
2010-10-03 00:00:00+00:00,20.0,A,,,17.8,A,,,,,18.4,A,201.0,A,,,127.0,A,,,,,153.0,A,7.1,A,,,6.7,A,,,6.9,A,,,7.2,A,,,6.9,A,,,7.1,A,,,01467200
2010-10-04 00:00:00+00:00,18.1,A,,,16.8,A,,,,,17.4,A,150.0,A,,,108.0,A,,,,,124.0,A,7.3,A,,,6.8,A,,,7.0,A,,,7.0,A,,,6.9,A,,,6.9,A,,,01467200
2010-10-05 00:00:00+00:00,17.2,A,,,16.1,A,,,,,16.6,A,123.0,A,,,106.0,A,,,,,113.0,A,7.6,A,,,6.9,A,,,7.3,A,,,6.9,A,,,6.8,A,,,6.9,A,,,01467200
2010-10-06 00:00:00+00:00,16.6,A,,,15.8,A,,,,,16.1,A,123.0,A,,,110.0,A,,,,,116.0,A,7.9,A,,,7.0,A,,,7.5,A,,,6.9,A,,,6.8,A,,,6.9,A,,,01467200
2010-10-07 00:00:00+00:00,16.1,A,,,15.4,A,,,,,15.7,A,131.0,A,,,117.0,A,,,,,125.0,A,8.4,A,,,7.4,A,,,7.9,A,,,7.1,A,,,6.9,A,,,7.0,A,,,01467200
2010-10-08 00:00:00+00:00,15.8,A,,,15.2,A,,,,,15.5,A,147.0,A,,,127.0,A,,,,,135.0,A,8.6,A,,,7.9,A,,,8.2,A,,,7.1,A,,,6.9,A,,,7.0,A,,,01467200
2010-10-09 00:00:00+00:00,15.8,A,,,15.3,A,,,,,15.5,A,150.0,A,,,135.0,A,,,,,143.0,A,8.6,A,,,8.0,A,,,8.3,A,,,7.0,A,,,7.0,A,,,7.0,A,,,01467200
2010-10-10 00:00:00+00:00,15.8,A,,,15.4,A,,,,,15.6,A,153.0,A,,,144.0,A,,,,,148.0,A,8.5,A,,,8.0,A,,,8.3,A,,,7.0,A,,,7.0,A,,,7.0,A,,,01467200
2010-10-11 00:00:00+00:00,16.1,A,,,15.6,A,,,,,15.8,A,153.0,A,,,146.0,A,,,,,150.0,A,8.3,A,,,7.9,A,,,8.2,A,,,7.0,A,,,6.9,A,,,7.0,A,,,01467200
2010-10-12 00:00:00+00:00,16.3,A,,,15.9,A,,,,,16.1,A,157.0,A,,,147.0,A,,,,,152.0,A,8.2,A,,,7.7,A,,,8.0,A,,,7.0,A,,,6.9,A,,,6.9,A,,,01467200
2010-10-13 00:00:00+00:00,16.3,A,,,16.0,A,,,,,16.2,A,161.0,A,,,147.0,A,,,,,152.0,A,8.1,A,,,7.6,A,,,7.9,A,,,7.0,A,,,6.9,A,,,6.9,A,,,01467200
2010-10-14 00:00:00+00:00,16.2,A,,,16.1,A,,,,,16.1,A,161.0,A,,,150.0,A,,,,,155.0,A,8.0,A,,,7.4,A,,,7.8,A,,,6.9,A,,,6.8,A,,,6.9,A,,,01467200
2010-10-15 00:00:00+00:00,16.1,A,,,15.8,A,,,,,16.0,A,162.0,A,,,153.0,A,,,,,157.0,A,7.9,A,,,7.4,A,,,7.7,A,,,6.9,A,,,6.8,A,,,6.9,A,,,01467200
2010-10-16 00:00:00+00:00,15.8,A,,,15.5,A,,,,,15.6,A,163.0,A,,,154.0,A,,,,,158.0,A,8.3,A,,,7.8,A,,,8.0,A,,,7.0,A,,,6.9,A,,,7.0,A,,,01467200
2010-10-17 00:00:00+00:00,15.5,A,,,15.3,A,,,,,15.5,A,171.0,A,,,159.0,A,,,,,165.0,A,8.2,A,,,7.7,A,,,8.0,A,,,7.0,A,,,6.9,A,,,7.0,A,,,01467200
2010-10-18 00:00:00+00:00,15.5,A,,,15.3,A,,,,,15.4,A,172.0,A,,,166.0,A,,,,,170.0,A,8.3,A,,,7.7,A,,,8.0,A,,,7.1,A,,,7.0,A,,,7.0,A,,,01467200
2010-10-19 00:00:00+00:00,15.4,A,,,15.2,A,,,,,15.3,A,178.0,A,,,170.0,A,,,,,175.0,A,8.3,A,,,7.6,A,,,8.0,A,,,7.1,A,,,7.0,A,,,7.0,A,,,01467200
2010-10-20 00:00:00+00:00,15.3,A,,,15.0,A,,,,,15.2,A,186.0,A,,,175.0,A,,,,,180.0,A,8.2,A,,,7.6,A,,,8.0,A,,,7.1,A,,,7.0,A,,,7.0,A,,,01467200
2010-10-21 00:00:00+00:00,15.2,A,,,14.7,A,,,,,15.0,A,190.0,A,,,180.0,A,,,,,185.0,A,8.3,A,,,7.5,A,,,7.9,A,,,7.1,A,,,7.0,A,,,7.1,A,,,01467200
2010-10-22 00:00:00+00:00,14.9,A,,,14.1,A,,,,,14.6,A,194.0,A,,,186.0,A,,,,,190.0,A,8.6,A,,,7.7,A,,,8.1,A,,,7.2,A,,,7.0,A,,,7.1,A,,,01467200
2010-10-23 00:00:00+00:00,14.5,A,,,13.9,A,,,,,14.3,A,205.0,A,,,191.0,A,,,,,196.0,A,8.7,A,,,7.7,A,,,8.2,A,,,7.2,A,,,7.0,A,,,7.1,A,,,01467200
2010-10-24 00:00:00+00:00,14.6,A,,,13.8,A,,,,,14.2,A,205.0,A,,,195.0,A,,,,,200.0,A,8.7,A,,,7.9,A,,,8.3,A,,,7.2,A,,,7.1,A,,,7.2,A,,,01467200
2010-10-25 00:00:00+00:00,14.7,A,,,14.0,A,,,,,14.3,A,210.0,A,,,201.0,A,,,,,205.0,A,8.5,A,,,7.7,A,,,8.2,A,,,7.2,A,,,7.1,A,,,7.1,A,,,01467200
2010-10-26 00:00:00+00:00,14.8,A,,,14.2,A,,,,,14.5,A,214.0,A,,,203.0,A,,,,,209.0,A,8.6,A,,,7.6,A,,,8.2,A,,,7.2,A,,,7.0,A,,,7.1,A,,,01467200
2010-10-27 00:00:00+00:00,15.2,A,,,14.4,A,,,,,14.8,A,218.0,A,,,207.0,A,,,,,213.0,A,8.5,A,,,7.6,A,,,8.1,A,,,7.2,A,,,7.0,A,,,7.1,A,,,01467200
2010-10-28 00:00:00+00:00,15.3,A,,,14.7,A,,,,,15.0,A,220.0,A,,,208.0,A,,,,,214.0,A,8.5,A,,,7.5,A,,,8.1,A,,,7.2,A,,,7.0,A,,,7.1,A,,,01467200
2010-10-29 00:00:00+00:00,14.9,A,,,14.5,A,,,,,14.7,A,217.0,A,,,207.0,A,,,,,212.0,A,8.6,A,,,7.9,A,,,8.3,A,,,7.3,A,,,7.1,A,,,7.2,A,,,01467200
2010-10-30 00:00:00+00:00,14.5,A,,,14.1,A,,,,,14.3,A,223.0,A,,,207.0,A,,,,,213.0,A,8.8,A,,,7.9,A,,,8.4,A,,,7.3,A,,,7.2,A,,,7.3,A,,,01467200
2010-10-31 00:00:00+00:00,14.2,A,,,13.7,A,,,,,13.9,A,217.0,A,,,208.0,A,,,,,212.0,A,8.9,A,,,8.2,A,,,8.6,A,,,7.4,A,,,7.3,A,,,7.3,A,,,01467200
2010-11-01 00:00:00+00:00,13.8,A,,,13.4,A,,,,,13.6,A,225.0,A,,,211.0,A,,,,,217.0,A,8.9,A,,,8.1,A,,,8.6,A,,,7.4,A,,,7.3,A,,,7.3,A,,,01467200
2010-11-02 00:00:00+00:00,13.6,A,,,13.1,A,,,,,13.2,A,236.0,A,,,219.0,A,,,,,226.0,A,8.9,A,,,8.1,A,,,8.6,A,,,7.4,A,,,7.3,A,,,7.3,A,,,01467200
2010-11-03 00:00:00+00:00,13.3,A,,,12.9,A,,,,,13.1,A,238.0,A,,,227.0,A,,,,,233.0,A,8.9,A,,,8.0,A,,,8.5,A,,,7.4,A,,,7.3,A,,,7.3,A,,,01467200
2010-11-04 00:00:00+00:00,13.2,A,,,12.9,A,,,,,13.0,A,246.0,A,,,229.0,A,,,,,237.0,A,8.8,A,,,7.9,A,,,8.3,A,,,7.4,A,,,7.2,A,,,7.3,A,,,01467200
2010-11-05 00:00:00+00:00,13.0,A,,,12.8,A,,,,,12.9,A,246.0,A,,,231.0,A,,,,,239.0,A,8.5,A,,,7.7,A,,,8.1,A,,,7.4,A,,,7.2,A,,,7.3,A,,,01467200
2010-11-06 00:00:00+00:00,12.8,A,,,12.4,A,,,,,12.6,A,246.0,A,,,226.0,A,,,,,239.0,A,8.7,A,,,7.9,A,,,8.3,A,,,7.4,A,,,7.2,A,,,7.3,A,,,01467200
2010-11-07 00:00:00+00:00,12.5,A,,,11.7,A,,,,,12.2,A,245.0,A,,,212.0,A,,,,,232.0,A,9.0,A,,,8.2,A,,,8.6,A,,,7.4,A,,,7.3,A,,,7.4,A,,,01467200
2010-11-08 00:00:00+00:00,12.0,A,,,10.9,A,,,,,11.6,A,230.0,A,,,210.0,A,,,,,218.0,A,9.4,A,,,8.4,A,,,8.9,A,,,7.4,A,,,7.3,A,,,7.4,A,,,01467200
2010-11-09 00:00:00+00:00,11.4,A,,,10.8,A,,,,,11.1,A,236.0,A,,,210.0,A,,,,,220.0,A,9.4,A,,,8.7,A,,,9.1,A,,,7.4,A,,,7.4,A,,,7.4,A,,,01467200
2010-11-10 00:00:00+00:00,11.2,A,,,10.6,A,,,,,10.9,A,236.0,A,,,213.0,A,,,,,222.0,A,9.6,A,,,8.8,A,,,9.2,A,,,7.4,A,,,7.4,A,,,7.4,A,,,01467200
2010-11-11 00:00:00+00:00,11.0,A,,,10.4,A,,,,,10.8,A,242.0,A,,,214.0,A,,,,,227.0,A,9.6,A,,,8.8,A,,,9.2,A,,,7.4,A,,,7.3,A,,,7.4,A,,,01467200
2010-11-12 00:00:00+00:00,10.8,A,,,10.3,A,,,,,10.5,A,236.0,A,,,217.0,A,,,,,228.0,A,9.6,A,,,8.8,A,,,9.2,A,,,7.4,A,,,7.3,A,,,7.4,A,,,01467200
2010-11-13 00:00:00+00:00,10.6,A,,,9.9,A,,,,,10.3,A,234.0,A,,,214.0,A,,,,,223.0,A,9.8,A,,,8.9,A,,,9.4,A,,,7.5,A,,,7.3,A,,,7.4,A,,,01467200
2010-11-14 00:00:00+00:00,10.5,A,,,9.8,A,,,,,10.1,A,231.0,A,,,216.0,A,,,,,222.0,A,9.8,A,,,8.9,A,,,9.4,A,,,7.4,A,,,7.3,A,,,7.4,A,,,01467200
2010-11-15 00:00:00+00:00,10.4,A,,,9.6,A,,,,,10.1,A,229.0,A,,,216.0,A,,,,,223.0,A,9.9,A,,,8.9,A,,,9.4,A,,,7.4,A,,,7.2,A,,,7.3,A,,,01467200
2010-11-16 00:00:00+00:00,10.4,A,,,9.6,A,,,,,10.0,A,232.0,A,,,213.0,A,,,,,222.0,A,9.9,A,,,8.9,A,,,9.5,A,,,7.4,A,,,7.3,A,,,7.3,A,,,01467200
2010-11-17 00:00:00+00:00,10.4,A,,,9.9,A,,,,,10.2,A,231.0,A,,,213.0,A,,,,,223.0,A,10.0,A,,,9.0,A,,,9.5,A,,,7.3,A,,,7.2,A,,,7.3,A,,,01467200
2010-11-18 00:00:00+00:00,10.2,A,,,9.6,A,,,,,9.8,A,225.0,A,,,205.0,A,,,,,214.0,A,10.3,A,,,9.4,A,,,9.9,A,,,7.4,A,,,7.3,A,,,7.3,A,,,01467200
2010-11-19 00:00:00+00:00,9.9,A,,,9.5,A,,,,,9.6,A,218.0,A,,,204.0,A,,,,,210.0,A,10.4,A,,,9.6,A,,,10.1,A,,,7.4,A,,,7.3,A,,,7.3,A,,,01467200
2010-11-20 00:00:00+00:00,9.6,A,,,9.3,A,,,,,9.4,A,217.0,A,,,204.0,A,,,,,210.0,A,10.5,A,,,9.7,A,,,10.2,A,,,7.4,A,,,7.3,A,,,7.4,A,,,01467200
2010-11-21 00:00:00+00:00,9.5,A,,,9.1,A,,,,,9.3,A,218.0,A,,,204.0,A,,,,,209.0,A,10.6,A,,,9.9,A,,,10.3,A,,,7.4,A,,,7.3,A,,,7.4,A,,,01467200
2010-11-22 00:00:00+00:00,9.5,A,,,9.2,A,,,,,9.4,A,220.0,A,,,206.0,A,,,,,212.0,A,10.5,A,,,9.8,A,,,10.2,A,,,7.4,A,,,7.3,A,,,7.3,A,,,01467200
2010-11-23 00:00:00+00:00,9.6,A,,,9.4,A,,,,,9.5,A,219.0,A,,,209.0,A,,,,,214.0,A,10.3,A,,,9.8,A,,,10.1,A,,,7.4,A,,,7.3,A,,,7.3,A,,,01467200
2010-11-24 00:00:00+00:00,9.6,A,,,9.4,A,,,,,9.5,A,223.0,A,,,211.0,A,,,,,216.0,A,10.3,A,,,9.9,A,,,10.1,A,,,7.4,A,,,7.3,A,,,7.4,A,,,01467200
2010-11-25 00:00:00+00:00,9.4,A,,,9.2,A,,,,,9.3,A,224.0,A,,,209.0,A,,,,,216.0,A,10.4,A,,,9.8,A,,,10.1,A,,,7.4,A,,,7.3,A,,,7.3,A,,,01467200
2010-11-26 00:00:00+00:00,9.3,A,,,9.0,A,,,,,9.2,A,224.0,A,,,205.0,A,,,,,217.0,A,10.2,A,,,9.6,A,,,9.9,A,,,7.3,A,,,7.2,A,,,7.3,A,,,01467200
2010-11-27 00:00:00+00:00,9.1,A,,,8.3,A,,,,,8.8,A,218.0,A,,,191.0,A,,,,,206.0,A,10.4,A,,,9.8,A,,,10.1,A,,,7.3,A,,,7.2,A,,,7.3,A,,,01467200
2010-11-28 00:00:00+00:00,8.5,A,,,8.0,A,,,,,8.3,A,213.0,A,,,185.0,A,,,,,198.0,A,10.6,A,,,10.0,A,,,10.3,A,,,7.3,A,,,7.2,A,,,7.3,A,,,01467200
2010-11-29 00:00:00+00:00,8.3,A,,,7.8,A,,,,,8.0,A,214.0,A,,,186.0,A,,,,,197.0,A,10.7,A,,,10.0,A,,,10.4,A,,,7.3,A,,,7.2,A,,,7.3,A,,,01467200
2010-11-30 00:00:00+00:00,8.3,A,,,7.6,A,,,,,7.9,A,210.0,A,,,184.0,A,,,,,195.0,A,10.9,A,,,10.0,A,,,10.5,A,,,7.3,A,,,7.2,A,,,7.3,A,,,01467200
2011-03-29 00:00:00+00:00,5.7,A,,,5.1,A,,,,,5.4,A,211.0,A,,,199.0,A,,,,,205.0,A,13.1,A,,,12.8,A,,,13.0,A,,,7.4,A,,,7.3,A,,,7.3,A,,,01467200
2011-03-30 00:00:00+00:00,5.9,A,,,5.4,A,,,,,5.7,A,209.0,A,,,201.0,A,,,,,205.0,A,13.0,A,,,12.8,A,,,13.0,A,,,7.4,A,,,7.3,A,,,7.3,A,,,01467200
2011-03-31 00:00:00+00:00,6.0,A,,,5.7,A,,,,,5.9,A,212.0,A,,,201.0,A,,,,,206.0,A,13.0,A,,,12.8,A,,,12.9,A,,,7.4,A,,,7.3,A,,,7.3,A,,,01467200
2011-04-01 00:00:00+00:00,6.2,A,,,5.8,A,,,,,6.0,A,218.0,A,,,206.0,A,,,,,212.0,A,12.8,A,,,12.6,A,,,12.7,A,,,7.4,A,,,7.3,A,,,7.3,A,,,01467200
2011-04-02 00:00:00+00:00,6.5,A,,,6.0,A,,,,,6.2,A,224.0,A,,,210.0,A,,,,,216.0,A,12.7,A,,,12.6,A,,,12.6,A,,,7.4,A,,,7.3,A,,,7.4,A,,,01467200
2011-04-03 00:00:00+00:00,6.9,A,,,6.3,A,,,,,6.5,A,225.0,A,,,215.0,A,,,,,219.0,A,12.6,A,,,12.5,A,,,12.6,A,,,7.5,A,,,7.3,A,,,7.4,A,,,01467200
2011-04-04 00:00:00+00:00,7.5,A,,,6.6,A,,,,,7.0,A,225.0,A,,,216.0,A,,,,,220.0,A,12.6,A,,,12.4,A,,,12.5,A,,,7.5,A,,,7.4,A,,,7.4,A,,,01467200
2011-04-05 00:00:00+00:00,8.1,A,,,7.4,A,,,,,7.7,A,226.0,A,,,217.0,A,,,,,221.0,A,12.4,A,,,12.1,A,,,12.3,A,,,7.5,A,,,7.4,A,,,7.4,A,,,01467200
2011-04-06 00:00:00+00:00,8.5,A,,,7.7,A,,,,,8.1,A,223.0,A,,,215.0,A,,,,,219.0,A,12.2,A,,,11.9,A,,,12.0,A,,,7.5,A,,,7.4,A,,,7.4,A,,,01467200
2011-04-07 00:00:00+00:00,9.0,A,,,8.1,A,,,,,8.5,A,221.0,A,,,212.0,A,,,,,217.0,A,12.1,A,,,11.9,A,,,12.0,A,,,7.5,A,,,7.4,A,,,7.4,A,,,01467200
2011-04-08 00:00:00+00:00,9.3,A,,,8.6,A,,,,,9.0,A,221.0,A,,,206.0,A,,,,,215.0,A,12.0,A,,,11.5,A,,,11.8,A,,,7.5,A,,,7.4,A,,,7.4,A,,,01467200
2011-04-09 00:00:00+00:00,9.5,A,,,8.9,A,,,,,9.3,A,216.0,A,,,204.0,A,,,,,210.0,A,11.6,A,,,11.4,A,,,11.5,A,,,7.4,A,,,7.3,A,,,7.4,A,,,01467200
2011-04-10 00:00:00+00:00,9.5,A,,,9.2,A,,,,,9.3,A,211.0,A,,,203.0,A,,,,,207.0,A,11.8,A,,,11.2,A,,,11.6,A,,,7.4,A,,,7.3,A,,,7.4,A,,,01467200
2011-04-11 00:00:00+00:00,9.8,A,,,9.1,A,,,,,9.4,A,209.0,A,,,195.0,A,,,,,202.0,A,12.0,A,,,11.4,A,,,11.7,A,,,7.4,A,,,7.3,A,,,7.4,A,,,01467200
2011-04-12 00:00:00+00:00,9.8,A,,,9.5,A,,,,,9.6,A,205.0,A,,,190.0,A,,,,,199.0,A,12.0,A,,,11.5,A,,,11.8,A,,,7.4,A,,,7.3,A,,,7.3,A,,,01467200
2011-04-13 00:00:00+00:00,10.0,A,,,9.6,A,,,,,9.8,A,205.0,A,,,190.0,A,,,,,197.0,A,11.8,A,,,11.5,A,,,11.6,A,,,7.3,A,,,7.3,A,,,7.3,A,,,01467200
2011-04-14 00:00:00+00:00,11.3,A,,,9.8,A,,,,,10.3,A,199.0,A,,,192.0,A,,,,,196.0,A,11.6,A,,,11.3,A,,,11.5,A,,,7.4,A,,,7.3,A,,,7.3,A,,,01467200
2011-04-15 00:00:00+00:00,11.9,A,,,10.5,A,,,,,11.4,A,203.0,A,,,193.0,A,,,,,198.0,A,11.4,A,,,10.9,A,,,11.2,A,,,7.4,A,,,7.3,A,,,7.4,A,,,01467200
2011-04-16 00:00:00+00:00,11.8,A,,,11.3,A,,,,,11.5,A,204.0,A,,,189.0,A,,,,,198.0,A,11.2,A,,,10.6,A,,,10.9,A,,,7.4,A,,,7.3,A,,,7.4,A,,,01467200
2011-04-17 00:00:00+00:00,11.9,A,,,11.4,A,,,,,11.6,A,204.0,A,,,175.0,A,,,,,186.0,A,11.0,A,,,10.0,A,,,10.6,A,,,7.4,A,,,7.2,A,,,7.3,A,,,01467200
2011-04-18 00:00:00+00:00,11.4,A,,,11.2,A,,,,,11.3,A,183.0,A,,,159.0,A,,,,,171.0,A,11.0,A,,,10.6,A,,,10.7,A,,,7.4,A,,,7.2,A,,,7.2,A,,,01467200
2011-04-19 00:00:00+00:00,11.3,A,,,10.5,A,,,,,11.0,A,170.0,A,,,150.0,A,,,,,163.0,A,11.0,A,,,10.4,A,,,10.6,A,,,7.2,A,,,7.1,A,,,7.2,A,,,01467200
2011-04-20 00:00:00+00:00,10.9,A,,,10.4,A,,,,,10.7,A,159.0,A,,,147.0,A,,,,,153.0,A,11.1,A,,,10.6,A,,,10.8,A,,,7.2,A,,,7.1,A,,,7.2,A,,,01467200
2011-04-21 00:00:00+00:00,10.7,A,,,10.4,A,,,,,10.6,A,156.0,A,,,148.0,A,,,,,151.0,A,11.3,A,,,10.8,A,,,11.1,A,,,7.2,A,,,7.1,A,,,7.2,A,,,01467200
2011-04-22 00:00:00+00:00,10.5,A,,,10.3,A,,,,,10.4,A,160.0,A,,,149.0,A,,,,,154.0,A,11.5,A,,,11.1,A,,,11.3,A,,,7.3,A,,,7.2,A,,,7.2,A,,,01467200
2011-04-23 00:00:00+00:00,10.6,A,,,10.4,A,,,,,10.4,A,165.0,A,,,154.0,A,,,,,159.0,A,11.4,A,,,11.1,A,,,11.2,A,,,7.3,A,,,7.2,A,,,7.2,A,,,01467200
2011-04-24 00:00:00+00:00,11.4,A,,,10.5,A,,,,,10.8,A,163.0,A,,,154.0,A,,,,,159.0,A,11.2,A,,,10.9,A,,,11.1,A,,,7.2,A,,,7.2,A,,,7.2,A,,,01467200
2011-04-25 00:00:00+00:00,11.8,A,,,11.1,A,,,,,11.4,A,166.0,A,,,156.0,A,,,,,161.0,A,11.2,A,,,11.0,A,,,11.1,A,,,7.2,A,,,7.2,A,,,7.2,A,,,01467200
2011-04-26 00:00:00+00:00,12.7,A,,,11.7,A,,,,,12.1,A,177.0,A,,,160.0,A,,,,,169.0,A,11.3,A,,,10.8,A,,,11.1,A,,,7.3,A,,,7.2,A,,,7.2,A,,,01467200
2011-04-27 00:00:00+00:00,13.9,A,,,12.5,A,,,,,13.2,A,182.0,A,,,167.0,A,,,,,177.0,A,11.1,A,,,10.5,A,,,10.9,A,,,7.3,A,,,7.2,A,,,7.3,A,,,01467200
2011-04-28 00:00:00+00:00,15.0,A,,,13.6,A,,,,,14.4,A,179.0,A,,,167.0,A,,,,,172.0,A,10.8,A,,,9.9,A,,,10.3,A,,,7.3,A,,,7.2,A,,,7.2,A,,,01467200
2011-04-29 00:00:00+00:00,15.8,A,,,14.7,A,,,,,15.4,A,171.0,A,,,151.0,A,,,,,162.0,A,10.1,A,,,9.7,A,,,9.9,A,,,7.3,A,,,7.2,A,,,7.2,A,,,01467200
2011-04-30 00:00:00+00:00,15.7,A,,,15.4,A,,,,,15.5,A,156.0,A,,,132.0,A,,,,,142.0,A,9.8,A,,,9.3,A,,,9.5,A,,,7.3,A,,,7.1,A,,,7.2,A,,,01467200
2011-05-01 00:00:00+00:00,15.5,A,,,14.6,A,,,,,15.0,A,138.0,A,,,118.0,A,,,,,126.0,A,9.7,A,,,9.2,A,,,9.5,A,,,7.2,A,,,7.0,A,,,7.1,A,,,01467200
2011-05-02 00:00:00+00:00,15.0,A,,,14.3,A,,,,,14.6,A,123.0,A,,,116.0,A,,,,,120.0,A,9.9,A,,,9.4,A,,,9.7,A,,,7.1,A,,,7.0,A,,,7.0,A,,,01467200
2011-05-03 00:00:00+00:00,14.9,A,,,14.1,A,,,,,14.5,A,127.0,A,,,118.0,A,,,,,122.0,A,10.2,A,,,9.5,A,,,9.9,A,,,7.1,A,,,7.0,A,,,7.0,A,,,01467200
2011-05-04 00:00:00+00:00,14.9,A,,,14.2,A,,,,,14.5,A,145.0,A,,,122.0,A,,,,,132.0,A,10.1,A,,,9.6,A,,,9.9,A,,,7.1,A,,,7.0,A,,,7.1,A,,,01467200
2011-05-05 00:00:00+00:00,14.3,A,,,14.0,A,,,,,14.1,A,150.0,A,,,131.0,A,,,,,140.0,A,10.0,A,,,9.6,A,,,9.8,A,,,7.2,A,,,7.0,A,,,7.1,A,,,01467200
2011-05-06 00:00:00+00:00,14.9,A,,,14.0,A,,,,,14.4,A,146.0,A,,,112.0,A,,,,,129.0,A,9.9,A,,,9.6,A,,,9.7,A,,,7.3,A,,,7.2,A,,,7.2,A,,,01467200
2011-05-07 00:00:00+00:00,15.1,A,,,14.6,A,,,,,14.9,A,146.0,A,,,115.0,A,,,,,128.0,A,9.7,A,,,9.4,A,,,9.6,A,,,7.3,A,,,7.2,A,,,7.3,A,,,01467200
2011-05-08 00:00:00+00:00,15.4,A,,,14.9,A,,,,,15.1,A,137.0,A,,,129.0,A,,,,,133.0,A,9.8,A,,,9.4,A,,,9.6,A,,,7.3,A,,,7.2,A,,,7.3,A,,,01467200
2011-05-09 00:00:00+00:00,15.7,A,,,15.2,A,,,,,15.4,A,134.0,A,,,124.0,A,,,,,130.0,A,9.8,A,,,9.4,A,,,9.6,A,,,7.3,A,,,7.2,A,,,7.3,A,,,01467200
2011-05-10 00:00:00+00:00,15.8,A,,,15.3,A,,,,,15.5,A,135.0,A,,,120.0,A,,,,,127.0,A,9.9,A,,,9.4,A,,,9.6,A,,,7.3,A,,,7.2,A,,,7.3,A,,,01467200
2011-05-11 00:00:00+00:00,16.2,A,,,15.6,A,,,,,15.8,A,132.0,A,,,116.0,A,,,,,125.0,A,10.0,A,,,9.3,A,,,9.6,A,,,7.3,A,,,7.2,A,,,7.3,A,,,01467200
2011-05-12 00:00:00+00:00,16.5,A,,,15.9,A,,,,,16.2,A,134.0,A,,,123.0,A,,,,,127.0,A,9.8,A,,,9.4,A,,,9.6,A,,,7.3,A,,,7.2,A,,,7.3,A,,,01467200
2011-05-13 00:00:00+00:00,16.7,A,,,16.3,A,,,,,16.5,A,134.0,A,,,126.0,A,,,,,130.0,A,9.8,A,,,9.3,A,,,9.6,A,,,7.3,A,,,7.2,A,,,7.3,A,,,01467200
2011-05-14 00:00:00+00:00,16.8,A,,,16.6,A,,,,,16.7,A,138.0,A,,,129.0,A,,,,,134.0,A,9.6,A,,,9.2,A,,,9.5,A,,,7.4,A,,,7.3,A,,,7.3,A,,,01467200
2011-05-15 00:00:00+00:00,17.2,A,,,16.7,A,,,,,16.9,A,144.0,A,,,135.0,A,,,,,140.0,A,9.2,A,,,8.8,A,,,9.0,A,,,7.3,A,,,7.2,A,,,7.3,A,,,01467200
2011-05-16 00:00:00+00:00,17.5,A,,,17.0,A,,,,,17.2,A,149.0,A,,,140.0,A,,,,,145.0,A,8.9,A,,,8.5,A,,,8.7,A,,,7.3,A,,,7.2,A,,,7.2,A,,,01467200
2011-05-17 00:00:00+00:00,17.6,A,,,17.3,A,,,,,17.4,A,153.0,A,,,145.0,A,,,,,149.0,A,8.6,A,,,8.3,A,,,8.5,A,,,,,,,,,,,,,,,01467200
2011-05-18 00:00:00+00:00,17.7,A,,,17.4,A,,,,,17.6,A,162.0,A,,,148.0,A,,,,,155.0,A,8.5,A,,,8.0,A,,,8.3,A,,,,,,,,,,,,,,,01467200
2011-05-19 00:00:00+00:00,17.9,A,,,17.6,A,,,,,17.7,A,175.0,A,,,156.0,A,,,,,162.0,A,8.3,A,,,7.8,A,,,8.1,A,,,,,,,,,,,,,,,01467200
2011-05-20 00:00:00+00:00,17.8,A,,,17.1,A,,,,,17.5,A,183.0,A,,,163.0,A,,,,,171.0,A,8.4,A,,,7.7,A,,,8.1,A,,,,,,,,,,,,,,,01467200
2011-05-21 00:00:00+00:00,17.6,A,,,16.9,A,,,,,17.1,A,181.0,A,,,152.0,A,,,,,169.0,A,8.7,A,,,8.1,A,,,8.5,A,,,,,,,,,,,,,,,01467200
2011-05-22 00:00:00+00:00,17.1,A,,,16.6,A,,,,,16.9,A,158.0,A,,,117.0,A,,,,,137.0,A,8.8,A,,,8.4,A,,,8.6,A,,,,,,,,,,,,,,,01467200
2011-05-23 00:00:00+00:00,17.0,A,,,16.6,A,,,,,16.8,A,142.0,A,,,105.0,A,,,,,118.0,A,8.8,A,,,8.4,A,,,8.6,A,,,,,,,,,,,,,,,01467200
2011-05-24 00:00:00+00:00,17.3,A,,,16.9,A,,,,,17.1,A,136.0,A,,,108.0,A,,,,,121.0,A,8.6,A,,,8.1,A,,,8.5,A,,,7.2,A,,,7.2,A,,,7.2,A,,,01467200
2011-05-25 00:00:00+00:00,17.9,A,,,17.2,A,,,,,17.6,A,133.0,A,,,107.0,A,,,,,114.0,A,8.7,A,,,8.3,A,,,8.5,A,,,7.2,A,,,7.2,A,,,7.2,A,,,01467200
2011-05-26 00:00:00+00:00,18.5,A,,,17.7,A,,,,,18.0,A,117.0,A,,,107.0,A,,,,,113.0,A,8.6,A,,,8.2,A,,,8.5,A,,,7.3,A,,,7.2,A,,,7.2,A,,,01467200
2011-05-27 00:00:00+00:00,19.0,A,,,18.3,A,,,,,18.6,A,128.0,A,,,113.0,A,,,,,121.0,A,8.5,A,,,8.0,A,,,8.4,A,,,7.3,A,,,7.2,A,,,7.3,A,,,01467200
2011-05-28 00:00:00+00:00,19.7,A,,,18.9,A,,,,,19.2,A,135.0,A,,,118.0,A,,,,,129.0,A,8.6,A,,,7.9,A,,,8.3,A,,,7.3,A,,,7.2,A,,,7.3,A,,,01467200
2011-05-29 00:00:00+00:00,20.7,A,,,19.5,A,,,,,20.0,A,136.0,A,,,127.0,A,,,,,132.0,A,8.6,A,,,7.9,A,,,8.3,A,,,7.3,A,,,7.2,A,,,7.3,A,,,01467200
2011-05-30 00:00:00+00:00,21.8,A,,,20.2,A,,,,,20.9,A,140.0,A,,,132.0,A,,,,,136.0,A,8.5,A,,,7.9,A,,,8.2,A,,,7.4,A,,,7.2,A,,,7.3,A,,,01467200
2011-05-31 00:00:00+00:00,22.8,A,,,21.1,A,,,,,21.9,A,148.0,A,,,133.0,A,,,,,139.0,A,8.5,A,,,7.9,A,,,8.2,A,,,7.4,A,,,7.3,A,,,7.3,A,,,01467200
2011-06-01 00:00:00+00:00,23.6,A,,,21.9,A,,,,,22.7,A,147.0,A,,,140.0,A,,,,,144.0,A,8.4,A,,,7.8,A,,,8.1,A,,,7.4,A,,,7.3,A,,,7.3,A,,,01467200
2011-06-02 00:00:00+00:00,23.6,A,,,22.8,A,,,,,23.3,A,150.0,A,,,143.0,A,,,,,147.0,A,8.2,A,,,7.7,A,,,8.0,A,,,7.5,A,,,7.3,A,,,7.4,A,,,01467200
2011-06-03 00:00:00+00:00,23.5,A,,,22.9,A,,,,,23.2,A,157.0,A,,,145.0,A,,,,,151.0,A,8.3,A,,,7.6,A,,,8.0,A,,,7.6,A,,,7.3,A,,,7.4,A,,,01467200
2011-06-04 00:00:00+00:00,23.4,A,,,22.8,A,,,,,23.1,A,160.0,A,,,151.0,A,,,,,156.0,A,8.3,A,,,7.6,A,,,8.0,A,,,7.6,A,,,7.4,A,,,7.4,A,,,01467200
2011-06-05 00:00:00+00:00,23.3,A,,,22.8,A,,,,,23.0,A,165.0,A,,,155.0,A,,,,,160.0,A,8.1,A,,,7.5,A,,,7.8,A,,,7.5,A,,,7.4,A,,,7.4,A,,,01467200
2011-06-06 00:00:00+00:00,23.5,A,,,22.8,A,,,,,23.2,A,168.0,A,,,159.0,A,,,,,164.0,A,8.2,A,,,7.3,A,,,7.8,A,,,7.5,A,,,7.3,A,,,7.4,A,,,01467200
2011-06-07 00:00:00+00:00,23.7,A,,,23.1,A,,,,,23.4,A,179.0,A,,,162.0,A,,,,,169.0,A,8.3,A,,,7.4,A,,,7.9,A,,,7.5,A,,,7.3,A,,,7.4,A,,,01467200
2011-06-08 00:00:00+00:00,24.1,A,,,23.4,A,,,,,23.8,A,180.0,A,,,164.0,A,,,,,172.0,A,8.7,A,,,7.5,A,,,8.1,A,,,7.6,A,,,7.3,A,,,7.5,A,,,01467200
2011-06-09 00:00:00+00:00,24.5,A,,,24.0,A,,,,,24.2,A,182.0,A,,,167.0,A,,,,,175.0,A,8.8,A,,,7.5,A,,,8.2,A,,,7.6,A,,,7.3,A,,,7.4,A,,,01467200
2011-06-10 00:00:00+00:00,24.9,A,,,24.3,A,,,,,24.6,A,192.0,A,,,170.0,A,,,,,178.0,A,8.5,A,,,6.7,A,,,7.8,A,,,7.5,A,,,7.2,A,,,7.4,A,,,01467200
2011-06-11 00:00:00+00:00,24.9,A,,,24.6,A,,,,,24.7,A,193.0,A,,,176.0,A,,,,,183.0,A,7.9,A,,,5.9,A,,,7.1,A,,,7.4,A,,,7.1,A,,,7.3,A,,,01467200
2011-06-12 00:00:00+00:00,24.8,A,,,24.3,A,,,,,24.6,A,196.0,A,,,182.0,A,,,,,187.0,A,7.1,A,,,5.1,A,,,6.3,A,,,7.3,A,,,7.1,A,,,7.2,A,,,01467200
2011-06-13 00:00:00+00:00,24.8,A,,,24.2,A,,,,,24.4,A,200.0,A,,,184.0,A,,,,,190.0,A,6.6,A,,,5.1,A,,,5.9,A,,,7.2,A,,,7.1,A,,,7.2,A,,,01467200
2011-06-14 00:00:00+00:00,24.6,A,,,23.8,A,,,,,24.1,A,205.0,A,,,190.0,A,,,,,195.0,A,6.7,A,,,4.8,A,,,5.8,A,,,7.3,A,,,7.1,A,,,7.2,A,,,01467200
2011-06-15 00:00:00+00:00,24.2,A,,,23.6,A,,,,,23.9,A,208.0,A,,,187.0,A,,,,,201.0,A,6.6,A,,,4.9,A,,,5.8,A,,,7.3,A,,,7.1,A,,,7.2,A,,,01467200
2011-06-16 00:00:00+00:00,24.1,A,,,23.8,A,,,,,24.0,A,213.0,A,,,202.0,A,,,,,208.0,A,6.7,A,,,4.8,A,,,5.7,A,,,7.4,A,,,7.1,A,,,7.2,A,,,01467200
2011-06-17 00:00:00+00:00,24.1,A,,,23.7,A,,,,,23.9,A,217.0,A,,,207.0,A,,,,,212.0,A,6.6,A,,,5.0,A,,,5.9,A,,,7.4,A,,,7.2,A,,,7.2,A,,,01467200
2011-06-18 00:00:00+00:00,24.3,A,,,23.9,A,,,,,24.1,A,226.0,A,,,210.0,A,,,,,218.0,A,6.6,A,,,5.2,A,,,6.0,A,,,7.4,A,,,7.2,A,,,7.3,A,,,01467200
2011-06-19 00:00:00+00:00,24.5,A,,,24.1,A,,,,,24.3,A,232.0,A,,,220.0,A,,,,,224.0,A,6.8,A,,,5.3,A,,,6.0,A,,,7.4,A,,,7.2,A,,,7.3,A,,,01467200
2011-06-20 00:00:00+00:00,24.5,A,,,24.2,A,,,,,24.3,A,234.0,A,,,224.0,A,,,,,228.0,A,6.8,A,,,5.4,A,,,6.2,A,,,7.4,A,,,7.2,A,,,7.3,A,,,01467200
2011-06-21 00:00:00+00:00,24.4,A,,,24.0,A,,,,,24.2,A,233.0,A,,,224.0,A,,,,,230.0,A,7.1,A,,,5.7,A,,,6.5,A,,,7.4,A,,,7.2,A,,,7.3,A,,,01467200
2011-06-22 00:00:00+00:00,24.7,A,,,24.1,A,,,,,24.3,A,236.0,A,,,223.0,A,,,,,230.0,A,7.7,A,,,6.0,A,,,6.9,A,,,7.5,A,,,7.3,A,,,7.4,A,,,01467200
2011-06-23 00:00:00+00:00,24.8,A,,,24.3,A,,,,,24.5,A,236.0,A,,,221.0,A,,,,,230.0,A,7.9,A,,,6.5,A,,,7.2,A,,,7.5,A,,,7.3,A,,,7.4,A,,,01467200
2011-06-24 00:00:00+00:00,24.8,A,,,24.3,A,,,,,24.6,A,237.0,A,,,217.0,A,,,,,227.0,A,8.1,A,,,6.6,A,,,7.4,A,,,7.5,A,,,7.3,A,,,7.4,A,,,01467200
2011-06-25 00:00:00+00:00,24.7,A,,,24.4,A,,,,,24.6,A,229.0,A,,,210.0,A,,,,,215.0,A,8.4,A,,,7.3,A,,,8.0,A,,,7.6,A,,,7.4,A,,,7.5,A,,,01467200
2011-06-26 00:00:00+00:00,25.0,A,,,24.6,A,,,,,24.7,A,217.0,A,,,200.0,A,,,,,212.0,A,8.1,A,,,7.2,A,,,7.5,A,,,7.6,A,,,7.4,A,,,7.5,A,,,01467200
2011-06-27 00:00:00+00:00,24.8,A,,,23.2,A,,,,,24.2,A,216.0,A,,,148.0,A,,,,,186.0,A,7.5,A,,,7.1,A,,,7.3,A,,,7.5,A,,,7.3,A,,,7.4,A,,,01467200
2011-06-28 00:00:00+00:00,24.6,A,,,22.8,A,,,,,23.5,A,206.0,A,,,137.0,A,,,,,163.0,A,7.5,A,,,7.0,A,,,7.2,A,,,7.4,A,,,7.2,A,,,7.3,A,,,01467200
2011-06-29 00:00:00+00:00,24.3,A,,,22.7,A,,,,,23.3,A,191.0,A,,,128.0,A,,,,,148.0,A,7.2,A,,,6.8,A,,,7.0,A,,,7.4,A,,,7.2,A,,,7.2,A,,,01467200
2011-06-30 00:00:00+00:00,23.9,A,,,22.7,A,,,,,23.3,A,177.0,A,,,128.0,A,,,,,142.0,A,7.0,A,,,6.5,A,,,6.8,A,,,7.3,A,,,7.1,A,,,7.2,A,,,01467200
2011-07-01 00:00:00+00:00,23.8,A,,,22.9,A,,,,,23.4,A,165.0,A,,,126.0,A,,,,,138.0,A,7.2,A,,,6.5,A,,,6.9,A,,,7.3,A,,,7.1,A,,,7.2,A,,,01467200
2011-07-02 00:00:00+00:00,23.9,A,,,23.3,A,,,,,23.6,A,157.0,A,,,127.0,A,,,,,137.0,A,7.2,A,,,6.6,A,,,6.9,A,,,7.2,A,,,7.1,A,,,7.2,A,,,01467200
2011-07-03 00:00:00+00:00,24.2,A,,,23.7,A,,,,,23.9,A,156.0,A,,,129.0,A,,,,,139.0,A,7.3,A,,,6.6,A,,,6.9,A,,,7.2,A,,,7.1,A,,,7.2,A,,,01467200
2011-07-04 00:00:00+00:00,24.5,A,,,24.0,A,,,,,24.2,A,151.0,A,,,134.0,A,,,,,143.0,A,7.3,A,,,6.2,A,,,6.7,A,,,7.2,A,,,7.1,A,,,7.1,A,,,01467200
2011-07-05 00:00:00+00:00,24.9,A,,,24.3,A,,,,,24.6,A,158.0,A,,,143.0,A,,,,,150.0,A,7.5,A,,,6.1,A,,,6.8,A,,,7.4,A,,,7.1,A,,,7.2,A,,,01467200
2011-07-06 00:00:00+00:00,25.2,A,,,24.8,A,,,,,25.0,A,162.0,A,,,151.0,A,,,,,157.0,A,7.6,A,,,6.5,A,,,7.2,A,,,7.4,A,,,7.2,A,,,7.3,A,,,01467200
2011-07-07 00:00:00+00:00,25.6,A,,,25.1,A,,,,,25.3,A,171.0,A,,,155.0,A,,,,,163.0,A,7.8,A,,,7.0,A,,,7.5,A,,,7.4,A,,,7.3,A,,,7.4,A,,,01467200
2011-07-08 00:00:00+00:00,25.5,A,,,25.1,A,,,,,25.3,A,176.0,A,,,162.0,A,,,,,170.0,A,7.7,A,,,7.1,A,,,7.5,A,,,7.4,A,,,7.3,A,,,7.4,A,,,01467200
2011-07-09 00:00:00+00:00,25.5,A,,,24.8,A,,,,,25.1,A,176.0,A,,,150.0,A,,,,,166.0,A,7.2,A,,,6.6,A,,,6.8,A,,,7.3,A,,,7.2,A,,,7.2,A,,,01467200
2011-07-10 00:00:00+00:00,25.6,A,,,24.6,A,,,,,25.1,A,174.0,A,,,145.0,A,,,,,158.0,A,7.2,A,,,6.5,A,,,6.8,A,,,7.3,A,,,7.2,A,,,7.2,A,,,01467200
2011-07-11 00:00:00+00:00,25.6,A,,,24.8,A,,,,,25.2,A,174.0,A,,,141.0,A,,,,,151.0,A,7.5,A,,,6.7,A,,,7.0,A,,,7.3,A,,,7.2,A,,,7.2,A,,,01467200
2011-07-12 00:00:00+00:00,25.8,A,,,25.3,A,,,,,25.6,A,165.0,A,,,144.0,A,,,,,150.0,A,7.4,A,,,6.6,A,,,6.9,A,,,7.3,A,,,7.2,A,,,7.2,A,,,01467200
2011-07-13 00:00:00+00:00,26.0,A,,,25.6,A,,,,,25.8,A,168.0,A,,,145.0,A,,,,,153.0,A,7.3,A,,,6.6,A,,,6.8,A,,,7.3,A,,,7.2,A,,,7.2,A,,,01467200
2011-07-14 00:00:00+00:00,25.9,A,,,25.5,A,,,,,25.7,A,162.0,A,,,149.0,A,,,,,156.0,A,7.2,A,,,6.3,A,,,6.7,A,,,7.3,A,,,7.2,A,,,7.2,A,,,01467200
2011-07-15 00:00:00+00:00,25.8,A,,,25.4,A,,,,,25.6,A,171.0,A,,,154.0,A,,,,,162.0,A,7.0,A,,,6.2,A,,,6.6,A,,,7.3,A,,,7.2,A,,,7.2,A,,,01467200
2011-07-16 00:00:00+00:00,25.9,A,,,25.5,A,,,,,25.7,A,170.0,A,,,159.0,A,,,,,164.0,A,7.1,A,,,6.1,A,,,6.5,A,,,7.3,A,,,7.2,A,,,7.2,A,,,01467200
2011-07-17 00:00:00+00:00,26.1,A,,,25.6,A,,,,,25.8,A,172.0,A,,,155.0,A,,,,,165.0,A,7.1,A,,,6.0,A,,,6.6,A,,,7.3,A,,,7.1,A,,,7.2,A,,,01467200
2011-07-18 00:00:00+00:00,26.2,A,,,25.8,A,,,,,26.0,A,174.0,A,,,160.0,A,,,,,167.0,A,7.2,A,,,6.0,A,,,6.6,A,,,7.3,A,,,7.2,A,,,7.2,A,,,01467200
2011-07-19 00:00:00+00:00,26.7,A,,,26.1,A,,,,,26.4,A,177.0,A,,,160.0,A,,,,,169.0,A,7.3,A,,,6.0,A,,,6.5,A,,,7.3,A,,,7.1,A,,,7.2,A,,,01467200
2011-07-20 00:00:00+00:00,27.0,A,,,26.4,A,,,,,26.7,A,184.0,A,,,166.0,A,,,,,176.0,A,7.1,A,,,5.8,A,,,6.4,A,,,7.3,A,,,7.1,A,,,7.2,A,,,01467200
2011-07-21 00:00:00+00:00,27.4,A,,,26.8,A,,,,,27.1,A,187.0,A,,,172.0,A,,,,,181.0,A,7.2,A,,,5.4,A,,,6.2,A,,,7.4,A,,,7.1,A,,,7.2,A,,,01467200
2011-07-22 00:00:00+00:00,27.9,A,,,27.3,A,,,,,27.6,A,194.0,A,,,176.0,A,,,,,186.0,A,6.8,A,,,5.3,A,,,6.1,A,,,7.3,A,,,7.0,A,,,7.2,A,,,01467200
2011-07-23 00:00:00+00:00,28.3,A,,,27.8,A,,,,,28.0,A,199.0,A,,,181.0,A,,,,,192.0,A,6.7,A,,,5.2,A,,,5.8,A,,,7.3,A,,,7.0,A,,,7.1,A,,,01467200
2011-07-24 00:00:00+00:00,28.6,A,,,28.1,A,,,,,28.3,A,206.0,A,,,188.0,A,,,,,196.0,A,6.4,A,,,4.9,A,,,5.6,A,,,7.2,A,,,7.0,A,,,7.1,A,,,01467200
2011-07-25 00:00:00+00:00,28.6,A,,,28.3,A,,,,,28.4,A,209.0,A,,,189.0,A,,,,,197.0,A,6.0,A,,,4.6,A,,,5.3,A,,,7.2,A,,,7.0,A,,,7.1,A,,,01467200
2011-07-26 00:00:00+00:00,28.8,A,,,28.1,A,,,,,28.4,A,209.0,A,,,190.0,A,,,,,198.0,A,5.7,A,,,4.2,A,,,4.9,A,,,7.2,A,,,7.0,A,,,7.0,A,,,01467200
2011-07-27 00:00:00+00:00,28.8,A,,,28.3,A,,,,,28.5,A,209.0,A,,,195.0,A,,,,,201.0,A,5.7,A,,,4.1,A,,,4.8,A,,,7.2,A,,,7.0,A,,,7.1,A,,,01467200
2011-07-28 00:00:00+00:00,28.8,A,,,28.4,A,,,,,28.6,A,213.0,A,,,200.0,A,,,,,207.0,A,5.3,A,,,4.0,A,,,4.6,A,,,7.2,A,,,7.0,A,,,7.1,A,,,01467200
2011-07-29 00:00:00+00:00,29.1,A,,,28.4,A,,,,,28.6,A,220.0,A,,,209.0,A,,,,,215.0,A,5.0,A,,,3.8,A,,,4.4,A,,,7.2,A,,,7.0,A,,,7.1,A,,,01467200
2011-07-30 00:00:00+00:00,29.3,A,,,28.6,A,,,,,28.8,A,229.0,A,,,216.0,A,,,,,220.0,A,4.7,A,,,3.7,A,,,4.2,A,,,7.2,A,,,6.9,A,,,7.0,A,,,01467200
2011-07-31 00:00:00+00:00,29.3,A,,,28.7,A,,,,,29.0,A,234.0,A,,,221.0,A,,,,,226.0,A,4.7,A,,,3.8,A,,,4.2,A,,,7.2,A,,,7.0,A,,,7.0,A,,,01467200
2011-08-01 00:00:00+00:00,29.4,A,,,28.9,A,,,,,29.1,A,240.0,A,,,216.0,A,,,,,230.0,A,4.4,A,,,3.7,A,,,4.1,A,,,7.2,A,,,7.0,A,,,7.0,A,,,01467200
2011-08-02 00:00:00+00:00,29.2,A,,,28.7,A,,,,,29.0,A,244.0,A,,,229.0,A,,,,,238.0,A,4.3,A,,,3.7,A,,,4.0,A,,,7.1,A,,,6.9,A,,,7.0,A,,,01467200
2011-08-03 00:00:00+00:00,29.0,A,,,28.7,A,,,,,28.8,A,247.0,A,,,237.0,A,,,,,242.0,A,4.4,A,,,3.8,A,,,4.0,A,,,7.1,A,,,7.0,A,,,7.0,A,,,01467200
2011-08-04 00:00:00+00:00,28.7,A,,,28.3,A,,,,,28.4,A,253.0,A,,,226.0,A,,,,,244.0,A,4.3,A,,,3.7,A,,,3.9,A,,,7.1,A,,,6.9,A,,,7.0,A,,,01467200
2011-08-05 00:00:00+00:00,28.4,A,,,28.1,A,,,,,28.2,A,251.0,A,,,241.0,A,,,,,246.0,A,4.3,A,,,3.4,A,,,3.8,A,,,7.1,A,,,6.9,A,,,7.0,A,,,01467200
2011-08-06 00:00:00+00:00,28.2,A,,,28.0,A,,,,,28.1,A,256.0,A,,,240.0,A,,,,,248.0,A,4.7,A,,,3.4,A,,,4.0,A,,,7.1,A,,,6.9,A,,,7.0,A,,,01467200
2011-08-07 00:00:00+00:00,28.1,A,,,27.9,A,,,,,28.0,A,256.0,A,,,241.0,A,,,,,249.0,A,4.8,A,,,3.8,A,,,4.2,A,,,7.1,A,,,6.9,A,,,7.0,A,,,01467200
2011-08-08 00:00:00+00:00,28.2,A,,,27.9,A,,,,,28.0,A,256.0,A,,,235.0,A,,,,,245.0,A,5.3,A,,,3.7,A,,,4.4,A,,,7.1,A,,,7.0,A,,,7.0,A,,,01467200
2011-08-09 00:00:00+00:00,28.2,A,,,27.9,A,,,,,28.0,A,254.0,A,,,224.0,A,,,,,239.0,A,5.6,A,,,4.0,A,,,4.8,A,,,7.1,A,,,7.0,A,,,7.0,A,,,01467200
2011-08-10 00:00:00+00:00,28.0,A,,,27.8,A,,,,,27.9,A,254.0,A,,,226.0,A,,,,,235.0,A,6.0,A,,,4.1,A,,,4.9,A,,,7.2,A,,,7.0,A,,,7.1,A,,,01467200
2011-08-11 00:00:00+00:00,27.8,A,,,27.5,A,,,,,27.7,A,247.0,A,,,230.0,A,,,,,236.0,A,6.2,A,,,4.2,A,,,5.2,A,,,7.2,A,,,7.0,A,,,7.1,A,,,01467200
2011-08-12 00:00:00+00:00,27.6,A,,,27.2,A,,,,,27.5,A,247.0,A,,,233.0,A,,,,,239.0,A,6.5,A,,,4.7,A,,,5.5,A,,,7.2,A,,,7.0,A,,,7.1,A,,,01467200
2011-08-13 00:00:00+00:00,27.5,A,,,27.1,A,,,,,27.3,A,248.0,A,,,233.0,A,,,,,240.0,A,6.8,A,,,4.8,A,,,5.7,A,,,7.3,A,,,7.1,A,,,7.2,A,,,01467200
2011-08-14 00:00:00+00:00,27.3,A,,,25.7,A,,,,,26.6,A,247.0,A,,,182.0,A,,,,,223.0,A,6.7,A,,,5.0,A,,,5.8,A,,,7.3,A,,,7.1,A,,,7.2,A,,,01467200
2011-08-15 00:00:00+00:00,26.1,A,,,24.9,A,,,,,25.6,A,207.0,A,,,170.0,A,,,,,184.0,A,6.8,A,,,5.8,A,,,6.1,A,,,7.2,A,,,7.0,A,,,7.1,A,,,01467200
2011-08-16 00:00:00+00:00,25.4,A,,,24.3,A,,,,,24.9,A,181.0,A,,,167.0,A,,,,,173.0,A,6.2,A,,,5.4,A,,,5.7,A,,,7.0,A,,,7.0,A,,,7.0,A,,,01467200
2011-08-17 00:00:00+00:00,24.9,A,,,23.6,A,,,,,24.4,A,174.0,A,,,164.0,A,,,,,169.0,A,6.3,A,,,5.2,A,,,5.8,A,,,7.0,A,,,6.8,A,,,6.9,A,,,01467200
2011-08-18 00:00:00+00:00,24.4,A,,,23.2,A,,,,,23.8,A,171.0,A,,,164.0,A,,,,,167.0,A,6.3,A,,,5.6,A,,,6.0,A,,,6.9,A,,,6.8,A,,,6.8,A,,,01467200
2011-08-19 00:00:00+00:00,24.0,A,,,23.1,A,,,,,23.5,A,184.0,A,,,170.0,A,,,,,175.0,A,6.3,A,,,5.1,A,,,5.7,A,,,6.9,A,,,6.8,A,,,6.8,A,,,01467200
2011-08-20 00:00:00+00:00,23.9,A,,,23.2,A,,,,,23.4,A,186.0,A,,,177.0,A,,,,,181.0,A,6.7,A,,,5.1,A,,,5.8,A,,,6.9,A,,,6.7,A,,,6.8,A,,,01467200
2011-08-21 00:00:00+00:00,23.8,A,,,23.4,A,,,,,23.6,A,185.0,A,,,171.0,A,,,,,180.0,A,6.6,A,,,5.5,A,,,6.2,A,,,6.9,A,,,6.8,A,,,6.8,A,,,01467200
2011-08-22 00:00:00+00:00,23.7,A,,,23.5,A,,,,,23.6,A,178.0,A,,,158.0,A,,,,,166.0,A,6.0,A,,,5.3,A,,,5.7,A,,,6.9,A,,,6.7,A,,,6.8,A,,,01467200
2011-08-23 00:00:00+00:00,23.8,A,,,23.4,A,,,,,23.6,A,171.0,A,,,161.0,A,,,,,166.0,A,6.3,A,,,5.6,A,,,6.0,A,,,6.9,A,,,6.8,A,,,6.8,A,,,01467200
2011-08-24 00:00:00+00:00,24.0,A,,,23.6,A,,,,,23.8,A,176.0,A,,,166.0,A,,,,,172.0,A,6.6,A,,,5.4,A,,,6.0,A,,,6.9,A,,,6.8,A,,,6.9,A,,,01467200
2011-08-25 00:00:00+00:00,24.0,A,,,23.8,A,,,,,23.9,A,186.0,A,,,171.0,A,,,,,179.0,A,6.3,A,,,5.2,A,,,5.9,A,,,6.9,A,,,6.8,A,,,6.9,A,,,01467200
2011-08-26 00:00:00+00:00,24.3,A,,,23.8,A,,,,,24.0,A,188.0,A,,,178.0,A,,,,,184.0,A,6.0,A,,,5.1,A,,,5.6,A,,,6.9,A,,,6.8,A,,,6.8,A,,,01467200
2011-08-27 00:00:00+00:00,24.2,A,,,24.0,A,,,,,24.2,A,192.0,A,,,179.0,A,,,,,185.0,A,6.2,A,,,4.8,A,,,5.5,A,,,6.8,A,,,6.8,A,,,6.8,A,,,01467200
2011-08-28 00:00:00+00:00,24.1,A,,,22.4,A,,,,,23.3,A,185.0,A,,,111.0,A,,,,,157.0,A,7.1,A,,,5.6,A,,,6.5,A,,,7.0,A,,,6.8,A,,,6.8,A,,,01467200
2011-08-29 00:00:00+00:00,22.4,A,,,20.7,A,,,,,21.7,A,128.0,A,,,111.0,A,,,,,118.0,A,6.8,A,,,6.0,A,,,6.4,A,,,6.9,A,,,6.7,A,,,6.8,A,,,01467200
2011-08-30 00:00:00+00:00,20.7,A,,,19.7,A,,,,,20.3,A,123.0,A,,,102.0,A,,,,,112.0,A,7.3,A,,,5.9,A,,,6.7,A,,,6.8,A,,,6.6,A,,,6.7,A,,,01467200
2011-08-31 00:00:00+00:00,20.1,A,,,19.6,A,,,,,19.8,A,118.0,A,,,102.0,A,,,,,107.0,A,7.5,A,,,6.9,A,,,7.2,A,,,6.7,A,,,6.6,A,,,6.7,A,,,01467200
2011-09-01 00:00:00+00:00,20.2,A,,,19.8,A,,,,,20.0,A,124.0,A,,,108.0,A,,,,,116.0,A,7.6,A,,,7.0,A,,,7.3,A,,,6.8,A,,,6.6,A,,,6.7,A,,,01467200
2011-09-02 00:00:00+00:00,20.5,A,,,20.0,A,,,,,20.2,A,125.0,A,,,117.0,A,,,,,121.0,A,7.7,A,,,7.0,A,,,7.4,A,,,6.8,A,,,6.6,A,,,6.8,A,,,01467200
2011-09-03 00:00:00+00:00,20.8,A,,,20.4,A,,,,,20.6,A,138.0,A,,,122.0,A,,,,,129.0,A,7.6,A,,,7.3,A,,,7.4,A,,,6.8,A,,,6.7,A,,,6.8,A,,,01467200
2011-09-04 00:00:00+00:00,21.3,A,,,20.7,A,,,,,21.0,A,143.0,A,,,134.0,A,,,,,138.0,A,7.5,A,,,7.2,A,,,7.4,A,,,6.9,A,,,6.8,A,,,6.8,A,,,01467200
2011-09-05 00:00:00+00:00,21.7,A,,,21.2,A,,,,,21.4,A,150.0,A,,,141.0,A,,,,,145.0,A,7.6,A,,,7.0,A,,,7.3,A,,,6.9,A,,,6.8,A,,,6.8,A,,,01467200
2011-09-06 00:00:00+00:00,21.6,A,,,21.2,A,,,,,21.5,A,173.0,A,,,144.0,A,,,,,159.0,A,7.5,A,,,7.2,A,,,7.3,A,,,6.9,A,,,6.8,A,,,6.9,A,,,01467200
2011-09-07 00:00:00+00:00,21.3,A,,,20.1,A,,,,,20.9,A,171.0,A,,,152.0,A,,,,,160.0,A,8.1,A,,,7.4,A,,,7.8,A,,,7.1,A,,,6.9,A,,,7.0,A,,,01467200
2011-09-08 00:00:00+00:00,20.3,A,,,18.5,A,,,,,19.1,A,152.0,A,,,100.0,A,,,,,124.0,A,8.5,A,,,8.0,A,,,8.3,A,,,7.1,A,,,6.9,A,,,7.0,A,,,01467200
2011-09-09 00:00:00+00:00,18.6,A,,,18.1,A,,,,,18.3,A,107.0,A,,,99.0,A,,,,,103.0,A,8.3,A,,,8.0,A,,,8.2,A,,,6.9,A,,,6.8,A,,,6.9,A,,,01467200
2011-09-10 00:00:00+00:00,18.9,A,,,18.1,A,,,,,18.6,A,109.0,A,,,97.0,A,,,,,103.0,A,8.2,A,,,8.0,A,,,8.1,A,,,6.9,A,,,6.8,A,,,6.9,A,,,01467200
2011-09-11 00:00:00+00:00,19.5,A,,,18.9,A,,,,,19.2,A,126.0,A,,,101.0,A,,,,,114.0,A,8.2,A,,,7.8,A,,,8.0,A,,,6.9,A,,,6.8,A,,,6.9,A,,,01467200
2011-09-12 00:00:00+00:00,19.9,A,,,19.4,A,,,,,19.6,A,135.0,A,,,118.0,A,,,,,124.0,A,8.0,A,,,7.6,A,,,7.8,A,,,6.9,A,,,6.8,A,,,6.9,A,,,01467200
2011-09-13 00:00:00+00:00,20.3,A,,,19.8,A,,,,,20.0,A,143.0,A,,,122.0,A,,,,,131.0,A,8.0,A,,,7.5,A,,,7.8,A,,,6.9,A,,,6.9,A,,,6.9,A,,,01467200
2011-09-14 00:00:00+00:00,20.6,A,,,20.1,A,,,,,20.3,A,150.0,A,,,132.0,A,,,,,141.0,A,8.0,A,,,7.4,A,,,7.8,A,,,7.0,A,,,6.9,A,,,6.9,A,,,01467200
2011-09-15 00:00:00+00:00,20.6,A,,,20.3,A,,,,,20.5,A,158.0,A,,,141.0,A,,,,,149.0,A,8.0,A,,,7.5,A,,,7.8,A,,,7.0,A,,,6.8,A,,,6.9,A,,,01467200
2011-09-16 00:00:00+00:00,20.3,A,,,20.0,A,,,,,20.2,A,160.0,A,,,148.0,A,,,,,153.0,A,8.0,A,,,7.5,A,,,7.8,A,,,7.0,A,,,6.9,A,,,6.9,A,,,01467200
2011-09-17 00:00:00+00:00,20.1,A,,,19.6,A,,,,,19.9,A,164.0,A,,,152.0,A,,,,,156.0,A,8.2,A,,,7.6,A,,,7.8,A,,,7.0,A,,,6.9,A,,,7.0,A,,,01467200
2011-09-18 00:00:00+00:00,19.6,A,,,19.1,A,,,,,19.4,A,165.0,A,,,155.0,A,,,,,160.0,A,8.2,A,,,7.6,A,,,7.9,A,,,7.1,A,,,7.0,A,,,7.1,A,,,01467200
2011-09-19 00:00:00+00:00,19.2,A,,,18.6,A,,,,,18.9,A,167.0,A,,,154.0,A,,,,,162.0,A,8.4,A,,,7.7,A,,,8.1,A,,,7.1,A,,,7.0,A,,,7.1,A,,,01467200
2011-09-20 00:00:00+00:00,18.7,A,,,18.1,A,,,,,18.5,A,170.0,A,,,162.0,A,,,,,166.0,A,8.5,A,,,7.9,A,,,8.2,A,,,7.1,A,,,7.0,A,,,7.1,A,,,01467200
2011-09-21 00:00:00+00:00,18.6,A,,,17.8,A,,,,,18.1,A,174.0,A,,,166.0,A,,,,,170.0,A,8.6,A,,,7.9,A,,,8.3,A,,,7.1,A,,,7.0,A,,,7.0,A,,,01467200
2011-09-22 00:00:00+00:00,18.5,A,,,17.6,A,,,,,18.0,A,180.0,A,,,168.0,A,,,,,175.0,A,8.6,A,,,7.8,A,,,8.3,A,,,7.1,A,,,7.0,A,,,7.1,A,,,01467200
2011-09-23 00:00:00+00:00,18.5,A,,,17.8,A,,,,,18.2,A,189.0,A,,,173.0,A,,,,,181.0,A,8.5,A,,,7.6,A,,,8.1,A,,,7.1,A,,,7.0,A,,,7.0,A,,,01467200
2011-09-24 00:00:00+00:00,18.5,A,,,18.2,A,,,,,18.3,A,193.0,A,,,178.0,A,,,,,183.0,A,8.3,A,,,7.4,A,,,7.9,A,,,7.1,A,,,7.0,A,,,7.0,A,,,01467200
2011-09-25 00:00:00+00:00,19.0,A,,,18.3,A,,,,,18.5,A,204.0,A,,,184.0,A,,,,,196.0,A,8.3,A,,,7.5,A,,,8.1,A,,,7.2,A,,,7.0,A,,,7.1,A,,,01467200
2011-09-26 00:00:00+00:00,19.6,A,,,18.7,A,,,,,19.1,A,204.0,A,,,186.0,A,,,,,196.0,A,8.1,A,,,7.7,A,,,7.9,A,,,7.2,A,,,7.1,A,,,7.1,A,,,01467200
2011-09-27 00:00:00+00:00,19.8,A,,,19.3,A,,,,,19.6,A,198.0,A,,,175.0,A,,,,,187.0,A,7.8,A,,,7.3,A,,,7.6,A,,,7.1,A,,,7.0,A,,,7.1,A,,,01467200
2011-09-28 00:00:00+00:00,20.0,A,,,19.8,A,,,,,19.9,A,191.0,A,,,162.0,A,,,,,181.0,A,7.8,A,,,7.2,A,,,7.5,A,,,7.1,A,,,7.0,A,,,7.0,A,,,01467200
2011-09-29 00:00:00+00:00,20.3,A,,,20.0,A,,,,,20.1,A,180.0,A,,,155.0,A,,,,,165.0,A,8.0,A,,,7.3,A,,,7.7,A,,,7.1,A,,,7.0,A,,,7.0,A,,,01467200
2011-09-30 00:00:00+00:00,20.2,A,,,19.3,A,,,,,19.9,A,155.0,A,,,120.0,A,,,,,137.0,A,8.1,A,,,7.6,A,,,7.9,A,,,7.1,A,,,6.9,A,,,7.1,A,,,01467200
2011-10-01 00:00:00+00:00,19.3,A,,,18.4,A,,,,,18.9,A,127.0,A,,,116.0,A,,,,,121.0,A,8.1,A,,,7.4,A,,,7.9,A,,,7.0,A,,,6.9,A,,,7.0,A,,,01467200
2011-10-02 00:00:00+00:00,18.4,A,,,17.5,A,,,,,18.0,A,129.0,A,,,114.0,A,,,,,120.0,A,8.5,A,,,7.7,A,,,8.2,A,,,7.0,A,,,6.9,A,,,7.0,A,,,01467200
2011-10-03 00:00:00+00:00,17.5,A,,,16.7,A,,,,,17.1,A,131.0,A,,,122.0,A,,,,,126.0,A,8.7,A,,,8.0,A,,,8.5,A,,,7.1,A,,,6.9,A,,,7.0,A,,,01467200
2011-10-04 00:00:00+00:00,16.7,A,,,15.8,A,,,,,16.2,A,135.0,A,,,127.0,A,,,,,131.0,A,9.1,A,,,8.2,A,,,8.7,A,,,7.1,A,,,7.0,A,,,7.1,A,,,01467200
2011-10-05 00:00:00+00:00,15.9,A,,,15.5,A,,,,,15.6,A,139.0,A,,,129.0,A,,,,,134.0,A,9.5,A,,,8.9,A,,,9.2,A,,,7.1,A,,,7.0,A,,,7.1,A,,,01467200
2011-10-06 00:00:00+00:00,15.7,A,,,15.1,A,,,,,15.3,A,142.0,A,,,131.0,A,,,,,137.0,A,9.6,A,,,9.1,A,,,9.4,A,,,7.2,A,,,7.1,A,,,7.1,A,,,01467200
2011-10-07 00:00:00+00:00,15.4,A,,,15.0,A,,,,,15.2,A,146.0,A,,,136.0,A,,,,,142.0,A,9.7,A,,,9.3,A,,,9.5,A,,,7.2,A,,,7.1,A,,,7.1,A,,,01467200
2011-10-08 00:00:00+00:00,15.6,A,,,15.2,A,,,,,15.4,A,153.0,A,,,140.0,A,,,,,148.0,A,9.6,A,,,9.3,A,,,9.5,A,,,7.2,A,,,7.0,A,,,7.1,A,,,01467200
2011-10-09 00:00:00+00:00,15.8,A,,,15.4,A,,,,,15.6,A,155.0,A,,,147.0,A,,,,,152.0,A,9.6,A,,,9.1,A,,,9.4,A,,,7.1,A,,,7.0,A,,,7.1,A,,,01467200
2011-10-10 00:00:00+00:00,16.0,A,,,15.7,A,,,,,15.8,A,159.0,A,,,149.0,A,,,,,155.0,A,9.3,A,,,9.0,A,,,9.2,A,,,7.1,A,,,7.0,A,,,7.1,A,,,01467200
2011-10-11 00:00:00+00:00,16.1,A,,,15.8,A,,,,,16.0,A,168.0,A,,,155.0,A,,,,,160.0,A,9.4,A,,,8.6,A,,,9.1,A,,,7.1,A,,,7.0,A,,,7.0,A,,,01467200
2011-10-12 00:00:00+00:00,16.1,A,,,15.9,A,,,,,16.0,A,174.0,A,,,158.0,A,,,,,166.0,A,9.5,A,,,8.7,A,,,9.0,A,,,7.1,A,,,6.9,A,,,7.0,A,,,01467200
2011-10-13 00:00:00+00:00,16.2,A,,,15.9,A,,,,,16.1,A,177.0,A,,,163.0,A,,,,,172.0,A,9.1,A,,,8.7,A,,,8.9,A,,,7.1,A,,,7.0,A,,,7.0,A,,,01467200
2011-10-14 00:00:00+00:00,16.4,A,,,16.1,A,,,,,16.2,A,184.0,A,,,172.0,A,,,,,177.0,A,9.0,A,,,8.6,A,,,8.8,A,,,7.2,A,,,7.0,A,,,7.0,A,,,01467200
2011-10-15 00:00:00+00:00,16.3,A,,,16.1,A,,,,,16.2,A,190.0,A,,,178.0,A,,,,,182.0,A,9.0,A,,,8.7,A,,,8.9,A,,,7.2,A,,,7.1,A,,,7.1,A,,,01467200
2011-10-16 00:00:00+00:00,16.1,A,,,15.9,A,,,,,16.0,A,201.0,A,,,184.0,A,,,,,190.0,A,9.1,A,,,8.8,A,,,9.0,A,,,7.3,A,,,7.2,A,,,7.2,A,,,01467200
2011-10-17 00:00:00+00:00,15.9,A,,,15.8,A,,,,,15.9,A,205.0,A,,,193.0,A,,,,,199.0,A,9.1,A,,,8.8,A,,,9.0,A,,,7.3,A,,,7.2,A,,,7.2,A,,,01467200
2011-10-18 00:00:00+00:00,15.9,A,,,15.7,A,,,,,15.8,A,210.0,A,,,192.0,A,,,,,203.0,A,9.0,A,,,8.8,A,,,8.9,A,,,7.3,A,,,7.2,A,,,7.2,A,,,01467200
2011-10-19 00:00:00+00:00,15.9,A,,,15.6,A,,,,,15.8,A,205.0,A,,,184.0,A,,,,,199.0,A,9.0,A,,,8.6,A,,,8.8,A,,,7.3,A,,,7.2,A,,,7.2,A,,,01467200
2011-10-20 00:00:00+00:00,15.9,A,,,15.4,A,,,,,15.7,A,199.0,A,,,165.0,A,,,,,184.0,A,9.0,A,,,8.5,A,,,8.8,A,,,7.2,A,,,7.1,A,,,7.2,A,,,01467200
2011-10-21 00:00:00+00:00,15.4,A,,,14.8,A,,,,,15.0,A,177.0,A,,,167.0,A,,,,,172.0,A,9.3,A,,,9.0,A,,,9.2,A,,,7.2,A,,,7.1,A,,,7.2,A,,,01467200
2011-10-22 00:00:00+00:00,14.9,A,,,14.5,A,,,,,14.6,A,182.0,A,,,165.0,A,,,,,176.0,A,9.3,A,,,9.0,A,,,9.2,A,,,7.2,A,,,7.1,A,,,7.2,A,,,01467200
2011-10-23 00:00:00+00:00,14.6,A,,,14.2,A,,,,,14.4,A,182.0,A,,,174.0,A,,,,,178.0,A,9.2,A,,,8.9,A,,,9.2,A,,,7.2,A,,,7.1,A,,,7.1,A,,,01467200
2011-10-24 00:00:00+00:00,14.5,A,,,14.2,A,,,,,14.4,A,182.0,A,,,174.0,A,,,,,179.0,A,9.1,A,,,8.9,A,,,9.0,A,,,7.2,A,,,7.1,A,,,7.1,A,,,01467200
2011-10-25 00:00:00+00:00,14.4,A,,,14.0,A,,,,,14.2,A,184.0,A,,,177.0,A,,,,,180.0,A,9.2,A,,,8.8,A,,,9.0,A,,,7.1,A,,,7.0,A,,,7.1,A,,,01467200
2011-10-26 00:00:00+00:00,14.3,A,,,13.8,A,,,,,14.1,A,187.0,A,,,179.0,A,,,,,183.0,A,9.2,A,,,8.8,A,,,9.0,A,,,7.1,A,,,7.1,A,,,7.1,A,,,01467200
2011-10-27 00:00:00+00:00,14.2,A,,,13.6,A,,,,,14.0,A,195.0,A,,,181.0,A,,,,,186.0,A,9.2,A,,,8.7,A,,,9.0,A,,,7.1,A,,,7.0,A,,,7.1,A,,,01467200
2011-10-28 00:00:00+00:00,13.8,A,,,13.1,A,,,,,13.6,A,197.0,A,,,181.0,A,,,,,187.0,A,9.4,A,,,8.8,A,,,9.1,A,,,7.1,A,,,7.0,A,,,7.1,A,,,01467200
2011-10-29 00:00:00+00:00,13.5,A,,,12.1,A,,,,,13.0,A,202.0,A,,,184.0,A,,,,,192.0,A,9.5,A,,,8.9,A,,,9.2,A,,,7.2,A,,,7.0,A,,,7.1,A,,,01467200
2011-10-30 00:00:00+00:00,12.3,A,,,11.5,A,,,,,11.9,A,208.0,A,,,190.0,A,,,,,195.0,A,9.6,A,,,9.2,A,,,9.4,A,,,7.2,A,,,7.1,A,,,7.1,A,,,01467200
2011-10-31 00:00:00+00:00,11.6,A,,,11.0,A,,,,,11.3,A,211.0,A,,,194.0,A,,,,,201.0,A,9.9,A,,,9.4,A,,,9.7,A,,,7.2,A,,,7.1,A,,,7.2,A,,,01467200
2011-11-01 00:00:00+00:00,11.1,A,,,10.5,A,,,,,10.9,A,225.0,A,,,204.0,A,,,,,214.0,A,10.2,A,,,9.6,A,,,9.9,A,,,7.3,A,,,7.1,A,,,7.2,A,,,01467200
2011-11-02 00:00:00+00:00,10.8,A,,,9.7,A,,,,,10.4,A,235.0,A,,,217.0,A,,,,,226.0,A,10.4,A,,,9.7,A,,,10.1,A,,,7.3,A,,,7.2,A,,,7.2,A,,,01467200
2011-11-03 00:00:00+00:00,10.3,A,,,9.2,A,,,,,9.7,A,232.0,A,,,222.0,A,,,,,226.0,A,10.8,A,,,10.0,A,,,10.4,A,,,7.3,A,,,7.2,A,,,7.2,A,,,01467200
2011-11-04 00:00:00+00:00,9.8,A,,,9.0,A,,,,,9.2,A,234.0,A,,,222.0,A,,,,,226.0,A,11.0,A,,,10.3,A,,,10.7,A,,,7.2,A,,,7.2,A,,,7.2,A,,,01467200
2011-11-05 00:00:00+00:00,9.3,A,,,8.7,A,,,,,8.9,A,232.0,A,,,220.0,A,,,,,227.0,A,11.2,A,,,10.6,A,,,10.9,A,,,7.2,A,,,7.2,A,,,7.2,A,,,01467200
2011-11-06 00:00:00+00:00,9.1,A,,,8.7,A,,,,,8.9,A,231.0,A,,,220.0,A,,,,,226.0,A,11.2,A,,,10.7,A,,,11.0,A,,,7.3,A,,,7.2,A,,,7.2,A,,,01467200
2011-11-07 00:00:00+00:00,9.1,A,,,8.7,A,,,,,8.9,A,233.0,A,,,217.0,A,,,,,223.0,A,11.3,A,,,10.8,A,,,11.1,A,,,7.3,A,,,7.2,A,,,7.2,A,,,01467200
2011-11-08 00:00:00+00:00,9.3,A,,,8.9,A,,,,,9.1,A,227.0,A,,,215.0,A,,,,,221.0,A,11.2,A,,,10.8,A,,,11.1,A,,,7.3,A,,,7.2,A,,,7.2,A,,,01467200
2011-11-09 00:00:00+00:00,9.5,A,,,9.2,A,,,,,9.3,A,229.0,A,,,214.0,A,,,,,221.0,A,11.2,A,,,10.8,A,,,11.0,A,,,7.2,A,,,7.2,A,,,7.2,A,,,01467200
2011-11-10 00:00:00+00:00,9.6,A,,,9.4,A,,,,,9.5,A,234.0,A,,,214.0,A,,,,,223.0,A,11.1,A,,,10.6,A,,,10.9,A,,,7.2,A,,,7.2,A,,,7.2,A,,,01467200
2011-11-11 00:00:00+00:00,9.6,A,,,9.2,A,,,,,9.4,A,221.0,A,,,213.0,A,,,,,217.0,A,11.2,A,,,10.7,A,,,11.0,A,,,7.3,A,,,7.2,A,,,7.2,A,,,01467200
2011-11-12 00:00:00+00:00,9.3,A,,,9.0,A,,,,,9.2,A,224.0,A,,,213.0,A,,,,,218.0,A,11.2,A,,,10.8,A,,,11.0,A,,,7.3,A,,,7.2,A,,,7.2,A,,,01467200
2011-11-13 00:00:00+00:00,9.3,A,,,9.0,A,,,,,9.1,A,224.0,A,,,215.0,A,,,,,220.0,A,11.3,A,,,10.8,A,,,11.0,A,,,7.3,A,,,7.2,A,,,7.3,A,,,01467200
2011-11-14 00:00:00+00:00,9.4,A,,,9.1,A,,,,,9.3,A,232.0,A,,,216.0,A,,,,,224.0,A,11.2,A,,,10.8,A,,,11.0,A,,,7.3,A,,,7.2,A,,,7.3,A,,,01467200
2011-11-15 00:00:00+00:00,9.7,A,,,9.4,A,,,,,9.5,A,233.0,A,,,218.0,A,,,,,224.0,A,11.1,A,,,10.7,A,,,10.9,A,,,7.3,A,,,7.2,A,,,7.3,A,,,01467200
2011-11-16 00:00:00+00:00,10.0,A,,,9.6,A,,,,,9.7,A,237.0,A,,,218.0,A,,,,,228.0,A,11.0,A,,,10.5,A,,,10.8,A,,,7.3,A,,,7.2,A,,,7.2,A,,,01467200
2011-11-17 00:00:00+00:00,10.0,A,,,9.7,A,,,,,9.9,A,243.0,A,,,222.0,A,,,,,228.0,A,10.7,A,,,10.3,A,,,10.6,A,,,7.3,A,,,7.2,A,,,7.2,A,,,01467200
2011-11-18 00:00:00+00:00,9.8,A,,,9.4,A,,,,,9.5,A,228.0,A,,,219.0,A,,,,,223.0,A,10.9,A,,,10.4,A,,,10.7,A,,,7.3,A,,,7.2,A,,,7.3,A,,,01467200
2011-11-19 00:00:00+00:00,9.4,A,,,9.2,A,,,,,9.3,A,233.0,A,,,223.0,A,,,,,227.0,A,11.1,A,,,10.5,A,,,10.8,A,,,7.4,A,,,7.3,A,,,7.3,A,,,01467200
2011-11-20 00:00:00+00:00,9.4,A,,,9.1,A,,,,,9.3,A,239.0,A,,,225.0,A,,,,,231.0,A,11.1,A,,,10.6,A,,,10.9,A,,,7.4,A,,,7.3,A,,,7.3,A,,,01467200
2011-11-21 00:00:00+00:00,9.5,A,,,9.3,A,,,,,9.4,A,241.0,A,,,230.0,A,,,,,233.0,A,10.9,A,,,10.5,A,,,10.8,A,,,7.3,A,,,7.2,A,,,7.3,A,,,01467200
2011-11-22 00:00:00+00:00,9.7,A,,,9.4,A,,,,,9.5,A,242.0,A,,,228.0,A,,,,,235.0,A,10.7,A,,,10.3,A,,,10.6,A,,,7.3,A,,,7.2,A,,,7.3,A,,,01467200
2011-11-23 00:00:00+00:00,9.8,A,,,9.1,A,,,,,9.6,A,238.0,A,,,216.0,A,,,,,226.0,A,11.0,A,,,10.1,A,,,10.4,A,,,7.3,A,,,7.2,A,,,7.2,A,,,01467200
2011-11-24 00:00:00+00:00,9.2,A,,,8.9,A,,,,,9.0,A,218.0,A,,,186.0,A,,,,,209.0,A,11.3,A,,,10.8,A,,,11.1,A,,,7.3,A,,,7.2,A,,,7.3,A,,,01467200
2011-11-25 00:00:00+00:00,9.3,A,,,9.0,A,,,,,9.1,A,205.0,A,,,166.0,A,,,,,180.0,A,11.1,A,,,10.4,A,,,10.6,A,,,7.3,A,,,7.1,A,,,7.1,A,,,01467200
2011-11-26 00:00:00+00:00,9.1,A,,,8.5,A,,,,,8.9,A,172.0,A,,,149.0,A,,,,,166.0,A,10.9,A,,,10.3,A,,,10.6,A,,,7.1,A,,,7.0,A,,,7.1,A,,,01467200
2011-11-27 00:00:00+00:00,8.9,A,,,8.3,A,,,,,8.6,A,166.0,A,,,156.0,A,,,,,161.0,A,11.1,A,,,10.5,A,,,10.8,A,,,7.1,A,,,7.0,A,,,7.0,A,,,01467200
2011-11-28 00:00:00+00:00,8.7,A,,,8.3,A,,,,,8.5,A,163.0,A,,,155.0,A,,,,,159.0,A,11.1,A,,,10.6,A,,,10.9,A,,,7.0,A,,,7.0,A,,,7.0,A,,,01467200
2011-11-29 00:00:00+00:00,8.9,A,,,8.3,A,,,,,8.6,A,170.0,A,,,155.0,A,,,,,161.0,A,11.2,A,,,10.6,A,,,10.9,A,,,7.0,A,,,7.0,A,,,7.0,A,,,01467200
2011-11-30 00:00:00+00:00,8.9,A,,,8.6,A,,,,,8.7,A,170.0,A,,,156.0,A,,,,,160.0,A,11.1,A,,,10.6,A,,,10.9,A,,,7.0,A,,,7.0,A,,,7.0,A,,,01467200
2011-12-01 00:00:00+00:00,8.8,A,,,8.5,A,,,,,8.7,A,183.0,A,,,163.0,A,,,,,172.0,A,11.3,A,,,11.0,A,,,11.2,A,,,7.2,A,,,7.0,A,,,7.1,A,,,01467200
2011-12-02 00:00:00+00:00,9.1,A,,,8.7,A,,,,,8.9,A,183.0,A,,,174.0,A,,,,,178.0,A,11.2,A,,,10.9,A,,,11.1,A,,,7.2,A,,,7.1,A,,,7.2,A,,,01467200
2011-12-03 00:00:00+00:00,9.1,A,,,8.9,A,,,,,9.0,A,182.0,A,,,167.0,A,,,,,175.0,A,11.0,A,,,10.7,A,,,10.9,A,,,7.2,A,,,7.1,A,,,7.1,A,,,01467200
2011-12-04 00:00:00+00:00,9.0,A,,,8.6,A,,,,,8.8,A,177.0,A,,,157.0,A,,,,,166.0,A,11.1,A,,,10.7,A,,,10.9,A,,,7.1,A,,,7.0,A,,,7.1,A,,,01467200
2011-12-05 00:00:00+00:00,8.8,A,,,8.3,A,,,,,8.5,A,163.0,A,,,152.0,A,,,,,158.0,A,11.3,A,,,10.7,A,,,11.1,A,,,7.1,A,,,7.0,A,,,7.0,A,,,01467200
2011-12-06 00:00:00+00:00,8.7,A,,,8.2,A,,,,,8.4,A,162.0,A,,,155.0,A,,,,,158.0,A,11.4,A,,,10.9,A,,,11.2,A,,,7.0,A,,,7.0,A,,,7.0,A,,,01467200
2011-12-07 00:00:00+00:00,8.6,A,,,8.1,A,,,,,8.4,A,166.0,A,,,150.0,A,,,,,160.0,A,11.4,A,,,10.9,A,,,11.2,A,,,7.0,A,,,6.9,A,,,7.0,A,,,01467200
2011-12-08 00:00:00+00:00,8.4,A,,,7.9,A,,,,,8.1,A,172.0,A,,,155.0,A,,,,,165.0,A,11.7,A,,,11.2,A,,,11.5,A,,,7.2,A,,,6.9,A,,,7.1,A,,,01467200
2011-12-09 00:00:00+00:00,8.7,A,,,8.0,A,,,,,8.4,A,174.0,A,,,155.0,A,,,,,163.0,A,11.6,A,,,10.9,A,,,11.1,A,,,7.2,A,,,7.0,A,,,7.1,A,,,01467200
2011-12-10 00:00:00+00:00,8.5,A,,,7.3,A,,,,,8.0,A,162.0,A,,,139.0,A,,,,,154.0,A,11.6,A,,,10.9,A,,,11.2,A,,,7.1,A,,,6.9,A,,,7.0,A,,,01467200
2011-12-11 00:00:00+00:00,7.5,A,,,6.6,A,,,,,7.1,A,147.0,A,,,136.0,A,,,,,142.0,A,11.8,A,,,11.3,A,,,11.6,A,,,7.1,A,,,6.8,A,,,7.0,A,,,01467200
2011-12-12 00:00:00+00:00,6.9,A,,,6.0,A,,,,,6.5,A,148.0,A,,,135.0,A,,,,,140.0,A,12.0,A,,,11.6,A,,,11.8,A,,,7.0,A,,,6.8,A,,,6.9,A,,,01467200
2012-03-27 00:00:00+00:00,13.4,A,,,12.6,A,,,,,12.9,A,234.0,A,,,211.0,A,,,,,221.0,A,10.6,A,,,9.9,A,,,10.3,A,,,7.7,A,,,7.6,A,,,7.6,A,,,01467200
2012-03-28 00:00:00+00:00,13.0,A,,,12.4,A,,,,,12.7,A,241.0,A,,,217.0,A,,,,,228.0,A,10.7,A,,,10.1,A,,,10.4,A,,,7.7,A,,,7.6,A,,,7.6,A,,,01467200
2012-03-29 00:00:00+00:00,13.2,A,,,12.6,A,,,,,12.9,A,239.0,A,,,218.0,A,,,,,228.0,A,10.7,A,,,10.1,A,,,10.4,A,,,7.7,A,,,7.6,A,,,7.6,A,,,01467200
2012-03-30 00:00:00+00:00,13.2,A,,,12.5,A,,,,,12.9,A,246.0,A,,,222.0,A,,,,,233.0,A,10.7,A,,,10.2,A,,,10.5,A,,,7.8,A,,,7.6,A,,,7.7,A,,,01467200
2012-03-31 00:00:00+00:00,13.1,A,,,12.5,A,,,,,12.8,A,251.0,A,,,224.0,A,,,,,236.0,A,10.5,A,,,10.1,A,,,10.3,A,,,7.7,A,,,7.6,A,,,7.6,A,,,01467200
2012-04-01 00:00:00+00:00,13.0,A,,,12.5,A,,,,,12.7,A,253.0,A,,,229.0,A,,,,,239.0,A,10.2,A,,,9.8,A,,,10.1,A,,,7.6,A,,,7.6,A,,,7.6,A,,,01467200
2012-04-02 00:00:00+00:00,13.1,A,,,12.6,A,,,,,12.8,A,261.0,A,,,230.0,A,,,,,240.0,A,10.1,A,,,9.8,A,,,10.0,A,,,7.6,A,,,7.5,A,,,7.6,A,,,01467200
2012-04-03 00:00:00+00:00,13.0,A,,,12.5,A,,,,,12.8,A,264.0,A,,,232.0,A,,,,,247.0,A,10.2,A,,,9.8,A,,,10.0,A,,,7.6,A,,,7.5,A,,,7.6,A,,,01467200
2012-04-04 00:00:00+00:00,13.2,A,,,12.7,A,,,,,12.9,A,255.0,A,,,232.0,A,,,,,242.0,A,10.1,A,,,9.8,A,,,9.9,A,,,7.6,A,,,7.5,A,,,7.5,A,,,01467200
2012-04-05 00:00:00+00:00,13.2,A,,,12.8,A,,,,,13.0,A,259.0,A,,,234.0,A,,,,,245.0,A,10.2,A,,,9.7,A,,,9.9,A,,,7.6,A,,,7.5,A,,,7.5,A,,,01467200
2012-04-06 00:00:00+00:00,13.1,A,,,12.8,A,,,,,12.9,A,262.0,A,,,238.0,A,,,,,247.0,A,10.2,A,,,9.6,A,,,9.9,A,,,7.6,A,,,7.5,A,,,7.5,A,,,01467200
2012-04-07 00:00:00+00:00,12.9,A,,,12.6,A,,,,,12.8,A,260.0,A,,,241.0,A,,,,,250.0,A,10.4,A,,,9.6,A,,,9.8,A,,,7.6,A,,,7.5,A,,,7.5,A,,,01467200
2012-04-08 00:00:00+00:00,13.0,A,,,12.6,A,,,,,12.7,A,274.0,A,,,245.0,A,,,,,255.0,A,10.2,A,,,9.5,A,,,9.8,A,,,7.6,A,,,7.5,A,,,7.5,A,,,01467200
2012-04-09 00:00:00+00:00,12.8,A,,,12.6,A,,,,,12.7,A,265.0,A,,,246.0,A,,,,,253.0,A,10.2,A,,,9.6,A,,,9.9,A,,,7.6,A,,,7.5,A,,,7.5,A,,,01467200
2012-04-10 00:00:00+00:00,12.7,A,,,12.5,A,,,,,12.6,A,272.0,A,,,247.0,A,,,,,260.0,A,10.2,A,,,9.6,A,,,9.9,A,,,7.6,A,,,7.5,A,,,7.5,A,,,01467200
2012-04-11 00:00:00+00:00,12.5,A,,,12.4,A,,,,,12.4,A,276.0,A,,,252.0,A,,,,,267.0,A,10.1,A,,,9.6,A,,,9.8,A,,,7.6,A,,,7.5,A,,,7.5,A,,,01467200
2012-04-12 00:00:00+00:00,12.4,A,,,12.1,A,,,,,12.3,A,270.0,A,,,255.0,A,,,,,261.0,A,10.1,A,,,9.5,A,,,9.8,A,,,7.6,A,,,7.5,A,,,7.5,A,,,01467200
2012-04-13 00:00:00+00:00,12.5,A,,,12.1,A,,,,,12.3,A,277.0,A,,,257.0,A,,,,,265.0,A,10.2,A,,,9.5,A,,,9.9,A,,,7.6,A,,,7.5,A,,,7.5,A,,,01467200
2012-04-14 00:00:00+00:00,12.8,A,,,12.3,A,,,,,12.5,A,276.0,A,,,259.0,A,,,,,266.0,A,10.5,A,,,9.6,A,,,10.0,A,,,7.6,A,,,7.5,A,,,7.5,A,,,01467200
2012-04-15 00:00:00+00:00,13.2,A,,,12.7,A,,,,,12.9,A,275.0,A,,,248.0,A,,,,,265.0,A,10.6,A,,,9.6,A,,,10.1,A,,,7.6,A,,,7.5,A,,,7.5,A,,,01467200
2012-04-16 00:00:00+00:00,13.9,A,,,13.1,A,,,,,13.4,A,276.0,A,,,258.0,A,,,,,267.0,A,10.9,A,,,9.6,A,,,10.1,A,,,7.7,A,,,7.4,A,,,7.5,A,,,01467200
2012-04-17 00:00:00+00:00,14.4,A,,,13.8,A,,,,,14.0,A,286.0,A,,,259.0,A,,,,,273.0,A,10.9,A,,,9.7,A,,,10.2,A,,,7.6,A,,,7.4,A,,,7.5,A,,,01467200
2012-04-18 00:00:00+00:00,14.4,A,,,14.2,A,,,,,14.3,A,284.0,A,,,256.0,A,,,,,270.0,A,10.8,A,,,9.5,A,,,10.1,A,,,7.6,A,,,7.4,A,,,7.5,A,,,01467200
2012-04-19 00:00:00+00:00,14.9,A,,,14.2,A,,,,,14.5,A,285.0,A,,,259.0,A,,,,,272.0,A,10.7,A,,,9.1,A,,,9.8,A,,,7.6,A,,,7.3,A,,,7.4,A,,,01467200
2012-04-20 00:00:00+00:00,15.3,A,,,14.6,A,,,,,14.9,A,291.0,A,,,259.0,A,,,,,273.0,A,10.4,A,,,8.8,A,,,9.6,A,,,7.5,A,,,7.3,A,,,7.3,A,,,01467200
2012-04-21 00:00:00+00:00,15.8,A,,,15.0,A,,,,,15.3,A,292.0,A,,,262.0,A,,,,,277.0,A,10.0,A,,,8.5,A,,,9.2,A,,,7.4,A,,,7.2,A,,,7.3,A,,,01467200
2012-04-22 00:00:00+00:00,15.7,A,,,15.4,A,,,,,15.5,A,295.0,A,,,269.0,A,,,,,281.0,A,9.8,A,,,8.3,A,,,8.9,A,,,7.4,A,,,7.2,A,,,7.2,A,,,01467200
2012-04-23 00:00:00+00:00,15.4,A,,,15.0,A,,,,,15.2,A,295.0,A,,,253.0,A,,,,,273.0,A,9.2,A,,,8.0,A,,,8.5,A,,,7.3,A,,,7.2,A,,,7.2,A,,,01467200
2012-04-24 00:00:00+00:00,15.3,A,,,14.7,A,,,,,15.0,A,282.0,A,,,251.0,A,,,,,266.0,A,8.9,A,,,7.9,A,,,8.4,A,,,7.4,A,,,7.2,A,,,7.3,A,,,01467200
2012-04-25 00:00:00+00:00,15.2,A,,,14.7,A,,,,,14.9,A,266.0,A,,,253.0,A,,,,,259.0,A,8.8,A,,,8.0,A,,,8.4,A,,,7.5,A,,,7.2,A,,,7.4,A,,,01467200
2012-04-26 00:00:00+00:00,15.3,A,,,14.8,A,,,,,15.0,A,263.0,A,,,258.0,A,,,,,261.0,A,8.3,A,,,7.8,A,,,8.1,A,,,7.4,A,,,7.3,A,,,7.3,A,,,01467200
2012-04-27 00:00:00+00:00,15.3,A,,,14.9,A,,,,,15.1,A,264.0,A,,,257.0,A,,,,,261.0,A,7.8,A,,,7.4,A,,,7.6,A,,,7.4,A,,,7.2,A,,,7.3,A,,,01467200
2012-04-28 00:00:00+00:00,14.9,A,,,14.4,A,,,,,14.7,A,262.0,A,,,251.0,A,,,,,258.0,A,7.7,A,,,7.4,A,,,7.5,A,,,7.3,A,,,7.2,A,,,7.3,A,,,01467200
2012-04-29 00:00:00+00:00,14.7,A,,,14.1,A,,,,,14.4,A,261.0,A,,,242.0,A,,,,,254.0,A,7.9,A,,,7.3,A,,,7.6,A,,,7.3,A,,,7.2,A,,,7.3,A,,,01467200
2012-04-30 00:00:00+00:00,14.6,A,,,13.8,A,,,,,14.3,A,258.0,A,,,234.0,A,,,,,248.0,A,8.2,A,,,7.3,A,,,7.7,A,,,7.3,A,,,7.2,A,,,7.2,A,,,01467200
2012-05-01 00:00:00+00:00,14.6,A,,,14.0,A,,,,,14.3,A,257.0,A,,,227.0,A,,,,,245.0,A,8.5,A,,,7.3,A,,,7.8,A,,,7.2,A,,,7.1,A,,,7.2,A,,,01467200
2012-05-02 00:00:00+00:00,14.6,A,,,14.0,A,,,,,14.3,A,256.0,A,,,213.0,A,,,,,236.0,A,8.8,A,,,7.3,A,,,8.0,A,,,7.2,A,,,7.1,A,,,7.2,A,,,01467200
2012-05-03 00:00:00+00:00,14.5,A,,,14.0,A,,,,,14.3,A,255.0,A,,,207.0,A,,,,,230.0,A,8.8,A,,,7.3,A,,,8.0,A,,,7.2,A,,,7.1,A,,,7.1,A,,,01467200
2012-05-04 00:00:00+00:00,14.7,A,,,14.1,A,,,,,14.5,A,249.0,A,,,202.0,A,,,,,222.0,A,8.9,A,,,7.2,A,,,8.0,A,,,7.1,A,,,7.1,A,,,7.1,A,,,01467200
2012-05-05 00:00:00+00:00,15.0,A,,,14.5,A,,,,,14.8,A,243.0,A,,,198.0,A,,,,,218.0,A,8.9,A,,,7.2,A,,,8.1,A,,,7.1,A,,,7.0,A,,,7.0,A,,,01467200
2012-05-06 00:00:00+00:00,15.3,A,,,14.6,A,,,,,14.9,A,239.0,A,,,194.0,A,,,,,212.0,A,9.0,A,,,7.3,A,,,8.2,A,,,7.1,A,,,7.0,A,,,7.0,A,,,01467200
2012-05-07 00:00:00+00:00,15.5,A,,,14.9,A,,,,,15.2,A,237.0,A,,,199.0,A,,,,,216.0,A,8.8,A,,,7.3,A,,,8.0,A,,,7.2,A,,,7.0,A,,,7.1,A,,,01467200
2012-05-08 00:00:00+00:00,15.6,A,,,15.2,A,,,,,15.4,A,238.0,A,,,206.0,A,,,,,218.0,A,8.6,A,,,7.0,A,,,7.9,A,,,7.2,A,,,7.0,A,,,7.1,A,,,01467200
2012-05-09 00:00:00+00:00,15.9,A,,,15.6,A,,,,,15.7,A,234.0,A,,,209.0,A,,,,,220.0,A,8.6,A,,,7.2,A,,,7.8,A,,,7.2,A,,,7.0,A,,,7.1,A,,,01467200
2012-05-10 00:00:00+00:00,16.2,A,,,15.8,A,,,,,16.0,A,227.0,A,,,214.0,A,,,,,219.0,A,8.2,A,,,7.1,A,,,7.8,A,,,7.2,A,,,7.1,A,,,7.2,A,,,01467200
2012-05-11 00:00:00+00:00,16.9,A,,,15.9,A,,,,,16.4,A,220.0,A,,,212.0,A,,,,,216.0,A,8.6,A,,,7.4,A,,,8.1,A,,,7.3,A,,,7.1,A,,,7.2,A,,,01467200
2012-05-12 00:00:00+00:00,17.5,A,,,16.3,A,,,,,16.9,A,218.0,A,,,203.0,A,,,,,212.0,A,8.6,A,,,7.6,A,,,8.1,A,,,7.3,A,,,7.2,A,,,7.2,A,,,01467200
2012-05-13 00:00:00+00:00,18.1,A,,,17.0,A,,,,,17.6,A,216.0,A,,,196.0,A,,,,,206.0,A,8.5,A,,,7.6,A,,,8.0,A,,,7.3,A,,,7.1,A,,,7.2,A,,,01467200
2012-05-14 00:00:00+00:00,18.3,A,,,17.7,A,,,,,18.0,A,213.0,A,,,195.0,A,,,,,204.0,A,8.2,A,,,7.1,A,,,7.7,A,,,7.3,A,,,7.1,A,,,7.2,A,,,01467200
2012-05-15 00:00:00+00:00,18.5,A,,,17.9,A,,,,,18.2,A,213.0,A,,,198.0,A,,,,,206.0,A,7.7,A,,,6.6,A,,,7.2,A,,,7.2,A,,,7.0,A,,,7.1,A,,,01467200
2012-05-16 00:00:00+00:00,18.9,A,,,18.2,A,,,,,18.6,A,212.0,A,,,173.0,A,,,,,195.0,A,7.0,A,,,6.3,A,,,6.7,A,,,7.1,A,,,7.0,A,,,7.0,A,,,01467200
2012-05-17 00:00:00+00:00,19.1,A,,,18.6,A,,,,,18.8,A,195.0,A,,,156.0,A,,,,,168.0,A,7.7,A,,,6.3,A,,,7.2,A,,,7.0,A,,,6.9,A,,,7.0,A,,,01467200
2012-05-18 00:00:00+00:00,19.4,A,,,18.8,A,,,,,19.0,A,173.0,A,,,158.0,A,,,,,168.0,A,7.6,A,,,7.0,A,,,7.4,A,,,7.2,A,,,7.0,A,,,7.1,A,,,01467200
2012-05-19 00:00:00+00:00,19.4,A,,,18.5,A,,,,,18.9,A,173.0,A,,,131.0,A,,,,,156.0,A,7.4,A,,,7.0,A,,,7.2,A,,,7.1,A,,,7.0,A,,,7.1,A,,,01467200
2012-05-20 00:00:00+00:00,19.2,A,,,18.4,A,,,,,18.9,A,166.0,A,,,118.0,A,,,,,139.0,A,7.5,A,,,7.0,A,,,7.2,A,,,7.1,A,,,6.9,A,,,7.0,A,,,01467200
2012-05-21 00:00:00+00:00,19.2,A,,,18.5,A,,,,,18.8,A,156.0,A,,,121.0,A,,,,,133.0,A,7.5,A,,,7.2,A,,,7.3,A,,,7.0,A,,,6.9,A,,,6.9,A,,,01467200
2012-05-22 00:00:00+00:00,19.0,A,,,18.5,A,,,,,18.8,A,148.0,A,,,123.0,A,,,,,134.0,A,7.4,A,,,7.0,A,,,7.2,A,,,7.0,A,,,6.9,A,,,6.9,A,,,01467200
2012-05-23 00:00:00+00:00,19.5,A,,,18.7,A,,,,,19.0,A,148.0,A,,,128.0,A,,,,,134.0,A,7.4,A,,,6.7,A,,,7.1,A,,,7.0,A,,,6.8,A,,,7.0,A,,,01467200
2012-05-24 00:00:00+00:00,19.6,A,,,19.1,A,,,,,19.3,A,145.0,A,,,128.0,A,,,,,136.0,A,7.4,A,,,6.7,A,,,7.1,A,,,7.0,A,,,7.0,A,,,7.0,A,,,01467200
2012-05-25 00:00:00+00:00,20.2,A,,,19.5,A,,,,,19.8,A,143.0,A,,,134.0,A,,,,,139.0,A,7.5,A,,,6.8,A,,,7.2,A,,,7.0,A,,,6.9,A,,,7.0,A,,,01467200
2012-05-26 00:00:00+00:00,20.8,A,,,20.0,A,,,,,20.4,A,154.0,A,,,140.0,A,,,,,144.0,A,7.5,A,,,6.8,A,,,7.2,A,,,7.0,A,,,6.9,A,,,7.0,A,,,01467200
2012-05-27 00:00:00+00:00,21.3,A,,,20.5,A,,,,,20.9,A,169.0,A,,,145.0,A,,,,,155.0,A,7.5,A,,,6.8,A,,,7.2,A,,,7.2,A,,,6.9,A,,,7.0,A,,,01467200
2012-05-28 00:00:00+00:00,22.3,A,,,21.2,A,,,,,21.7,A,169.0,A,,,156.0,A,,,,,164.0,A,7.8,A,,,7.0,A,,,7.4,A,,,7.2,A,,,7.0,A,,,7.1,A,,,01467200
2012-05-29 00:00:00+00:00,22.9,A,,,22.0,A,,,,,22.5,A,173.0,A,,,165.0,A,,,,,170.0,A,7.9,A,,,7.1,A,,,7.5,A,,,7.2,A,,,7.0,A,,,7.1,A,,,01467200
2012-05-30 00:00:00+00:00,23.2,A,,,22.7,A,,,,,22.9,A,180.0,A,,,169.0,A,,,,,176.0,A,7.9,A,,,7.1,A,,,7.5,A,,,7.2,A,,,7.0,A,,,7.1,A,,,01467200
2012-05-31 00:00:00+00:00,23.6,A,,,22.9,A,,,,,23.2,A,187.0,A,,,175.0,A,,,,,183.0,A,7.9,A,,,7.2,A,,,7.5,A,,,7.2,A,,,7.1,A,,,7.1,A,,,01467200
2012-06-01 00:00:00+00:00,23.4,A,,,23.1,A,,,,,23.3,A,193.0,A,,,183.0,A,,,,,188.0,A,7.9,A,,,7.1,A,,,7.6,A,,,7.2,A,,,7.1,A,,,7.2,A,,,01467200
2012-06-02 00:00:00+00:00,23.5,A,,,23.1,A,,,,,23.2,A,197.0,A,,,177.0,A,,,,,190.0,A,7.8,A,,,6.7,A,,,7.4,A,,,7.2,A,,,7.2,A,,,7.2,A,,,01467200
2012-06-03 00:00:00+00:00,23.5,A,,,23.1,A,,,,,23.3,A,194.0,A,,,176.0,A,,,,,184.0,A,7.5,A,,,6.5,A,,,7.1,A,,,7.2,A,,,7.2,A,,,7.2,A,,,01467200
2012-06-04 00:00:00+00:00,23.3,A,,,23.0,A,,,,,23.1,A,190.0,A,,,181.0,A,,,,,185.0,A,7.2,A,,,6.3,A,,,6.8,A,,,7.2,A,,,7.2,A,,,7.2,A,,,01467200
2012-06-05 00:00:00+00:00,23.0,A,,,22.4,A,,,,,22.7,A,189.0,A,,,183.0,A,,,,,186.0,A,6.8,A,,,6.0,A,,,6.5,A,,,7.2,A,,,7.1,A,,,7.2,A,,,01467200
2012-06-08 00:00:00+00:00,22.1,A,,,21.1,A,,,,,21.6,A,190.0,A,,,177.0,A,,,,,183.0,A,7.0,A,,,5.7,A,,,6.4,A,,,7.2,A,,,7.1,A,,,7.1,A,,,01467200
2012-06-09 00:00:00+00:00,22.0,A,,,21.0,A,,,,,21.6,A,190.0,A,,,178.0,A,,,,,183.0,A,7.0,A,,,5.7,A,,,6.4,A,,,7.2,A,,,7.1,A,,,7.1,A,,,01467200
2012-06-10 00:00:00+00:00,22.3,A,,,21.1,A,,,,,21.7,A,191.0,A,,,179.0,A,,,,,185.0,A,7.0,A,,,5.8,A,,,6.4,A,,,7.2,A,,,7.1,A,,,7.1,A,,,01467200
2012-06-11 00:00:00+00:00,22.5,A,,,21.5,A,,,,,22.0,A,193.0,A,,,182.0,A,,,,,187.0,A,7.2,A,,,5.8,A,,,6.5,A,,,7.2,A,,,7.1,A,,,7.1,A,,,01467200
2012-06-12 00:00:00+00:00,22.3,A,,,21.7,A,,,,,22.0,A,196.0,A,,,186.0,A,,,,,190.0,A,6.9,A,,,5.7,A,,,6.4,A,,,7.1,A,,,7.1,A,,,7.1,A,,,01467200
2012-06-13 00:00:00+00:00,22.2,A,,,21.7,A,,,,,21.9,A,196.0,A,,,186.0,A,,,,,192.0,A,7.2,A,,,5.6,A,,,6.3,A,,,7.1,A,,,7.0,A,,,7.1,A,,,01467200
2012-06-14 00:00:00+00:00,22.3,A,,,21.7,A,,,,,22.0,A,197.0,A,,,187.0,A,,,,,191.0,A,7.4,A,,,5.7,A,,,6.6,A,,,7.2,A,,,7.0,A,,,7.1,A,,,01467200
2012-06-15 00:00:00+00:00,22.5,A,,,21.9,A,,,,,22.2,A,199.0,A,,,188.0,A,,,,,193.0,A,8.0,A,,,5.9,A,,,7.0,A,,,7.3,A,,,7.0,A,,,7.1,A,,,01467200
2012-06-16 00:00:00+00:00,22.8,A,,,22.2,A,,,,,22.5,A,200.0,A,,,192.0,A,,,,,196.0,A,8.5,A,,,6.0,A,,,7.3,A,,,7.3,A,,,7.1,A,,,7.2,A,,,01467200
2012-06-17 00:00:00+00:00,22.9,A,,,22.5,A,,,,,22.6,A,202.0,A,,,195.0,A,,,,,198.0,A,8.6,A,,,6.3,A,,,7.6,A,,,7.4,A,,,7.1,A,,,7.2,A,,,01467200
2012-06-18 00:00:00+00:00,22.9,A,,,22.5,A,,,,,22.7,A,206.0,A,,,198.0,A,,,,,202.0,A,8.9,A,,,6.7,A,,,7.9,A,,,7.4,A,,,7.1,A,,,7.2,A,,,01467200
2012-06-19 00:00:00+00:00,23.2,A,,,22.6,A,,,,,22.8,A,211.0,A,,,201.0,A,,,,,206.0,A,9.0,A,,,6.9,A,,,8.0,A,,,7.4,A,,,7.2,A,,,7.3,A,,,01467200
2012-06-20 00:00:00+00:00,23.7,A,,,22.9,A,,,,,23.2,A,215.0,A,,,206.0,A,,,,,210.0,A,9.0,A,,,7.2,A,,,8.1,A,,,7.4,A,,,7.2,A,,,7.3,A,,,01467200
2012-06-21 00:00:00+00:00,24.2,A,,,23.5,A,,,,,23.8,A,220.0,A,,,210.0,A,,,,,214.0,A,8.9,A,,,6.6,A,,,8.1,A,,,7.4,A,,,7.1,A,,,7.3,A,,,01467200
2012-06-22 00:00:00+00:00,24.7,A,,,24.0,A,,,,,24.3,A,223.0,A,,,212.0,A,,,,,217.0,A,8.9,A,,,6.9,A,,,8.0,A,,,7.4,A,,,7.1,A,,,7.2,A,,,01467200
2012-06-23 00:00:00+00:00,25.0,A,,,24.5,A,,,,,24.7,A,226.0,A,,,217.0,A,,,,,222.0,A,8.4,A,,,6.4,A,,,7.4,A,,,7.2,A,,,7.0,A,,,7.1,A,,,01467200
2012-06-24 00:00:00+00:00,25.2,A,,,24.6,A,,,,,24.9,A,227.0,A,,,218.0,A,,,,,224.0,A,8.0,A,,,6.3,A,,,7.5,A,,,7.2,A,,,7.0,A,,,7.1,A,,,01467200
2012-06-25 00:00:00+00:00,25.3,A,,,25.0,A,,,,,25.1,A,230.0,A,,,219.0,A,,,,,225.0,A,8.0,A,,,6.8,A,,,7.4,A,,,7.2,A,,,7.1,A,,,7.1,A,,,01467200
2012-06-26 00:00:00+00:00,25.1,A,,,24.7,A,,,,,24.8,A,233.0,A,,,216.0,A,,,,,226.0,A,7.9,A,,,6.2,A,,,7.3,A,,,7.2,A,,,7.1,A,,,7.1,A,,,01467200
2012-06-27 00:00:00+00:00,24.8,A,,,24.4,A,,,,,24.6,A,235.0,A,,,219.0,A,,,,,227.0,A,7.7,A,,,6.4,A,,,7.2,A,,,7.2,A,,,7.1,A,,,7.1,A,,,01467200
2012-06-28 00:00:00+00:00,24.9,A,,,24.4,A,,,,,24.6,A,239.0,A,,,221.0,A,,,,,230.0,A,7.5,A,,,6.0,A,,,6.9,A,,,7.1,A,,,7.0,A,,,7.1,A,,,01467200
2012-06-29 00:00:00+00:00,25.3,A,,,24.6,A,,,,,24.9,A,241.0,A,,,222.0,A,,,,,232.0,A,7.1,A,,,5.1,A,,,6.4,A,,,7.1,A,,,7.0,A,,,7.0,A,,,01467200
2012-06-30 00:00:00+00:00,25.8,A,,,25.1,A,,,,,25.4,A,246.0,A,,,225.0,A,,,,,233.0,A,6.7,A,,,4.9,A,,,5.9,A,,,7.0,A,,,6.9,A,,,7.0,A,,,01467200
2012-07-01 00:00:00+00:00,26.2,A,,,25.5,A,,,,,25.7,A,244.0,A,,,226.0,A,,,,,235.0,A,6.3,A,,,4.5,A,,,5.5,A,,,7.0,A,,,6.9,A,,,7.0,A,,,01467200
2012-07-02 00:00:00+00:00,26.3,A,,,25.8,A,,,,,26.0,A,245.0,A,,,226.0,A,,,,,235.0,A,5.9,A,,,4.5,A,,,5.2,A,,,7.0,A,,,6.9,A,,,6.9,A,,,01467200
2012-07-03 00:00:00+00:00,26.6,A,,,26.0,A,,,,,26.3,A,250.0,A,,,227.0,A,,,,,237.0,A,5.5,A,,,4.0,A,,,4.8,A,,,7.0,A,,,6.9,A,,,6.9,A,,,01467200
2012-07-04 00:00:00+00:00,26.9,A,,,26.3,A,,,,,26.5,A,250.0,A,,,229.0,A,,,,,239.0,A,5.2,A,,,3.8,A,,,4.6,A,,,6.9,A,,,6.9,A,,,6.9,A,,,01467200
2012-07-05 00:00:00+00:00,27.2,A,,,26.6,A,,,,,26.9,A,254.0,A,,,232.0,A,,,,,243.0,A,5.0,A,,,3.8,A,,,4.4,A,,,6.9,A,,,6.9,A,,,6.9,A,,,01467200
2012-07-06 00:00:00+00:00,27.5,A,,,26.9,A,,,,,27.2,A,254.0,A,,,232.0,A,,,,,243.0,A,5.0,A,,,3.6,A,,,4.3,A,,,6.9,A,,,6.9,A,,,6.9,A,,,01467200
2012-07-07 00:00:00+00:00,27.8,A,,,27.2,A,,,,,27.5,A,255.0,A,,,235.0,A,,,,,245.0,A,4.8,A,,,3.5,A,,,4.1,A,,,6.9,A,,,6.8,A,,,6.9,A,,,01467200
2012-07-08 00:00:00+00:00,27.9,A,,,27.6,A,,,,,27.8,A,259.0,A,,,235.0,A,,,,,247.0,A,4.5,A,,,3.3,A,,,3.9,A,,,6.9,A,,,6.8,A,,,6.8,A,,,01467200
2012-07-09 00:00:00+00:00,28.0,A,,,27.6,A,,,,,27.8,A,259.0,A,,,237.0,A,,,,,249.0,A,4.4,A,,,3.3,A,,,3.9,A,,,6.9,A,,,6.8,A,,,6.8,A,,,01467200
2012-07-10 00:00:00+00:00,27.9,A,,,27.6,A,,,,,27.7,A,260.0,A,,,239.0,A,,,,,250.0,A,4.4,A,,,3.3,A,,,3.8,A,,,6.9,A,,,6.8,A,,,6.8,A,,,01467200
2012-07-11 00:00:00+00:00,28.0,A,,,27.6,A,,,,,27.8,A,262.0,A,,,240.0,A,,,,,250.0,A,4.4,A,,,3.3,A,,,3.8,A,,,6.9,A,,,6.8,A,,,6.8,A,,,01467200
2012-07-12 00:00:00+00:00,28.2,A,,,27.6,A,,,,,27.8,A,264.0,A,,,242.0,A,,,,,252.0,A,4.4,A,,,3.2,A,,,3.9,A,,,6.9,A,,,6.8,A,,,6.8,A,,,01467200
2012-07-13 00:00:00+00:00,28.2,A,,,27.7,A,,,,,27.9,A,266.0,A,,,244.0,A,,,,,254.0,A,4.4,A,,,3.5,A,,,3.9,A,,,6.8,A,,,6.8,A,,,6.8,A,,,01467200
2012-07-14 00:00:00+00:00,27.9,A,,,27.6,A,,,,,27.8,A,267.0,A,,,246.0,A,,,,,255.0,A,4.3,A,,,3.3,A,,,3.8,A,,,6.8,A,,,6.7,A,,,6.8,A,,,01467200
2012-07-15 00:00:00+00:00,28.0,A,,,27.6,A,,,,,27.7,A,268.0,A,,,245.0,A,,,,,256.0,A,4.4,A,,,3.1,A,,,3.7,A,,,6.8,A,,,6.7,A,,,6.7,A,,,01467200
2012-07-16 00:00:00+00:00,28.2,A,,,27.6,A,,,,,27.8,A,267.0,A,,,243.0,A,,,,,256.0,A,4.5,A,,,3.3,A,,,3.7,A,,,6.8,A,,,6.7,A,,,6.7,A,,,01467200
2012-07-17 00:00:00+00:00,28.4,A,,,27.8,A,,,,,28.1,A,271.0,A,,,245.0,A,,,,,258.0,A,4.5,A,,,3.3,A,,,3.8,A,,,6.8,A,,,6.7,A,,,6.7,A,,,01467200
2012-07-18 00:00:00+00:00,28.7,A,,,28.1,A,,,,,28.3,A,275.0,A,,,248.0,A,,,,,260.0,A,5.0,A,,,3.5,A,,,4.1,A,,,6.8,A,,,6.7,A,,,6.8,A,,,01467200
2012-07-19 00:00:00+00:00,28.5,A,,,28.2,A,,,,,28.3,A,276.0,A,,,249.0,A,,,,,261.0,A,4.9,A,,,3.7,A,,,4.2,A,,,6.8,A,,,6.7,A,,,6.8,A,,,01467200
2012-07-20 00:00:00+00:00,28.2,A,,,27.4,A,,,,,27.8,A,280.0,A,,,248.0,A,,,,,263.0,A,4.9,A,,,3.8,A,,,4.3,A,,,6.8,A,,,6.8,A,,,6.8,A,,,01467200
2012-07-21 00:00:00+00:00,27.4,A,,,27.2,A,,,,,27.3,A,285.0,A,,,249.0,A,,,,,265.0,A,5.0,A,,,4.2,A,,,4.5,A,,,6.8,A,,,6.8,A,,,6.8,A,,,01467200
2012-07-22 00:00:00+00:00,27.3,A,,,27.0,A,,,,,27.1,A,289.0,A,,,250.0,A,,,,,266.0,A,5.1,A,,,4.2,A,,,4.5,A,,,6.8,A,,,6.8,A,,,6.8,A,,,01467200
2012-07-23 00:00:00+00:00,27.4,A,,,27.0,A,,,,,27.1,A,285.0,A,,,251.0,A,,,,,265.0,A,5.2,A,,,4.2,A,,,4.7,A,,,6.9,A,,,6.8,A,,,6.8,A,,,01467200
2012-07-24 00:00:00+00:00,27.4,A,,,27.1,A,,,,,27.3,A,282.0,A,,,253.0,A,,,,,266.0,A,5.3,A,,,4.2,A,,,4.9,A,,,6.9,A,,,6.8,A,,,6.8,A,,,01467200
2012-07-25 00:00:00+00:00,27.4,A,,,26.9,A,,,,,27.2,A,286.0,A,,,253.0,A,,,,,267.0,A,5.8,A,,,4.7,A,,,5.2,A,,,6.9,A,,,6.8,A,,,6.8,A,,,01467200
2012-07-26 00:00:00+00:00,27.3,A,,,27.0,A,,,,,27.1,A,284.0,A,,,253.0,A,,,,,268.0,A,5.9,A,,,4.7,A,,,5.3,A,,,6.9,A,,,6.8,A,,,6.9,A,,,01467200
2012-07-27 00:00:00+00:00,27.5,A,,,27.1,A,,,,,27.3,A,284.0,A,,,254.0,A,,,,,268.0,A,5.6,A,,,4.3,A,,,5.1,A,,,6.9,A,,,6.8,A,,,6.8,A,,,01467200
2012-07-28 00:00:00+00:00,27.7,A,,,27.4,A,,,,,27.5,A,288.0,A,,,254.0,A,,,,,268.0,A,5.5,A,,,4.3,A,,,5.0,A,,,6.9,A,,,6.8,A,,,6.8,A,,,01467200
2012-07-29 00:00:00+00:00,27.7,A,,,27.4,A,,,,,27.5,A,288.0,A,,,251.0,A,,,,,267.0,A,5.5,A,,,4.2,A,,,4.9,A,,,6.9,A,,,6.8,A,,,6.8,A,,,01467200
2012-07-30 00:00:00+00:00,27.8,A,,,27.4,A,,,,,27.5,A,285.0,A,,,252.0,A,,,,,266.0,A,5.6,A,,,4.2,A,,,4.8,A,,,6.9,A,,,6.8,A,,,6.8,A,,,01467200
2012-07-31 00:00:00+00:00,27.8,A,,,27.4,A,,,,,27.6,A,288.0,A,,,252.0,A,,,,,268.0,A,5.5,A,,,4.3,A,,,4.9,A,,,6.9,A,,,6.8,A,,,6.8,A,,,01467200
2012-08-01 00:00:00+00:00,27.6,A,,,27.5,A,,,,,27.5,A,290.0,A,,,250.0,A,,,,,268.0,A,5.4,A,,,4.2,A,,,4.8,A,,,6.9,A,,,6.8,A,,,6.8,A,,,01467200
2012-08-02 00:00:00+00:00,27.8,A,,,27.4,A,,,,,27.6,A,286.0,A,,,248.0,A,,,,,264.0,A,5.2,A,,,4.1,A,,,4.6,A,,,6.8,A,,,6.8,A,,,6.8,A,,,01467200
2012-08-03 00:00:00+00:00,28.0,A,,,27.5,A,,,,,27.8,A,284.0,A,,,250.0,A,,,,,266.0,A,5.0,A,,,3.9,A,,,4.5,A,,,6.9,A,,,6.8,A,,,6.8,A,,,01467200
2012-08-04 00:00:00+00:00,28.1,A,,,27.7,A,,,,,27.9,A,285.0,A,,,254.0,A,,,,,268.0,A,4.8,A,,,3.9,A,,,4.3,A,,,6.9,A,,,6.8,A,,,6.8,A,,,01467200
2012-08-05 00:00:00+00:00,28.2,A,,,27.9,A,,,,,28.0,A,286.0,A,,,254.0,A,,,,,268.0,A,4.9,A,,,3.9,A,,,4.4,A,,,6.9,A,,,6.8,A,,,6.8,A,,,01467200
2012-08-06 00:00:00+00:00,28.3,A,,,27.9,A,,,,,28.1,A,281.0,A,,,253.0,A,,,,,264.0,A,4.9,A,,,4.2,A,,,4.5,A,,,6.9,A,,,6.8,A,,,6.8,A,,,01467200
2012-08-07 00:00:00+00:00,28.1,A,,,27.9,A,,,,,28.0,A,283.0,A,,,251.0,A,,,,,265.0,A,4.8,A,,,4.1,A,,,4.4,A,,,6.9,A,,,6.8,A,,,6.8,A,,,01467200
2012-08-08 00:00:00+00:00,28.2,A,,,27.9,A,,,,,28.1,A,281.0,A,,,251.0,A,,,,,265.0,A,4.8,A,,,3.9,A,,,4.3,A,,,6.9,A,,,6.8,A,,,6.8,A,,,01467200
2012-08-09 00:00:00+00:00,28.3,A,,,28.0,A,,,,,28.2,A,283.0,A,,,252.0,A,,,,,267.0,A,4.9,A,,,3.9,A,,,4.3,A,,,6.9,A,,,6.8,A,,,6.8,A,,,01467200
2012-08-10 00:00:00+00:00,28.2,A,,,28.0,A,,,,,28.2,A,280.0,A,,,252.0,A,,,,,266.0,A,4.8,A,,,4.0,A,,,4.4,A,,,6.9,A,,,6.8,A,,,6.8,A,,,01467200
2012-08-11 00:00:00+00:00,28.2,A,,,28.0,A,,,,,28.1,A,280.0,A,,,247.0,A,,,,,262.0,A,5.0,A,,,3.8,A,,,4.4,A,,,6.9,A,,,6.8,A,,,6.8,A,,,01467200
2012-08-12 00:00:00+00:00,28.2,A,,,27.9,A,,,,,28.1,A,281.0,A,,,246.0,A,,,,,259.0,A,4.9,A,,,4.0,A,,,4.5,A,,,6.9,A,,,6.8,A,,,6.8,A,,,01467200
2012-08-13 00:00:00+00:00,28.1,A,,,27.8,A,,,,,28.0,A,281.0,A,,,241.0,A,,,,,258.0,A,4.9,A,,,4.0,A,,,4.5,A,,,6.9,A,,,6.8,A,,,6.8,A,,,01467200
2012-08-14 00:00:00+00:00,28.0,A,,,27.7,A,,,,,27.8,A,284.0,A,,,242.0,A,,,,,260.0,A,4.8,A,,,3.9,A,,,4.5,A,,,6.9,A,,,6.8,A,,,6.8,A,,,01467200
2012-08-15 00:00:00+00:00,27.8,A,,,27.6,A,,,,,27.7,A,288.0,A,,,238.0,A,,,,,259.0,A,4.5,A,,,3.7,A,,,4.2,A,,,6.8,A,,,6.8,A,,,6.8,A,,,01467200
2012-08-16 00:00:00+00:00,27.8,A,,,27.5,A,,,,,27.6,A,285.0,A,,,242.0,A,,,,,259.0,A,4.5,A,,,3.6,A,,,4.0,A,,,6.8,A,,,6.8,A,,,6.8,A,,,01467200
2012-08-17 00:00:00+00:00,27.7,A,,,27.4,A,,,,,27.5,A,286.0,A,,,244.0,A,,,,,262.0,A,4.7,A,,,3.7,A,,,4.1,A,,,6.9,A,,,6.8,A,,,6.8,A,,,01467200
2012-08-18 00:00:00+00:00,27.5,A,,,27.3,A,,,,,27.4,A,284.0,A,,,241.0,A,,,,,260.0,A,4.7,A,,,3.7,A,,,4.1,A,,,6.9,A,,,6.8,A,,,6.8,A,,,01467200
2012-08-19 00:00:00+00:00,27.3,A,,,27.0,A,,,,,27.2,A,284.0,A,,,240.0,A,,,,,261.0,A,4.5,A,,,3.8,A,,,4.1,A,,,6.9,A,,,6.8,A,,,6.8,A,,,01467200
2012-08-20 00:00:00+00:00,27.1,A,,,26.9,A,,,,,27.0,A,285.0,A,,,242.0,A,,,,,263.0,A,4.5,A,,,3.8,A,,,4.1,A,,,6.9,A,,,6.8,A,,,6.8,A,,,01467200
2012-08-21 00:00:00+00:00,27.0,A,,,26.7,A,,,,,26.8,A,283.0,A,,,245.0,A,,,,,264.0,A,4.4,A,,,3.5,A,,,4.0,A,,,6.9,A,,,6.8,A,,,6.8,A,,,01467200
2012-08-22 00:00:00+00:00,27.0,A,,,26.7,A,,,,,26.8,A,289.0,A,,,249.0,A,,,,,266.0,A,4.5,A,,,3.6,A,,,4.0,A,,,6.9,A,,,6.8,A,,,6.8,A,,,01467200
2012-08-23 00:00:00+00:00,27.0,A,,,26.8,A,,,,,26.9,A,293.0,A,,,255.0,A,,,,,272.0,A,4.5,A,,,3.5,A,,,4.1,A,,,6.9,A,,,6.8,A,,,6.8,A,,,01467200
2012-08-24 00:00:00+00:00,27.1,A,,,26.8,A,,,,,26.9,A,296.0,A,,,257.0,A,,,,,274.0,A,4.8,A,,,3.5,A,,,4.1,A,,,6.9,A,,,6.8,A,,,6.8,A,,,01467200
2012-08-25 00:00:00+00:00,27.0,A,,,26.7,A,,,,,26.9,A,299.0,A,,,260.0,A,,,,,276.0,A,5.0,A,,,3.8,A,,,4.3,A,,,7.0,A,,,6.8,A,,,6.8,A,,,01467200
2012-08-26 00:00:00+00:00,26.8,A,,,26.6,A,,,,,26.7,A,301.0,A,,,261.0,A,,,,,280.0,A,5.3,A,,,4.2,A,,,4.6,A,,,7.0,A,,,6.9,A,,,7.0,A,,,01467200
2012-08-27 00:00:00+00:00,26.8,A,,,26.6,A,,,,,26.7,A,300.0,A,,,265.0,A,,,,,280.0,A,5.3,A,,,4.1,A,,,4.7,A,,,7.0,A,,,6.9,A,,,7.0,A,,,01467200
2012-08-28 00:00:00+00:00,26.8,A,,,26.6,A,,,,,26.7,A,301.0,A,,,264.0,A,,,,,277.0,A,5.3,A,,,4.1,A,,,4.7,A,,,7.0,A,,,6.9,A,,,7.0,A,,,01467200
2012-08-29 00:00:00+00:00,26.8,A,,,26.5,A,,,,,26.6,A,294.0,A,,,258.0,A,,,,,277.0,A,5.4,A,,,4.1,A,,,4.7,A,,,7.1,A,,,6.9,A,,,7.0,A,,,01467200
2012-08-30 00:00:00+00:00,26.8,A,,,26.4,A,,,,,26.6,A,302.0,A,,,264.0,A,,,,,282.0,A,5.1,A,,,4.1,A,,,4.6,A,,,7.0,A,,,7.0,A,,,7.0,A,,,01467200
2012-08-31 00:00:00+00:00,26.8,A,,,26.4,A,,,,,26.6,A,305.0,A,,,267.0,A,,,,,284.0,A,5.2,A,,,4.0,A,,,4.6,A,,,7.0,A,,,7.0,A,,,7.0,A,,,01467200
2012-09-01 00:00:00+00:00,26.8,A,,,26.5,A,,,,,26.6,A,305.0,A,,,270.0,A,,,,,285.0,A,5.3,A,,,4.1,A,,,4.7,A,,,7.1,A,,,7.0,A,,,7.0,A,,,01467200
2012-09-02 00:00:00+00:00,26.7,A,,,26.4,A,,,,,26.5,A,311.0,A,,,269.0,A,,,,,289.0,A,5.2,A,,,4.2,A,,,4.6,A,,,7.1,A,,,7.0,A,,,7.0,A,,,01467200
2012-09-03 00:00:00+00:00,26.5,A,,,26.1,A,,,,,26.4,A,315.0,A,,,269.0,A,,,,,290.0,A,5.0,A,,,4.0,A,,,4.5,A,,,7.0,A,,,7.0,A,,,7.0,A,,,01467200
2012-09-04 00:00:00+00:00,26.3,A,,,25.9,A,,,,,26.1,A,306.0,A,,,251.0,A,,,,,279.0,A,4.9,A,,,3.7,A,,,4.3,A,,,7.0,A,,,7.0,A,,,7.0,A,,,01467200
2012-09-05 00:00:00+00:00,26.2,A,,,25.9,A,,,,,26.0,A,283.0,A,,,245.0,A,,,,,262.0,A,4.8,A,,,3.5,A,,,4.3,A,,,7.0,A,,,6.9,A,,,7.0,A,,,01467200
2012-09-06 00:00:00+00:00,26.1,A,,,25.7,A,,,,,25.9,A,275.0,A,,,239.0,A,,,,,257.0,A,4.8,A,,,3.5,A,,,4.2,A,,,7.0,A,,,6.9,A,,,7.0,A,,,01467200
2012-09-07 00:00:00+00:00,26.1,A,,,25.7,A,,,,,25.9,A,270.0,A,,,242.0,A,,,,,254.0,A,4.8,A,,,3.6,A,,,4.3,A,,,7.0,A,,,7.0,A,,,7.0,A,,,01467200
2012-09-08 00:00:00+00:00,26.1,A,,,25.8,A,,,,,25.9,A,267.0,A,,,243.0,A,,,,,254.0,A,5.1,A,,,3.8,A,,,4.5,A,,,7.1,A,,,7.0,A,,,7.0,A,,,01467200
2012-09-09 00:00:00+00:00,25.9,A,,,25.7,A,,,,,25.8,A,262.0,A,,,250.0,A,,,,,256.0,A,4.9,A,,,4.0,A,,,4.5,A,,,7.1,A,,,7.0,A,,,7.0,A,,,01467200
2012-09-10 00:00:00+00:00,25.7,A,,,25.3,A,,,,,25.4,A,265.0,A,,,250.0,A,,,,,255.0,A,5.1,A,,,4.2,A,,,4.7,A,,,7.1,A,,,7.0,A,,,7.0,A,,,01467200
2012-09-11 00:00:00+00:00,25.3,A,,,24.9,A,,,,,25.0,A,269.0,A,,,255.0,A,,,,,261.0,A,5.3,A,,,4.4,A,,,4.9,A,,,7.1,A,,,7.0,A,,,7.1,A,,,01467200
2012-09-12 00:00:00+00:00,25.0,A,,,24.7,A,,,,,24.9,A,271.0,A,,,256.0,A,,,,,262.0,A,5.4,A,,,4.6,A,,,5.1,A,,,7.1,A,,,7.0,A,,,7.1,A,,,01467200
2012-09-13 00:00:00+00:00,24.9,A,,,24.6,A,,,,,24.8,A,277.0,A,,,256.0,A,,,,,265.0,A,5.5,A,,,4.6,A,,,5.1,A,,,7.1,A,,,7.0,A,,,7.1,A,,,01467200
2012-09-14 00:00:00+00:00,25.0,A,,,24.6,A,,,,,24.8,A,279.0,A,,,258.0,A,,,,,267.0,A,5.5,A,,,4.6,A,,,5.0,A,,,7.1,A,,,7.0,A,,,7.1,A,,,01467200
2012-09-15 00:00:00+00:00,24.8,A,,,24.5,A,,,,,24.6,A,279.0,A,,,259.0,A,,,,,268.0,A,5.6,A,,,4.6,A,,,5.1,A,,,7.1,A,,,7.0,A,,,7.1,A,,,01467200
2012-09-16 00:00:00+00:00,24.5,A,,,24.2,A,,,,,24.4,A,280.0,A,,,259.0,A,,,,,271.0,A,5.6,A,,,4.8,A,,,5.2,A,,,7.1,A,,,7.0,A,,,7.1,A,,,01467200
2012-09-17 00:00:00+00:00,24.3,A,,,24.0,A,,,,,24.2,A,287.0,A,,,260.0,A,,,,,274.0,A,5.7,A,,,4.8,A,,,5.2,A,,,7.1,A,,,7.0,A,,,7.1,A,,,01467200
2012-09-18 00:00:00+00:00,24.1,A,,,23.8,A,,,,,24.0,A,302.0,A,,,267.0,A,,,,,283.0,A,5.8,A,,,4.9,A,,,5.4,A,,,7.2,A,,,7.1,A,,,7.1,A,,,01467200
2012-09-19 00:00:00+00:00,23.9,A,,,23.5,A,,,,,23.8,A,290.0,A,,,256.0,A,,,,,274.0,A,5.8,A,,,5.1,A,,,5.4,A,,,7.2,A,,,7.1,A,,,7.1,A,,,01467200
2012-09-20 00:00:00+00:00,23.5,A,,,22.9,A,,,,,23.3,A,273.0,A,,,234.0,A,,,,,253.0,A,6.2,A,,,5.2,A,,,5.7,A,,,7.2,A,,,7.1,A,,,7.1,A,,,01467200
2012-09-21 00:00:00+00:00,23.1,A,,,22.5,A,,,,,22.8,A,248.0,A,,,234.0,A,,,,,241.0,A,6.5,A,,,5.7,A,,,6.1,A,,,7.2,A,,,7.1,A,,,7.2,A,,,01467200
2012-09-22 00:00:00+00:00,22.8,A,,,21.8,A,,,,,22.4,A,246.0,A,,,235.0,A,,,,,242.0,A,7.0,A,,,6.0,A,,,6.4,A,,,7.3,A,,,7.2,A,,,7.2,A,,,01467200
2012-09-23 00:00:00+00:00,22.3,A,,,20.7,A,,,,,21.6,A,242.0,A,,,194.0,A,,,,,228.0,A,7.2,A,,,6.3,A,,,6.7,A,,,7.2,A,,,7.2,A,,,7.2,A,,,01467200
2012-09-24 00:00:00+00:00,21.9,A,,,20.3,A,,,,,20.9,A,237.0,A,,,182.0,A,,,,,212.0,A,7.2,A,,,6.4,A,,,6.8,A,,,7.2,A,,,7.1,A,,,7.2,A,,,01467200
2012-09-25 00:00:00+00:00,21.5,A,,,19.9,A,,,,,20.5,A,236.0,A,,,171.0,A,,,,,201.0,A,7.4,A,,,6.4,A,,,6.9,A,,,7.2,A,,,7.1,A,,,7.1,A,,,01467200
2012-09-26 00:00:00+00:00,21.0,A,,,19.7,A,,,,,20.2,A,229.0,A,,,161.0,A,,,,,191.0,A,7.4,A,,,6.5,A,,,7.0,A,,,7.2,A,,,7.0,A,,,7.1,A,,,01467200
2012-09-27 00:00:00+00:00,20.8,A,,,19.6,A,,,,,20.2,A,219.0,A,,,162.0,A,,,,,186.0,A,7.3,A,,,6.6,A,,,6.9,A,,,7.1,A,,,7.0,A,,,7.0,A,,,01467200
2012-09-28 00:00:00+00:00,20.9,A,,,19.9,A,,,,,20.4,A,217.0,A,,,165.0,A,,,,,187.0,A,7.0,A,,,6.2,A,,,6.6,A,,,7.1,A,,,6.9,A,,,7.0,A,,,01467200
2012-09-29 00:00:00+00:00,20.8,A,,,19.8,A,,,,,20.2,A,212.0,A,,,161.0,A,,,,,182.0,A,6.8,A,,,6.1,A,,,6.5,A,,,7.0,A,,,6.9,A,,,6.9,A,,,01467200
2012-09-30 00:00:00+00:00,20.5,A,,,19.6,A,,,,,20.0,A,202.0,A,,,161.0,A,,,,,180.0,A,6.7,A,,,5.9,A,,,6.3,A,,,7.0,A,,,6.9,A,,,6.9,A,,,01467200
2012-10-01 00:00:00+00:00,20.1,A,,,19.3,A,,,,,19.7,A,197.0,A,,,159.0,A,,,,,174.0,A,6.8,A,,,5.9,A,,,6.4,A,,,7.0,A,,,6.9,A,,,6.9,A,,,01467200
2012-10-02 00:00:00+00:00,20.0,A,,,19.3,A,,,,,19.6,A,195.0,A,,,145.0,A,,,,,172.0,A,6.8,A,,,5.8,A,,,6.3,A,,,6.9,A,,,6.8,A,,,6.9,A,,,01467200
2012-10-03 00:00:00+00:00,20.0,A,,,19.3,A,,,,,19.6,A,187.0,A,,,160.0,A,,,,,172.0,A,6.6,A,,,5.6,A,,,6.2,A,,,6.9,A,,,6.9,A,,,6.9,A,,,01467200
2012-10-04 00:00:00+00:00,20.0,A,,,19.4,A,,,,,19.6,A,184.0,A,,,164.0,A,,,,,172.0,A,6.6,A,,,5.6,A,,,6.2,A,,,6.9,A,,,6.8,A,,,6.9,A,,,01467200
2012-10-05 00:00:00+00:00,20.0,A,,,19.5,A,,,,,19.7,A,184.0,A,,,168.0,A,,,,,175.0,A,6.5,A,,,5.7,A,,,6.2,A,,,6.9,A,,,6.9,A,,,6.9,A,,,01467200
2012-10-06 00:00:00+00:00,19.9,A,,,19.6,A,,,,,19.7,A,187.0,A,,,174.0,A,,,,,179.0,A,6.6,A,,,5.8,A,,,6.3,A,,,7.0,A,,,6.9,A,,,6.9,A,,,01467200
2012-10-07 00:00:00+00:00,19.6,A,,,19.2,A,,,,,19.4,A,195.0,A,,,181.0,A,,,,,187.0,A,6.8,A,,,5.9,A,,,6.4,A,,,7.0,A,,,6.9,A,,,7.0,A,,,01467200
2012-10-08 00:00:00+00:00,19.2,A,,,18.7,A,,,,,18.9,A,198.0,A,,,187.0,A,,,,,192.0,A,6.9,A,,,5.9,A,,,6.4,A,,,7.1,A,,,6.9,A,,,7.0,A,,,01467200
2012-10-09 00:00:00+00:00,18.7,A,,,18.2,A,,,,,18.4,A,202.0,A,,,190.0,A,,,,,196.0,A,6.9,A,,,6.0,A,,,6.5,A,,,7.1,A,,,7.0,A,,,7.0,A,,,01467200
2012-10-10 00:00:00+00:00,18.4,A,,,17.9,A,,,,,18.2,A,203.0,A,,,192.0,A,,,,,198.0,A,7.0,A,,,6.0,A,,,6.6,A,,,7.1,A,,,7.0,A,,,7.0,A,,,01467200
2012-10-11 00:00:00+00:00,18.3,A,,,17.3,A,,,,,17.7,A,203.0,A,,,197.0,A,,,,,200.0,A,7.4,A,,,6.3,A,,,7.0,A,,,7.2,A,,,7.0,A,,,7.1,A,,,01467200
2012-10-12 00:00:00+00:00,17.8,A,,,16.9,A,,,,,17.2,A,206.0,A,,,199.0,A,,,,,202.0,A,7.5,A,,,6.5,A,,,7.1,A,,,7.2,A,,,7.0,A,,,7.1,A,,,01467200
2012-10-13 00:00:00+00:00,17.1,A,,,16.5,A,,,,,16.8,A,207.0,A,,,201.0,A,,,,,204.0,A,7.6,A,,,6.7,A,,,7.2,A,,,7.2,A,,,7.1,A,,,7.1,A,,,01467200
2012-10-14 00:00:00+00:00,16.9,A,,,16.2,A,,,,,16.6,A,209.0,A,,,203.0,A,,,,,206.0,A,7.8,A,,,6.7,A,,,7.3,A,,,7.2,A,,,7.1,A,,,7.1,A,,,01467200
2012-10-15 00:00:00+00:00,16.8,A,,,16.3,A,,,,,16.6,A,214.0,A,,,204.0,A,,,,,210.0,A,7.8,A,,,6.9,A,,,7.4,A,,,7.2,A,,,7.1,A,,,7.1,A,,,01467200
2012-10-16 00:00:00+00:00,16.7,A,,,16.1,A,,,,,16.4,A,216.0,A,,,207.0,A,,,,,211.0,A,7.7,A,,,6.8,A,,,7.3,A,,,7.2,A,,,7.1,A,,,7.1,A,,,01467200
2012-10-17 00:00:00+00:00,16.6,A,,,15.9,A,,,,,16.3,A,222.0,A,,,208.0,A,,,,,214.0,A,7.7,A,,,6.8,A,,,7.2,A,,,7.2,A,,,7.1,A,,,7.1,A,,,01467200
2012-10-18 00:00:00+00:00,16.5,A,,,15.9,A,,,,,16.2,A,227.0,A,,,213.0,A,,,,,219.0,A,7.6,A,,,6.7,A,,,7.1,A,,,7.2,A,,,7.1,A,,,7.1,A,,,01467200
2012-10-19 00:00:00+00:00,16.6,A,,,16.0,A,,,,,16.3,A,237.0,A,,,220.0,A,,,,,225.0,A,7.6,A,,,6.7,A,,,7.1,A,,,7.2,A,,,7.1,A,,,7.1,A,,,01467200
2012-10-20 00:00:00+00:00,16.5,A,,,15.9,A,,,,,16.2,A,234.0,A,,,220.0,A,,,,,228.0,A,7.6,A,,,6.6,A,,,7.0,A,,,7.2,A,,,7.1,A,,,7.1,A,,,01467200
2012-10-21 00:00:00+00:00,16.0,A,,,15.2,A,,,,,15.6,A,227.0,A,,,214.0,A,,,,,219.0,A,8.3,A,,,7.2,A,,,7.8,A,,,7.3,A,,,7.2,A,,,7.2,A,,,01467200
2012-10-22 00:00:00+00:00,15.3,A,,,14.8,A,,,,,15.0,A,232.0,A,,,218.0,A,,,,,224.0,A,8.7,A,,,8.1,A,,,8.4,A,,,7.4,A,,,7.3,A,,,7.3,A,,,01467200
2012-10-23 00:00:00+00:00,15.1,A,,,14.8,A,,,,,14.9,A,234.0,A,,,223.0,A,,,,,230.0,A,8.7,A,,,8.2,A,,,8.5,A,,,7.4,A,,,7.3,A,,,7.4,A,,,01467200
2012-10-24 00:00:00+00:00,15.2,A,,,14.9,A,,,,,15.0,A,232.0,A,,,208.0,A,,,,,226.0,A,8.6,A,,,8.2,A,,,8.4,A,,,7.4,A,,,7.3,A,,,7.4,A,,,01467200
2012-10-25 00:00:00+00:00,15.2,A,,,14.9,A,,,,,15.1,A,232.0,A,,,184.0,A,,,,,214.0,A,8.4,A,,,8.0,A,,,8.3,A,,,7.3,A,,,7.2,A,,,7.3,A,,,01467200
2012-10-26 00:00:00+00:00,15.3,A,,,14.8,A,,,,,15.0,A,226.0,A,,,164.0,A,,,,,195.0,A,8.3,A,,,8.0,A,,,8.2,A,,,7.3,A,,,7.1,A,,,7.2,A,,,01467200
2012-10-27 00:00:00+00:00,15.3,A,,,14.6,A,,,,,15.0,A,214.0,A,,,156.0,A,,,,,183.0,A,8.3,A,,,7.9,A,,,8.1,A,,,7.2,A,,,7.1,A,,,7.2,A,,,01467200
2012-10-28 00:00:00+00:00,15.1,A,,,14.4,A,,,,,14.8,A,203.0,A,,,154.0,A,,,,,175.0,A,8.4,A,,,7.9,A,,,8.1,A,,,7.2,A,,,7.1,A,,,7.1,A,,,01467200
2012-10-29 00:00:00+00:00,14.8,A,,,13.9,A,,,,,14.4,A,191.0,A,,,142.0,A,,,,,163.0,A,8.9,A,,,8.0,A,,,8.4,A,,,7.2,A,,,7.1,A,,,7.1,A,,,01467200
2012-10-30 00:00:00+00:00,14.5,A,,,13.4,A,,,,,14.0,A,201.0,A,,,144.0,A,,,,,161.0,A,8.9,A,,,8.3,A,,,8.5,A,,,7.3,A,,,7.1,A,,,7.2,A,,,01467200
2012-10-31 00:00:00+00:00,13.6,A,,,13.1,A,,,,,13.3,A,161.0,A,,,147.0,A,,,,,152.0,A,8.9,A,,,8.6,A,,,8.8,A,,,7.2,A,,,7.1,A,,,7.2,A,,,01467200
2012-11-01 00:00:00+00:00,13.2,A,,,12.6,A,,,,,12.9,A,162.0,A,,,154.0,A,,,,,158.0,A,8.8,A,,,8.6,A,,,8.7,A,,,7.2,A,,,7.2,A,,,7.2,A,,,01467200
2012-11-02 00:00:00+00:00,12.7,A,,,11.9,A,,,,,12.4,A,165.0,A,,,156.0,A,,,,,159.0,A,8.7,A,,,8.4,A,,,8.6,A,,,7.2,A,,,7.1,A,,,7.2,A,,,01467200
2012-11-03 00:00:00+00:00,12.0,A,,,11.3,A,,,,,11.7,A,166.0,A,,,160.0,A,,,,,163.0,A,9.1,A,,,8.6,A,,,8.8,A,,,7.2,A,,,7.1,A,,,7.2,A,,,01467200
2012-11-04 00:00:00+00:00,11.4,A,,,10.7,A,,,,,11.2,A,164.0,A,,,155.0,A,,,,,161.0,A,9.4,A,,,8.7,A,,,9.1,A,,,7.2,A,,,7.1,A,,,7.2,A,,,01467200
2012-11-05 00:00:00+00:00,11.0,A,,,10.3,A,,,,,10.6,A,162.0,A,,,154.0,A,,,,,158.0,A,9.6,A,,,9.0,A,,,9.3,A,,,7.2,A,,,7.1,A,,,7.2,A,,,01467200
2012-11-06 00:00:00+00:00,10.4,A,,,9.9,A,,,,,10.1,A,168.0,A,,,157.0,A,,,,,162.0,A,9.8,A,,,9.2,A,,,9.5,A,,,7.2,A,,,7.1,A,,,7.1,A,,,01467200
2012-11-07 00:00:00+00:00,9.9,A,,,9.3,A,,,,,9.6,A,166.0,A,,,157.0,A,,,,,161.0,A,10.0,A,,,9.5,A,,,9.8,A,,,7.1,A,,,7.1,A,,,7.1,A,,,01467200
2012-11-08 00:00:00+00:00,9.4,A,,,8.9,A,,,,,9.2,A,168.0,A,,,155.0,A,,,,,161.0,A,10.1,A,,,9.6,A,,,9.9,A,,,7.1,A,,,7.1,A,,,7.1,A,,,01467200
2012-11-09 00:00:00+00:00,8.9,A,,,8.4,A,,,,,8.6,A,162.0,A,,,151.0,A,,,,,155.0,A,10.5,A,,,10.0,A,,,10.3,A,,,7.2,A,,,7.1,A,,,7.1,A,,,01467200
2012-11-10 00:00:00+00:00,8.8,A,,,8.2,A,,,,,8.5,A,164.0,A,,,151.0,A,,,,,156.0,A,10.5,A,,,10.0,A,,,10.3,A,,,7.2,A,,,7.1,A,,,7.1,A,,,01467200
2012-11-11 00:00:00+00:00,8.8,A,,,8.2,A,,,,,8.5,A,166.0,A,,,156.0,A,,,,,161.0,A,10.5,A,,,10.0,A,,,10.3,A,,,7.2,A,,,7.1,A,,,7.1,A,,,01467200
2012-11-12 00:00:00+00:00,8.9,A,,,8.0,A,,,,,8.5,A,179.0,A,,,159.0,A,,,,,165.0,A,10.6,A,,,10.0,A,,,10.3,A,,,7.2,A,,,7.1,A,,,7.1,A,,,01467200
2012-11-13 00:00:00+00:00,8.9,A,,,8.2,A,,,,,8.6,A,173.0,A,,,163.0,A,,,,,168.0,A,10.6,A,,,10.0,A,,,10.3,A,,,7.2,A,,,7.0,A,,,7.1,A,,,01467200
2012-11-14 00:00:00+00:00,8.7,A,,,7.9,A,,,,,8.3,A,178.0,A,,,168.0,A,,,,,173.0,A,10.7,A,,,10.0,A,,,10.4,A,,,7.2,A,,,7.1,A,,,7.1,A,,,01467200
2012-11-15 00:00:00+00:00,8.5,A,,,7.6,A,,,,,8.1,A,183.0,A,,,173.0,A,,,,,179.0,A,10.8,A,,,10.0,A,,,10.5,A,,,7.2,A,,,7.1,A,,,7.1,A,,,01467200
2012-11-16 00:00:00+00:00,8.3,A,,,7.6,A,,,,,7.9,A,190.0,A,,,179.0,A,,,,,185.0,A,10.8,A,,,10.0,A,,,10.5,A,,,7.2,A,,,7.1,A,,,7.1,A,,,01467200
2012-11-17 00:00:00+00:00,8.0,A,,,7.4,A,,,,,7.7,A,199.0,A,,,185.0,A,,,,,190.0,A,10.9,A,,,10.2,A,,,10.6,A,,,7.2,A,,,7.1,A,,,7.2,A,,,01467200
2012-11-18 00:00:00+00:00,7.8,A,,,7.5,A,,,,,7.6,A,197.0,A,,,190.0,A,,,,,193.0,A,10.9,A,,,10.2,A,,,10.6,A,,,7.2,A,,,7.1,A,,,7.2,A,,,01467200
2012-11-19 00:00:00+00:00,7.8,A,,,7.5,A,,,,,7.7,A,201.0,A,,,192.0,A,,,,,196.0,A,10.8,A,,,10.3,A,,,10.6,A,,,7.2,A,,,7.1,A,,,7.2,A,,,01467200
2012-11-20 00:00:00+00:00,7.9,A,,,7.7,A,,,,,7.8,A,202.0,A,,,194.0,A,,,,,198.0,A,10.7,A,,,10.1,A,,,10.5,A,,,7.2,A,,,7.1,A,,,7.2,A,,,01467200
2012-11-21 00:00:00+00:00,8.0,A,,,7.8,A,,,,,7.9,A,204.0,A,,,197.0,A,,,,,201.0,A,10.6,A,,,10.0,A,,,10.4,A,,,7.2,A,,,7.1,A,,,7.2,A,,,01467200
2012-11-22 00:00:00+00:00,8.1,A,,,7.9,A,,,,,8.0,A,207.0,A,,,201.0,A,,,,,204.0,A,10.6,A,,,10.0,A,,,10.3,A,,,7.2,A,,,7.1,A,,,7.2,A,,,01467200
2012-11-23 00:00:00+00:00,8.2,A,,,8.0,A,,,,,8.1,A,208.0,A,,,199.0,A,,,,,204.0,A,10.5,A,,,9.7,A,,,10.2,A,,,7.2,A,,,7.1,A,,,7.2,A,,,01467200
2012-11-24 00:00:00+00:00,8.1,A,,,7.7,A,,,,,7.9,A,207.0,A,,,193.0,A,,,,,200.0,A,10.6,A,,,9.9,A,,,10.3,A,,,7.3,A,,,7.2,A,,,7.2,A,,,01467200
2012-11-25 00:00:00+00:00,7.8,A,,,7.3,A,,,,,7.5,A,205.0,A,,,192.0,A,,,,,198.0,A,10.7,A,,,10.0,A,,,10.4,A,,,7.3,A,,,7.2,A,,,7.2,A,,,01467200
2012-11-26 00:00:00+00:00,7.5,A,,,7.1,A,,,,,7.3,A,206.0,A,,,192.0,A,,,,,199.0,A,10.7,A,,,9.9,A,,,10.4,A,,,7.3,A,,,7.2,A,,,7.2,A,,,01467200
2012-11-27 00:00:00+00:00,7.4,A,,,6.9,A,,,,,7.2,A,211.0,A,,,191.0,A,,,,,201.0,A,10.8,A,,,9.8,A,,,10.3,A,,,7.3,A,,,7.2,A,,,7.2,A,,,01467200
2012-11-28 00:00:00+00:00,7.2,A,,,6.7,A,,,,,7.0,A,210.0,A,,,195.0,A,,,,,203.0,A,10.6,A,,,9.4,A,,,10.3,A,,,7.2,A,,,7.2,A,,,7.2,A,,,01467200
2012-11-29 00:00:00+00:00,7.0,A,,,6.4,A,,,,,6.7,A,210.0,A,,,198.0,A,,,,,204.0,A,10.7,A,,,9.5,A,,,10.3,A,,,7.2,A,,,7.2,A,,,7.2,A,,,01467200
2012-11-30 00:00:00+00:00,6.8,A,,,6.1,A,,,,,6.5,A,211.0,A,,,200.0,A,,,,,204.0,A,10.9,A,,,9.6,A,,,10.4,A,,,7.3,A,,,7.2,A,,,7.2,A,,,01467200
2012-12-01 00:00:00+00:00,6.7,A,,,6.1,A,,,,,6.4,A,215.0,A,,,201.0,A,,,,,208.0,A,10.8,A,,,9.8,A,,,10.4,A,,,7.3,A,,,7.2,A,,,7.2,A,,,01467200
2012-12-02 00:00:00+00:00,6.7,A,,,6.1,A,,,,,6.5,A,217.0,A,,,204.0,A,,,,,211.0,A,10.7,A,,,9.6,A,,,10.2,A,,,7.2,A,,,7.1,A,,,7.2,A,,,01467200
2013-03-27 00:00:00+00:00,5.4,A,,,4.8,A,,,,,5.1,A,244.0,A,,,235.0,A,,,,,239.0,A,12.4,A,,,11.6,A,,,12.0,A,,,7.4,A,,,7.2,A,,,7.3,A,,,01467200
2013-03-28 00:00:00+00:00,5.6,A,,,5.1,A,,,,,5.3,A,246.0,A,,,237.0,A,,,,,241.0,A,12.4,A,,,11.7,A,,,12.0,A,,,7.4,A,,,7.3,A,,,7.3,A,,,01467200
2013-03-29 00:00:00+00:00,6.0,A,,,5.3,A,,,,,5.6,A,246.0,A,,,238.0,A,,,,,243.0,A,12.3,A,,,11.7,A,,,12.0,A,,,7.4,A,,,7.3,A,,,7.4,A,,,01467200
2013-03-30 00:00:00+00:00,6.4,A,,,5.6,A,,,,,6.0,A,251.0,A,,,238.0,A,,,,,245.0,A,12.3,A,,,11.6,A,,,11.9,A,,,7.4,A,,,7.3,A,,,7.4,A,,,01467200
2013-03-31 00:00:00+00:00,6.6,A,,,6.0,A,,,,,6.3,A,253.0,A,,,237.0,A,,,,,246.0,A,12.2,A,,,11.5,A,,,11.8,A,,,7.5,A,,,7.3,A,,,7.4,A,,,01467200
2013-04-01 00:00:00+00:00,7.0,A,,,6.3,A,,,,,6.7,A,252.0,A,,,242.0,A,,,,,247.0,A,11.9,A,,,11.4,A,,,11.7,A,,,7.4,A,,,7.3,A,,,7.4,A,,,01467200
2013-04-02 00:00:00+00:00,7.4,A,,,6.7,A,,,,,7.0,A,250.0,A,,,239.0,A,,,,,245.0,A,12.0,A,,,11.3,A,,,11.6,A,,,7.5,A,,,7.3,A,,,7.4,A,,,01467200
2013-04-03 00:00:00+00:00,7.8,A,,,6.9,A,,,,,7.3,A,250.0,A,,,239.0,A,,,,,245.0,A,11.9,A,,,11.3,A,,,11.6,A,,,7.5,A,,,7.4,A,,,7.4,A,,,01467200
2013-04-04 00:00:00+00:00,8.1,A,,,7.2,A,,,,,7.6,A,251.0,A,,,238.0,A,,,,,244.0,A,11.8,A,,,11.1,A,,,11.5,A,,,7.6,A,,,7.4,A,,,7.5,A,,,01467200
2013-04-05 00:00:00+00:00,8.4,A,,,7.5,A,,,,,7.9,A,253.0,A,,,239.0,A,,,,,247.0,A,11.6,A,,,11.0,A,,,11.4,A,,,7.6,A,,,7.4,A,,,7.5,A,,,01467200
2013-04-06 00:00:00+00:00,8.8,A,,,7.9,A,,,,,8.3,A,254.0,A,,,237.0,A,,,,,246.0,A,11.5,A,,,11.0,A,,,11.3,A,,,7.6,A,,,7.4,A,,,7.5,A,,,01467200
2013-04-07 00:00:00+00:00,9.2,A,,,8.2,A,,,,,8.7,A,256.0,A,,,236.0,A,,,,,246.0,A,11.4,A,,,10.9,A,,,11.2,A,,,7.6,A,,,7.4,A,,,7.5,A,,,01467200
2013-04-08 00:00:00+00:00,9.9,A,,,8.7,A,,,,,9.3,A,254.0,A,,,237.0,A,,,,,245.0,A,11.2,A,,,10.8,A,,,11.0,A,,,7.6,A,,,7.4,A,,,7.5,A,,,01467200
2013-04-09 00:00:00+00:00,10.5,A,,,9.3,A,,,,,9.9,A,254.0,A,,,236.0,A,,,,,246.0,A,11.1,A,,,10.6,A,,,10.9,A,,,7.6,A,,,7.4,A,,,7.5,A,,,01467200
2013-04-10 00:00:00+00:00,11.3,A,,,10.1,A,,,,,10.6,A,256.0,A,,,233.0,A,,,,,245.0,A,11.0,A,,,10.5,A,,,10.7,A,,,7.6,A,,,7.4,A,,,7.5,A,,,01467200
2013-04-11 00:00:00+00:00,11.9,A,,,10.9,A,,,,,11.4,A,260.0,A,,,230.0,A,,,,,245.0,A,10.8,A,,,10.2,A,,,10.4,A,,,7.6,A,,,7.4,A,,,7.4,A,,,01467200
2013-04-12 00:00:00+00:00,11.8,A,,,11.4,A,,,,,11.6,A,258.0,A,,,229.0,A,,,,,242.0,A,10.5,A,,,9.8,A,,,10.1,A,,,7.6,A,,,7.4,A,,,7.4,A,,,01467200
2013-04-13 00:00:00+00:00,12.2,A,,,11.5,A,,,,,11.8,A,248.0,A,,,224.0,A,,,,,235.0,A,10.0,A,,,9.4,A,,,9.6,A,,,7.5,A,,,7.3,A,,,7.4,A,,,01467200
2013-04-14 00:00:00+00:00,13.1,A,,,11.9,A,,,,,12.3,A,239.0,A,,,222.0,A,,,,,230.0,A,9.7,A,,,9.2,A,,,9.4,A,,,7.6,A,,,7.3,A,,,7.4,A,,,01467200
2013-04-15 00:00:00+00:00,13.5,A,,,12.3,A,,,,,12.9,A,235.0,A,,,228.0,A,,,,,232.0,A,9.3,A,,,8.6,A,,,9.0,A,,,7.6,A,,,7.3,A,,,7.4,A,,,01467200
2013-04-16 00:00:00+00:00,14.1,A,,,12.6,A,,,,,13.4,A,241.0,A,,,231.0,A,,,,,235.0,A,8.8,A,,,8.0,A,,,8.5,A,,,7.4,A,,,7.3,A,,,7.3,A,,,01467200
2013-04-17 00:00:00+00:00,14.4,A,,,13.4,A,,,,,14.0,A,240.0,A,,,232.0,A,,,,,237.0,A,8.4,A,,,7.5,A,,,7.9,A,,,7.3,A,,,7.2,A,,,7.2,A,,,01467200
2013-04-18 00:00:00+00:00,14.3,A,,,13.9,A,,,,,14.1,A,242.0,A,,,230.0,A,,,,,237.0,A,7.9,A,,,7.2,A,,,7.6,A,,,7.2,A,,,7.1,A,,,7.2,A,,,01467200
2013-04-19 00:00:00+00:00,14.6,A,,,14.1,A,,,,,14.3,A,245.0,A,,,230.0,A,,,,,239.0,A,7.9,A,,,7.1,A,,,7.6,A,,,7.3,A,,,7.1,A,,,7.1,A,,,01467200
2013-04-20 00:00:00+00:00,14.6,A,,,14.4,A,,,,,14.5,A,243.0,A,,,216.0,A,,,,,233.0,A,8.3,A,,,7.4,A,,,7.8,A,,,7.2,A,,,7.1,A,,,7.2,A,,,01467200
2013-04-21 00:00:00+00:00,14.4,A,,,14.0,A,,,,,14.2,A,234.0,A,,,203.0,A,,,,,216.0,A,8.8,A,,,7.9,A,,,8.4,A,,,7.2,A,,,7.1,A,,,7.2,A,,,01467200
2013-04-22 00:00:00+00:00,14.3,A,,,13.9,A,,,,,14.1,A,233.0,A,,,202.0,A,,,,,213.0,A,9.1,A,,,8.1,A,,,8.6,A,,,7.3,A,,,7.2,A,,,7.2,A,,,01467200
2013-04-23 00:00:00+00:00,14.1,A,,,13.9,A,,,,,13.9,A,225.0,A,,,207.0,A,,,,,214.0,A,9.0,A,,,8.6,A,,,8.8,A,,,7.3,A,,,7.2,A,,,7.2,A,,,01467200
2013-04-24 00:00:00+00:00,14.3,A,,,13.8,A,,,,,14.0,A,223.0,A,,,206.0,A,,,,,214.0,A,9.0,A,,,8.6,A,,,8.7,A,,,7.3,A,,,7.2,A,,,7.2,A,,,01467200
2013-04-25 00:00:00+00:00,14.4,A,,,14.0,A,,,,,14.2,A,218.0,A,,,205.0,A,,,,,211.0,A,8.9,A,,,8.6,A,,,8.8,A,,,7.3,A,,,7.2,A,,,7.2,A,,,01467200
2013-04-26 00:00:00+00:00,14.6,A,,,14.0,A,,,,,14.2,A,221.0,A,,,203.0,A,,,,,211.0,A,9.1,A,,,8.6,A,,,8.8,A,,,7.3,A,,,7.2,A,,,7.2,A,,,01467200
2013-04-27 00:00:00+00:00,14.8,A,,,14.1,A,,,,,14.4,A,220.0,A,,,198.0,A,,,,,209.0,A,9.3,A,,,8.7,A,,,9.0,A,,,7.3,A,,,7.2,A,,,7.2,A,,,01467200
2013-04-28 00:00:00+00:00,14.8,A,,,14.3,A,,,,,14.5,A,222.0,A,,,196.0,A,,,,,208.0,A,9.6,A,,,8.9,A,,,9.2,A,,,7.3,A,,,7.2,A,,,7.2,A,,,01467200
2013-04-29 00:00:00+00:00,14.8,A,,,14.3,A,,,,,14.5,A,221.0,A,,,196.0,A,,,,,209.0,A,9.4,A,,,9.1,A,,,9.2,A,,,7.3,A,,,7.2,A,,,7.2,A,,,01467200
2013-04-30 00:00:00+00:00,14.9,A,,,14.3,A,,,,,14.6,A,222.0,A,,,196.0,A,,,,,207.0,A,9.6,A,,,8.8,A,,,9.2,A,,,7.3,A,,,7.1,A,,,7.2,A,,,01467200
2013-05-01 00:00:00+00:00,15.2,A,,,14.6,A,,,,,14.8,A,218.0,A,,,196.0,A,,,,,206.0,A,10.0,A,,,9.1,A,,,9.6,A,,,7.3,A,,,7.2,A,,,7.2,A,,,01467200
2013-05-02 00:00:00+00:00,15.6,A,,,14.9,A,,,,,15.2,A,219.0,A,,,197.0,A,,,,,206.0,A,10.5,A,,,9.4,A,,,9.9,A,,,7.4,A,,,7.2,A,,,7.3,A,,,01467200
2013-05-03 00:00:00+00:00,15.8,A,,,15.2,A,,,,,15.5,A,219.0,A,,,198.0,A,,,,,207.0,A,10.6,A,,,9.6,A,,,10.1,A,,,7.5,A,,,7.2,A,,,7.3,A,,,01467200
2013-05-04 00:00:00+00:00,16.2,A,,,15.5,A,,,,,15.8,A,223.0,A,,,201.0,A,,,,,209.0,A,10.4,A,,,9.7,A,,,10.1,A,,,7.4,A,,,7.2,A,,,7.3,A,,,01467200
2013-05-05 00:00:00+00:00,16.4,A,,,15.7,A,,,,,16.0,A,226.0,A,,,203.0,A,,,,,211.0,A,10.2,A,,,9.4,A,,,9.9,A,,,7.4,A,,,7.2,A,,,7.3,A,,,01467200
2013-05-06 00:00:00+00:00,16.6,A,,,15.9,A,,,,,16.2,A,226.0,A,,,205.0,A,,,,,213.0,A,9.7,A,,,9.0,A,,,9.5,A,,,7.3,A,,,7.1,A,,,7.2,A,,,01467200
2013-05-07 00:00:00+00:00,16.7,A,,,16.1,A,,,,,16.4,A,226.0,A,,,208.0,A,,,,,215.0,A,9.2,A,,,8.7,A,,,9.0,A,,,7.2,A,,,7.0,A,,,7.1,A,,,01467200
2013-05-08 00:00:00+00:00,17.0,A,,,16.4,A,,,,,16.7,A,228.0,A,,,211.0,A,,,,,218.0,A,8.8,A,,,8.1,A,,,8.5,A,,,7.1,A,,,7.0,A,,,7.0,A,,,01467200
2013-05-09 00:00:00+00:00,17.3,A,,,16.7,A,,,,,17.0,A,226.0,A,,,213.0,A,,,,,219.0,A,8.2,A,,,7.6,A,,,8.0,A,,,7.0,A,,,6.9,A,,,7.0,A,,,01467200
2013-05-10 00:00:00+00:00,18.0,A,,,17.0,A,,,,,17.4,A,228.0,A,,,214.0,A,,,,,219.0,A,7.8,A,,,7.2,A,,,7.6,A,,,7.0,A,,,6.9,A,,,6.9,A,,,01467200
2013-05-11 00:00:00+00:00,18.4,A,,,17.6,A,,,,,17.9,A,231.0,A,,,214.0,A,,,,,221.0,A,7.6,A,,,6.8,A,,,7.1,A,,,7.0,A,,,6.8,A,,,6.9,A,,,01467200
2013-05-12 00:00:00+00:00,18.6,A,,,18.0,A,,,,,18.3,A,226.0,A,,,215.0,A,,,,,222.0,A,7.2,A,,,6.5,A,,,6.8,A,,,7.0,A,,,6.8,A,,,6.9,A,,,01467200
2013-05-13 00:00:00+00:00,18.7,A,,,18.0,A,,,,,18.3,A,234.0,A,,,221.0,A,,,,,226.0,A,6.9,A,,,6.5,A,,,6.8,A,,,7.0,A,,,6.9,A,,,6.9,A,,,01467200
2013-05-14 00:00:00+00:00,18.4,A,,,17.8,A,,,,,18.1,A,239.0,A,,,228.0,A,,,,,234.0,A,6.8,A,,,6.3,A,,,6.6,A,,,7.0,A,,,6.9,A,,,6.9,A,,,01467200
2013-05-15 00:00:00+00:00,18.4,A,,,17.8,A,,,,,18.1,A,241.0,A,,,234.0,A,,,,,238.0,A,6.7,A,,,6.3,A,,,6.6,A,,,7.0,A,,,6.9,A,,,6.9,A,,,01467200
2013-05-16 00:00:00+00:00,18.7,A,,,18.1,A,,,,,18.5,A,244.0,A,,,236.0,A,,,,,240.0,A,6.7,A,,,6.1,A,,,6.4,A,,,7.0,A,,,6.9,A,,,6.9,A,,,01467200
2013-05-17 00:00:00+00:00,19.2,A,,,18.4,A,,,,,18.8,A,254.0,A,,,236.0,A,,,,,245.0,A,7.0,A,,,6.0,A,,,6.5,A,,,7.2,A,,,6.9,A,,,7.1,A,,,01467200
2013-05-18 00:00:00+00:00,19.1,A,,,18.8,A,,,,,19.0,A,252.0,A,,,230.0,A,,,,,243.0,A,6.9,A,,,6.2,A,,,6.6,A,,,7.2,A,,,7.2,A,,,7.2,A,,,01467200
2013-05-19 00:00:00+00:00,19.0,A,,,18.7,A,,,,,18.9,A,254.0,A,,,228.0,A,,,,,241.0,A,6.7,A,,,6.0,A,,,6.4,A,,,7.2,A,,,7.2,A,,,7.2,A,,,01467200
2013-05-20 00:00:00+00:00,19.1,A,,,18.8,A,,,,,18.9,A,250.0,A,,,226.0,A,,,,,238.0,A,6.6,A,,,5.8,A,,,6.2,A,,,7.2,A,,,7.1,A,,,7.2,A,,,01467200
2013-05-21 00:00:00+00:00,19.6,A,,,18.9,A,,,,,19.2,A,251.0,A,,,224.0,A,,,,,237.0,A,7.5,A,,,5.8,A,,,6.4,A,,,7.2,A,,,7.1,A,,,7.2,A,,,01467200
2013-05-22 00:00:00+00:00,20.0,A,,,19.5,A,,,,,19.7,A,252.0,A,,,224.0,A,,,,,237.0,A,8.0,A,,,6.1,A,,,6.8,A,,,7.2,A,,,7.1,A,,,7.1,A,,,01467200
2013-05-23 00:00:00+00:00,20.4,A,,,19.9,A,,,,,20.1,A,256.0,A,,,221.0,A,,,,,237.0,A,8.4,A,,,6.4,A,,,7.3,A,,,7.3,A,,,7.1,A,,,7.1,A,,,01467200
2013-05-24 00:00:00+00:00,20.4,A,,,19.8,A,,,,,20.1,A,256.0,A,,,217.0,A,,,,,236.0,A,7.9,A,,,6.8,A,,,7.3,A,,,7.3,A,,,7.1,A,,,7.2,A,,,01467200
2013-05-25 00:00:00+00:00,19.8,A,,,19.0,A,,,,,19.4,A,242.0,A,,,216.0,A,,,,,225.0,A,8.4,A,,,6.9,A,,,7.7,A,,,7.4,A,,,7.2,A,,,7.3,A,,,01467200
2013-05-26 00:00:00+00:00,19.1,A,,,18.8,A,,,,,19.0,A,247.0,A,,,217.0,A,,,,,229.0,A,8.9,A,,,7.4,A,,,8.1,A,,,7.5,A,,,7.3,A,,,7.3,A,,,01467200
2013-05-27 00:00:00+00:00,19.2,A,,,18.7,A,,,,,18.9,A,245.0,A,,,227.0,A,,,,,234.0,A,9.4,A,,,7.9,A,,,8.6,A,,,7.6,A,,,7.3,A,,,7.4,A,,,01467200
2013-05-28 00:00:00+00:00,19.0,A,,,18.8,A,,,,,18.9,A,249.0,A,,,235.0,A,,,,,241.0,A,9.4,A,,,8.1,A,,,8.7,A,,,7.6,A,,,7.4,A,,,7.4,A,,,01467200
2013-05-29 00:00:00+00:00,19.6,A,,,18.9,A,,,,,19.2,A,248.0,A,,,237.0,A,,,,,243.0,A,9.4,A,,,7.8,A,,,8.7,A,,,7.6,A,,,7.3,A,,,7.4,A,,,01467200
2013-05-30 00:00:00+00:00,20.2,A,,,19.5,A,,,,,19.8,A,254.0,A,,,237.0,A,,,,,245.0,A,9.6,A,,,8.1,A,,,9.0,A,,,7.6,A,,,7.3,A,,,7.4,A,,,01467200
2013-05-31 00:00:00+00:00,20.9,A,,,20.1,A,,,,,20.5,A,256.0,A,,,236.0,A,,,,,244.0,A,9.9,A,,,8.2,A,,,9.1,A,,,7.6,A,,,7.3,A,,,7.4,A,,,01467200
2013-06-01 00:00:00+00:00,21.5,A,,,20.8,A,,,,,21.1,A,258.0,A,,,233.0,A,,,,,244.0,A,10.0,A,,,8.3,A,,,9.1,A,,,7.6,A,,,7.3,A,,,7.4,A,,,01467200
2013-06-02 00:00:00+00:00,21.8,A,,,21.3,A,,,,,21.6,A,254.0,A,,,227.0,A,,,,,240.0,A,9.9,A,,,8.3,A,,,9.1,A,,,7.5,A,,,7.3,A,,,7.4,A,,,01467200
2013-06-03 00:00:00+00:00,22.0,A,,,21.7,A,,,,,21.8,A,244.0,A,,,215.0,A,,,,,229.0,A,9.6,A,,,7.6,A,,,8.7,A,,,7.5,A,,,7.2,A,,,7.3,A,,,01467200
2013-06-04 00:00:00+00:00,22.1,A,,,21.7,A,,,,,21.9,A,241.0,A,,,207.0,A,,,,,222.0,A,8.8,A,,,7.3,A,,,8.2,A,,,7.3,A,,,7.1,A,,,7.2,A,,,01467200
2013-06-05 00:00:00+00:00,22.6,A,,,21.9,A,,,,,22.1,A,238.0,A,,,204.0,A,,,,,219.0,A,8.5,A,,,6.9,A,,,7.8,A,,,7.3,A,,,7.1,A,,,7.2,A,,,01467200
2013-06-06 00:00:00+00:00,22.7,A,,,22.1,A,,,,,22.3,A,236.0,A,,,207.0,A,,,,,222.0,A,7.9,A,,,6.6,A,,,7.2,A,,,7.2,A,,,7.0,A,,,7.1,A,,,01467200
2013-06-07 00:00:00+00:00,22.6,A,,,22.1,A,,,,,22.3,A,243.0,A,,,197.0,A,,,,,221.0,A,7.1,A,,,6.0,A,,,6.5,A,,,7.2,A,,,7.0,A,,,7.1,A,,,01467200
2013-06-08 00:00:00+00:00,22.6,A,,,21.9,A,,,,,22.3,A,218.0,A,,,170.0,A,,,,,187.0,A,6.6,A,,,5.8,A,,,6.2,A,,,7.1,A,,,7.0,A,,,7.1,A,,,01467200
2013-06-09 00:00:00+00:00,22.5,A,,,21.9,A,,,,,22.2,A,185.0,A,,,172.0,A,,,,,179.0,A,6.3,A,,,5.5,A,,,5.9,A,,,7.1,A,,,7.0,A,,,7.0,A,,,01467200
2013-06-10 00:00:00+00:00,22.4,A,,,21.3,A,,,,,22.0,A,186.0,A,,,173.0,A,,,,,180.0,A,6.2,A,,,5.0,A,,,5.6,A,,,7.0,A,,,7.0,A,,,7.0,A,,,01467200
2013-06-11 00:00:00+00:00,22.1,A,,,20.5,A,,,,,21.2,A,188.0,A,,,167.0,A,,,,,174.0,A,6.4,A,,,4.9,A,,,5.7,A,,,7.1,A,,,6.9,A,,,7.0,A,,,01467200
2013-06-12 00:00:00+00:00,21.0,A,,,20.5,A,,,,,20.7,A,192.0,A,,,172.0,A,,,,,183.0,A,6.9,A,,,5.7,A,,,6.4,A,,,7.2,A,,,7.0,A,,,7.1,A,,,01467200
2013-06-13 00:00:00+00:00,21.0,A,,,20.6,A,,,,,20.8,A,185.0,A,,,172.0,A,,,,,179.0,A,7.0,A,,,5.9,A,,,6.5,A,,,7.1,A,,,7.0,A,,,7.1,A,,,01467200
2013-06-14 00:00:00+00:00,20.8,A,,,20.1,A,,,,,20.5,A,186.0,A,,,171.0,A,,,,,179.0,A,7.0,A,,,5.9,A,,,6.6,A,,,7.2,A,,,7.0,A,,,7.1,A,,,01467200
2013-06-15 00:00:00+00:00,20.2,A,,,19.6,A,,,,,20.0,A,172.0,A,,,150.0,A,,,,,159.0,A,7.5,A,,,6.6,A,,,7.1,A,,,7.1,A,,,7.0,A,,,7.0,A,,,01467200
2013-06-16 00:00:00+00:00,19.7,A,,,18.9,A,,,,,19.3,A,156.0,A,,,149.0,A,,,,,152.0,A,7.9,A,,,7.3,A,,,7.6,A,,,7.2,A,,,7.1,A,,,7.1,A,,,01467200
2013-06-17 00:00:00+00:00,19.4,A,,,18.6,A,,,,,19.0,A,154.0,A,,,134.0,A,,,,,144.0,A,7.9,A,,,7.6,A,,,7.8,A,,,7.2,A,,,7.2,A,,,7.2,A,,,01467200
2013-06-18 00:00:00+00:00,19.3,A,,,18.8,A,,,,,19.0,A,140.0,A,,,129.0,A,,,,,135.0,A,7.8,A,,,7.3,A,,,7.7,A,,,7.2,A,,,7.0,A,,,7.1,A,,,01467200
2013-06-19 00:00:00+00:00,19.9,A,,,19.0,A,,,,,19.4,A,138.0,A,,,128.0,A,,,,,134.0,A,7.8,A,,,7.3,A,,,7.5,A,,,7.0,A,,,7.0,A,,,7.0,A,,,01467200
2013-06-20 00:00:00+00:00,20.5,A,,,19.6,A,,,,,19.9,A,142.0,A,,,132.0,A,,,,,137.0,A,7.7,A,,,7.2,A,,,7.5,A,,,7.0,A,,,7.0,A,,,7.0,A,,,01467200
2013-06-21 00:00:00+00:00,21.0,A,,,20.1,A,,,,,20.5,A,151.0,A,,,138.0,A,,,,,144.0,A,7.6,A,,,7.1,A,,,7.4,A,,,7.0,A,,,6.9,A,,,7.0,A,,,01467200
2013-06-22 00:00:00+00:00,21.6,A,,,20.6,A,,,,,21.0,A,163.0,A,,,145.0,A,,,,,150.0,A,7.5,A,,,7.0,A,,,7.3,A,,,7.1,A,,,6.9,A,,,7.1,A,,,01467200
2013-06-23 00:00:00+00:00,22.0,A,,,21.2,A,,,,,21.6,A,161.0,A,,,151.0,A,,,,,155.0,A,7.3,A,,,6.9,A,,,7.1,A,,,7.1,A,,,7.0,A,,,7.0,A,,,01467200
2013-06-24 00:00:00+00:00,22.5,A,,,21.7,A,,,,,22.1,A,167.0,A,,,155.0,A,,,,,161.0,A,7.2,A,,,6.6,A,,,6.9,A,,,7.0,A,,,7.0,A,,,7.0,A,,,01467200
2013-06-25 00:00:00+00:00,23.0,A,,,22.2,A,,,,,22.6,A,173.0,A,,,162.0,A,,,,,166.0,A,7.1,A,,,6.3,A,,,6.7,A,,,7.0,A,,,6.9,A,,,7.0,A,,,01467200
2013-06-26 00:00:00+00:00,23.5,A,,,22.7,A,,,,,23.1,A,176.0,A,,,167.0,A,,,,,172.0,A,7.1,A,,,6.2,A,,,6.6,A,,,7.0,A,,,6.8,A,,,6.9,A,,,01467200
2013-06-27 00:00:00+00:00,24.1,A,,,23.2,A,,,,,23.6,A,184.0,A,,,172.0,A,,,,,177.0,A,6.8,A,,,6.0,A,,,6.4,A,,,6.9,A,,,6.8,A,,,6.8,A,,,01467200
2013-06-28 00:00:00+00:00,24.5,A,,,23.8,A,,,,,24.1,A,186.0,A,,,176.0,A,,,,,179.0,A,6.7,A,,,5.7,A,,,6.2,A,,,7.0,A,,,6.8,A,,,6.9,A,,,01467200
2013-06-29 00:00:00+00:00,25.1,A,,,24.1,A,,,,,24.6,A,188.0,A,,,179.0,A,,,,,183.0,A,6.6,A,,,5.6,A,,,6.2,A,,,7.0,A,,,6.8,A,,,6.9,A,,,01467200
2013-06-30 00:00:00+00:00,26.0,A,,,24.8,A,,,,,25.4,A,209.0,A,,,184.0,A,,,,,192.0,A,6.4,A,,,5.8,A,,,6.1,A,,,7.0,A,,,6.8,A,,,6.9,A,,,01467200
2013-07-01 00:00:00+00:00,26.0,A,,,25.5,A,,,,,25.8,A,219.0,A,,,193.0,A,,,,,210.0,A,5.9,A,,,5.2,A,,,5.7,A,,,6.9,A,,,6.8,A,,,6.9,A,,,01467200
2013-07-02 00:00:00+00:00,25.9,A,,,25.0,A,,,,,25.6,A,218.0,A,,,178.0,A,,,,,204.0,A,6.2,A,,,5.2,A,,,5.8,A,,,6.9,A,,,6.8,A,,,6.9,A,,,01467200
2013-07-03 00:00:00+00:00,25.7,A,,,23.8,A,,,,,24.5,A,206.0,A,,,129.0,A,,,,,159.0,A,6.3,A,,,5.7,A,,,6.1,A,,,6.9,A,,,6.8,A,,,6.8,A,,,01467200
2013-07-04 00:00:00+00:00,24.7,A,,,23.4,A,,,,,23.9,A,160.0,A,,,134.0,A,,,,,140.0,A,6.7,A,,,5.8,A,,,6.3,A,,,6.9,A,,,6.8,A,,,6.9,A,,,01467200
2013-07-05 00:00:00+00:00,24.3,A,,,23.4,A,,,,,23.9,A,146.0,A,,,137.0,A,,,,,142.0,A,6.8,A,,,6.1,A,,,6.5,A,,,6.9,A,,,6.8,A,,,6.9,A,,,01467200
2013-07-06 00:00:00+00:00,24.4,A,,,23.7,A,,,,,24.1,A,147.0,A,,,140.0,A,,,,,143.0,A,6.8,A,,,6.2,A,,,6.6,A,,,6.9,A,,,6.8,A,,,6.8,A,,,01467200
2013-07-07 00:00:00+00:00,24.9,A,,,24.2,A,,,,,24.6,A,152.0,A,,,141.0,A,,,,,146.0,A,6.7,A,,,6.0,A,,,6.5,A,,,6.8,A,,,6.8,A,,,6.8,A,,,01467200
2013-07-08 00:00:00+00:00,25.1,A,,,24.6,A,,,,,24.9,A,152.0,A,,,141.0,A,,,,,146.0,A,6.6,A,,,6.0,A,,,6.3,A,,,6.8,A,,,6.8,A,,,6.8,A,,,01467200
2013-07-09 00:00:00+00:00,25.4,A,,,24.9,A,,,,,25.1,A,155.0,A,,,139.0,A,,,,,149.0,A,6.4,A,,,5.8,A,,,6.1,A,,,6.9,A,,,6.8,A,,,6.8,A,,,01467200
2013-07-10 00:00:00+00:00,25.9,A,,,25.2,A,,,,,25.4,A,157.0,A,,,146.0,A,,,,,152.0,A,6.3,A,,,5.5,A,,,5.9,A,,,7.2,A,,,6.8,A,,,6.9,A,,,01467200
2013-07-11 00:00:00+00:00,26.3,A,,,25.6,A,,,,,25.8,A,161.0,A,,,150.0,A,,,,,156.0,A,6.3,A,,,5.5,A,,,5.8,A,,,7.1,A,,,6.8,A,,,6.9,A,,,01467200
2013-07-12 00:00:00+00:00,26.3,A,,,25.7,A,,,,,25.9,A,166.0,A,,,155.0,A,,,,,160.0,A,6.1,A,,,5.3,A,,,5.7,A,,,7.2,A,,,6.8,A,,,7.0,A,,,01467200
2013-07-13 00:00:00+00:00,26.2,A,,,25.5,A,,,,,25.9,A,169.0,A,,,161.0,A,,,,,164.0,A,5.7,A,,,5.0,A,,,5.3,A,,,7.1,A,,,7.0,A,,,7.0,A,,,01467200
2013-07-14 00:00:00+00:00,26.6,A,,,25.9,A,,,,,26.3,A,174.0,A,,,165.0,A,,,,,169.0,A,5.5,A,,,4.7,A,,,5.1,A,,,7.1,A,,,7.0,A,,,7.0,A,,,01467200
2013-07-15 00:00:00+00:00,27.1,A,,,26.3,A,,,,,26.7,A,182.0,A,,,170.0,A,,,,,176.0,A,5.6,A,,,4.7,A,,,5.2,A,,,7.1,A,,,7.0,A,,,7.0,A,,,01467200
2013-07-16 00:00:00+00:00,27.6,A,,,26.8,A,,,,,27.1,A,192.0,A,,,180.0,A,,,,,185.0,A,6.2,A,,,4.8,A,,,5.4,A,,,7.2,A,,,7.0,A,,,7.1,A,,,01467200
2013-07-17 00:00:00+00:00,27.9,A,,,27.1,A,,,,,27.4,A,197.0,A,,,184.0,A,,,,,192.0,A,6.7,A,,,5.2,A,,,5.8,A,,,7.2,A,,,7.0,A,,,7.1,A,,,01467200
2013-07-18 00:00:00+00:00,28.1,A,,,27.5,A,,,,,27.8,A,202.0,A,,,192.0,A,,,,,198.0,A,7.4,A,,,5.6,A,,,6.2,A,,,7.2,A,,,7.1,A,,,7.2,A,,,01467200
2013-07-19 00:00:00+00:00,28.5,A,,,27.9,A,,,,,28.1,A,206.0,A,,,199.0,A,,,,,202.0,A,7.6,A,,,5.8,A,,,6.8,A,,,7.3,A,,,7.1,A,,,7.2,A,,,01467200
2013-07-20 00:00:00+00:00,28.5,A,,,28.2,A,,,,,28.3,A,210.0,A,,,202.0,A,,,,,206.0,A,7.8,A,,,6.4,A,,,7.2,A,,,7.4,A,,,7.2,A,,,7.3,A,,,01467200
2013-07-21 00:00:00+00:00,28.5,A,,,28.2,A,,,,,28.4,A,213.0,A,,,203.0,A,,,,,208.0,A,7.6,A,,,6.5,A,,,7.1,A,,,7.4,A,,,7.2,A,,,7.3,A,,,01467200
2013-07-22 00:00:00+00:00,28.6,A,,,28.3,A,,,,,28.4,A,219.0,A,,,205.0,A,,,,,212.0,A,7.2,A,,,6.2,A,,,6.9,A,,,7.3,A,,,7.2,A,,,7.2,A,,,01467200
2013-07-23 00:00:00+00:00,28.5,A,,,28.1,A,,,,,28.3,A,219.0,A,,,205.0,A,,,,,210.0,A,6.7,A,,,5.7,A,,,6.3,A,,,7.3,A,,,7.1,A,,,7.2,A,,,01467200
2013-07-24 00:00:00+00:00,28.5,A,,,28.2,A,,,,,28.3,A,216.0,A,,,205.0,A,,,,,211.0,A,6.6,A,,,5.3,A,,,5.9,A,,,7.3,A,,,7.1,A,,,7.2,A,,,01467200
2013-07-25 00:00:00+00:00,28.3,A,,,27.5,A,,,,,27.8,A,217.0,A,,,209.0,A,,,,,214.0,A,6.3,A,,,5.0,A,,,5.6,A,,,7.2,A,,,7.1,A,,,7.2,A,,,01467200
2013-07-26 00:00:00+00:00,27.5,A,,,27.1,A,,,,,27.3,A,220.0,A,,,212.0,A,,,,,217.0,A,5.7,A,,,4.4,A,,,5.2,A,,,7.2,A,,,7.1,A,,,7.1,A,,,01467200
2013-07-27 00:00:00+00:00,27.3,A,,,27.0,A,,,,,27.1,A,224.0,A,,,211.0,A,,,,,218.0,A,5.7,A,,,4.2,A,,,5.2,A,,,7.2,A,,,7.1,A,,,7.1,A,,,01467200
2013-07-28 00:00:00+00:00,27.1,A,,,26.7,A,,,,,27.0,A,226.0,A,,,210.0,A,,,,,218.0,A,5.8,A,,,4.6,A,,,5.2,A,,,7.2,A,,,7.1,A,,,7.1,A,,,01467200
2013-07-29 00:00:00+00:00,26.8,A,,,26.5,A,,,,,26.7,A,220.0,A,,,204.0,A,,,,,211.0,A,5.6,A,,,4.3,A,,,5.0,A,,,7.1,A,,,7.0,A,,,7.1,A,,,01467200
2013-07-30 00:00:00+00:00,26.6,A,,,26.3,A,,,,,26.5,A,214.0,A,,,201.0,A,,,,,207.0,A,5.7,A,,,4.4,A,,,5.0,A,,,7.1,A,,,7.0,A,,,7.1,A,,,01467200
2013-07-31 00:00:00+00:00,26.6,A,,,26.2,A,,,,,26.4,A,220.0,A,,,200.0,A,,,,,207.0,A,5.7,A,,,4.3,A,,,5.1,A,,,7.1,A,,,7.0,A,,,7.0,A,,,01467200
2013-08-01 00:00:00+00:00,26.4,A,,,25.9,A,,,,,26.1,A,220.0,A,,,202.0,A,,,,,210.0,A,5.7,A,,,4.1,A,,,4.9,A,,,7.1,A,,,7.0,A,,,7.0,A,,,01467200
2013-08-02 00:00:00+00:00,26.0,A,,,25.7,A,,,,,25.9,A,220.0,A,,,205.0,A,,,,,210.0,A,5.8,A,,,4.2,A,,,4.9,A,,,7.1,A,,,7.0,A,,,7.0,A,,,01467200
2013-08-03 00:00:00+00:00,26.0,A,,,25.6,A,,,,,25.7,A,226.0,A,,,209.0,A,,,,,214.0,A,5.8,A,,,4.1,A,,,4.9,A,,,7.1,A,,,7.0,A,,,7.0,A,,,01467200
2013-08-04 00:00:00+00:00,25.8,A,,,25.3,A,,,,,25.5,A,226.0,A,,,215.0,A,,,,,221.0,A,6.1,A,,,4.2,A,,,5.0,A,,,7.1,A,,,7.0,A,,,7.0,A,,,01467200
2013-08-05 00:00:00+00:00,25.6,A,,,25.1,A,,,,,25.4,A,228.0,A,,,220.0,A,,,,,224.0,A,5.9,A,,,4.3,A,,,5.2,A,,,7.1,A,,,7.0,A,,,7.0,A,,,01467200
2013-08-06 00:00:00+00:00,25.4,A,,,25.0,A,,,,,25.2,A,231.0,A,,,224.0,A,,,,,228.0,A,6.1,A,,,4.8,A,,,5.3,A,,,7.2,A,,,7.0,A,,,7.0,A,,,01467200
2013-08-07 00:00:00+00:00,25.2,A,,,24.8,A,,,,,25.0,A,236.0,A,,,228.0,A,,,,,232.0,A,5.9,A,,,4.6,A,,,5.2,A,,,7.2,A,,,7.0,A,,,7.1,A,,,01467200
2013-08-08 00:00:00+00:00,25.2,A,,,24.7,A,,,,,24.9,A,240.0,A,,,231.0,A,,,,,236.0,A,5.9,A,,,4.6,A,,,5.1,A,,,7.2,A,,,7.0,A,,,7.1,A,,,01467200
2013-08-09 00:00:00+00:00,25.3,A,,,24.9,A,,,,,25.0,A,245.0,A,,,229.0,A,,,,,238.0,A,5.8,A,,,4.6,A,,,5.1,A,,,7.2,A,,,7.0,A,,,7.1,A,,,01467200
2013-08-10 00:00:00+00:00,25.3,A,,,24.9,A,,,,,25.1,A,245.0,A,,,236.0,A,,,,,240.0,A,6.0,A,,,4.6,A,,,5.2,A,,,7.2,A,,,7.0,A,,,7.1,A,,,01467200
2013-08-11 00:00:00+00:00,25.4,A,,,24.9,A,,,,,25.1,A,250.0,A,,,234.0,A,,,,,239.0,A,6.8,A,,,4.8,A,,,5.9,A,,,7.3,A,,,7.0,A,,,7.2,A,,,01467200
2013-08-12 00:00:00+00:00,25.3,A,,,24.9,A,,,,,25.1,A,251.0,A,,,239.0,A,,,,,244.0,A,7.5,A,,,5.5,A,,,6.5,A,,,7.4,A,,,7.1,A,,,7.2,A,,,01467200
2013-08-13 00:00:00+00:00,25.2,A,,,24.9,A,,,,,25.1,A,254.0,A,,,236.0,A,,,,,246.0,A,7.4,A,,,5.7,A,,,6.7,A,,,7.4,A,,,7.2,A,,,7.3,A,,,01467200
2013-08-14 00:00:00+00:00,25.0,A,,,24.5,A,,,,,24.8,A,247.0,A,,,221.0,A,,,,,240.0,A,7.3,A,,,6.0,A,,,6.8,A,,,7.3,A,,,7.2,A,,,7.3,A,,,01467200
2013-08-15 00:00:00+00:00,24.7,A,,,24.2,A,,,,,24.4,A,243.0,A,,,205.0,A,,,,,227.0,A,7.0,A,,,6.1,A,,,6.7,A,,,7.3,A,,,7.2,A,,,7.3,A,,,01467200
2013-08-16 00:00:00+00:00,24.5,A,,,24.0,A,,,,,24.3,A,238.0,A,,,193.0,A,,,,,217.0,A,7.1,A,,,6.0,A,,,6.6,A,,,7.3,A,,,7.2,A,,,7.2,A,,,01467200
2013-08-17 00:00:00+00:00,24.5,A,,,24.0,A,,,,,24.3,A,237.0,A,,,181.0,A,,,,,211.0,A,7.2,A,,,5.8,A,,,6.5,A,,,7.2,A,,,7.1,A,,,7.2,A,,,01467200
2013-08-18 00:00:00+00:00,24.4,A,,,24.0,A,,,,,24.2,A,236.0,A,,,176.0,A,,,,,203.0,A,6.9,A,,,5.8,A,,,6.4,A,,,7.2,A,,,7.1,A,,,7.1,A,,,01467200
2013-08-19 00:00:00+00:00,24.2,A,,,23.8,A,,,,,24.1,A,235.0,A,,,181.0,A,,,,,203.0,A,6.8,A,,,5.5,A,,,6.2,A,,,7.1,A,,,7.0,A,,,7.1,A,,,01467200
2013-08-20 00:00:00+00:00,24.3,A,,,23.8,A,,,,,24.1,A,231.0,A,,,183.0,A,,,,,202.0,A,6.7,A,,,5.3,A,,,6.0,A,,,7.1,A,,,7.0,A,,,7.0,A,,,01467200
2013-08-21 00:00:00+00:00,24.6,A,,,24.0,A,,,,,24.3,A,227.0,A,,,184.0,A,,,,,201.0,A,6.6,A,,,5.2,A,,,5.9,A,,,7.1,A,,,7.0,A,,,7.0,A,,,01467200
2013-08-22 00:00:00+00:00,24.7,A,,,24.3,A,,,,,24.5,A,226.0,A,,,187.0,A,,,,,204.0,A,6.3,A,,,5.0,A,,,5.7,A,,,7.0,A,,,7.0,A,,,7.0,A,,,01467200
2013-08-23 00:00:00+00:00,24.6,A,,,24.2,A,,,,,24.5,A,221.0,A,,,187.0,A,,,,,203.0,A,6.1,A,,,4.7,A,,,5.5,A,,,7.0,A,,,7.0,A,,,7.0,A,,,01467200
2013-08-24 00:00:00+00:00,24.5,A,,,24.1,A,,,,,24.3,A,226.0,A,,,193.0,A,,,,,207.0,A,6.2,A,,,4.6,A,,,5.5,A,,,7.0,A,,,6.9,A,,,7.0,A,,,01467200
2013-08-25 00:00:00+00:00,24.5,A,,,24.1,A,,,,,24.3,A,232.0,A,,,200.0,A,,,,,212.0,A,6.1,A,,,4.7,A,,,5.5,A,,,7.0,A,,,6.9,A,,,7.0,A,,,01467200
2013-08-26 00:00:00+00:00,24.4,A,,,24.1,A,,,,,24.2,A,219.0,A,,,200.0,A,,,,,209.0,A,6.4,A,,,4.8,A,,,5.6,A,,,7.1,A,,,6.9,A,,,7.0,A,,,01467200
2013-08-27 00:00:00+00:00,24.6,A,,,24.1,A,,,,,24.3,A,226.0,A,,,204.0,A,,,,,215.0,A,6.6,A,,,4.8,A,,,5.7,A,,,7.1,A,,,6.9,A,,,7.0,A,,,01467200
2013-08-28 00:00:00+00:00,24.5,A,,,24.3,A,,,,,24.4,A,233.0,A,,,207.0,A,,,,,218.0,A,6.3,A,,,4.4,A,,,5.4,A,,,7.1,A,,,6.9,A,,,7.0,A,,,01467200
2013-08-29 00:00:00+00:00,24.6,A,,,24.2,A,,,,,24.4,A,237.0,A,,,213.0,A,,,,,223.0,A,6.2,A,,,4.3,A,,,5.2,A,,,7.1,A,,,6.9,A,,,7.0,A,,,01467200
2013-08-30 00:00:00+00:00,24.6,A,,,24.3,A,,,,,24.5,A,234.0,A,,,218.0,A,,,,,225.0,A,6.0,A,,,4.2,A,,,5.2,A,,,7.0,A,,,6.9,A,,,7.0,A,,,01467200
2013-08-31 00:00:00+00:00,24.8,A,,,24.4,A,,,,,24.6,A,234.0,A,,,221.0,A,,,,,226.0,A,6.2,A,,,4.6,A,,,5.4,A,,,7.1,A,,,6.9,A,,,7.0,A,,,01467200
2013-09-01 00:00:00+00:00,25.1,A,,,24.6,A,,,,,24.9,A,236.0,A,,,228.0,A,,,,,233.0,A,6.1,A,,,4.6,A,,,5.4,A,,,7.1,A,,,6.9,A,,,7.0,A,,,01467200
2013-09-02 00:00:00+00:00,25.2,A,,,25.0,A,,,,,25.1,A,241.0,A,,,228.0,A,,,,,234.0,A,5.9,A,,,4.2,A,,,5.2,A,,,7.1,A,,,6.9,A,,,7.0,A,,,01467200
2013-09-03 00:00:00+00:00,25.4,A,,,25.1,A,,,,,25.2,A,243.0,A,,,232.0,A,,,,,236.0,A,5.5,A,,,4.1,A,,,5.0,A,,,7.1,A,,,6.9,A,,,7.0,A,,,01467200
2013-09-04 00:00:00+00:00,25.2,A,,,25.0,A,,,,,25.1,A,253.0,A,,,236.0,A,,,,,241.0,A,5.4,A,,,3.9,A,,,4.9,A,,,7.1,A,,,6.9,A,,,7.0,A,,,01467200
2013-09-05 00:00:00+00:00,25.1,A,,,24.7,A,,,,,24.9,A,253.0,A,,,241.0,A,,,,,247.0,A,5.5,A,,,4.2,A,,,4.9,A,,,7.1,A,,,6.9,A,,,7.0,A,,,01467200
2013-09-06 00:00:00+00:00,24.7,A,,,24.3,A,,,,,24.5,A,251.0,A,,,242.0,A,,,,,247.0,A,5.5,A,,,4.4,A,,,5.0,A,,,7.1,A,,,7.0,A,,,7.0,A,,,01467200
2013-09-07 00:00:00+00:00,24.5,A,,,24.1,A,,,,,24.3,A,256.0,A,,,241.0,A,,,,,247.0,A,5.4,A,,,4.4,A,,,5.0,A,,,7.1,A,,,7.0,A,,,7.0,A,,,01467200
2013-09-08 00:00:00+00:00,24.4,A,,,24.1,A,,,,,24.2,A,255.0,A,,,242.0,A,,,,,248.0,A,5.3,A,,,4.3,A,,,4.9,A,,,7.1,A,,,7.0,A,,,7.0,A,,,01467200
2013-09-09 00:00:00+00:00,24.1,A,,,23.8,A,,,,,23.9,A,260.0,A,,,236.0,A,,,,,248.0,A,5.4,A,,,4.5,A,,,5.0,A,,,7.1,A,,,7.0,A,,,7.0,A,,,01467200
2013-09-10 00:00:00+00:00,24.1,A,,,23.8,A,,,,,23.9,A,262.0,A,,,237.0,A,,,,,249.0,A,5.3,A,,,4.4,A,,,4.9,A,,,7.1,A,,,7.0,A,,,7.0,A,,,01467200
2013-09-11 00:00:00+00:00,24.4,A,,,23.9,A,,,,,24.1,A,261.0,A,,,236.0,A,,,,,248.0,A,5.1,A,,,4.3,A,,,4.8,A,,,7.0,A,,,7.0,A,,,7.0,A,,,01467200
2013-09-12 00:00:00+00:00,24.6,A,,,24.2,A,,,,,24.4,A,261.0,A,,,234.0,A,,,,,247.0,A,5.0,A,,,4.2,A,,,4.7,A,,,7.0,A,,,7.0,A,,,7.0,A,,,01467200
2013-09-13 00:00:00+00:00,24.5,A,,,24.3,A,,,,,24.4,A,262.0,A,,,235.0,A,,,,,248.0,A,5.2,A,,,3.7,A,,,4.6,A,,,7.1,A,,,6.9,A,,,7.0,A,,,01467200
2013-09-14 00:00:00+00:00,24.3,A,,,23.8,A,,,,,23.9,A,266.0,A,,,231.0,A,,,,,246.0,A,5.2,A,,,4.6,A,,,4.9,A,,,7.1,A,,,7.0,A,,,7.0,A,,,01467200
2013-09-15 00:00:00+00:00,23.8,A,,,23.4,A,,,,,23.5,A,267.0,A,,,227.0,A,,,,,246.0,A,5.5,A,,,4.6,A,,,5.0,A,,,7.1,A,,,7.0,A,,,7.0,A,,,01467200
2013-09-16 00:00:00+00:00,23.5,A,,,23.0,A,,,,,23.2,A,266.0,A,,,228.0,A,,,,,245.0,A,5.3,A,,,4.7,A,,,5.0,A,,,7.1,A,,,7.0,A,,,7.1,A,,,01467200
2013-09-17 00:00:00+00:00,23.0,A,,,22.4,A,,,,,22.6,A,261.0,A,,,227.0,A,,,,,244.0,A,5.8,A,,,4.6,A,,,5.3,A,,,7.1,A,,,7.0,A,,,7.1,A,,,01467200
2013-09-18 00:00:00+00:00,22.5,A,,,22.1,A,,,,,22.3,A,268.0,A,,,233.0,A,,,,,250.0,A,5.7,A,,,5.1,A,,,5.4,A,,,7.1,A,,,7.1,A,,,7.1,A,,,01467200
2013-09-19 00:00:00+00:00,22.4,A,,,21.9,A,,,,,22.2,A,270.0,A,,,236.0,A,,,,,252.0,A,5.8,A,,,5.0,A,,,5.4,A,,,7.1,A,,,7.0,A,,,7.1,A,,,01467200
2013-09-20 00:00:00+00:00,22.4,A,,,21.9,A,,,,,22.1,A,272.0,A,,,237.0,A,,,,,252.0,A,6.0,A,,,5.0,A,,,5.4,A,,,7.1,A,,,7.0,A,,,7.1,A,,,01467200
2013-09-21 00:00:00+00:00,22.4,A,,,21.9,A,,,,,22.2,A,281.0,A,,,240.0,A,,,,,257.0,A,5.9,A,,,4.9,A,,,5.4,A,,,7.1,A,,,7.0,A,,,7.0,A,,,01467200
2013-09-22 00:00:00+00:00,22.2,A,,,21.8,A,,,,,22.1,A,276.0,A,,,241.0,A,,,,,254.0,A,5.8,A,,,5.0,A,,,5.4,A,,,7.1,A,,,7.0,A,,,7.0,A,,,01467200
2013-09-23 00:00:00+00:00,21.8,A,,,21.4,A,,,,,21.6,A,266.0,A,,,240.0,A,,,,,252.0,A,6.0,A,,,4.9,A,,,5.5,A,,,7.1,A,,,7.0,A,,,7.1,A,,,01467200
2013-09-24 00:00:00+00:00,21.4,A,,,21.0,A,,,,,21.2,A,269.0,A,,,243.0,A,,,,,255.0,A,6.0,A,,,5.0,A,,,5.6,A,,,7.1,A,,,7.0,A,,,7.1,A,,,01467200
2013-09-25 00:00:00+00:00,21.2,A,,,20.9,A,,,,,21.0,A,275.0,A,,,245.0,A,,,,,258.0,A,6.2,A,,,5.1,A,,,5.7,A,,,7.2,A,,,7.0,A,,,7.1,A,,,01467200
2013-09-26 00:00:00+00:00,21.1,A,,,20.8,A,,,,,20.9,A,281.0,A,,,250.0,A,,,,,262.0,A,6.2,A,,,5.1,A,,,5.6,A,,,7.1,A,,,7.0,A,,,7.1,A,,,01467200
2013-09-27 00:00:00+00:00,21.0,A,,,20.6,A,,,,,20.8,A,289.0,A,,,249.0,A,,,,,264.0,A,6.2,A,,,4.9,A,,,5.6,A,,,7.1,A,,,7.0,A,,,7.1,A,,,01467200
2013-09-28 00:00:00+00:00,20.9,A,,,20.6,A,,,,,20.8,A,286.0,A,,,254.0,A,,,,,268.0,A,6.4,A,,,5.0,A,,,5.6,A,,,7.1,A,,,7.0,A,,,7.1,A,,,01467200
2013-09-29 00:00:00+00:00,20.9,A,,,20.5,A,,,,,20.7,A,286.0,A,,,255.0,A,,,,,268.0,A,6.4,A,,,5.1,A,,,5.7,A,,,7.1,A,,,7.0,A,,,7.1,A,,,01467200
2013-09-30 00:00:00+00:00,20.9,A,,,20.4,A,,,,,20.6,A,288.0,A,,,258.0,A,,,,,270.0,A,6.2,A,,,5.0,A,,,5.7,A,,,7.1,A,,,7.0,A,,,7.1,A,,,01467200
2013-10-01 00:00:00+00:00,20.8,A,,,20.4,A,,,,,20.6,A,288.0,A,,,261.0,A,,,,,272.0,A,6.2,A,,,4.9,A,,,5.6,A,,,7.1,A,,,7.0,A,,,7.0,A,,,01467200
2013-10-02 00:00:00+00:00,20.9,A,,,20.4,A,,,,,20.7,A,291.0,A,,,262.0,A,,,,,274.0,A,6.2,A,,,4.9,A,,,5.6,A,,,7.1,A,,,7.0,A,,,7.0,A,,,01467200
2013-10-03 00:00:00+00:00,21.1,A,,,20.6,A,,,,,20.9,A,290.0,A,,,261.0,A,,,,,275.0,A,6.3,A,,,5.0,A,,,5.7,A,,,7.1,A,,,7.0,A,,,7.0,A,,,01467200
2013-10-04 00:00:00+00:00,21.3,A,,,20.8,A,,,,,21.1,A,292.0,A,,,264.0,A,,,,,276.0,A,6.1,A,,,4.8,A,,,5.6,A,,,7.1,A,,,7.0,A,,,7.0,A,,,01467200
2013-10-05 00:00:00+00:00,21.6,A,,,21.1,A,,,,,21.3,A,293.0,A,,,262.0,A,,,,,277.0,A,6.3,A,,,4.9,A,,,5.6,A,,,7.1,A,,,7.0,A,,,7.0,A,,,01467200
2013-10-06 00:00:00+00:00,21.8,A,,,21.3,A,,,,,21.5,A,299.0,A,,,265.0,A,,,,,281.0,A,6.1,A,,,4.7,A,,,5.4,A,,,7.1,A,,,7.0,A,,,7.0,A,,,01467200
2013-10-07 00:00:00+00:00,21.8,A,,,21.5,A,,,,,21.6,A,303.0,A,,,268.0,A,,,,,286.0,A,6.1,A,,,4.1,A,,,5.3,A,,,7.1,A,,,7.0,A,,,7.0,A,,,01467200
2013-10-08 00:00:00+00:00,21.5,A,,,21.0,A,,,,,21.3,A,300.0,A,,,266.0,A,,,,,282.0,A,5.9,A,,,4.0,A,,,5.3,A,,,7.1,A,,,7.0,A,,,7.0,A,,,01467200
2013-10-09 00:00:00+00:00,21.0,A,,,20.5,A,,,,,20.8,A,303.0,A,,,267.0,A,,,,,283.0,A,6.2,A,,,4.7,A,,,5.6,A,,,7.1,A,,,7.0,A,,,7.1,A,,,01467200
2013-10-10 00:00:00+00:00,20.5,A,,,19.9,A,,,,,20.2,A,303.0,A,,,269.0,A,,,,,285.0,A,6.4,A,,,5.4,A,,,5.9,A,,,7.2,A,,,7.1,A,,,7.1,A,,,01467200
2013-10-11 00:00:00+00:00,19.9,A,,,19.5,A,,,,,19.7,A,297.0,A,,,267.0,A,,,,,281.0,A,6.7,A,,,5.6,A,,,6.1,A,,,7.2,A,,,7.1,A,,,7.2,A,,,01467200
2013-10-12 00:00:00+00:00,19.5,A,,,19.2,A,,,,,19.4,A,297.0,A,,,261.0,A,,,,,275.0,A,7.1,A,,,5.4,A,,,6.3,A,,,7.3,A,,,7.1,A,,,7.2,A,,,01467200
2013-10-13 00:00:00+00:00,19.4,A,,,19.0,A,,,,,19.1,A,304.0,A,,,264.0,A,,,,,279.0,A,7.4,A,,,6.1,A,,,6.8,A,,,7.3,A,,,7.2,A,,,7.2,A,,,01467200
2013-10-14 00:00:00+00:00,19.1,A,,,18.7,A,,,,,18.9,A,300.0,A,,,268.0,A,,,,,280.0,A,7.4,A,,,6.0,A,,,6.8,A,,,7.3,A,,,7.2,A,,,7.2,A,,,01467200
2013-10-15 00:00:00+00:00,19.0,A,,,18.6,A,,,,,18.8,A,297.0,A,,,271.0,A,,,,,282.0,A,7.3,A,,,6.1,A,,,6.7,A,,,7.3,A,,,7.2,A,,,7.2,A,,,01467200
2013-10-16 00:00:00+00:00,18.9,A,,,18.6,A,,,,,18.7,A,299.0,A,,,274.0,A,,,,,285.0,A,7.0,A,,,5.5,A,,,6.6,A,,,7.3,A,,,7.2,A,,,7.2,A,,,01467200
2013-10-17 00:00:00+00:00,19.0,A,,,18.7,A,,,,,18.8,A,305.0,A,,,282.0,A,,,,,292.0,A,6.8,A,,,5.8,A,,,6.3,A,,,7.2,A,,,7.2,A,,,7.2,A,,,01467200
2013-10-18 00:00:00+00:00,18.9,A,,,18.6,A,,,,,18.7,A,308.0,A,,,291.0,A,,,,,298.0,A,7.0,A,,,5.5,A,,,6.4,A,,,7.2,A,,,7.2,A,,,7.2,A,,,01467200
2013-10-19 00:00:00+00:00,18.6,A,,,18.4,A,,,,,18.5,A,309.0,A,,,291.0,A,,,,,300.0,A,7.0,A,,,5.9,A,,,6.5,A,,,7.3,A,,,7.2,A,,,7.2,A,,,01467200
2013-10-20 00:00:00+00:00,18.5,A,,,18.0,A,,,,,18.2,A,311.0,A,,,293.0,A,,,,,303.0,A,6.8,A,,,5.9,A,,,6.4,A,,,7.2,A,,,7.2,A,,,7.2,A,,,01467200
2013-10-21 00:00:00+00:00,18.1,A,,,17.7,A,,,,,18.0,A,314.0,A,,,289.0,A,,,,,302.0,A,7.1,A,,,6.0,A,,,6.6,A,,,7.3,A,,,7.2,A,,,7.2,A,,,01467200
2013-10-22 00:00:00+00:00,17.8,A,,,17.5,A,,,,,17.7,A,313.0,A,,,290.0,A,,,,,303.0,A,7.1,A,,,5.9,A,,,6.6,A,,,7.3,A,,,7.2,A,,,7.2,A,,,01467200
2013-10-23 00:00:00+00:00,17.5,A,,,17.1,A,,,,,17.4,A,319.0,A,,,289.0,A,,,,,304.0,A,7.1,A,,,5.8,A,,,6.5,A,,,7.3,A,,,7.2,A,,,7.2,A,,,01467200
2013-10-24 00:00:00+00:00,17.1,A,,,16.4,A,,,,,16.8,A,313.0,A,,,288.0,A,,,,,302.0,A,7.1,A,,,5.8,A,,,6.7,A,,,7.3,A,,,7.2,A,,,7.2,A,,,01467200
2013-10-25 00:00:00+00:00,16.4,A,,,15.8,A,,,,,16.1,A,310.0,A,,,284.0,A,,,,,297.0,A,7.6,A,,,6.5,A,,,7.1,A,,,7.3,A,,,7.2,A,,,7.3,A,,,01467200
2013-10-26 00:00:00+00:00,15.8,A,,,15.4,A,,,,,15.6,A,317.0,A,,,286.0,A,,,,,299.0,A,8.2,A,,,6.5,A,,,7.3,A,,,7.3,A,,,7.2,A,,,7.3,A,,,01467200
2013-10-27 00:00:00+00:00,15.4,A,,,14.9,A,,,,,15.2,A,326.0,A,,,283.0,A,,,,,297.0,A,8.1,A,,,6.7,A,,,7.5,A,,,7.3,A,,,7.3,A,,,7.3,A,,,01467200
2013-10-28 00:00:00+00:00,15.1,A,,,14.8,A,,,,,15.0,A,325.0,A,,,287.0,A,,,,,303.0,A,8.0,A,,,6.7,A,,,7.3,A,,,7.3,A,,,7.2,A,,,7.3,A,,,01467200
2013-10-29 00:00:00+00:00,15.0,A,,,14.6,A,,,,,14.8,A,328.0,A,,,286.0,A,,,,,304.0,A,8.0,A,,,6.9,A,,,7.4,A,,,7.3,A,,,7.2,A,,,7.3,A,,,01467200
2013-10-30 00:00:00+00:00,14.9,A,,,14.4,A,,,,,14.7,A,327.0,A,,,288.0,A,,,,,307.0,A,7.8,A,,,6.4,A,,,7.3,A,,,7.3,A,,,7.2,A,,,7.3,A,,,01467200
2013-10-31 00:00:00+00:00,14.8,A,,,14.4,A,,,,,14.6,A,324.0,A,,,288.0,A,,,,,306.0,A,7.8,A,,,6.4,A,,,7.2,A,,,7.3,A,,,7.2,A,,,7.2,A,,,01467200
2013-11-01 00:00:00+00:00,15.0,A,,,14.6,A,,,,,14.8,A,326.0,A,,,290.0,A,,,,,308.0,A,8.0,A,,,6.7,A,,,7.4,A,,,7.3,A,,,7.2,A,,,7.3,A,,,01467200
2013-11-02 00:00:00+00:00,15.0,A,,,14.6,A,,,,,14.8,A,327.0,A,,,287.0,A,,,,,305.0,A,7.8,A,,,6.6,A,,,7.3,A,,,7.3,A,,,7.2,A,,,7.2,A,,,01467200
2013-11-03 00:00:00+00:00,14.9,A,,,14.2,A,,,,,14.6,A,327.0,A,,,289.0,A,,,,,306.0,A,8.1,A,,,6.5,A,,,7.4,A,,,7.3,A,,,7.2,A,,,7.2,A,,,01467200
2013-11-04 00:00:00+00:00,14.4,A,,,13.7,A,,,,,14.0,A,337.0,A,,,287.0,A,,,,,308.0,A,8.3,A,,,7.1,A,,,7.7,A,,,7.3,A,,,7.2,A,,,7.3,A,,,01467200
2013-11-05 00:00:00+00:00,13.9,A,,,13.5,A,,,,,13.7,A,342.0,A,,,292.0,A,,,,,316.0,A,8.4,A,,,7.2,A,,,7.8,A,,,7.5,A,,,7.3,A,,,7.3,A,,,01467200
2013-11-06 00:00:00+00:00,13.8,A,,,13.4,A,,,,,13.6,A,351.0,A,,,303.0,A,,,,,325.0,A,8.2,A,,,7.4,A,,,7.8,A,,,7.4,A,,,7.3,A,,,7.3,A,,,01467200
2013-11-07 00:00:00+00:00,13.8,A,,,13.4,A,,,,,13.6,A,350.0,A,,,309.0,A,,,,,326.0,A,8.2,A,,,7.4,A,,,7.8,A,,,7.4,A,,,7.3,A,,,7.3,A,,,01467200
2013-11-08 00:00:00+00:00,13.4,A,,,12.8,A,,,,,13.2,A,344.0,A,,,308.0,A,,,,,322.0,A,8.2,A,,,7.5,A,,,7.9,A,,,7.4,A,,,7.3,A,,,7.4,A,,,01467200
2013-11-09 00:00:00+00:00,12.9,A,,,12.6,A,,,,,12.8,A,356.0,A,,,306.0,A,,,,,326.0,A,8.4,A,,,7.6,A,,,8.0,A,,,7.4,A,,,7.3,A,,,7.4,A,,,01467200
2013-11-10 00:00:00+00:00,12.6,A,,,12.2,A,,,,,12.5,A,359.0,A,,,314.0,A,,,,,330.0,A,8.5,A,,,7.7,A,,,8.1,A,,,7.4,A,,,7.4,A,,,7.4,A,,,01467200
2013-11-11 00:00:00+00:00,12.2,A,,,11.9,A,,,,,12.1,A,353.0,A,,,316.0,A,,,,,333.0,A,8.7,A,,,8.0,A,,,8.4,A,,,7.4,A,,,7.4,A,,,7.4,A,,,01467200
2013-11-12 00:00:00+00:00,12.1,A,,,11.3,A,,,,,11.7,A,365.0,A,,,315.0,A,,,,,333.0,A,9.0,A,,,8.2,A,,,8.6,A,,,7.5,A,,,7.4,A,,,7.4,A,,,01467200
2013-11-13 00:00:00+00:00,11.5,A,,,10.8,A,,,,,11.1,A,354.0,A,,,318.0,A,,,,,332.0,A,9.1,A,,,8.4,A,,,8.7,A,,,7.5,A,,,7.4,A,,,7.5,A,,,01467200
2013-11-14 00:00:00+00:00,11.0,A,,,10.3,A,,,,,10.6,A,361.0,A,,,323.0,A,,,,,340.0,A,9.4,A,,,8.6,A,,,9.0,A,,,7.5,A,,,7.4,A,,,7.5,A,,,01467200
2013-11-15 00:00:00+00:00,10.6,A,,,10.0,A,,,,,10.3,A,356.0,A,,,318.0,A,,,,,335.0,A,9.4,A,,,8.7,A,,,9.1,A,,,7.5,A,,,7.5,A,,,7.5,A,,,01467200
2013-11-16 00:00:00+00:00,10.5,A,,,10.0,A,,,,,10.3,A,366.0,A,,,323.0,A,,,,,341.0,A,9.3,A,,,8.6,A,,,9.0,A,,,7.5,A,,,7.4,A,,,7.5,A,,,01467200
2013-11-17 00:00:00+00:00,10.7,A,,,10.1,A,,,,,10.4,A,379.0,A,,,325.0,A,,,,,347.0,A,9.2,A,,,8.4,A,,,8.9,A,,,7.5,A,,,7.4,A,,,7.4,A,,,01467200
2013-11-18 00:00:00+00:00,10.9,A,,,10.6,A,,,,,10.7,A,379.0,A,,,327.0,A,,,,,351.0,A,9.1,A,,,8.4,A,,,8.8,A,,,7.5,A,,,7.4,A,,,7.4,A,,,01467200
2013-11-19 00:00:00+00:00,10.8,A,,,10.1,A,,,,,10.4,A,369.0,A,,,317.0,A,,,,,341.0,A,9.4,A,,,8.5,A,,,9.0,A,,,7.5,A,,,7.4,A,,,7.5,A,,,01467200
2013-11-20 00:00:00+00:00,10.3,A,,,9.8,A,,,,,10.1,A,389.0,A,,,320.0,A,,,,,348.0,A,9.4,A,,,8.7,A,,,9.1,A,,,7.5,A,,,7.4,A,,,7.5,A,,,01467200
2013-11-21 00:00:00+00:00,10.1,A,,,9.6,A,,,,,9.9,A,385.0,A,,,322.0,A,,,,,354.0,A,9.4,A,,,8.6,A,,,9.1,A,,,7.5,A,,,7.4,A,,,7.5,A,,,01467200
2013-11-22 00:00:00+00:00,10.0,A,,,9.6,A,,,,,9.9,A,381.0,A,,,322.0,A,,,,,350.0,A,9.3,A,,,8.5,A,,,9.0,A,,,7.5,A,,,7.4,A,,,7.5,A,,,01467200
2013-11-23 00:00:00+00:00,10.0,A,,,9.4,A,,,,,9.7,A,370.0,A,,,317.0,A,,,,,344.0,A,9.3,A,,,8.5,A,,,9.0,A,,,7.5,A,,,7.4,A,,,7.5,A,,,01467200
2013-11-24 00:00:00+00:00,9.4,A,,,8.3,A,,,,,8.8,A,343.0,A,,,299.0,A,,,,,321.0,A,9.9,A,,,8.9,A,,,9.5,A,,,7.6,A,,,7.4,A,,,7.5,A,,,01467200
2013-11-25 00:00:00+00:00,8.5,A,,,8.0,A,,,,,8.2,A,380.0,A,,,311.0,A,,,,,336.0,A,9.9,A,,,9.3,A,,,9.7,A,,,7.6,A,,,7.5,A,,,7.6,A,,,01467200
2013-11-26 00:00:00+00:00,8.1,A,,,7.5,A,,,,,7.9,A,381.0,A,,,309.0,A,,,,,342.0,A,10.1,A,,,9.4,A,,,9.8,A,,,7.6,A,,,7.5,A,,,7.6,A,,,01467200
2013-11-27 00:00:00+00:00,8.3,A,,,7.6,A,,,,,8.0,A,387.0,A,,,294.0,A,,,,,330.0,A,10.1,A,,,9.3,A,,,9.8,A,,,7.6,A,,,7.5,A,,,7.6,A,,,01467200
2013-11-28 00:00:00+00:00,7.6,A,,,6.6,A,,,,,7.1,A,313.0,A,,,270.0,A,,,,,288.0,A,10.7,A,,,9.7,A,,,10.2,A,,,7.6,A,,,7.6,A,,,7.6,A,,,01467200
2013-11-29 00:00:00+00:00,7.0,A,,,6.2,A,,,,,6.6,A,305.0,A,,,272.0,A,,,,,284.0,A,10.8,A,,,9.8,A,,,10.5,A,,,7.6,A,,,7.6,A,,,7.6,A,,,01467200
2013-11-30 00:00:00+00:00,6.6,A,,,5.9,A,,,,,6.1,A,300.0,A,,,268.0,A,,,,,281.0,A,10.9,A,,,10.1,A,,,10.7,A,,,7.6,A,,,7.6,A,,,7.6,A,,,01467200
2013-12-01 00:00:00+00:00,6.3,A,,,5.7,A,,,,,6.0,A,296.0,A,,,268.0,A,,,,,280.0,A,10.9,A,,,10.1,A,,,10.6,A,,,7.6,A,,,7.6,A,,,7.6,A,,,01467200
2013-12-02 00:00:00+00:00,6.2,A,,,5.4,A,,,,,5.9,A,294.0,A,,,261.0,A,,,,,277.0,A,11.0,A,,,10.0,A,,,10.6,A,,,7.6,A,,,7.6,A,,,7.6,A,,,01467200
2013-12-03 00:00:00+00:00,6.2,A,,,5.4,A,,,,,5.8,A,297.0,A,,,260.0,A,,,,,277.0,A,10.9,A,,,9.9,A,,,10.5,A,,,7.6,A,,,7.5,A,,,7.6,A,,,01467200
2013-12-04 00:00:00+00:00,6.1,A,,,5.2,A,,,,,5.7,A,294.0,A,,,250.0,A,,,,,273.0,A,10.9,A,,,9.9,A,,,10.5,A,,,7.6,A,,,7.5,A,,,7.5,A,,,01467200
2013-12-05 00:00:00+00:00,6.2,A,,,5.2,A,,,,,5.7,A,293.0,A,,,250.0,A,,,,,270.0,A,10.8,A,,,9.8,A,,,10.4,A,,,7.6,A,,,7.5,A,,,7.5,A,,,01467200
2014-03-27 00:00:00+00:00,5.6,A,,,5.1,A,,,,,5.3,A,295.0,A,,,269.0,A,,,,,283.0,A,13.0,A,,,12.7,A,,,12.8,A,,,8.0,A,,,7.8,A,,,7.9,A,,,01467200
2014-03-28 00:00:00+00:00,5.8,A,,,5.2,A,,,,,5.5,A,295.0,A,,,262.0,A,,,,,278.0,A,12.8,A,,,12.6,A,,,12.7,A,,,8.0,A,,,7.8,A,,,7.9,A,,,01467200
2014-03-29 00:00:00+00:00,6.0,A,,,5.7,A,,,,,5.8,A,287.0,A,,,254.0,A,,,,,271.0,A,12.9,A,,,12.4,A,,,12.7,A,,,7.9,A,,,7.8,A,,,7.8,A,,,01467200
2014-03-30 00:00:00+00:00,6.3,A,,,5.8,A,,,,,6.0,A,286.0,A,,,250.0,A,,,,,263.0,A,12.6,A,,,12.2,A,,,12.3,A,,,7.8,A,,,7.7,A,,,7.8,A,,,01467200
2014-03-31 00:00:00+00:00,6.2,A,,,5.6,A,,,,,5.8,A,269.0,A,,,250.0,A,,,,,258.0,A,12.9,A,,,12.2,A,,,12.6,A,,,7.8,A,,,7.6,A,,,7.7,A,,,01467200
2014-04-01 00:00:00+00:00,6.8,A,,,5.9,A,,,,,6.4,A,269.0,A,,,226.0,A,,,,,251.0,A,12.8,A,,,11.9,A,,,12.3,A,,,7.7,A,,,7.5,A,,,7.6,A,,,01467200
2014-04-02 00:00:00+00:00,6.8,A,,,6.6,A,,,,,6.7,A,243.0,A,,,201.0,A,,,,,221.0,A,12.2,A,,,11.7,A,,,12.0,A,,,7.5,A,,,7.4,A,,,7.5,A,,,01467200
2014-04-03 00:00:00+00:00,6.9,A,,,6.5,A,,,,,6.7,A,213.0,A,,,181.0,A,,,,,195.0,A,12.2,A,,,11.8,A,,,12.0,A,,,7.4,A,,,7.3,A,,,7.4,A,,,01467200
2014-04-04 00:00:00+00:00,6.9,A,,,6.7,A,,,,,6.8,A,193.0,A,,,174.0,A,,,,,183.0,A,12.1,A,,,11.8,A,,,12.0,A,,,7.3,A,,,7.3,A,,,7.3,A,,,01467200
2014-04-05 00:00:00+00:00,7.4,A,,,6.9,A,,,,,7.1,A,188.0,A,,,176.0,A,,,,,182.0,A,12.0,A,,,11.6,A,,,11.9,A,,,7.3,A,,,7.3,A,,,7.3,A,,,01467200
2014-04-06 00:00:00+00:00,8.0,A,,,7.1,A,,,,,7.5,A,186.0,A,,,177.0,A,,,,,181.0,A,12.0,A,,,11.4,A,,,11.8,A,,,7.4,A,,,7.3,A,,,7.4,A,,,01467200
2014-04-07 00:00:00+00:00,8.1,A,,,7.7,A,,,,,8.0,A,188.0,A,,,179.0,A,,,,,184.0,A,11.7,A,,,11.3,A,,,11.6,A,,,7.4,A,,,7.3,A,,,7.4,A,,,01467200
2014-04-08 00:00:00+00:00,8.8,A,,,8.0,A,,,,,8.4,A,198.0,A,,,182.0,A,,,,,190.0,A,11.5,A,,,10.9,A,,,11.2,A,,,7.4,A,,,7.3,A,,,7.3,A,,,01467200
2014-04-09 00:00:00+00:00,9.0,A,,,8.5,A,,,,,8.7,A,194.0,A,,,185.0,A,,,,,190.0,A,11.5,A,,,10.9,A,,,11.3,A,,,7.4,A,,,7.2,A,,,7.3,A,,,01467200
2014-04-10 00:00:00+00:00,9.3,A,,,8.8,A,,,,,9.0,A,196.0,A,,,186.0,A,,,,,190.0,A,11.4,A,,,10.9,A,,,11.3,A,,,7.3,A,,,7.2,A,,,7.3,A,,,01467200
2014-04-11 00:00:00+00:00,9.7,A,,,9.1,A,,,,,9.4,A,202.0,A,,,189.0,A,,,,,195.0,A,11.3,A,,,10.9,A,,,11.2,A,,,7.3,A,,,7.2,A,,,7.3,A,,,01467200
2014-04-12 00:00:00+00:00,10.4,A,,,9.6,A,,,,,9.9,A,208.0,A,,,193.0,A,,,,,199.0,A,11.2,A,,,10.8,A,,,11.1,A,,,7.3,A,,,7.2,A,,,7.3,A,,,01467200
2014-04-13 00:00:00+00:00,11.3,A,,,10.2,A,,,,,10.6,A,205.0,A,,,196.0,A,,,,,200.0,A,11.1,A,,,10.7,A,,,11.0,A,,,7.3,A,,,7.2,A,,,7.3,A,,,01467200
2014-04-14 00:00:00+00:00,12.2,A,,,10.9,A,,,,,11.5,A,208.0,A,,,191.0,A,,,,,200.0,A,10.9,A,,,10.6,A,,,10.8,A,,,7.3,A,,,7.3,A,,,7.3,A,,,01467200
2014-04-15 00:00:00+00:00,12.8,A,,,11.8,A,,,,,12.3,A,209.0,A,,,191.0,A,,,,,202.0,A,10.7,A,,,9.9,A,,,10.4,A,,,7.3,A,,,7.2,A,,,7.3,A,,,01467200
2014-04-16 00:00:00+00:00,12.9,A,,,12.4,A,,,,,12.6,A,205.0,A,,,192.0,A,,,,,198.0,A,10.2,A,,,9.8,A,,,10.0,A,,,7.3,A,,,7.2,A,,,7.3,A,,,01467200
2014-04-17 00:00:00+00:00,13.4,A,,,12.4,A,,,,,12.9,A,210.0,A,,,183.0,A,,,,,199.0,A,10.1,A,,,9.1,A,,,9.8,A,,,7.3,A,,,7.2,A,,,7.3,A,,,01467200
2014-04-18 00:00:00+00:00,13.1,A,,,11.9,A,,,,,12.7,A,206.0,A,,,179.0,A,,,,,189.0,A,9.8,A,,,9.1,A,,,9.5,A,,,7.3,A,,,7.1,A,,,7.1,A,,,01467200
2014-04-19 00:00:00+00:00,12.5,A,,,11.2,A,,,,,11.9,A,192.0,A,,,174.0,A,,,,,183.0,A,10.2,A,,,9.1,A,,,9.7,A,,,7.2,A,,,7.1,A,,,7.1,A,,,01467200
2014-04-20 00:00:00+00:00,11.8,A,,,10.6,A,,,,,11.3,A,183.0,A,,,160.0,A,,,,,171.0,A,10.5,A,,,9.6,A,,,10.1,A,,,7.1,A,,,7.0,A,,,7.1,A,,,01467200
2014-04-21 00:00:00+00:00,11.3,A,,,10.6,A,,,,,11.0,A,173.0,A,,,161.0,A,,,,,167.0,A,10.5,A,,,9.8,A,,,10.2,A,,,7.1,A,,,7.0,A,,,7.1,A,,,01467200
2014-04-22 00:00:00+00:00,11.4,A,,,10.8,A,,,,,11.1,A,173.0,A,,,164.0,A,,,,,169.0,A,10.5,A,,,9.8,A,,,10.3,A,,,7.2,A,,,7.0,A,,,7.1,A,,,01467200
2014-04-23 00:00:00+00:00,11.6,A,,,11.1,A,,,,,11.3,A,177.0,A,,,166.0,A,,,,,173.0,A,10.4,A,,,10.0,A,,,10.3,A,,,7.2,A,,,7.1,A,,,7.2,A,,,01467200
2014-04-24 00:00:00+00:00,11.9,A,,,11.3,A,,,,,11.5,A,182.0,A,,,169.0,A,,,,,176.0,A,10.4,A,,,10.0,A,,,10.2,A,,,7.3,A,,,7.2,A,,,7.2,A,,,01467200
2014-04-25 00:00:00+00:00,12.2,A,,,11.6,A,,,,,11.8,A,187.0,A,,,175.0,A,,,,,182.0,A,10.2,A,,,10.0,A,,,10.1,A,,,7.3,A,,,7.2,A,,,7.2,A,,,01467200
2014-04-26 00:00:00+00:00,12.8,A,,,11.9,A,,,,,12.3,A,202.0,A,,,184.0,A,,,,,192.0,A,10.0,A,,,9.6,A,,,9.8,A,,,7.3,A,,,7.2,A,,,7.2,A,,,01467200
2014-04-27 00:00:00+00:00,13.2,A,,,12.4,A,,,,,12.8,A,199.0,A,,,191.0,A,,,,,195.0,A,9.8,A,,,9.4,A,,,9.7,A,,,7.3,A,,,7.2,A,,,7.2,A,,,01467200
2014-04-28 00:00:00+00:00,13.5,A,,,12.8,A,,,,,13.1,A,203.0,A,,,194.0,A,,,,,199.0,A,9.7,A,,,9.3,A,,,9.6,A,,,7.3,A,,,7.2,A,,,7.2,A,,,01467200
2014-04-29 00:00:00+00:00,13.3,A,,,13.1,A,,,,,13.2,A,212.0,A,,,195.0,A,,,,,203.0,A,9.6,A,,,9.2,A,,,9.5,A,,,7.3,A,,,7.2,A,,,7.2,A,,,01467200
2014-04-30 00:00:00+00:00,13.1,A,,,12.4,A,,,,,12.8,A,221.0,A,,,188.0,A,,,,,206.0,A,9.6,A,,,9.2,A,,,9.4,A,,,7.3,A,,,7.2,A,,,7.2,A,,,01467200
2014-05-01 00:00:00+00:00,12.6,A,,,11.0,A,,,,,12.1,A,203.0,A,,,154.0,A,,,,,190.0,A,10.0,A,,,9.4,A,,,9.7,A,,,7.3,A,,,7.0,A,,,7.2,A,,,01467200
2014-05-02 00:00:00+00:00,11.9,A,,,11.0,A,,,,,11.3,A,170.0,A,,,150.0,A,,,,,158.0,A,10.0,A,,,9.4,A,,,9.7,A,,,7.1,A,,,7.0,A,,,7.0,A,,,01467200
2014-05-03 00:00:00+00:00,12.6,A,,,11.7,A,,,,,12.1,A,176.0,A,,,158.0,A,,,,,166.0,A,9.6,A,,,9.2,A,,,9.5,A,,,7.1,A,,,7.0,A,,,7.0,A,,,01467200
2014-05-04 00:00:00+00:00,13.2,A,,,12.4,A,,,,,12.9,A,182.0,A,,,166.0,A,,,,,172.0,A,9.5,A,,,9.0,A,,,9.2,A,,,7.1,A,,,7.0,A,,,7.0,A,,,01467200
2014-05-05 00:00:00+00:00,13.3,A,,,12.9,A,,,,,13.2,A,189.0,A,,,172.0,A,,,,,179.0,A,9.3,A,,,8.8,A,,,9.2,A,,,7.1,A,,,7.0,A,,,7.1,A,,,01467200
2014-05-06 00:00:00+00:00,13.7,A,,,13.1,A,,,,,13.4,A,192.0,A,,,177.0,A,,,,,185.0,A,9.3,A,,,8.8,A,,,9.1,A,,,7.1,A,,,7.0,A,,,7.1,A,,,01467200
2014-05-07 00:00:00+00:00,13.7,A,,,13.4,A,,,,,13.5,A,206.0,A,,,188.0,A,,,,,194.0,A,9.2,A,,,8.8,A,,,9.1,A,,,7.1,A,,,7.0,A,,,7.1,A,,,01467200
2014-05-08 00:00:00+00:00,14.0,A,,,13.6,A,,,,,13.7,A,209.0,A,,,191.0,A,,,,,200.0,A,9.2,A,,,8.7,A,,,9.0,A,,,7.1,A,,,7.1,A,,,7.1,A,,,01467200
2014-05-09 00:00:00+00:00,14.4,A,,,13.9,A,,,,,14.1,A,213.0,A,,,197.0,A,,,,,206.0,A,9.2,A,,,8.7,A,,,9.0,A,,,7.2,A,,,7.1,A,,,7.1,A,,,01467200
2014-05-10 00:00:00+00:00,15.1,A,,,14.3,A,,,,,14.6,A,215.0,A,,,202.0,A,,,,,210.0,A,8.9,A,,,8.5,A,,,8.8,A,,,7.1,A,,,7.0,A,,,7.1,A,,,01467200
2014-05-11 00:00:00+00:00,15.8,A,,,14.8,A,,,,,15.3,A,241.0,A,,,208.0,A,,,,,222.0,A,8.8,A,,,8.3,A,,,8.6,A,,,7.1,A,,,7.0,A,,,7.1,A,,,01467200
2014-05-12 00:00:00+00:00,16.5,A,,,15.5,A,,,,,15.9,A,230.0,A,,,214.0,A,,,,,220.0,A,8.6,A,,,8.2,A,,,8.5,A,,,7.1,A,,,7.0,A,,,7.1,A,,,01467200
2014-05-13 00:00:00+00:00,17.0,A,,,16.2,A,,,,,16.6,A,234.0,A,,,219.0,A,,,,,226.0,A,8.6,A,,,8.0,A,,,8.4,A,,,7.1,A,,,7.0,A,,,7.1,A,,,01467200
2014-05-14 00:00:00+00:00,17.4,A,,,16.6,A,,,,,16.9,A,242.0,A,,,226.0,A,,,,,231.0,A,8.4,A,,,8.0,A,,,8.3,A,,,7.1,A,,,7.0,A,,,7.1,A,,,01467200
2014-05-15 00:00:00+00:00,18.0,A,,,16.9,A,,,,,17.4,A,238.0,A,,,231.0,A,,,,,234.0,A,8.3,A,,,7.8,A,,,8.1,A,,,7.1,A,,,7.0,A,,,7.0,A,,,01467200
2014-05-16 00:00:00+00:00,18.4,A,,,17.6,A,,,,,17.9,A,243.0,A,,,221.0,A,,,,,238.0,A,8.2,A,,,7.5,A,,,7.9,A,,,7.1,A,,,6.8,A,,,7.0,A,,,01467200
2014-05-17 00:00:00+00:00,19.0,A,,,17.9,A,,,,,18.5,A,247.0,A,,,226.0,A,,,,,235.0,A,7.7,A,,,7.1,A,,,7.5,A,,,7.1,A,,,6.9,A,,,7.0,A,,,01467200
2014-05-18 00:00:00+00:00,19.0,A,,,18.3,A,,,,,18.8,A,244.0,A,,,212.0,A,,,,,231.0,A,7.9,A,,,7.0,A,,,7.6,A,,,7.2,A,,,7.0,A,,,7.1,A,,,01467200
2014-05-19 00:00:00+00:00,18.4,A,,,17.1,A,,,,,17.9,A,219.0,A,,,164.0,A,,,,,194.0,A,8.0,A,,,7.2,A,,,7.7,A,,,7.1,A,,,6.9,A,,,7.0,A,,,01467200
2014-05-20 00:00:00+00:00,17.5,A,,,16.7,A,,,,,17.0,A,180.0,A,,,138.0,A,,,,,155.0,A,8.0,A,,,7.5,A,,,7.8,A,,,7.0,A,,,6.8,A,,,6.9,A,,,01467200
2014-05-21 00:00:00+00:00,17.2,A,,,16.1,A,,,,,16.6,A,156.0,A,,,135.0,A,,,,,143.0,A,8.3,A,,,7.6,A,,,8.0,A,,,6.9,A,,,6.8,A,,,6.8,A,,,01467200
2014-05-22 00:00:00+00:00,16.7,A,,,16.0,A,,,,,16.3,A,148.0,A,,,137.0,A,,,,,142.0,A,8.5,A,,,7.6,A,,,8.1,A,,,6.9,A,,,6.8,A,,,6.8,A,,,01467200
2014-05-23 00:00:00+00:00,16.5,A,,,16.0,A,,,,,16.3,A,152.0,A,,,141.0,A,,,,,147.0,A,8.6,A,,,7.8,A,,,8.3,A,,,7.0,A,,,6.8,A,,,6.8,A,,,01467200
2014-05-24 00:00:00+00:00,16.6,A,,,16.3,A,,,,,16.4,A,173.0,A,,,144.0,A,,,,,160.0,A,8.5,A,,,8.0,A,,,8.4,A,,,7.0,A,,,6.8,A,,,6.9,A,,,01467200
2014-05-25 00:00:00+00:00,17.2,A,,,16.5,A,,,,,16.8,A,176.0,A,,,158.0,A,,,,,169.0,A,8.3,A,,,7.8,A,,,8.1,A,,,6.9,A,,,6.8,A,,,6.9,A,,,01467200
2014-05-26 00:00:00+00:00,17.9,A,,,17.0,A,,,,,17.4,A,189.0,A,,,167.0,A,,,,,178.0,A,8.2,A,,,7.4,A,,,7.9,A,,,7.0,A,,,6.9,A,,,6.9,A,,,01467200
2014-05-27 00:00:00+00:00,18.5,A,,,17.6,A,,,,,18.0,A,187.0,A,,,177.0,A,,,,,182.0,A,7.9,A,,,7.2,A,,,7.7,A,,,7.0,A,,,6.9,A,,,6.9,A,,,01467200
2014-05-28 00:00:00+00:00,18.6,A,,,18.2,A,,,,,18.4,A,198.0,A,,,180.0,A,,,,,186.0,A,7.8,A,,,6.7,A,,,7.4,A,,,7.0,A,,,6.7,A,,,6.9,A,,,01467200
2014-05-29 00:00:00+00:00,18.4,A,,,18.2,A,,,,,18.3,A,195.0,A,,,187.0,A,,,,,191.0,A,7.6,A,,,7.0,A,,,7.3,A,,,7.0,A,,,7.0,A,,,7.0,A,,,01467200
2014-05-30 00:00:00+00:00,18.8,A,,,18.2,A,,,,,18.4,A,202.0,A,,,190.0,A,,,,,196.0,A,7.3,A,,,6.4,A,,,6.9,A,,,7.1,A,,,7.0,A,,,7.0,A,,,01467200
2014-05-31 00:00:00+00:00,19.0,A,,,18.4,A,,,,,18.7,A,209.0,A,,,197.0,A,,,,,203.0,A,7.4,A,,,6.4,A,,,7.0,A,,,7.1,A,,,7.0,A,,,7.0,A,,,01467200
2014-06-01 00:00:00+00:00,19.4,A,,,18.6,A,,,,,19.0,A,215.0,A,,,203.0,A,,,,,208.0,A,7.4,A,,,6.3,A,,,7.0,A,,,7.1,A,,,7.0,A,,,7.0,A,,,01467200
2014-06-02 00:00:00+00:00,19.7,A,,,19.0,A,,,,,19.4,A,222.0,A,,,208.0,A,,,,,214.0,A,7.5,A,,,6.4,A,,,7.0,A,,,7.1,A,,,7.0,A,,,7.0,A,,,01467200
2014-06-03 00:00:00+00:00,20.2,A,,,19.4,A,,,,,19.8,A,229.0,A,,,215.0,A,,,,,219.0,A,7.5,A,,,6.4,A,,,7.1,A,,,7.1,A,,,7.0,A,,,7.1,A,,,01467200
2014-06-04 00:00:00+00:00,20.8,A,,,19.9,A,,,,,20.3,A,238.0,A,,,221.0,A,,,,,227.0,A,7.7,A,,,6.4,A,,,7.1,A,,,7.2,A,,,7.0,A,,,7.1,A,,,01467200
2014-06-05 00:00:00+00:00,20.8,A,,,20.4,A,,,,,20.6,A,237.0,A,,,222.0,A,,,,,230.0,A,7.6,A,,,6.8,A,,,7.2,A,,,7.1,A,,,7.0,A,,,7.1,A,,,01467200
2014-06-06 00:00:00+00:00,21.1,A,,,20.5,A,,,,,20.8,A,240.0,A,,,227.0,A,,,,,233.0,A,8.0,A,,,6.8,A,,,7.4,A,,,7.2,A,,,7.0,A,,,7.1,A,,,01467200
2014-06-07 00:00:00+00:00,21.7,A,,,20.8,A,,,,,21.1,A,243.0,A,,,229.0,A,,,,,235.0,A,8.8,A,,,7.2,A,,,7.9,A,,,7.4,A,,,7.1,A,,,7.2,A,,,01467200
2014-06-08 00:00:00+00:00,22.0,A,,,21.2,A,,,,,21.5,A,251.0,A,,,219.0,A,,,,,241.0,A,9.0,A,,,7.7,A,,,8.3,A,,,7.4,A,,,7.1,A,,,7.2,A,,,01467200
2014-06-09 00:00:00+00:00,22.3,A,,,21.6,A,,,,,21.8,A,254.0,A,,,238.0,A,,,,,245.0,A,8.8,A,,,7.8,A,,,8.4,A,,,7.3,A,,,7.2,A,,,7.3,A,,,01467200
2014-06-10 00:00:00+00:00,22.8,A,,,21.8,A,,,,,22.3,A,258.0,A,,,244.0,A,,,,,249.0,A,8.6,A,,,7.5,A,,,8.1,A,,,7.3,A,,,7.1,A,,,7.2,A,,,01467200
2014-06-11 00:00:00+00:00,22.8,A,,,22.2,A,,,,,22.5,A,259.0,A,,,247.0,A,,,,,253.0,A,7.8,A,,,7.0,A,,,7.5,A,,,7.2,A,,,7.1,A,,,7.2,A,,,01467200
2014-06-12 00:00:00+00:00,22.6,A,,,22.2,A,,,,,22.3,A,267.0,A,,,253.0,A,,,,,259.0,A,7.1,A,,,6.2,A,,,6.8,A,,,7.2,A,,,7.0,A,,,7.1,A,,,01467200
2014-06-13 00:00:00+00:00,22.8,A,,,22.2,A,,,,,22.5,A,279.0,A,,,259.0,A,,,,,267.0,A,6.6,A,,,5.5,A,,,6.2,A,,,7.1,A,,,7.0,A,,,7.1,A,,,01467200
2014-06-14 00:00:00+00:00,23.0,A,,,22.5,A,,,,,22.7,A,279.0,A,,,258.0,A,,,,,268.0,A,6.9,A,,,5.3,A,,,6.1,A,,,7.2,A,,,7.0,A,,,7.1,A,,,01467200
2014-06-15 00:00:00+00:00,23.0,A,,,22.5,A,,,,,22.7,A,274.0,A,,,258.0,A,,,,,265.0,A,7.4,A,,,5.7,A,,,6.7,A,,,7.3,A,,,7.0,A,,,7.2,A,,,01467200
2014-06-16 00:00:00+00:00,23.2,A,,,22.6,A,,,,,22.8,A,285.0,A,,,259.0,A,,,,,270.0,A,8.2,A,,,6.3,A,,,7.3,A,,,7.4,A,,,7.2,A,,,7.3,A,,,01467200
2014-06-17 00:00:00+00:00,23.4,A,,,22.6,A,,,,,22.9,A,277.0,A,,,260.0,A,,,,,269.0,A,8.4,A,,,7.1,A,,,7.9,A,,,7.4,A,,,7.2,A,,,7.4,A,,,01467200
2014-06-18 00:00:00+00:00,23.6,A,,,22.7,A,,,,,23.1,A,279.0,A,,,250.0,A,,,,,264.0,A,8.6,A,,,7.7,A,,,8.3,A,,,7.5,A,,,7.3,A,,,7.4,A,,,01467200
2014-06-19 00:00:00+00:00,23.6,A,,,22.9,A,,,,,23.2,A,266.0,A,,,233.0,A,,,,,252.0,A,8.8,A,,,7.9,A,,,8.4,A,,,7.5,A,,,7.3,A,,,7.4,A,,,01467200
2014-06-20 00:00:00+00:00,23.5,A,,,22.8,A,,,,,23.1,A,264.0,A,,,217.0,A,,,,,242.0,A,9.1,A,,,8.0,A,,,8.5,A,,,7.5,A,,,7.3,A,,,7.4,A,,,01467200
2014-06-21 00:00:00+00:00,23.5,A,,,22.9,A,,,,,23.2,A,262.0,A,,,207.0,A,,,,,234.0,A,9.2,A,,,8.2,A,,,8.7,A,,,7.5,A,,,7.3,A,,,7.4,A,,,01467200
2014-06-22 00:00:00+00:00,23.6,A,,,23.0,A,,,,,23.3,A,262.0,A,,,200.0,A,,,,,227.0,A,9.0,A,,,7.9,A,,,8.6,A,,,7.4,A,,,7.3,A,,,7.4,A,,,01467200
2014-06-23 00:00:00+00:00,23.7,A,,,23.2,A,,,,,23.4,A,253.0,A,,,203.0,A,,,,,229.0,A,8.6,A,,,7.6,A,,,8.2,A,,,7.4,A,,,7.2,A,,,7.3,A,,,01467200
2014-06-24 00:00:00+00:00,24.0,A,,,23.4,A,,,,,23.6,A,252.0,A,,,206.0,A,,,,,227.0,A,8.2,A,,,7.3,A,,,7.8,A,,,7.3,A,,,7.2,A,,,7.2,A,,,01467200
2014-06-25 00:00:00+00:00,24.4,A,,,23.7,A,,,,,24.0,A,257.0,A,,,209.0,A,,,,,226.0,A,7.8,A,,,7.0,A,,,7.4,A,,,7.2,A,,,7.1,A,,,7.2,A,,,01467200
2014-06-26 00:00:00+00:00,24.7,A,,,24.1,A,,,,,24.3,A,256.0,A,,,212.0,A,,,,,228.0,A,7.0,A,,,6.3,A,,,6.7,A,,,7.1,A,,,7.0,A,,,7.1,A,,,01467200
2014-06-27 00:00:00+00:00,24.9,A,,,24.3,A,,,,,24.6,A,245.0,A,,,212.0,A,,,,,227.0,A,6.8,A,,,6.0,A,,,6.4,A,,,7.1,A,,,7.0,A,,,7.1,A,,,01467200
2014-06-28 00:00:00+00:00,25.2,A,,,24.5,A,,,,,24.8,A,248.0,A,,,221.0,A,,,,,229.0,A,6.9,A,,,6.0,A,,,6.4,A,,,7.2,A,,,7.0,A,,,7.1,A,,,01467200
2014-06-29 00:00:00+00:00,25.4,A,,,24.8,A,,,,,25.1,A,246.0,A,,,225.0,A,,,,,235.0,A,7.5,A,,,5.9,A,,,6.6,A,,,7.3,A,,,7.0,A,,,7.1,A,,,01467200
2014-06-30 00:00:00+00:00,25.6,A,,,25.0,A,,,,,25.3,A,258.0,A,,,235.0,A,,,,,246.0,A,7.9,A,,,6.1,A,,,7.0,A,,,7.4,A,,,7.1,A,,,7.2,A,,,01467200
2014-07-01 00:00:00+00:00,25.9,A,,,25.3,A,,,,,25.5,A,259.0,A,,,243.0,A,,,,,249.0,A,8.3,A,,,6.3,A,,,7.3,A,,,7.4,A,,,7.1,A,,,7.2,A,,,01467200
2014-07-02 00:00:00+00:00,26.2,A,,,25.6,A,,,,,25.9,A,265.0,A,,,245.0,A,,,,,252.0,A,8.6,A,,,6.4,A,,,7.6,A,,,7.6,A,,,7.1,A,,,7.3,A,,,01467200
2014-07-03 00:00:00+00:00,26.5,A,,,26.0,A,,,,,26.3,A,270.0,A,,,253.0,A,,,,,261.0,A,8.6,A,,,6.4,A,,,7.6,A,,,7.6,A,,,7.2,A,,,7.3,A,,,01467200
2014-07-04 00:00:00+00:00,26.5,A,,,26.1,A,,,,,26.3,A,273.0,A,,,248.0,A,,,,,263.0,A,8.5,A,,,6.0,A,,,7.6,A,,,7.6,A,,,7.1,A,,,7.4,A,,,01467200
2014-07-05 00:00:00+00:00,26.1,A,,,25.6,A,,,,,25.9,A,266.0,A,,,236.0,A,,,,,255.0,A,8.3,A,,,6.6,A,,,7.6,A,,,7.5,A,,,7.2,A,,,7.4,A,,,01467200
2014-07-06 00:00:00+00:00,25.8,A,,,25.5,A,,,,,25.7,A,264.0,A,,,206.0,A,,,,,233.0,A,8.6,A,,,6.8,A,,,7.8,A,,,7.5,A,,,7.2,A,,,7.4,A,,,01467200
2014-07-07 00:00:00+00:00,26.0,A,,,25.4,A,,,,,25.7,A,240.0,A,,,204.0,A,,,,,219.0,A,8.7,A,,,7.0,A,,,7.9,A,,,7.6,A,,,7.2,A,,,7.4,A,,,01467200
2014-07-08 00:00:00+00:00,26.3,A,,,25.7,A,,,,,25.9,A,240.0,A,,,210.0,A,,,,,220.0,A,8.6,A,,,6.9,A,,,7.8,A,,,7.6,A,,,7.2,A,,,7.4,A,,,01467200
2014-07-09 00:00:00+00:00,26.4,A,,,25.9,A,,,,,26.1,A,239.0,A,,,216.0,A,,,,,225.0,A,8.3,A,,,6.3,A,,,7.5,A,,,7.5,A,,,7.2,A,,,7.3,A,,,01467200
2014-07-10 00:00:00+00:00,26.5,A,,,25.9,A,,,,,26.2,A,243.0,A,,,196.0,A,,,,,225.0,A,8.2,A,,,6.1,A,,,7.4,A,,,7.4,A,,,7.2,A,,,7.3,A,,,01467200
2014-07-11 00:00:00+00:00,26.6,A,,,25.9,A,,,,,26.2,A,243.0,A,,,209.0,A,,,,,225.0,A,8.1,A,,,6.3,A,,,7.3,A,,,7.3,A,,,7.1,A,,,7.2,A,,,01467200
2014-07-12 00:00:00+00:00,26.5,A,,,25.9,A,,,,,26.2,A,243.0,A,,,206.0,A,,,,,223.0,A,7.7,A,,,6.2,A,,,7.1,A,,,7.2,A,,,7.1,A,,,7.2,A,,,01467200
2014-07-13 00:00:00+00:00,26.4,A,,,25.8,A,,,,,26.2,A,244.0,A,,,195.0,A,,,,,220.0,A,7.4,A,,,6.1,A,,,6.8,A,,,7.2,A,,,7.1,A,,,7.1,A,,,01467200
2014-07-14 00:00:00+00:00,26.5,A,,,26.0,A,,,,,26.2,A,240.0,A,,,185.0,A,,,,,214.0,A,7.2,A,,,5.7,A,,,6.4,A,,,7.1,A,,,7.0,A,,,7.0,A,,,01467200
2014-07-15 00:00:00+00:00,26.5,A,,,26.1,A,,,,,26.3,A,232.0,A,,,184.0,A,,,,,203.0,A,6.8,A,,,5.0,A,,,5.9,A,,,7.0,A,,,6.9,A,,,7.0,A,,,01467200
2014-07-16 00:00:00+00:00,26.5,A,,,26.2,A,,,,,26.4,A,220.0,A,,,191.0,A,,,,,200.0,A,6.8,A,,,4.7,A,,,5.7,A,,,7.0,A,,,6.8,A,,,6.9,A,,,01467200
2014-07-17 00:00:00+00:00,26.4,A,,,26.1,A,,,,,26.3,A,212.0,A,,,197.0,A,,,,,204.0,A,7.1,A,,,4.5,A,,,6.0,A,,,7.1,A,,,6.8,A,,,7.0,A,,,01467200
2014-07-18 00:00:00+00:00,26.3,A,,,26.0,A,,,,,26.2,A,223.0,A,,,208.0,A,,,,,214.0,A,7.9,A,,,5.1,A,,,6.6,A,,,7.2,A,,,6.9,A,,,7.0,A,,,01467200
2014-07-19 00:00:00+00:00,26.2,A,,,25.9,A,,,,,26.0,A,222.0,A,,,211.0,A,,,,,217.0,A,8.3,A,,,5.6,A,,,7.0,A,,,7.2,A,,,6.9,A,,,7.1,A,,,01467200
2014-07-20 00:00:00+00:00,26.0,A,,,25.6,A,,,,,25.8,A,229.0,A,,,213.0,A,,,,,218.0,A,8.3,A,,,5.8,A,,,7.2,A,,,7.2,A,,,7.0,A,,,7.1,A,,,01467200
2014-07-21 00:00:00+00:00,26.0,A,,,25.5,A,,,,,25.8,A,234.0,A,,,213.0,A,,,,,222.0,A,8.4,A,,,6.1,A,,,7.2,A,,,7.2,A,,,7.0,A,,,7.1,A,,,01467200
2014-07-22 00:00:00+00:00,26.0,A,,,25.4,A,,,,,25.8,A,232.0,A,,,211.0,A,,,,,219.0,A,8.5,A,,,6.3,A,,,7.3,A,,,7.2,A,,,6.9,A,,,7.1,A,,,01467200
2014-07-23 00:00:00+00:00,26.1,A,,,25.5,A,,,,,25.9,A,235.0,A,,,209.0,A,,,,,220.0,A,8.5,A,,,6.3,A,,,7.3,A,,,7.2,A,,,7.0,A,,,7.1,A,,,01467200
2014-07-24 00:00:00+00:00,26.2,A,,,25.7,A,,,,,25.9,A,237.0,A,,,208.0,A,,,,,220.0,A,8.1,A,,,6.3,A,,,7.3,A,,,7.2,A,,,7.0,A,,,7.1,A,,,01467200
2014-07-25 00:00:00+00:00,26.0,A,,,25.4,A,,,,,25.7,A,240.0,A,,,207.0,A,,,,,221.0,A,8.0,A,,,6.1,A,,,7.1,A,,,7.1,A,,,7.0,A,,,7.0,A,,,01467200
2014-07-26 00:00:00+00:00,25.9,A,,,25.4,A,,,,,25.7,A,242.0,A,,,203.0,A,,,,,220.0,A,7.8,A,,,6.0,A,,,6.9,A,,,7.1,A,,,6.9,A,,,7.0,A,,,01467200
2014-07-27 00:00:00+00:00,25.9,A,,,25.4,A,,,,,25.7,A,244.0,A,,,201.0,A,,,,,220.0,A,7.7,A,,,5.7,A,,,6.7,A,,,7.1,A,,,6.9,A,,,7.0,A,,,01467200
2014-07-28 00:00:00+00:00,25.9,A,,,25.4,A,,,,,25.6,A,240.0,A,,,197.0,A,,,,,216.0,A,7.4,A,,,5.7,A,,,6.5,A,,,7.0,A,,,6.9,A,,,6.9,A,,,01467200
2014-07-29 00:00:00+00:00,25.5,A,,,25.1,A,,,,,25.3,A,237.0,A,,,198.0,A,,,,,214.0,A,7.3,A,,,5.6,A,,,6.5,A,,,7.0,A,,,6.9,A,,,6.9,A,,,01467200
2014-07-30 00:00:00+00:00,25.3,A,,,25.0,A,,,,,25.1,A,242.0,A,,,202.0,A,,,,,218.0,A,7.2,A,,,5.3,A,,,6.2,A,,,7.0,A,,,6.8,A,,,6.9,A,,,01467200
2014-07-31 00:00:00+00:00,25.3,A,,,24.9,A,,,,,25.1,A,243.0,A,,,208.0,A,,,,,221.0,A,7.1,A,,,5.2,A,,,6.1,A,,,7.0,A,,,6.8,A,,,6.9,A,,,01467200
2014-08-01 00:00:00+00:00,25.2,A,,,25.0,A,,,,,25.1,A,243.0,A,,,213.0,A,,,,,226.0,A,7.0,A,,,5.2,A,,,6.1,A,,,7.0,A,,,6.8,A,,,6.9,A,,,01467200
2014-08-02 00:00:00+00:00,25.2,A,,,25.0,A,,,,,25.1,A,244.0,A,,,219.0,A,,,,,230.0,A,6.9,A,,,5.1,A,,,5.9,A,,,7.0,A,,,6.8,A,,,6.8,A,,,01467200
2014-08-03 00:00:00+00:00,25.0,A,,,24.9,A,,,,,25.0,A,248.0,A,,,220.0,A,,,,,231.0,A,6.6,A,,,4.9,A,,,5.7,A,,,6.9,A,,,6.8,A,,,6.8,A,,,01467200
2014-08-04 00:00:00+00:00,25.3,A,,,24.9,A,,,,,25.0,A,246.0,A,,,224.0,A,,,,,233.0,A,6.4,A,,,4.7,A,,,5.6,A,,,6.9,A,,,6.8,A,,,6.8,A,,,01467200
2014-08-05 00:00:00+00:00,25.7,A,,,25.1,A,,,,,25.3,A,255.0,A,,,227.0,A,,,,,237.0,A,6.4,A,,,4.7,A,,,5.5,A,,,7.0,A,,,6.7,A,,,6.8,A,,,01467200
2014-08-06 00:00:00+00:00,25.5,A,,,25.3,A,,,,,25.4,A,257.0,A,,,233.0,A,,,,,242.0,A,6.2,A,,,4.7,A,,,5.4,A,,,7.0,A,,,6.8,A,,,6.8,A,,,01467200
2014-08-07 00:00:00+00:00,25.5,A,,,25.2,A,,,,,25.4,A,262.0,A,,,238.0,A,,,,,249.0,A,6.1,A,,,4.7,A,,,5.3,A,,,6.9,A,,,6.8,A,,,6.8,A,,,01467200
2014-08-08 00:00:00+00:00,25.4,A,,,25.1,A,,,,,25.3,A,263.0,A,,,240.0,A,,,,,251.0,A,6.2,A,,,4.8,A,,,5.4,A,,,7.0,A,,,6.8,A,,,6.8,A,,,01467200
2014-08-09 00:00:00+00:00,25.5,A,,,25.1,A,,,,,25.3,A,267.0,A,,,242.0,A,,,,,254.0,A,6.3,A,,,5.0,A,,,5.5,A,,,7.0,A,,,6.8,A,,,6.9,A,,,01467200
2014-08-10 00:00:00+00:00,25.7,A,,,25.3,A,,,,,25.5,A,270.0,A,,,247.0,A,,,,,258.0,A,6.1,A,,,5.0,A,,,5.5,A,,,7.0,A,,,6.8,A,,,7.0,A,,,01467200
2014-08-11 00:00:00+00:00,25.8,A,,,25.4,A,,,,,25.6,A,278.0,A,,,248.0,A,,,,,261.0,A,6.1,A,,,5.0,A,,,5.5,A,,,7.0,A,,,6.9,A,,,7.0,A,,,01467200
2014-08-12 00:00:00+00:00,25.6,A,,,25.3,A,,,,,25.4,A,278.0,A,,,250.0,A,,,,,264.0,A,6.0,A,,,5.1,A,,,5.4,A,,,7.0,A,,,6.9,A,,,6.9,A,,,01467200
2014-08-13 00:00:00+00:00,25.4,A,,,25.1,A,,,,,25.2,A,278.0,A,,,255.0,A,,,,,265.0,A,5.8,A,,,4.6,A,,,5.2,A,,,7.0,A,,,6.9,A,,,6.9,A,,,01467200
2014-08-14 00:00:00+00:00,25.2,A,,,25.0,A,,,,,25.1,A,279.0,A,,,256.0,A,,,,,266.0,A,5.7,A,,,4.6,A,,,5.2,A,,,7.0,A,,,6.9,A,,,6.9,A,,,01467200
2014-08-15 00:00:00+00:00,25.0,A,,,24.7,A,,,,,24.9,A,281.0,A,,,259.0,A,,,,,268.0,A,5.6,A,,,4.5,A,,,5.1,A,,,7.0,A,,,6.9,A,,,6.9,A,,,01467200
2014-08-16 00:00:00+00:00,24.9,A,,,24.6,A,,,,,24.8,A,286.0,A,,,261.0,A,,,,,273.0,A,5.6,A,,,4.6,A,,,5.2,A,,,7.0,A,,,6.9,A,,,6.9,A,,,01467200
2014-08-17 00:00:00+00:00,24.8,A,,,24.5,A,,,,,24.7,A,288.0,A,,,265.0,A,,,,,276.0,A,5.6,A,,,4.5,A,,,5.1,A,,,7.0,A,,,6.9,A,,,6.9,A,,,01467200
2014-08-18 00:00:00+00:00,24.8,A,,,24.4,A,,,,,24.6,A,292.0,A,,,266.0,A,,,,,279.0,A,5.6,A,,,4.5,A,,,5.1,A,,,7.0,A,,,6.9,A,,,6.9,A,,,01467200
2014-08-19 00:00:00+00:00,25.0,A,,,24.6,A,,,,,24.8,A,298.0,A,,,270.0,A,,,,,281.0,A,5.7,A,,,4.6,A,,,5.2,A,,,7.1,A,,,6.9,A,,,7.0,A,,,01467200
2014-08-20 00:00:00+00:00,25.2,A,,,24.8,A,,,,,24.9,A,297.0,A,,,272.0,A,,,,,285.0,A,5.7,A,,,4.5,A,,,5.1,A,,,7.1,A,,,7.0,A,,,7.0,A,,,01467200
2014-08-21 00:00:00+00:00,25.3,A,,,25.0,A,,,,,25.1,A,301.0,A,,,277.0,A,,,,,288.0,A,5.8,A,,,4.4,A,,,5.1,A,,,7.1,A,,,7.0,A,,,7.0,A,,,01467200
2014-08-22 00:00:00+00:00,25.2,A,,,25.0,A,,,,,25.1,A,303.0,A,,,276.0,A,,,,,287.0,A,5.9,A,,,4.4,A,,,5.2,A,,,7.1,A,,,7.0,A,,,7.0,A,,,01467200
2014-08-23 00:00:00+00:00,25.0,A,,,24.7,A,,,,,24.9,A,304.0,A,,,276.0,A,,,,,287.0,A,5.7,A,,,4.4,A,,,5.2,A,,,7.1,A,,,7.0,A,,,7.0,A,,,01467200
2014-08-24 00:00:00+00:00,24.9,A,,,24.6,A,,,,,24.7,A,304.0,A,,,278.0,A,,,,,290.0,A,5.6,A,,,4.4,A,,,5.1,A,,,7.1,A,,,7.0,A,,,7.0,A,,,01467200
2014-08-25 00:00:00+00:00,25.0,A,,,24.6,A,,,,,24.8,A,313.0,A,,,280.0,A,,,,,294.0,A,5.8,A,,,4.4,A,,,5.1,A,,,7.1,A,,,7.0,A,,,7.0,A,,,01467200
2014-08-26 00:00:00+00:00,25.2,A,,,24.8,A,,,,,24.9,A,307.0,A,,,279.0,A,,,,,292.0,A,5.9,A,,,4.3,A,,,5.2,A,,,7.1,A,,,7.0,A,,,7.0,A,,,01467200
2014-08-27 00:00:00+00:00,25.4,A,,,24.9,A,,,,,25.1,A,307.0,A,,,283.0,A,,,,,294.0,A,6.0,A,,,4.3,A,,,5.2,A,,,7.1,A,,,7.0,A,,,7.0,A,,,01467200
2014-08-28 00:00:00+00:00,25.3,A,,,25.0,A,,,,,25.2,A,306.0,A,,,285.0,A,,,,,296.0,A,6.0,A,,,4.4,A,,,5.2,A,,,7.2,A,,,7.0,A,,,7.1,A,,,01467200
2014-08-29 00:00:00+00:00,25.2,A,,,24.8,A,,,,,24.9,A,318.0,A,,,285.0,A,,,,,300.0,A,6.2,A,,,4.4,A,,,5.5,A,,,7.2,A,,,7.1,A,,,7.2,A,,,01467200
2014-08-30 00:00:00+00:00,24.9,A,,,24.7,A,,,,,24.8,A,321.0,A,,,288.0,A,,,,,305.0,A,6.2,A,,,4.7,A,,,5.6,A,,,7.2,A,,,7.1,A,,,7.2,A,,,01467200
2014-08-31 00:00:00+00:00,25.0,A,,,24.7,A,,,,,24.8,A,325.0,A,,,290.0,A,,,,,307.0,A,6.3,A,,,4.4,A,,,5.6,A,,,7.2,A,,,7.1,A,,,7.2,A,,,01467200
2014-09-01 00:00:00+00:00,25.2,A,,,24.9,A,,,,,25.0,A,319.0,A,,,287.0,A,,,,,303.0,A,6.0,A,,,4.4,A,,,5.4,A,,,7.2,A,,,7.1,A,,,7.1,A,,,01467200
2014-09-02 00:00:00+00:00,25.5,A,,,25.1,A,,,,,25.3,A,335.0,A,,,287.0,A,,,,,307.0,A,5.8,A,,,4.5,A,,,5.2,A,,,7.2,A,,,7.0,A,,,7.1,A,,,01467200
2014-09-03 00:00:00+00:00,25.6,A,,,25.3,A,,,,,25.4,A,332.0,A,,,292.0,A,,,,,312.0,A,5.9,A,,,4.8,A,,,5.3,A,,,7.1,A,,,7.0,A,,,7.0,A,,,01467200
2014-09-04 00:00:00+00:00,25.7,A,,,25.3,A,,,,,25.5,A,335.0,A,,,297.0,A,,,,,315.0,A,5.8,A,,,4.5,A,,,5.2,A,,,7.1,A,,,7.0,A,,,7.0,A,,,01467200
2014-09-05 00:00:00+00:00,25.8,A,,,25.5,A,,,,,25.7,A,332.0,A,,,295.0,A,,,,,311.0,A,5.7,A,,,4.5,A,,,5.1,A,,,7.1,A,,,7.0,A,,,7.0,A,,,01467200
2014-09-06 00:00:00+00:00,26.1,A,,,25.7,A,,,,,25.9,A,338.0,A,,,293.0,A,,,,,313.0,A,5.9,A,,,4.5,A,,,5.2,A,,,7.1,A,,,7.0,A,,,7.0,A,,,01467200
2014-09-07 00:00:00+00:00,26.0,A,,,25.8,A,,,,,25.9,A,335.0,A,,,290.0,A,,,,,314.0,A,5.8,A,,,4.5,A,,,5.2,A,,,7.1,A,,,7.0,A,,,7.0,A,,,01467200
2014-09-08 00:00:00+00:00,25.9,A,,,25.4,A,,,,,25.7,A,346.0,A,,,293.0,A,,,,,320.0,A,5.8,A,,,4.6,A,,,5.1,A,,,7.1,A,,,7.0,A,,,7.0,A,,,01467200
2014-09-09 00:00:00+00:00,25.4,A,,,25.0,A,,,,,25.2,A,345.0,A,,,294.0,A,,,,,321.0,A,5.8,A,,,4.7,A,,,5.2,A,,,7.1,A,,,7.0,A,,,7.1,A,,,01467200
2014-09-10 00:00:00+00:00,25.1,A,,,24.8,A,,,,,24.9,A,346.0,A,,,295.0,A,,,,,321.0,A,5.7,A,,,4.8,A,,,5.3,A,,,7.1,A,,,7.0,A,,,7.1,A,,,01467200
2014-09-11 00:00:00+00:00,24.9,A,,,24.7,A,,,,,24.8,A,352.0,A,,,299.0,A,,,,,325.0,A,5.8,A,,,4.8,A,,,5.3,A,,,7.1,A,,,7.0,A,,,7.1,A,,,01467200
2014-09-12 00:00:00+00:00,24.8,A,,,24.6,A,,,,,24.7,A,347.0,A,,,292.0,A,,,,,320.0,A,5.9,A,,,4.9,A,,,5.4,A,,,7.1,A,,,7.0,A,,,7.1,A,,,01467200
2014-09-13 00:00:00+00:00,24.6,A,,,24.1,A,,,,,24.4,A,351.0,A,,,294.0,A,,,,,324.0,A,5.8,A,,,4.9,A,,,5.3,A,,,7.1,A,,,7.1,A,,,7.1,A,,,01467200
2014-09-14 00:00:00+00:00,24.1,A,,,23.8,A,,,,,24.0,A,347.0,A,,,295.0,A,,,,,321.0,A,5.7,A,,,4.8,A,,,5.2,A,,,7.1,A,,,7.0,A,,,7.1,A,,,01467200
2014-09-15 00:00:00+00:00,23.8,A,,,23.6,A,,,,,23.7,A,353.0,A,,,295.0,A,,,,,323.0,A,5.8,A,,,4.8,A,,,5.3,A,,,7.1,A,,,7.0,A,,,7.1,A,,,01467200
2014-09-16 00:00:00+00:00,23.6,A,,,23.4,A,,,,,23.5,A,351.0,A,,,300.0,A,,,,,325.0,A,5.7,A,,,4.9,A,,,5.3,A,,,7.1,A,,,7.0,A,,,7.0,A,,,01467200
2014-09-17 00:00:00+00:00,23.4,A,,,23.2,A,,,,,23.3,A,354.0,A,,,300.0,A,,,,,323.0,A,5.6,A,,,4.8,A,,,5.3,A,,,7.1,A,,,7.0,A,,,7.0,A,,,01467200
2014-09-18 00:00:00+00:00,23.4,A,,,23.1,A,,,,,23.2,A,353.0,A,,,300.0,A,,,,,324.0,A,5.7,A,,,4.8,A,,,5.3,A,,,7.1,A,,,7.0,A,,,7.0,A,,,01467200
2014-09-19 00:00:00+00:00,23.3,A,,,22.7,A,,,,,22.9,A,361.0,A,,,302.0,A,,,,,326.0,A,6.1,A,,,5.0,A,,,5.5,A,,,7.1,A,,,7.0,A,,,7.1,A,,,01467200
2014-09-20 00:00:00+00:00,22.8,A,,,22.5,A,,,,,22.7,A,364.0,A,,,303.0,A,,,,,329.0,A,6.2,A,,,5.2,A,,,5.7,A,,,7.2,A,,,7.1,A,,,7.1,A,,,01467200
2014-09-21 00:00:00+00:00,22.8,A,,,22.6,A,,,,,22.7,A,359.0,A,,,300.0,A,,,,,327.0,A,6.1,A,,,5.2,A,,,5.7,A,,,7.1,A,,,7.0,A,,,7.1,A,,,01467200
2014-09-22 00:00:00+00:00,22.7,A,,,22.3,A,,,,,22.5,A,359.0,A,,,307.0,A,,,,,330.0,A,6.1,A,,,5.0,A,,,5.6,A,,,7.1,A,,,7.0,A,,,7.1,A,,,01467200
2014-09-23 00:00:00+00:00,22.3,A,,,22.0,A,,,,,22.1,A,349.0,A,,,302.0,A,,,,,324.0,A,6.2,A,,,5.2,A,,,5.8,A,,,7.1,A,,,7.1,A,,,7.1,A,,,01467200
2014-09-24 00:00:00+00:00,22.0,A,,,21.7,A,,,,,21.9,A,362.0,A,,,306.0,A,,,,,332.0,A,6.4,A,,,5.2,A,,,5.9,A,,,7.2,A,,,7.1,A,,,7.1,A,,,01467200
2014-09-25 00:00:00+00:00,21.7,A,,,21.2,A,,,,,21.5,A,371.0,A,,,314.0,A,,,,,339.0,A,6.6,A,,,5.9,A,,,6.2,A,,,7.2,A,,,7.1,A,,,7.2,A,,,01467200
2014-09-26 00:00:00+00:00,21.4,A,,,21.1,A,,,,,21.2,A,361.0,A,,,311.0,A,,,,,337.0,A,6.6,A,,,5.8,A,,,6.2,A,,,7.2,A,,,7.1,A,,,7.1,A,,,01467200
2014-09-27 00:00:00+00:00,21.5,A,,,21.0,A,,,,,21.2,A,373.0,A,,,313.0,A,,,,,340.0,A,6.5,A,,,5.8,A,,,6.1,A,,,7.2,A,,,7.1,A,,,7.1,A,,,01467200
2014-09-28 00:00:00+00:00,21.6,A,,,21.2,A,,,,,21.3,A,372.0,A,,,316.0,A,,,,,343.0,A,6.4,A,,,5.6,A,,,6.1,A,,,7.2,A,,,7.1,A,,,7.1,A,,,01467200
2014-09-29 00:00:00+00:00,21.4,A,,,21.3,A,,,,,21.4,A,378.0,A,,,314.0,A,,,,,342.0,A,6.4,A,,,5.4,A,,,6.0,A,,,7.1,A,,,7.0,A,,,7.1,A,,,01467200
2014-09-30 00:00:00+00:00,21.6,A,,,21.2,A,,,,,21.4,A,387.0,A,,,318.0,A,,,,,348.0,A,6.2,A,,,5.4,A,,,5.8,A,,,7.1,A,,,7.0,A,,,7.0,A,,,01467200
2014-10-01 00:00:00+00:00,21.5,A,,,21.3,A,,,,,21.4,A,391.0,A,,,322.0,A,,,,,352.0,A,6.2,A,,,5.4,A,,,5.8,A,,,7.1,A,,,7.0,A,,,7.1,A,,,01467200
2014-10-02 00:00:00+00:00,21.4,A,,,21.2,A,,,,,21.3,A,392.0,A,,,323.0,A,,,,,354.0,A,6.4,A,,,5.5,A,,,5.9,A,,,7.2,A,,,7.0,A,,,7.1,A,,,01467200
2014-10-03 00:00:00+00:00,21.3,A,,,21.1,A,,,,,21.2,A,410.0,A,,,334.0,A,,,,,363.0,A,6.2,A,,,5.5,A,,,5.8,A,,,7.2,A,,,7.1,A,,,7.1,A,,,01467200
2014-10-04 00:00:00+00:00,21.2,A,,,20.8,A,,,,,21.0,A,407.0,A,,,338.0,A,,,,,367.0,A,6.1,A,,,5.3,A,,,5.8,A,,,7.2,A,,,7.1,A,,,7.1,A,,,01467200
2014-10-05 00:00:00+00:00,20.9,A,,,20.2,A,,,,,20.5,A,390.0,A,,,326.0,A,,,,,353.0,A,6.4,A,,,5.5,A,,,6.0,A,,,7.2,A,,,7.1,A,,,7.1,A,,,01467200
2014-10-06 00:00:00+00:00,20.3,A,,,19.8,A,,,,,20.1,A,401.0,A,,,324.0,A,,,,,359.0,A,6.8,A,,,5.7,A,,,6.2,A,,,7.2,A,,,7.1,A,,,7.2,A,,,01467200
2014-10-07 00:00:00+00:00,20.0,A,,,19.7,A,,,,,19.8,A,412.0,A,,,323.0,A,,,,,362.0,A,6.9,A,,,6.0,A,,,6.4,A,,,7.2,A,,,7.2,A,,,7.2,A,,,01467200
2014-10-08 00:00:00+00:00,19.9,A,,,19.6,A,,,,,19.7,A,404.0,A,,,327.0,A,,,,,365.0,A,6.9,A,,,6.0,A,,,6.4,A,,,7.2,A,,,7.2,A,,,7.2,A,,,01467200
2014-10-09 00:00:00+00:00,19.7,A,,,19.2,A,,,,,19.5,A,415.0,A,,,331.0,A,,,,,369.0,A,7.0,A,,,6.0,A,,,6.5,A,,,7.2,A,,,7.2,A,,,7.2,A,,,01467200
2014-10-10 00:00:00+00:00,19.4,A,,,18.9,A,,,,,19.2,A,413.0,A,,,323.0,A,,,,,364.0,A,7.1,A,,,6.1,A,,,6.5,A,,,7.3,A,,,7.2,A,,,7.2,A,,,01467200
2014-10-11 00:00:00+00:00,19.1,A,,,18.5,A,,,,,18.9,A,420.0,A,,,325.0,A,,,,,373.0,A,6.9,A,,,5.9,A,,,6.3,A,,,7.2,A,,,7.1,A,,,7.2,A,,,01467200
2014-10-12 00:00:00+00:00,18.7,A,,,18.3,A,,,,,18.5,A,425.0,A,,,329.0,A,,,,,373.0,A,6.7,A,,,5.8,A,,,6.2,A,,,7.2,A,,,7.1,A,,,7.2,A,,,01467200
2014-10-13 00:00:00+00:00,18.5,A,,,18.2,A,,,,,18.4,A,426.0,A,,,328.0,A,,,,,369.0,A,6.6,A,,,5.8,A,,,6.2,A,,,7.2,A,,,7.1,A,,,7.2,A,,,01467200
2014-10-14 00:00:00+00:00,18.7,A,,,18.2,A,,,,,18.4,A,419.0,A,,,333.0,A,,,,,369.0,A,6.7,A,,,5.8,A,,,6.2,A,,,7.2,A,,,7.1,A,,,7.2,A,,,01467200
2014-10-15 00:00:00+00:00,18.8,A,,,18.4,A,,,,,18.6,A,419.0,A,,,328.0,A,,,,,368.0,A,6.8,A,,,5.9,A,,,6.3,A,,,7.2,A,,,7.1,A,,,7.2,A,,,01467200
2014-10-16 00:00:00+00:00,18.9,A,,,18.7,A,,,,,18.8,A,411.0,A,,,326.0,A,,,,,361.0,A,6.6,A,,,5.8,A,,,6.2,A,,,7.2,A,,,7.1,A,,,7.1,A,,,01467200
2014-10-17 00:00:00+00:00,18.8,A,,,18.6,A,,,,,18.7,A,399.0,A,,,324.0,A,,,,,356.0,A,6.8,A,,,5.7,A,,,6.2,A,,,7.2,A,,,7.1,A,,,7.1,A,,,01467200
2014-10-18 00:00:00+00:00,18.8,A,,,18.4,A,,,,,18.6,A,396.0,A,,,308.0,A,,,,,341.0,A,7.0,A,,,5.9,A,,,6.5,A,,,7.2,A,,,7.1,A,,,7.2,A,,,01467200
2014-10-19 00:00:00+00:00,18.6,A,,,17.9,A,,,,,18.2,A,353.0,A,,,294.0,A,,,,,319.0,A,7.5,A,,,6.3,A,,,7.0,A,,,7.3,A,,,7.1,A,,,7.2,A,,,01467200
2014-10-20 00:00:00+00:00,18.0,A,,,17.5,A,,,,,17.7,A,355.0,A,,,297.0,A,,,,,321.0,A,7.5,A,,,6.6,A,,,7.1,A,,,7.3,A,,,7.1,A,,,7.2,A,,,01467200
2014-10-21 00:00:00+00:00,17.7,A,,,17.2,A,,,,,17.5,A,354.0,A,,,305.0,A,,,,,323.0,A,7.5,A,,,6.6,A,,,7.1,A,,,7.3,A,,,7.2,A,,,7.2,A,,,01467200
2014-10-22 00:00:00+00:00,17.6,A,,,17.0,A,,,,,17.3,A,353.0,A,,,303.0,A,,,,,325.0,A,7.5,A,,,6.6,A,,,7.1,A,,,7.3,A,,,7.2,A,,,7.2,A,,,01467200
2014-10-23 00:00:00+00:00,17.1,A,,,16.5,A,,,,,16.8,A,346.0,A,,,298.0,A,,,,,319.0,A,7.5,A,,,6.7,A,,,7.2,A,,,7.2,A,,,7.2,A,,,7.2,A,,,01467200
2014-10-24 00:00:00+00:00,16.6,A,,,16.3,A,,,,,16.5,A,349.0,A,,,300.0,A,,,,,319.0,A,7.6,A,,,7.0,A,,,7.3,A,,,7.3,A,,,7.2,A,,,7.2,A,,,01467200
2014-10-25 00:00:00+00:00,16.4,A,,,16.1,A,,,,,16.3,A,346.0,A,,,302.0,A,,,,,322.0,A,7.8,A,,,7.0,A,,,7.4,A,,,7.3,A,,,7.2,A,,,7.2,A,,,01467200
2014-10-26 00:00:00+00:00,16.3,A,,,15.9,A,,,,,16.1,A,344.0,A,,,298.0,A,,,,,318.0,A,7.8,A,,,7.1,A,,,7.5,A,,,7.3,A,,,7.2,A,,,7.2,A,,,01467200
2014-10-27 00:00:00+00:00,16.1,A,,,15.8,A,,,,,15.9,A,350.0,A,,,296.0,A,,,,,316.0,A,7.8,A,,,7.2,A,,,7.6,A,,,7.3,A,,,7.2,A,,,7.2,A,,,01467200
2014-10-28 00:00:00+00:00,16.0,A,,,15.7,A,,,,,15.9,A,345.0,A,,,294.0,A,,,,,317.0,A,7.8,A,,,7.2,A,,,7.5,A,,,7.2,A,,,7.2,A,,,7.2,A,,,01467200
2014-10-29 00:00:00+00:00,16.0,A,,,15.8,A,,,,,15.9,A,338.0,A,,,292.0,A,,,,,314.0,A,7.8,A,,,7.1,A,,,7.5,A,,,7.2,A,,,7.2,A,,,7.2,A,,,01467200
2014-10-30 00:00:00+00:00,15.8,A,,,15.6,A,,,,,15.7,A,354.0,A,,,292.0,A,,,,,319.0,A,7.8,A,,,7.0,A,,,7.4,A,,,7.2,A,,,7.1,A,,,7.2,A,,,01467200
2014-10-31 00:00:00+00:00,15.6,A,,,15.2,A,,,,,15.4,A,360.0,A,,,286.0,A,,,,,318.0,A,7.9,A,,,7.0,A,,,7.5,A,,,7.2,A,,,7.1,A,,,7.1,A,,,01467200
2014-11-01 00:00:00+00:00,15.3,A,,,14.7,A,,,,,15.0,A,364.0,A,,,291.0,A,,,,,318.0,A,7.8,A,,,7.3,A,,,7.6,A,,,7.2,A,,,7.1,A,,,7.2,A,,,01467200
2014-11-02 00:00:00+00:00,14.8,A,,,13.5,A,,,,,14.2,A,354.0,A,,,271.0,A,,,,,307.0,A,8.3,A,,,7.5,A,,,7.9,A,,,7.2,A,,,7.1,A,,,7.2,A,,,01467200
2014-11-03 00:00:00+00:00,13.9,A,,,13.2,A,,,,,13.4,A,346.0,A,,,275.0,A,,,,,304.0,A,8.6,A,,,8.0,A,,,8.3,A,,,7.2,A,,,7.1,A,,,7.2,A,,,01467200
2014-11-04 00:00:00+00:00,13.4,A,,,12.9,A,,,,,13.2,A,337.0,A,,,270.0,A,,,,,298.0,A,8.7,A,,,8.1,A,,,8.4,A,,,7.2,A,,,7.1,A,,,7.2,A,,,01467200
2014-11-05 00:00:00+00:00,13.3,A,,,12.9,A,,,,,13.1,A,354.0,A,,,277.0,A,,,,,306.0,A,8.6,A,,,8.0,A,,,8.3,A,,,7.2,A,,,7.1,A,,,7.1,A,,,01467200
2014-11-06 00:00:00+00:00,13.3,A,,,12.8,A,,,,,13.1,A,351.0,A,,,276.0,A,,,,,312.0,A,8.6,A,,,7.9,A,,,8.2,A,,,7.2,A,,,7.1,A,,,7.1,A,,,01467200
2014-11-07 00:00:00+00:00,13.2,A,,,12.4,A,,,,,12.8,A,348.0,A,,,271.0,A,,,,,311.0,A,8.5,A,,,7.8,A,,,8.1,A,,,7.1,A,,,7.0,A,,,7.1,A,,,01467200
2014-11-08 00:00:00+00:00,12.6,A,,,12.1,A,,,,,12.4,A,339.0,A,,,276.0,A,,,,,303.0,A,8.6,A,,,7.9,A,,,8.3,A,,,7.1,A,,,7.0,A,,,7.1,A,,,01467200
2014-11-09 00:00:00+00:00,12.4,A,,,11.9,A,,,,,12.2,A,339.0,A,,,274.0,A,,,,,304.0,A,8.6,A,,,8.0,A,,,8.3,A,,,7.1,A,,,7.0,A,,,7.1,A,,,01467200
2014-11-10 00:00:00+00:00,12.3,A,,,11.8,A,,,,,12.1,A,351.0,A,,,274.0,A,,,,,307.0,A,8.6,A,,,8.0,A,,,8.3,A,,,7.1,A,,,7.0,A,,,7.0,A,,,01467200
2014-11-11 00:00:00+00:00,12.3,A,,,11.8,A,,,,,12.1,A,354.0,A,,,281.0,A,,,,,313.0,A,8.6,A,,,7.9,A,,,8.2,A,,,7.0,A,,,7.0,A,,,7.0,A,,,01467200
2014-11-12 00:00:00+00:00,12.4,A,,,11.9,A,,,,,12.2,A,343.0,A,,,284.0,A,,,,,311.0,A,8.4,A,,,7.7,A,,,8.1,A,,,7.0,A,,,7.0,A,,,7.0,A,,,01467200
2014-11-13 00:00:00+00:00,12.1,A,,,11.7,A,,,,,12.0,A,348.0,A,,,288.0,A,,,,,312.0,A,8.5,A,,,7.8,A,,,8.2,A,,,7.0,A,,,7.0,A,,,7.0,A,,,01467200
2014-11-14 00:00:00+00:00,11.8,A,,,11.3,A,,,,,11.6,A,331.0,A,,,284.0,A,,,,,303.0,A,8.6,A,,,8.0,A,,,8.3,A,,,7.0,A,,,6.9,A,,,7.0,A,,,01467200
2014-11-15 00:00:00+00:00,11.3,A,,,10.9,A,,,,,11.1,A,328.0,A,,,282.0,A,,,,,301.0,A,8.9,A,,,8.1,A,,,8.6,A,,,7.0,A,,,7.0,A,,,7.0,A,,,01467200
2014-11-16 00:00:00+00:00,10.9,A,,,10.5,A,,,,,10.7,A,347.0,A,,,284.0,A,,,,,308.0,A,9.0,A,,,8.4,A,,,8.7,A,,,7.0,A,,,7.0,A,,,7.0,A,,,01467200
2014-11-17 00:00:00+00:00,10.7,A,,,10.3,A,,,,,10.5,A,339.0,A,,,287.0,A,,,,,310.0,A,9.0,A,,,8.4,A,,,8.7,A,,,7.0,A,,,7.0,A,,,7.0,A,,,01467200
2014-11-18 00:00:00+00:00,10.5,A,,,9.3,A,,,,,9.8,A,323.0,A,,,282.0,A,,,,,292.0,A,9.4,A,,,8.5,A,,,9.0,A,,,7.1,A,,,7.0,A,,,7.0,A,,,01467200
2014-11-19 00:00:00+00:00,9.5,A,,,8.3,A,,,,,8.8,A,311.0,A,,,287.0,A,,,,,298.0,A,10.1,A,,,9.1,A,,,9.6,A,,,7.1,A,,,7.0,A,,,7.1,A,,,01467200
2014-11-20 00:00:00+00:00,8.8,A,,,8.0,A,,,,,8.4,A,322.0,A,,,292.0,A,,,,,303.0,A,10.2,A,,,9.4,A,,,9.8,A,,,7.1,A,,,7.0,A,,,7.1,A,,,01467200
2014-11-21 00:00:00+00:00,8.4,A,,,7.3,A,,,,,7.8,A,325.0,A,,,293.0,A,,,,,306.0,A,10.5,A,,,9.6,A,,,10.1,A,,,7.2,A,,,7.0,A,,,7.1,A,,,01467200
2014-11-22 00:00:00+00:00,7.7,A,,,7.0,A,,,,,7.4,A,342.0,A,,,298.0,A,,,,,314.0,A,10.7,A,,,9.9,A,,,10.3,A,,,7.2,A,,,7.0,A,,,7.1,A,,,01467200
2014-11-23 00:00:00+00:00,7.7,A,,,6.8,A,,,,,7.2,A,334.0,A,,,298.0,A,,,,,317.0,A,10.9,A,,,10.0,A,,,10.5,A,,,7.2,A,,,7.1,A,,,7.1,A,,,01467200
2014-11-24 00:00:00+00:00,8.0,A,,,7.0,A,,,,,7.7,A,349.0,A,,,299.0,A,,,,,320.0,A,10.8,A,,,10.2,A,,,10.5,A,,,7.2,A,,,7.1,A,,,7.1,A,,,01467200
2014-11-25 00:00:00+00:00,8.1,A,,,7.6,A,,,,,7.9,A,339.0,A,,,302.0,A,,,,,317.0,A,10.9,A,,,10.2,A,,,10.5,A,,,7.1,A,,,7.0,A,,,7.1,A,,,01467200
2014-11-26 00:00:00+00:00,8.1,A,,,7.4,A,,,,,7.8,A,340.0,A,,,298.0,A,,,,,317.0,A,11.0,A,,,10.2,A,,,10.6,A,,,7.1,A,,,7.0,A,,,7.1,A,,,01467200
2014-11-27 00:00:00+00:00,7.8,A,,,7.2,A,,,,,7.5,A,332.0,A,,,299.0,A,,,,,314.0,A,10.8,A,,,10.2,A,,,10.6,A,,,7.1,A,,,7.0,A,,,7.0,A,,,01467200
2014-11-28 00:00:00+00:00,7.3,A,,,6.7,A,,,,,7.0,A,319.0,A,,,289.0,A,,,,,304.0,A,11.0,A,,,10.4,A,,,10.8,A,,,7.1,A,,,7.0,A,,,7.0,A,,,01467200
2014-11-29 00:00:00+00:00,6.9,A,,,6.2,A,,,,,6.6,A,327.0,A,,,287.0,A,,,,,304.0,A,11.1,A,,,10.5,A,,,10.8,A,,,7.1,A,,,7.0,A,,,7.0,A,,,01467200
2014-11-30 00:00:00+00:00,6.8,A,,,6.2,A,,,,,6.5,A,322.0,A,,,292.0,A,,,,,305.0,A,11.2,A,,,10.6,A,,,10.9,A,,,7.0,A,,,7.0,A,,,7.0,A,,,01467200
2014-12-01 00:00:00+00:00,6.8,A,,,6.1,A,,,,,6.4,A,320.0,A,,,295.0,A,,,,,304.0,A,11.4,A,,,10.6,A,,,11.1,A,,,7.0,A,,,7.0,A,,,7.0,A,,,01467200
2014-12-02 00:00:00+00:00,6.7,A,,,5.9,A,,,,,6.3,A,332.0,A,,,295.0,A,,,,,308.0,A,11.5,A,,,10.8,A,,,11.2,A,,,7.0,A,,,7.0,A,,,7.0,A,,,01467200
2014-12-03 00:00:00+00:00,6.7,A,,,6.0,A,,,,,6.3,A,341.0,A,,,303.0,A,,,,,315.0,A,11.4,A,,,10.8,A,,,11.1,A,,,7.0,A,,,7.0,A,,,7.0,A,,,01467200
2015-04-01 00:00:00+00:00,6.0,A,,,5.4,A,,,,,5.6,A,341.0,A,,,310.0,A,,,,,326.0,A,12.2,A,,,11.9,A,,,12.1,A,,,7.2,A,,,7.1,A,,,7.1,A,,,01467200
2015-04-02 00:00:00+00:00,6.4,A,,,5.7,A,,,,,6.0,A,334.0,A,,,305.0,A,,,,,318.0,A,12.0,A,,,11.8,A,,,11.9,A,,,7.2,A,,,7.1,A,,,7.1,A,,,01467200
2015-04-03 00:00:00+00:00,6.7,A,,,6.2,A,,,,,6.4,A,327.0,A,,,301.0,A,,,,,313.0,A,12.1,A,,,11.6,A,,,11.9,A,,,7.2,A,,,7.1,A,,,7.1,A,,,01467200
2015-04-04 00:00:00+00:00,7.3,A,,,6.6,A,,,,,6.9,A,318.0,A,,,291.0,A,,,,,305.0,A,12.1,A,,,11.6,A,,,11.9,A,,,7.2,A,,,7.1,A,,,7.1,A,,,01467200
2015-04-05 00:00:00+00:00,7.8,A,,,6.9,A,,,,,7.3,A,309.0,A,,,282.0,A,,,,,295.0,A,12.1,A,,,11.7,A,,,11.9,A,,,7.3,A,,,7.1,A,,,7.2,A,,,01467200
2015-04-06 00:00:00+00:00,9.1,A,,,7.5,A,,,,,8.1,A,292.0,A,,,266.0,A,,,,,279.0,A,12.0,A,,,11.6,A,,,11.9,A,,,7.3,A,,,7.2,A,,,7.2,A,,,01467200
2015-04-07 00:00:00+00:00,9.4,A,,,8.4,A,,,,,9.0,A,280.0,A,,,224.0,A,,,,,262.0,A,11.8,A,,,11.3,A,,,11.6,A,,,7.3,A,,,7.1,A,,,7.2,A,,,01467200
2015-04-08 00:00:00+00:00,9.2,A,,,7.9,A,,,,,8.8,A,265.0,A,,,204.0,A,,,,,231.0,A,11.6,A,,,11.3,A,,,11.5,A,,,7.2,A,,,6.9,A,,,7.1,A,,,01467200
2015-04-09 00:00:00+00:00,8.7,A,,,7.2,A,,,,,7.8,A,236.0,A,,,182.0,A,,,,,204.0,A,11.7,A,,,11.1,A,,,11.5,A,,,7.1,A,,,6.9,A,,,7.0,A,,,01467200
2015-04-10 00:00:00+00:00,7.6,A,,,7.2,A,,,,,7.4,A,200.0,A,,,175.0,A,,,,,183.0,A,11.7,A,,,11.3,A,,,11.5,A,,,7.0,A,,,6.9,A,,,7.0,A,,,01467200
2015-04-11 00:00:00+00:00,7.8,A,,,7.2,A,,,,,7.4,A,184.0,A,,,176.0,A,,,,,180.0,A,11.6,A,,,11.2,A,,,11.4,A,,,7.0,A,,,7.0,A,,,7.0,A,,,01467200
2015-04-12 00:00:00+00:00,7.8,A,,,7.3,A,,,,,7.5,A,185.0,A,,,169.0,A,,,,,177.0,A,11.7,A,,,11.3,A,,,11.5,A,,,7.0,A,,,7.0,A,,,7.0,A,,,01467200
2015-04-13 00:00:00+00:00,8.2,A,,,7.4,A,,,,,7.7,A,176.0,A,,,162.0,A,,,,,169.0,A,11.7,A,,,11.2,A,,,11.5,A,,,7.0,A,,,6.9,A,,,6.9,A,,,01467200
2015-04-14 00:00:00+00:00,8.4,A,,,8.0,A,,,,,8.2,A,175.0,A,,,160.0,A,,,,,168.0,A,11.6,A,,,11.2,A,,,11.5,A,,,6.9,A,,,6.9,A,,,6.9,A,,,01467200
2015-04-15 00:00:00+00:00,8.9,A,,,8.3,A,,,,,8.6,A,172.0,A,,,157.0,A,,,,,166.0,A,11.4,A,,,11.0,A,,,11.3,A,,,6.9,A,,,6.8,A,,,6.9,A,,,01467200
2015-04-16 00:00:00+00:00,9.6,A,,,8.7,A,,,,,9.1,A,169.0,A,,,154.0,A,,,,,162.0,A,11.2,A,,,10.8,A,,,11.0,A,,,6.9,A,,,6.8,A,,,6.8,A,,,01467200
2015-04-17 00:00:00+00:00,10.4,A,,,9.3,A,,,,,9.8,A,171.0,A,,,162.0,A,,,,,167.0,A,11.0,A,,,10.4,A,,,10.7,A,,,6.9,A,,,6.8,A,,,6.8,A,,,01467200
2015-04-18 00:00:00+00:00,11.2,A,,,9.9,A,,,,,10.5,A,177.0,A,,,166.0,A,,,,,171.0,A,10.7,A,,,10.1,A,,,10.4,A,,,6.8,A,,,6.8,A,,,6.8,A,,,01467200
2015-04-19 00:00:00+00:00,11.8,A,,,10.7,A,,,,,11.2,A,181.0,A,,,170.0,A,,,,,177.0,A,10.4,A,,,9.9,A,,,10.2,A,,,6.9,A,,,6.8,A,,,6.8,A,,,01467200
2015-04-20 00:00:00+00:00,12.6,A,,,11.2,A,,,,,11.7,A,188.0,A,,,175.0,A,,,,,183.0,A,10.2,A,,,8.8,A,,,9.8,A,,,6.9,A,,,6.8,A,,,6.8,A,,,01467200
2015-04-21 00:00:00+00:00,13.3,A,,,12.0,A,,,,,12.6,A,197.0,A,,,183.0,A,,,,,189.0,A,9.5,A,,,8.7,A,,,9.1,A,,,6.8,A,,,6.8,A,,,6.8,A,,,01467200
2015-04-22 00:00:00+00:00,13.7,A,,,12.7,A,,,,,13.3,A,217.0,A,,,189.0,A,,,,,197.0,A,9.1,A,,,8.5,A,,,8.9,A,,,6.9,A,,,6.8,A,,,6.8,A,,,01467200
2015-04-23 00:00:00+00:00,13.9,A,,,13.2,A,,,,,13.6,A,223.0,A,,,205.0,A,,,,,215.0,A,8.9,A,,,8.2,A,,,8.7,A,,,6.9,A,,,6.8,A,,,6.9,A,,,01467200
2015-04-24 00:00:00+00:00,13.6,A,,,13.2,A,,,,,13.4,A,231.0,A,,,216.0,A,,,,,222.0,A,8.7,A,,,8.2,A,,,8.5,A,,,7.0,A,,,6.8,A,,,6.9,A,,,01467200
2015-04-25 00:00:00+00:00,13.3,A,,,13.0,A,,,,,13.1,A,238.0,A,,,222.0,A,,,,,229.0,A,8.6,A,,,8.2,A,,,8.5,A,,,7.0,A,,,6.9,A,,,7.0,A,,,01467200
2015-04-26 00:00:00+00:00,13.2,A,,,12.8,A,,,,,13.0,A,239.0,A,,,229.0,A,,,,,233.0,A,8.8,A,,,8.1,A,,,8.5,A,,,7.0,A,,,6.8,A,,,7.0,A,,,01467200
2015-04-27 00:00:00+00:00,13.2,A,,,12.4,A,,,,,12.8,A,237.0,A,,,220.0,A,,,,,231.0,A,8.9,A,,,8.1,A,,,8.6,A,,,7.0,A,,,6.8,A,,,6.9,A,,,01467200
2015-04-28 00:00:00+00:00,12.9,A,,,12.0,A,,,,,12.4,A,231.0,A,,,214.0,A,,,,,223.0,A,9.2,A,,,8.5,A,,,8.8,A,,,7.0,A,,,6.8,A,,,6.9,A,,,01467200
2015-04-29 00:00:00+00:00,13.0,A,,,12.0,A,,,,,12.5,A,231.0,A,,,197.0,A,,,,,218.0,A,9.2,A,,,8.5,A,,,8.9,A,,,7.0,A,,,6.8,A,,,6.9,A,,,01467200
2015-04-30 00:00:00+00:00,13.2,A,,,12.2,A,,,,,12.7,A,228.0,A,,,207.0,A,,,,,217.0,A,9.4,A,,,8.5,A,,,9.1,A,,,7.0,A,,,6.8,A,,,6.9,A,,,01467200
2015-05-01 00:00:00+00:00,13.3,A,,,12.5,A,,,,,12.9,A,230.0,A,,,211.0,A,,,,,221.0,A,9.4,A,,,8.7,A,,,9.1,A,,,7.0,A,,,6.8,A,,,6.9,A,,,01467200
2015-05-02 00:00:00+00:00,13.6,A,,,12.9,A,,,,,13.2,A,234.0,A,,,216.0,A,,,,,225.0,A,9.3,A,,,8.6,A,,,9.0,A,,,7.0,A,,,6.8,A,,,6.9,A,,,01467200
2015-05-03 00:00:00+00:00,13.9,A,,,13.3,A,,,,,13.6,A,236.0,A,,,223.0,A,,,,,229.0,A,9.2,A,,,8.5,A,,,9.0,A,,,6.9,A,,,6.8,A,,,6.9,A,,,01467200
2015-05-04 00:00:00+00:00,14.6,A,,,13.8,A,,,,,14.1,A,239.0,A,,,225.0,A,,,,,231.0,A,9.1,A,,,8.2,A,,,8.9,A,,,6.9,A,,,6.8,A,,,6.9,A,,,01467200
2015-05-05 00:00:00+00:00,15.2,A,,,14.4,A,,,,,14.7,A,243.0,A,,,228.0,A,,,,,235.0,A,9.0,A,,,8.6,A,,,8.8,A,,,6.9,A,,,6.7,A,,,6.8,A,,,01467200
2015-05-06 00:00:00+00:00,15.7,A,,,14.9,A,,,,,15.2,A,256.0,A,,,231.0,A,,,,,241.0,A,8.9,A,,,8.3,A,,,8.7,A,,,6.9,A,,,6.7,A,,,6.8,A,,,01467200
2015-05-07 00:00:00+00:00,16.3,A,,,15.3,A,,,,,15.7,A,266.0,A,,,236.0,A,,,,,248.0,A,8.7,A,,,8.2,A,,,8.5,A,,,6.9,A,,,6.7,A,,,6.8,A,,,01467200
2015-05-08 00:00:00+00:00,16.9,A,,,15.8,A,,,,,16.3,A,274.0,A,,,241.0,A,,,,,252.0,A,8.7,A,,,8.0,A,,,8.4,A,,,6.9,A,,,6.7,A,,,6.8,A,,,01467200
2015-05-09 00:00:00+00:00,17.3,A,,,16.5,A,,,,,16.9,A,260.0,A,,,242.0,A,,,,,251.0,A,8.6,A,,,8.0,A,,,8.3,A,,,7.0,A,,,6.8,A,,,6.9,A,,,01467200
2015-05-10 00:00:00+00:00,18.0,A,,,17.0,A,,,,,17.4,A,263.0,A,,,245.0,A,,,,,253.0,A,8.6,A,,,7.8,A,,,8.2,A,,,7.0,A,,,6.8,A,,,6.9,A,,,01467200
2015-05-11 00:00:00+00:00,18.8,A,,,17.6,A,,,,,18.1,A,278.0,A,,,247.0,A,,,,,260.0,A,8.6,A,,,7.6,A,,,8.2,A,,,7.0,A,,,6.8,A,,,6.9,A,,,01467200
2015-05-12 00:00:00+00:00,19.4,A,,,18.2,A,,,,,18.7,A,280.0,A,,,252.0,A,,,,,263.0,A,8.7,A,,,7.5,A,,,8.1,A,,,7.1,A,,,6.8,A,,,6.9,A,,,01467200
2015-05-13 00:00:00+00:00,19.6,A,,,18.6,A,,,,,19.0,A,276.0,A,,,254.0,A,,,,,264.0,A,8.7,A,,,7.5,A,,,8.1,A,,,7.2,A,,,6.9,A,,,7.0,A,,,01467200
2015-05-14 00:00:00+00:00,19.6,A,,,18.6,A,,,,,19.0,A,277.0,A,,,258.0,A,,,,,266.0,A,8.7,A,,,7.5,A,,,8.1,A,,,7.2,A,,,6.9,A,,,7.0,A,,,01467200
2015-05-15 00:00:00+00:00,19.7,A,,,18.8,A,,,,,19.1,A,280.0,A,,,262.0,A,,,,,271.0,A,8.6,A,,,7.4,A,,,8.0,A,,,7.2,A,,,6.9,A,,,7.0,A,,,01467200
2015-05-16 00:00:00+00:00,20.1,A,,,18.9,A,,,,,19.4,A,290.0,A,,,268.0,A,,,,,280.0,A,8.4,A,,,7.3,A,,,7.8,A,,,7.1,A,,,6.9,A,,,7.0,A,,,01467200
2015-05-17 00:00:00+00:00,20.5,A,,,19.4,A,,,,,19.9,A,286.0,A,,,269.0,A,,,,,278.0,A,8.0,A,,,6.8,A,,,7.5,A,,,7.0,A,,,6.8,A,,,6.9,A,,,01467200
2015-05-18 00:00:00+00:00,20.9,A,,,19.8,A,,,,,20.3,A,290.0,A,,,272.0,A,,,,,281.0,A,7.9,A,,,6.6,A,,,7.2,A,,,7.0,A,,,6.8,A,,,6.9,A,,,01467200
2015-05-19 00:00:00+00:00,21.2,A,,,20.2,A,,,,,20.6,A,292.0,A,,,276.0,A,,,,,285.0,A,7.5,A,,,6.3,A,,,6.9,A,,,7.0,A,,,6.8,A,,,6.9,A,,,01467200
2015-05-20 00:00:00+00:00,21.2,A,,,20.5,A,,,,,20.8,A,299.0,A,,,279.0,A,,,,,288.0,A,7.5,A,,,6.0,A,,,6.7,A,,,7.0,A,,,6.8,A,,,6.9,A,,,01467200
2015-05-21 00:00:00+00:00,21.1,A,,,20.3,A,,,,,20.5,A,305.0,A,,,281.0,A,,,,,293.0,A,7.2,A,,,6.0,A,,,6.5,A,,,7.0,A,,,6.8,A,,,6.9,A,,,01467200
2015-05-22 00:00:00+00:00,20.6,A,,,20.0,A,,,,,20.3,A,303.0,A,,,286.0,A,,,,,295.0,A,6.7,A,,,5.3,A,,,6.1,A,,,7.0,A,,,6.8,A,,,6.8,A,,,01467200
2015-05-23 00:00:00+00:00,20.5,A,,,19.8,A,,,,,20.2,A,304.0,A,,,288.0,A,,,,,296.0,A,6.6,A,,,5.6,A,,,6.1,A,,,7.0,A,,,6.8,A,,,6.9,A,,,01467200
2015-05-24 00:00:00+00:00,20.5,A,,,19.8,A,,,,,20.2,A,311.0,A,,,292.0,A,,,,,300.0,A,6.6,A,,,5.6,A,,,6.1,A,,,7.0,A,,,6.8,A,,,6.9,A,,,01467200
2015-05-25 00:00:00+00:00,20.9,A,,,20.1,A,,,,,20.5,A,309.0,A,,,292.0,A,,,,,301.0,A,6.8,A,,,5.6,A,,,6.2,A,,,7.0,A,,,6.8,A,,,6.9,A,,,01467200
2015-05-26 00:00:00+00:00,21.2,A,,,20.5,A,,,,,20.9,A,315.0,A,,,296.0,A,,,,,305.0,A,6.9,A,,,5.6,A,,,6.3,A,,,7.0,A,,,6.9,A,,,6.9,A,,,01467200
2015-05-27 00:00:00+00:00,21.7,A,,,21.0,A,,,,,21.3,A,322.0,A,,,300.0,A,,,,,308.0,A,7.0,A,,,5.6,A,,,6.3,A,,,7.1,A,,,6.9,A,,,6.9,A,,,01467200
2015-05-28 00:00:00+00:00,22.2,A,,,21.4,A,,,,,21.8,A,322.0,A,,,306.0,A,,,,,315.0,A,6.8,A,,,5.3,A,,,6.2,A,,,7.0,A,,,6.9,A,,,6.9,A,,,01467200
2015-05-29 00:00:00+00:00,22.6,A,,,21.8,A,,,,,22.1,A,329.0,A,,,309.0,A,,,,,318.0,A,6.8,A,,,5.3,A,,,6.0,A,,,7.1,A,,,6.8,A,,,6.9,A,,,01467200
2015-05-30 00:00:00+00:00,22.9,A,,,22.2,A,,,,,22.5,A,330.0,A,,,311.0,A,,,,,319.0,A,6.9,A,,,5.2,A,,,6.0,A,,,7.1,A,,,6.8,A,,,6.9,A,,,01467200
2015-05-31 00:00:00+00:00,23.3,A,,,22.5,A,,,,,22.8,A,341.0,A,,,316.0,A,,,,,325.0,A,7.1,A,,,5.3,A,,,6.1,A,,,7.1,A,,,6.8,A,,,7.0,A,,,01467200
2015-06-01 00:00:00+00:00,23.2,A,,,22.8,A,,,,,23.0,A,339.0,A,,,311.0,A,,,,,326.0,A,6.7,A,,,5.3,A,,,6.0,A,,,7.1,A,,,6.9,A,,,7.0,A,,,01467200
2015-06-02 00:00:00+00:00,22.8,A,,,22.2,A,,,,,22.5,A,342.0,A,,,311.0,A,,,,,324.0,A,6.4,A,,,5.2,A,,,5.8,A,,,7.0,A,,,6.9,A,,,7.0,A,,,01467200
2015-06-03 00:00:00+00:00,22.2,A,,,21.8,A,,,,,22.0,A,342.0,A,,,306.0,A,,,,,324.0,A,6.3,A,,,4.8,A,,,5.6,A,,,7.1,A,,,6.9,A,,,7.0,A,,,01467200
2015-06-04 00:00:00+00:00,21.8,A,,,21.4,A,,,,,21.6,A,349.0,A,,,303.0,A,,,,,324.0,A,6.5,A,,,4.8,A,,,5.7,A,,,7.1,A,,,6.9,A,,,7.0,A,,,01467200
2015-06-05 00:00:00+00:00,21.6,A,,,21.2,A,,,,,21.4,A,341.0,A,,,302.0,A,,,,,318.0,A,6.4,A,,,5.0,A,,,5.9,A,,,7.1,A,,,7.0,A,,,7.0,A,,,01467200
2015-06-06 00:00:00+00:00,21.7,A,,,21.3,A,,,,,21.5,A,333.0,A,,,300.0,A,,,,,315.0,A,6.5,A,,,5.0,A,,,5.8,A,,,7.1,A,,,7.0,A,,,7.0,A,,,01467200
2015-06-07 00:00:00+00:00,21.9,A,,,21.4,A,,,,,21.7,A,327.0,A,,,300.0,A,,,,,313.0,A,6.6,A,,,5.0,A,,,5.9,A,,,7.1,A,,,7.0,A,,,7.0,A,,,01467200
2015-06-08 00:00:00+00:00,22.0,A,,,21.6,A,,,,,21.8,A,331.0,A,,,299.0,A,,,,,315.0,A,7.1,A,,,5.2,A,,,6.2,A,,,7.2,A,,,7.0,A,,,7.1,A,,,01467200
2015-06-09 00:00:00+00:00,22.2,A,,,21.8,A,,,,,22.0,A,329.0,A,,,290.0,A,,,,,310.0,A,7.5,A,,,5.4,A,,,6.5,A,,,7.2,A,,,7.0,A,,,7.1,A,,,01467200
2015-06-10 00:00:00+00:00,22.5,A,,,21.8,A,,,,,22.1,A,329.0,A,,,288.0,A,,,,,307.0,A,8.0,A,,,5.7,A,,,6.9,A,,,7.2,A,,,7.0,A,,,7.1,A,,,01467200
2015-06-11 00:00:00+00:00,22.8,A,,,22.0,A,,,,,22.4,A,322.0,A,,,279.0,A,,,,,301.0,A,8.7,A,,,6.3,A,,,7.4,A,,,7.3,A,,,7.1,A,,,7.2,A,,,01467200
2015-06-12 00:00:00+00:00,23.2,A,,,22.3,A,,,,,22.8,A,318.0,A,,,274.0,A,,,,,295.0,A,8.8,A,,,6.7,A,,,7.7,A,,,7.3,A,,,7.1,A,,,7.2,A,,,01467200
2015-06-13 00:00:00+00:00,23.5,A,,,22.8,A,,,,,23.1,A,321.0,A,,,268.0,A,,,,,290.0,A,8.8,A,,,6.9,A,,,7.8,A,,,7.3,A,,,7.1,A,,,7.2,A,,,01467200
2015-06-14 00:00:00+00:00,23.9,A,,,23.2,A,,,,,23.6,A,315.0,A,,,266.0,A,,,,,288.0,A,8.5,A,,,6.8,A,,,7.6,A,,,7.2,A,,,7.1,A,,,7.1,A,,,01467200
2015-06-15 00:00:00+00:00,24.1,A,,,23.7,A,,,,,23.9,A,317.0,A,,,265.0,A,,,,,288.0,A,7.9,A,,,6.5,A,,,7.2,A,,,7.2,A,,,7.0,A,,,7.1,A,,,01467200
2015-06-16 00:00:00+00:00,24.7,A,,,24.0,A,,,,,24.3,A,310.0,A,,,264.0,A,,,,,283.0,A,7.6,A,,,6.1,A,,,6.9,A,,,7.2,A,,,6.9,A,,,7.0,A,,,01467200
2015-06-17 00:00:00+00:00,25.0,A,,,24.3,A,,,,,24.6,A,308.0,A,,,263.0,A,,,,,281.0,A,7.4,A,,,6.0,A,,,6.7,A,,,7.2,A,,,7.0,A,,,7.0,A,,,01467200
2015-06-18 00:00:00+00:00,25.0,A,,,24.0,A,,,,,24.6,A,305.0,A,,,260.0,A,,,,,279.0,A,7.1,A,,,5.8,A,,,6.3,A,,,7.1,A,,,7.0,A,,,7.0,A,,,01467200
2015-06-19 00:00:00+00:00,25.4,A,,,24.4,A,,,,,24.8,A,291.0,A,,,258.0,A,,,,,272.0,A,6.5,A,,,5.2,A,,,5.8,A,,,7.1,A,,,6.9,A,,,7.0,A,,,01467200
2015-06-20 00:00:00+00:00,25.5,A,,,24.7,A,,,,,25.1,A,289.0,A,,,255.0,A,,,,,272.0,A,6.2,A,,,5.0,A,,,5.6,A,,,7.0,A,,,6.9,A,,,7.0,A,,,01467200
2015-06-21 00:00:00+00:00,25.6,A,,,24.9,A,,,,,25.3,A,289.0,A,,,258.0,A,,,,,271.0,A,6.0,A,,,4.8,A,,,5.3,A,,,7.0,A,,,6.9,A,,,6.9,A,,,01467200
2015-06-22 00:00:00+00:00,25.9,A,,,25.2,A,,,,,25.6,A,287.0,A,,,253.0,A,,,,,268.0,A,6.0,A,,,4.8,A,,,5.4,A,,,7.0,A,,,6.9,A,,,6.9,A,,,01467200
2015-06-23 00:00:00+00:00,26.0,A,,,25.6,A,,,,,25.8,A,283.0,A,,,250.0,A,,,,,263.0,A,6.4,A,,,4.8,A,,,5.7,A,,,7.1,A,,,6.9,A,,,7.0,A,,,01467200
2015-06-24 00:00:00+00:00,26.0,A,,,25.6,A,,,,,25.8,A,268.0,A,,,240.0,A,,,,,255.0,A,7.0,A,,,5.0,A,,,6.2,A,,,7.1,A,,,6.9,A,,,7.0,A,,,01467200
2015-06-25 00:00:00+00:00,26.0,A,,,25.4,A,,,,,25.7,A,264.0,A,,,237.0,A,,,,,251.0,A,7.5,A,,,5.7,A,,,6.6,A,,,7.2,A,,,7.0,A,,,7.1,A,,,01467200
2015-06-26 00:00:00+00:00,25.8,A,,,25.2,A,,,,,25.5,A,261.0,A,,,231.0,A,,,,,247.0,A,7.7,A,,,5.8,A,,,6.7,A,,,7.2,A,,,7.0,A,,,7.0,A,,,01467200
2015-06-27 00:00:00+00:00,25.7,A,,,24.9,A,,,,,25.2,A,265.0,A,,,231.0,A,,,,,247.0,A,7.4,A,,,5.8,A,,,6.6,A,,,7.1,A,,,7.0,A,,,7.0,A,,,01467200
2015-06-28 00:00:00+00:00,25.0,A,,,24.3,A,,,,,24.5,A,267.0,A,,,226.0,A,,,,,239.0,A,7.2,A,,,5.9,A,,,6.6,A,,,7.1,A,,,7.0,A,,,7.0,A,,,01467200
2015-06-29 00:00:00+00:00,24.5,A,,,23.8,A,,,,,24.1,A,247.0,A,,,213.0,A,,,,,230.0,A,7.5,A,,,6.1,A,,,6.9,A,,,7.1,A,,,7.0,A,,,7.0,A,,,01467200
2015-06-30 00:00:00+00:00,24.2,A,,,23.6,A,,,,,23.9,A,243.0,A,,,209.0,A,,,,,222.0,A,7.7,A,,,6.3,A,,,7.1,A,,,7.2,A,,,7.0,A,,,7.0,A,,,01467200
2015-07-01 00:00:00+00:00,24.1,A,,,23.4,A,,,,,23.8,A,236.0,A,,,205.0,A,,,,,218.0,A,7.6,A,,,6.6,A,,,7.1,A,,,7.1,A,,,7.0,A,,,7.0,A,,,01467200
2015-07-02 00:00:00+00:00,23.9,A,,,21.9,A,,,,,23.0,A,216.0,A,,,202.0,A,,,,,210.0,A,7.5,A,,,6.9,A,,,7.3,A,,,7.1,A,,,7.0,A,,,7.0,A,,,01467200
2015-07-03 00:00:00+00:00,23.0,A,,,21.0,A,,,,,22.0,A,225.0,A,,,180.0,A,,,,,206.0,A,7.7,A,,,6.9,A,,,7.4,A,,,7.1,A,,,6.9,A,,,7.0,A,,,01467200
2015-07-04 00:00:00+00:00,22.4,A,,,20.4,A,,,,,21.3,A,211.0,A,,,160.0,A,,,,,189.0,A,7.6,A,,,7.1,A,,,7.3,A,,,7.0,A,,,6.8,A,,,6.9,A,,,01467200
2015-07-05 00:00:00+00:00,21.6,A,,,20.4,A,,,,,20.8,A,192.0,A,,,153.0,A,,,,,170.0,A,7.4,A,,,6.9,A,,,7.2,A,,,7.0,A,,,6.7,A,,,6.8,A,,,01467200
2015-07-06 00:00:00+00:00,21.4,A,,,20.6,A,,,,,21.0,A,181.0,A,,,153.0,A,,,,,163.0,A,7.4,A,,,6.9,A,,,7.2,A,,,6.8,A,,,6.7,A,,,6.7,A,,,01467200
2015-07-07 00:00:00+00:00,21.9,A,,,21.2,A,,,,,21.5,A,162.0,A,,,150.0,A,,,,,156.0,A,7.4,A,,,6.7,A,,,7.2,A,,,6.8,A,,,6.7,A,,,6.7,A,,,01467200
2015-07-08 00:00:00+00:00,22.2,A,,,21.8,A,,,,,22.0,A,160.0,A,,,149.0,A,,,,,155.0,A,7.5,A,,,6.8,A,,,7.2,A,,,6.8,A,,,6.7,A,,,6.7,A,,,01467200
2015-07-09 00:00:00+00:00,22.7,A,,,22.1,A,,,,,22.4,A,165.0,A,,,152.0,A,,,,,158.0,A,7.5,A,,,6.6,A,,,7.1,A,,,6.8,A,,,6.7,A,,,6.7,A,,,01467200
2015-07-10 00:00:00+00:00,23.2,A,,,22.6,A,,,,,22.8,A,169.0,A,,,158.0,A,,,,,163.0,A,7.4,A,,,6.2,A,,,6.8,A,,,6.8,A,,,6.6,A,,,6.7,A,,,01467200
2015-07-11 00:00:00+00:00,23.8,A,,,23.0,A,,,,,23.3,A,172.0,A,,,160.0,A,,,,,164.0,A,7.7,A,,,6.3,A,,,7.0,A,,,6.9,A,,,6.7,A,,,6.8,A,,,01467200
2015-07-12 00:00:00+00:00,24.3,A,,,23.5,A,,,,,23.8,A,176.0,A,,,166.0,A,,,,,171.0,A,7.7,A,,,6.5,A,,,7.1,A,,,6.9,A,,,6.7,A,,,6.8,A,,,01467200
2015-07-13 00:00:00+00:00,24.7,A,,,23.9,A,,,,,24.2,A,183.0,A,,,172.0,A,,,,,177.0,A,8.0,A,,,6.4,A,,,7.2,A,,,7.0,A,,,6.7,A,,,6.8,A,,,01467200
2015-07-14 00:00:00+00:00,25.1,A,,,24.3,A,,,,,24.6,A,190.0,A,,,178.0,A,,,,,184.0,A,8.0,A,,,6.5,A,,,7.3,A,,,7.3,A,,,6.8,A,,,7.1,A,,,01467200
2015-07-15 00:00:00+00:00,25.0,A,,,24.7,A,,,,,24.8,A,197.0,A,,,185.0,A,,,,,191.0,A,7.6,A,,,6.5,A,,,7.1,A,,,7.2,A,,,7.1,A,,,7.2,A,,,01467200
2015-07-16 00:00:00+00:00,25.1,A,,,24.6,A,,,,,24.8,A,199.0,A,,,191.0,A,,,,,195.0,A,7.5,A,,,6.4,A,,,7.0,A,,,7.3,A,,,7.1,A,,,7.2,A,,,01467200
2015-07-17 00:00:00+00:00,25.1,A,,,24.7,A,,,,,24.9,A,205.0,A,,,195.0,A,,,,,200.0,A,7.6,A,,,6.2,A,,,7.0,A,,,7.3,A,,,7.1,A,,,7.2,A,,,01467200
2015-07-18 00:00:00+00:00,25.3,A,,,24.9,A,,,,,25.1,A,209.0,A,,,200.0,A,,,,,205.0,A,7.6,A,,,6.3,A,,,7.1,A,,,7.3,A,,,7.1,A,,,7.2,A,,,01467200
2015-07-19 00:00:00+00:00,25.7,A,,,25.1,A,,,,,25.4,A,215.0,A,,,205.0,A,,,,,209.0,A,7.8,A,,,6.5,A,,,7.2,A,,,7.3,A,,,7.1,A,,,7.2,A,,,01467200
2015-07-20 00:00:00+00:00,26.2,A,,,25.6,A,,,,,25.9,A,218.0,A,,,210.0,A,,,,,214.0,A,7.9,A,,,6.6,A,,,7.3,A,,,7.3,A,,,7.2,A,,,7.2,A,,,01467200
2015-07-21 00:00:00+00:00,26.4,A,,,26.0,A,,,,,26.2,A,227.0,A,,,212.0,A,,,,,219.0,A,8.0,A,,,6.8,A,,,7.4,A,,,7.3,A,,,7.2,A,,,7.2,A,,,01467200
2015-07-22 00:00:00+00:00,26.3,A,,,26.0,A,,,,,26.1,A,233.0,A,,,219.0,A,,,,,224.0,A,8.2,A,,,6.7,A,,,7.6,A,,,7.4,A,,,7.2,A,,,7.3,A,,,01467200
2015-07-23 00:00:00+00:00,26.2,A,,,25.9,A,,,,,26.0,A,233.0,A,,,223.0,A,,,,,228.0,A,8.4,A,,,7.1,A,,,7.9,A,,,7.5,A,,,7.2,A,,,7.3,A,,,01467200
2015-07-24 00:00:00+00:00,26.2,A,,,25.8,A,,,,,26.0,A,240.0,A,,,226.0,A,,,,,233.0,A,9.0,A,,,7.2,A,,,8.0,A,,,7.6,A,,,7.3,A,,,7.4,A,,,01467200
2015-07-25 00:00:00+00:00,26.3,A,,,25.9,A,,,,,26.1,A,242.0,A,,,229.0,A,,,,,237.0,A,8.8,A,,,7.2,A,,,8.1,A,,,7.5,A,,,7.3,A,,,7.4,A,,,01467200
2015-07-26 00:00:00+00:00,26.4,A,,,26.0,A,,,,,26.2,A,247.0,A,,,231.0,A,,,,,237.0,A,8.6,A,,,7.1,A,,,7.9,A,,,7.5,A,,,7.3,A,,,7.4,A,,,01467200
2015-07-27 00:00:00+00:00,26.6,A,,,26.1,A,,,,,26.3,A,251.0,A,,,235.0,A,,,,,241.0,A,8.2,A,,,6.8,A,,,7.6,A,,,7.5,A,,,7.2,A,,,7.4,A,,,01467200
2015-07-28 00:00:00+00:00,27.1,A,,,26.4,A,,,,,26.7,A,252.0,A,,,237.0,A,,,,,243.0,A,7.8,A,,,6.5,A,,,7.3,A,,,7.4,A,,,7.2,A,,,7.3,A,,,01467200
2015-07-29 00:00:00+00:00,27.5,A,,,26.7,A,,,,,27.0,A,254.0,A,,,238.0,A,,,,,244.0,A,7.3,A,,,6.2,A,,,6.9,A,,,7.4,A,,,7.2,A,,,7.3,A,,,01467200
2015-07-30 00:00:00+00:00,27.4,A,,,27.1,A,,,,,27.2,A,263.0,A,,,240.0,A,,,,,248.0,A,6.9,A,,,5.9,A,,,6.5,A,,,7.4,A,,,7.2,A,,,7.3,A,,,01467200
2015-07-31 00:00:00+00:00,27.5,A,,,27.1,A,,,,,27.3,A,261.0,A,,,238.0,A,,,,,252.0,A,6.3,A,,,5.2,A,,,5.9,A,,,7.3,A,,,7.2,A,,,7.2,A,,,01467200
2015-08-01 00:00:00+00:00,27.4,A,,,27.2,A,,,,,27.3,A,262.0,A,,,238.0,A,,,,,247.0,A,6.0,A,,,5.1,A,,,5.6,A,,,7.3,A,,,7.2,A,,,7.2,A,,,01467200
2015-08-02 00:00:00+00:00,27.5,A,,,27.1,A,,,,,27.3,A,260.0,A,,,239.0,A,,,,,249.0,A,6.0,A,,,4.9,A,,,5.5,A,,,7.3,A,,,7.2,A,,,7.2,A,,,01467200
2015-08-03 00:00:00+00:00,27.4,A,,,27.0,A,,,,,27.2,A,267.0,A,,,242.0,A,,,,,253.0,A,6.0,A,,,5.0,A,,,5.5,A,,,7.3,A,,,7.2,A,,,7.2,A,,,01467200
2015-08-04 00:00:00+00:00,27.4,A,,,27.1,A,,,,,27.2,A,264.0,A,,,244.0,A,,,,,254.0,A,6.0,A,,,5.0,A,,,5.5,A,,,7.3,A,,,7.2,A,,,7.2,A,,,01467200
2015-08-05 00:00:00+00:00,27.4,A,,,27.0,A,,,,,27.2,A,273.0,A,,,246.0,A,,,,,257.0,A,5.8,A,,,4.9,A,,,5.4,A,,,7.3,A,,,7.2,A,,,7.2,A,,,01467200
2015-08-06 00:00:00+00:00,27.2,A,,,26.9,A,,,,,27.1,A,275.0,A,,,245.0,A,,,,,259.0,A,5.8,A,,,4.8,A,,,5.3,A,,,7.3,A,,,7.2,A,,,7.2,A,,,01467200
2015-08-07 00:00:00+00:00,27.2,A,,,26.9,A,,,,,27.1,A,274.0,A,,,243.0,A,,,,,258.0,A,6.0,A,,,4.8,A,,,5.4,A,,,7.3,A,,,7.2,A,,,7.2,A,,,01467200
2015-08-08 00:00:00+00:00,27.1,A,,,26.8,A,,,,,27.0,A,275.0,A,,,244.0,A,,,,,260.0,A,5.9,A,,,5.0,A,,,5.4,A,,,7.3,A,,,7.2,A,,,7.2,A,,,01467200
2015-08-09 00:00:00+00:00,26.9,A,,,26.7,A,,,,,26.8,A,284.0,A,,,249.0,A,,,,,264.0,A,5.7,A,,,4.8,A,,,5.3,A,,,7.2,A,,,7.2,A,,,7.2,A,,,01467200
2015-08-10 00:00:00+00:00,26.8,A,,,26.5,A,,,,,26.6,A,287.0,A,,,245.0,A,,,,,265.0,A,5.8,A,,,4.6,A,,,5.2,A,,,7.3,A,,,7.2,A,,,7.2,A,,,01467200
2015-08-11 00:00:00+00:00,26.6,A,,,26.2,A,,,,,26.4,A,283.0,A,,,241.0,A,,,,,263.0,A,5.6,A,,,4.4,A,,,5.1,A,,,7.2,A,,,7.1,A,,,7.2,A,,,01467200
2015-08-12 00:00:00+00:00,26.5,A,,,26.2,A,,,,,26.3,A,274.0,A,,,240.0,A,,,,,255.0,A,5.3,A,,,4.2,A,,,4.8,A,,,7.2,A,,,7.1,A,,,7.2,A,,,01467200
2015-08-13 00:00:00+00:00,26.4,A,,,26.1,A,,,,,26.3,A,285.0,A,,,245.0,A,,,,,261.0,A,5.4,A,,,4.2,A,,,4.8,A,,,7.2,A,,,7.1,A,,,7.2,A,,,01467200
2015-08-14 00:00:00+00:00,26.5,A,,,26.0,A,,,,,26.3,A,281.0,A,,,244.0,A,,,,,258.0,A,5.6,A,,,4.3,A,,,4.9,A,,,7.2,A,,,7.1,A,,,7.2,A,,,01467200
2015-08-15 00:00:00+00:00,26.6,A,,,26.2,A,,,,,26.4,A,277.0,A,,,247.0,A,,,,,259.0,A,5.7,A,,,4.4,A,,,5.0,A,,,7.2,A,,,7.1,A,,,7.2,A,,,01467200
2015-08-16 00:00:00+00:00,26.7,A,,,26.3,A,,,,,26.5,A,276.0,A,,,233.0,A,,,,,258.0,A,5.8,A,,,4.4,A,,,5.1,A,,,7.2,A,,,7.1,A,,,7.2,A,,,01467200
2015-08-17 00:00:00+00:00,26.8,A,,,26.4,A,,,,,26.6,A,276.0,A,,,242.0,A,,,,,260.0,A,5.7,A,,,4.5,A,,,5.2,A,,,7.2,A,,,7.1,A,,,7.2,A,,,01467200
2015-08-18 00:00:00+00:00,27.1,A,,,26.6,A,,,,,26.7,A,279.0,A,,,251.0,A,,,,,263.0,A,5.7,A,,,4.6,A,,,5.2,A,,,7.2,A,,,7.1,A,,,7.2,A,,,01467200
2015-08-19 00:00:00+00:00,27.1,A,,,26.8,A,,,,,26.9,A,280.0,A,,,255.0,A,,,,,267.0,A,5.6,A,,,4.5,A,,,5.1,A,,,7.2,A,,,7.1,A,,,7.2,A,,,01467200
2015-08-20 00:00:00+00:00,27.1,A,,,26.9,A,,,,,27.0,A,286.0,A,,,260.0,A,,,,,271.0,A,5.6,A,,,4.5,A,,,5.1,A,,,7.2,A,,,7.1,A,,,7.2,A,,,01467200
2015-08-21 00:00:00+00:00,27.1,A,,,26.8,A,,,,,27.0,A,283.0,A,,,262.0,A,,,,,270.0,A,5.6,A,,,4.4,A,,,5.0,A,,,7.2,A,,,7.1,A,,,7.2,A,,,01467200
2015-08-22 00:00:00+00:00,26.9,A,,,26.6,A,,,,,26.8,A,285.0,A,,,235.0,A,,,,,263.0,A,5.7,A,,,4.4,A,,,5.1,A,,,7.2,A,,,7.2,A,,,7.2,A,,,01467200
2015-08-23 00:00:00+00:00,26.8,A,,,26.5,A,,,,,26.7,A,292.0,A,,,268.0,A,,,,,276.0,A,5.9,A,,,4.4,A,,,5.2,A,,,7.3,A,,,7.2,A,,,7.2,A,,,01467200
2015-08-24 00:00:00+00:00,26.8,A,,,26.5,A,,,,,26.7,A,295.0,A,,,272.0,A,,,,,280.0,A,5.8,A,,,4.5,A,,,5.2,A,,,7.3,A,,,7.2,A,,,7.2,A,,,01467200
2015-08-25 00:00:00+00:00,26.9,A,,,26.6,A,,,,,26.7,A,297.0,A,,,276.0,A,,,,,284.0,A,6.0,A,,,4.5,A,,,5.3,A,,,7.3,A,,,7.1,A,,,7.2,A,,,01467200
2015-08-26 00:00:00+00:00,26.8,A,,,26.5,A,,,,,26.6,A,298.0,A,,,280.0,A,,,,,288.0,A,6.0,A,,,4.9,A,,,5.4,A,,,7.3,A,,,7.2,A,,,7.2,A,,,01467200
2015-08-27 00:00:00+00:00,26.5,A,,,26.2,A,,,,,26.3,A,304.0,A,,,281.0,A,,,,,291.0,A,5.9,A,,,4.9,A,,,5.4,A,,,7.3,A,,,7.2,A,,,7.3,A,,,01467200
2015-08-28 00:00:00+00:00,26.3,A,,,26.0,A,,,,,26.1,A,303.0,A,,,282.0,A,,,,,292.0,A,5.9,A,,,4.8,A,,,5.4,A,,,7.3,A,,,7.2,A,,,7.2,A,,,01467200
2015-08-29 00:00:00+00:00,26.3,A,,,26.0,A,,,,,26.1,A,312.0,A,,,284.0,A,,,,,296.0,A,6.0,A,,,4.9,A,,,5.3,A,,,7.3,A,,,7.2,A,,,7.2,A,,,01467200
2015-08-30 00:00:00+00:00,26.3,A,,,26.0,A,,,,,26.1,A,314.0,A,,,285.0,A,,,,,300.0,A,6.0,A,,,4.9,A,,,5.4,A,,,7.3,A,,,7.2,A,,,7.2,A,,,01467200
2015-08-31 00:00:00+00:00,26.3,A,,,26.1,A,,,,,26.2,A,313.0,A,,,286.0,A,,,,,299.0,A,5.9,A,,,4.9,A,,,5.4,A,,,7.3,A,,,7.2,A,,,7.2,A,,,01467200
2015-09-01 00:00:00+00:00,26.5,A,,,26.1,A,,,,,26.3,A,313.0,A,,,283.0,A,,,,,299.0,A,5.9,A,,,4.8,A,,,5.3,A,,,7.3,A,,,7.2,A,,,7.2,A,,,01467200
2015-09-02 00:00:00+00:00,26.6,A,,,26.3,A,,,,,26.4,A,322.0,A,,,287.0,A,,,,,304.0,A,5.7,A,,,4.7,A,,,5.1,A,,,7.3,A,,,7.2,A,,,7.2,A,,,01467200
2015-09-03 00:00:00+00:00,26.8,A,,,26.4,A,,,,,26.6,A,322.0,A,,,289.0,A,,,,,305.0,A,5.5,A,,,4.5,A,,,5.0,A,,,7.3,A,,,7.2,A,,,7.2,A,,,01467200
2015-09-04 00:00:00+00:00,26.9,A,,,26.6,A,,,,,26.7,A,324.0,A,,,286.0,A,,,,,305.0,A,5.7,A,,,4.4,A,,,5.0,A,,,7.3,A,,,7.2,A,,,7.2,A,,,01467200
2015-09-05 00:00:00+00:00,26.8,A,,,26.5,A,,,,,26.6,A,326.0,A,,,291.0,A,,,,,308.0,A,5.7,A,,,4.7,A,,,5.2,A,,,7.3,A,,,7.2,A,,,7.2,A,,,01467200
2015-09-06 00:00:00+00:00,26.7,A,,,26.4,A,,,,,26.5,A,326.0,A,,,291.0,A,,,,,308.0,A,5.8,A,,,4.8,A,,,5.3,A,,,7.3,A,,,7.2,A,,,7.2,A,,,01467200
2015-09-07 00:00:00+00:00,26.8,A,,,26.4,A,,,,,26.6,A,327.0,A,,,290.0,A,,,,,307.0,A,5.8,A,,,4.7,A,,,5.2,A,,,7.3,A,,,7.2,A,,,7.2,A,,,01467200
2015-09-08 00:00:00+00:00,26.8,A,,,26.5,A,,,,,26.6,A,327.0,A,,,288.0,A,,,,,307.0,A,5.9,A,,,4.8,A,,,5.3,A,,,7.3,A,,,7.2,A,,,7.2,A,,,01467200
2015-09-09 00:00:00+00:00,27.0,A,,,26.6,A,,,,,26.8,A,330.0,A,,,287.0,A,,,,,307.0,A,5.9,A,,,4.8,A,,,5.4,A,,,7.3,A,,,7.2,A,,,7.3,A,,,01467200
2015-09-10 00:00:00+00:00,26.9,A,,,26.5,A,,,,,26.7,A,339.0,A,,,271.0,A,,,,,304.0,A,5.8,A,,,4.8,A,,,5.3,A,,,7.3,A,,,7.2,A,,,7.2,A,,,01467200
2015-09-11 00:00:00+00:00,26.6,A,,,26.3,A,,,,,26.4,A,325.0,A,,,268.0,A,,,,,291.0,A,5.4,A,,,4.4,A,,,4.9,A,,,7.2,A,,,7.2,A,,,7.2,A,,,01467200
2015-09-12 00:00:00+00:00,26.3,A,,,26.1,A,,,,,26.2,A,323.0,A,,,272.0,A,,,,,293.0,A,5.0,A,,,4.0,A,,,4.6,A,,,7.2,A,,,7.2,A,,,7.2,A,,,01467200
2015-09-13 00:00:00+00:00,26.1,A,,,25.6,A,,,,,25.9,A,315.0,A,,,272.0,A,,,,,292.0,A,5.0,A,,,4.0,A,,,4.5,A,,,7.2,A,,,7.1,A,,,7.2,A,,,01467200
2015-09-14 00:00:00+00:00,25.6,A,,,25.0,A,,,,,25.2,A,305.0,A,,,271.0,A,,,,,286.0,A,5.3,A,,,4.0,A,,,4.8,A,,,7.3,A,,,7.2,A,,,7.2,A,,,01467200
2015-09-15 00:00:00+00:00,25.1,A,,,24.8,A,,,,,24.9,A,303.0,A,,,271.0,A,,,,,285.0,A,5.4,A,,,4.5,A,,,5.0,A,,,7.3,A,,,7.2,A,,,7.2,A,,,01467200
2015-09-16 00:00:00+00:00,25.1,A,,,24.7,A,,,,,24.9,A,306.0,A,,,274.0,A,,,,,289.0,A,5.4,A,,,4.5,A,,,5.0,A,,,7.3,A,,,7.2,A,,,7.2,A,,,01467200
2015-09-17 00:00:00+00:00,25.1,A,,,24.7,A,,,,,24.9,A,308.0,A,,,277.0,A,,,,,292.0,A,5.5,A,,,4.5,A,,,5.0,A,,,7.3,A,,,7.2,A,,,7.2,A,,,01467200
2015-09-18 00:00:00+00:00,25.2,A,,,24.8,A,,,,,24.9,A,319.0,A,,,282.0,A,,,,,297.0,A,5.4,A,,,4.5,A,,,5.0,A,,,7.3,A,,,7.2,A,,,7.2,A,,,01467200
2015-09-19 00:00:00+00:00,25.1,A,,,24.8,A,,,,,25.0,A,318.0,A,,,286.0,A,,,,,300.0,A,5.4,A,,,4.5,A,,,5.0,A,,,7.3,A,,,7.2,A,,,7.2,A,,,01467200
2015-09-20 00:00:00+00:00,25.0,A,,,24.7,A,,,,,24.9,A,317.0,A,,,287.0,A,,,,,301.0,A,5.5,A,,,4.4,A,,,5.0,A,,,7.3,A,,,7.2,A,,,7.2,A,,,01467200
2015-09-21 00:00:00+00:00,24.7,A,,,24.1,A,,,,,24.4,A,329.0,A,,,290.0,A,,,,,305.0,A,5.5,A,,,4.8,A,,,5.2,A,,,7.3,A,,,7.2,A,,,7.2,A,,,01467200
2015-09-22 00:00:00+00:00,24.2,A,,,23.7,A,,,,,23.9,A,330.0,A,,,295.0,A,,,,,309.0,A,5.7,A,,,4.9,A,,,5.3,A,,,7.3,A,,,7.2,A,,,7.3,A,,,01467200
2015-09-23 00:00:00+00:00,23.8,A,,,23.5,A,,,,,23.6,A,330.0,A,,,295.0,A,,,,,310.0,A,5.9,A,,,5.0,A,,,5.4,A,,,7.3,A,,,7.2,A,,,7.3,A,,,01467200
2015-09-24 00:00:00+00:00,23.6,A,,,23.3,A,,,,,23.5,A,330.0,A,,,297.0,A,,,,,311.0,A,6.1,A,,,5.1,A,,,5.5,A,,,7.3,A,,,7.2,A,,,7.3,A,,,01467200
2015-09-25 00:00:00+00:00,23.4,A,,,23.1,A,,,,,23.2,A,333.0,A,,,299.0,A,,,,,314.0,A,6.3,A,,,5.2,A,,,5.7,A,,,7.4,A,,,7.2,A,,,7.3,A,,,01467200
2015-09-26 00:00:00+00:00,23.1,A,,,22.7,A,,,,,22.9,A,336.0,A,,,301.0,A,,,,,318.0,A,6.6,A,,,5.5,A,,,6.0,A,,,7.4,A,,,7.3,A,,,7.3,A,,,01467200
2015-09-27 00:00:00+00:00,22.7,A,,,22.2,A,,,,,22.4,A,338.0,A,,,300.0,A,,,,,319.0,A,6.7,A,,,5.7,A,,,6.2,A,,,7.4,A,,,7.3,A,,,7.3,A,,,01467200
2015-09-28 00:00:00+00:00,22.4,A,,,22.0,A,,,,,22.3,A,338.0,A,,,298.0,A,,,,,318.0,A,6.7,A,,,5.7,A,,,6.2,A,,,7.4,A,,,7.3,A,,,7.3,A,,,01467200
2015-09-29 00:00:00+00:00,22.5,A,,,22.1,A,,,,,22.3,A,339.0,A,,,297.0,A,,,,,318.0,A,6.6,A,,,5.7,A,,,6.1,A,,,7.4,A,,,7.3,A,,,7.3,A,,,01467200
2015-09-30 00:00:00+00:00,22.6,A,,,22.3,A,,,,,22.5,A,342.0,A,,,292.0,A,,,,,314.0,A,6.5,A,,,5.4,A,,,5.8,A,,,7.3,A,,,7.2,A,,,7.3,A,,,01467200
2015-10-01 00:00:00+00:00,22.3,A,,,21.6,A,,,,,22.0,A,333.0,A,,,287.0,A,,,,,308.0,A,6.3,A,,,5.5,A,,,6.0,A,,,7.3,A,,,7.2,A,,,7.3,A,,,01467200
2015-10-02 00:00:00+00:00,21.6,A,,,20.2,A,,,,,21.1,A,330.0,A,,,286.0,A,,,,,306.0,A,6.8,A,,,5.8,A,,,6.3,A,,,7.4,A,,,7.3,A,,,7.3,A,,,01467200
2015-10-03 00:00:00+00:00,20.2,A,,,19.3,A,,,,,19.7,A,313.0,A,,,277.0,A,,,,,291.0,A,7.4,A,,,6.5,A,,,7.0,A,,,7.4,A,,,7.3,A,,,7.4,A,,,01467200
2015-10-04 00:00:00+00:00,19.3,A,,,18.6,A,,,,,18.9,A,304.0,A,,,279.0,A,,,,,289.0,A,7.8,A,,,6.9,A,,,7.3,A,,,7.5,A,,,7.4,A,,,7.4,A,,,01467200
2015-10-05 00:00:00+00:00,18.7,A,,,18.1,A,,,,,18.4,A,304.0,A,,,284.0,A,,,,,294.0,A,8.0,A,,,6.9,A,,,7.6,A,,,7.6,A,,,7.4,A,,,7.5,A,,,01467200
2015-10-06 00:00:00+00:00,18.4,A,,,17.9,A,,,,,18.2,A,309.0,A,,,293.0,A,,,,,297.0,A,7.9,A,,,7.3,A,,,7.6,A,,,7.5,A,,,7.4,A,,,7.5,A,,,01467200
2015-10-07 00:00:00+00:00,18.4,A,,,18.0,A,,,,,18.2,A,310.0,A,,,299.0,A,,,,,303.0,A,7.7,A,,,7.1,A,,,7.5,A,,,7.5,A,,,7.4,A,,,7.5,A,,,01467200
2015-10-08 00:00:00+00:00,18.4,A,,,18.0,A,,,,,18.2,A,310.0,A,,,299.0,A,,,,,305.0,A,7.6,A,,,6.9,A,,,7.3,A,,,7.5,A,,,7.4,A,,,7.4,A,,,01467200
2015-10-09 00:00:00+00:00,18.5,A,,,18.1,A,,,,,18.3,A,314.0,A,,,300.0,A,,,,,306.0,A,7.5,A,,,6.8,A,,,7.2,A,,,7.5,A,,,7.4,A,,,7.4,A,,,01467200
2015-10-10 00:00:00+00:00,18.5,A,,,18.1,A,,,,,18.3,A,319.0,A,,,299.0,A,,,,,308.0,A,7.4,A,,,6.8,A,,,7.1,A,,,7.4,A,,,7.3,A,,,7.4,A,,,01467200
2015-10-11 00:00:00+00:00,18.4,A,,,18.0,A,,,,,18.2,A,323.0,A,,,299.0,A,,,,,311.0,A,7.3,A,,,6.6,A,,,7.0,A,,,7.4,A,,,7.3,A,,,7.4,A,,,01467200
2015-10-12 00:00:00+00:00,18.4,A,,,17.9,A,,,,,18.2,A,325.0,A,,,292.0,A,,,,,307.0,A,7.3,A,,,6.5,A,,,6.9,A,,,7.4,A,,,7.3,A,,,7.4,A,,,01467200
2015-10-13 00:00:00+00:00,18.4,A,,,17.9,A,,,,,18.2,A,326.0,A,,,296.0,A,,,,,309.0,A,7.2,A,,,6.4,A,,,6.8,A,,,7.4,A,,,7.3,A,,,7.3,A,,,01467200
2015-10-14 00:00:00+00:00,18.3,A,,,17.8,A,,,,,18.1,A,326.0,A,,,289.0,A,,,,,309.0,A,7.2,A,,,6.4,A,,,6.8,A,,,7.4,A,,,7.3,A,,,7.3,A,,,01467200
2015-10-15 00:00:00+00:00,18.1,A,,,17.5,A,,,,,17.8,A,330.0,A,,,284.0,A,,,,,306.0,A,7.3,A,,,6.5,A,,,6.9,A,,,7.4,A,,,7.3,A,,,7.3,A,,,01467200
2015-10-16 00:00:00+00:00,17.8,A,,,17.3,A,,,,,17.6,A,333.0,A,,,283.0,A,,,,,302.0,A,7.3,A,,,6.4,A,,,6.9,A,,,7.4,A,,,7.3,A,,,7.3,A,,,01467200
2015-10-17 00:00:00+00:00,17.5,A,,,16.9,A,,,,,17.3,A,324.0,A,,,287.0,A,,,,,305.0,A,7.3,A,,,6.6,A,,,7.0,A,,,7.4,A,,,7.3,A,,,7.3,A,,,01467200
2015-10-18 00:00:00+00:00,17.0,A,,,16.4,A,,,,,16.7,A,335.0,A,,,290.0,A,,,,,313.0,A,7.5,A,,,6.7,A,,,7.1,A,,,7.4,A,,,7.3,A,,,7.4,A,,,01467200
2015-10-19 00:00:00+00:00,16.4,A,,,16.0,A,,,,,16.3,A,336.0,A,,,294.0,A,,,,,312.0,A,7.5,A,,,6.8,A,,,7.2,A,,,7.4,A,,,7.3,A,,,7.4,A,,,01467200
2015-10-20 00:00:00+00:00,16.1,A,,,15.8,A,,,,,15.9,A,350.0,A,,,288.0,A,,,,,313.0,A,7.9,A,,,7.0,A,,,7.4,A,,,7.4,A,,,7.3,A,,,7.4,A,,,01467200
2015-10-21 00:00:00+00:00,16.1,A,,,15.6,A,,,,,15.8,A,332.0,A,,,293.0,A,,,,,310.0,A,8.0,A,,,7.1,A,,,7.6,A,,,7.4,A,,,7.3,A,,,7.4,A,,,01467200
2015-10-22 00:00:00+00:00,16.1,A,,,15.6,A,,,,,15.9,A,336.0,A,,,294.0,A,,,,,313.0,A,8.0,A,,,7.0,A,,,7.5,A,,,7.4,A,,,7.3,A,,,7.4,A,,,01467200
2015-10-23 00:00:00+00:00,16.1,A,,,15.8,A,,,,,15.9,A,331.0,A,,,294.0,A,,,,,310.0,A,8.0,A,,,7.2,A,,,7.6,A,,,7.4,A,,,7.3,A,,,7.4,A,,,01467200
2015-10-24 00:00:00+00:00,16.0,A,,,15.5,A,,,,,15.7,A,340.0,A,,,294.0,A,,,,,314.0,A,8.1,A,,,7.2,A,,,7.6,A,,,7.4,A,,,7.4,A,,,7.4,A,,,01467200
2015-10-25 00:00:00+00:00,15.9,A,,,15.6,A,,,,,15.7,A,345.0,A,,,300.0,A,,,,,318.0,A,8.0,A,,,7.2,A,,,7.6,A,,,7.4,A,,,7.4,A,,,7.4,A,,,01467200
2015-10-26 00:00:00+00:00,15.7,A,,,15.4,A,,,,,15.5,A,341.0,A,,,299.0,A,,,,,317.0,A,8.2,A,,,7.2,A,,,7.7,A,,,7.4,A,,,7.4,A,,,7.4,A,,,01467200
2015-10-27 00:00:00+00:00,15.5,A,,,15.2,A,,,,,15.4,A,358.0,A,,,304.0,A,,,,,324.0,A,8.2,A,,,7.2,A,,,7.7,A,,,7.4,A,,,7.4,A,,,7.4,A,,,01467200
2015-10-28 00:00:00+00:00,15.4,A,,,15.1,A,,,,,15.3,A,376.0,A,,,302.0,A,,,,,336.0,A,8.2,A,,,7.3,A,,,7.7,A,,,7.4,A,,,7.4,A,,,7.4,A,,,01467200
2015-10-29 00:00:00+00:00,15.7,A,,,15.3,A,,,,,15.5,A,360.0,A,,,302.0,A,,,,,332.0,A,8.1,A,,,7.3,A,,,7.6,A,,,7.4,A,,,7.3,A,,,7.4,A,,,01467200
2015-10-30 00:00:00+00:00,15.4,A,,,14.8,A,,,,,15.2,A,346.0,A,,,292.0,A,,,,,316.0,A,8.5,A,,,7.3,A,,,7.9,A,,,7.5,A,,,7.4,A,,,7.4,A,,,01467200
2015-10-31 00:00:00+00:00,14.9,A,,,14.3,A,,,,,14.7,A,319.0,A,,,290.0,A,,,,,300.0,A,8.7,A,,,7.8,A,,,8.3,A,,,7.6,A,,,7.4,A,,,7.5,A,,,01467200
2015-11-01 00:00:00+00:00,14.6,A,,,14.0,A,,,,,14.3,A,311.0,A,,,293.0,A,,,,,300.0,A,8.7,A,,,8.1,A,,,8.5,A,,,7.6,A,,,7.5,A,,,7.5,A,,,01467200
2015-11-02 00:00:00+00:00,14.4,A,,,13.9,A,,,,,14.1,A,322.0,A,,,300.0,A,,,,,309.0,A,8.7,A,,,8.2,A,,,8.5,A,,,7.6,A,,,7.5,A,,,7.6,A,,,01467200
2015-11-03 00:00:00+00:00,14.3,A,,,13.8,A,,,,,14.0,A,326.0,A,,,307.0,A,,,,,313.0,A,8.6,A,,,8.1,A,,,8.4,A,,,7.6,A,,,7.5,A,,,7.6,A,,,01467200
2015-11-04 00:00:00+00:00,14.3,A,,,13.8,A,,,,,14.0,A,325.0,A,,,302.0,A,,,,,314.0,A,8.5,A,,,8.1,A,,,8.4,A,,,7.6,A,,,7.5,A,,,7.5,A,,,01467200
2015-11-05 00:00:00+00:00,14.3,A,,,13.8,A,,,,,14.1,A,321.0,A,,,290.0,A,,,,,306.0,A,8.4,A,,,7.9,A,,,8.2,A,,,7.5,A,,,7.5,A,,,7.5,A,,,01467200
2015-11-06 00:00:00+00:00,14.5,A,,,13.9,A,,,,,14.2,A,323.0,A,,,273.0,A,,,,,299.0,A,8.3,A,,,7.8,A,,,8.1,A,,,7.5,A,,,7.4,A,,,7.5,A,,,01467200
2015-11-07 00:00:00+00:00,14.5,A,,,13.9,A,,,,,14.2,A,308.0,A,,,252.0,A,,,,,282.0,A,8.2,A,,,7.8,A,,,8.0,A,,,7.5,A,,,7.4,A,,,7.4,A,,,01467200
2015-11-08 00:00:00+00:00,14.3,A,,,13.6,A,,,,,13.9,A,307.0,A,,,243.0,A,,,,,275.0,A,8.2,A,,,7.7,A,,,8.1,A,,,7.4,A,,,7.4,A,,,7.4,A,,,01467200
2015-11-09 00:00:00+00:00,14.1,A,,,13.4,A,,,,,13.8,A,299.0,A,,,235.0,A,,,,,268.0,A,8.3,A,,,7.6,A,,,8.0,A,,,7.4,A,,,7.3,A,,,7.4,A,,,01467200
2015-11-10 00:00:00+00:00,14.1,A,,,13.4,A,,,,,13.8,A,302.0,A,,,235.0,A,,,,,268.0,A,8.2,A,,,7.6,A,,,7.9,A,,,7.4,A,,,7.3,A,,,7.4,A,,,01467200
2015-11-11 00:00:00+00:00,14.0,A,,,13.4,A,,,,,13.7,A,293.0,A,,,232.0,A,,,,,261.0,A,8.2,A,,,7.4,A,,,7.9,A,,,7.4,A,,,7.3,A,,,7.3,A,,,01467200
2015-11-12 00:00:00+00:00,14.0,A,,,13.3,A,,,,,13.7,A,300.0,A,,,238.0,A,,,,,266.0,A,8.2,A,,,7.3,A,,,7.7,A,,,7.3,A,,,7.3,A,,,7.3,A,,,01467200
2015-11-13 00:00:00+00:00,13.8,A,,,12.8,A,,,,,13.4,A,286.0,A,,,218.0,A,,,,,253.0,A,8.7,A,,,7.3,A,,,8.0,A,,,7.3,A,,,7.3,A,,,7.3,A,,,01467200
2015-11-14 00:00:00+00:00,13.0,A,,,12.3,A,,,,,12.6,A,238.0,A,,,216.0,A,,,,,226.0,A,9.0,A,,,8.1,A,,,8.6,A,,,7.4,A,,,7.3,A,,,7.3,A,,,01467200
2015-11-15 00:00:00+00:00,12.5,A,,,12.1,A,,,,,12.3,A,242.0,A,,,215.0,A,,,,,225.0,A,9.0,A,,,8.4,A,,,8.7,A,,,7.4,A,,,7.3,A,,,7.4,A,,,01467200
2015-11-16 00:00:00+00:00,12.3,A,,,12.0,A,,,,,12.1,A,248.0,A,,,220.0,A,,,,,234.0,A,9.0,A,,,8.4,A,,,8.8,A,,,7.4,A,,,7.3,A,,,7.4,A,,,01467200
2015-11-17 00:00:00+00:00,12.2,A,,,11.9,A,,,,,12.1,A,252.0,A,,,233.0,A,,,,,239.0,A,9.2,A,,,8.4,A,,,8.8,A,,,7.4,A,,,7.3,A,,,7.4,A,,,01467200
2015-11-18 00:00:00+00:00,12.1,A,,,11.7,A,,,,,11.9,A,250.0,A,,,231.0,A,,,,,241.0,A,9.2,A,,,8.4,A,,,8.8,A,,,7.4,A,,,7.3,A,,,7.4,A,,,01467200
2015-11-19 00:00:00+00:00,12.4,A,,,11.7,A,,,,,12.0,A,250.0,A,,,238.0,A,,,,,243.0,A,9.2,A,,,8.4,A,,,8.8,A,,,7.5,A,,,7.3,A,,,7.4,A,,,01467200
2015-11-20 00:00:00+00:00,12.3,A,,,11.6,A,,,,,12.0,A,251.0,A,,,237.0,A,,,,,243.0,A,9.3,A,,,8.4,A,,,8.9,A,,,7.5,A,,,7.4,A,,,7.4,A,,,01467200
2015-11-21 00:00:00+00:00,11.9,A,,,11.2,A,,,,,11.6,A,253.0,A,,,228.0,A,,,,,242.0,A,9.5,A,,,8.5,A,,,9.0,A,,,7.5,A,,,7.4,A,,,7.4,A,,,01467200
2015-11-22 00:00:00+00:00,11.7,A,,,10.7,A,,,,,11.2,A,249.0,A,,,215.0,A,,,,,236.0,A,9.7,A,,,8.6,A,,,9.2,A,,,7.4,A,,,7.4,A,,,7.4,A,,,01467200
2015-11-23 00:00:00+00:00,11.1,A,,,9.9,A,,,,,10.4,A,245.0,A,,,209.0,A,,,,,223.0,A,10.1,A,,,9.1,A,,,9.6,A,,,7.5,A,,,7.4,A,,,7.4,A,,,01467200
2015-11-24 00:00:00+00:00,10.4,A,,,9.6,A,,,,,10.0,A,242.0,A,,,209.0,A,,,,,222.0,A,10.2,A,,,9.2,A,,,9.8,A,,,7.5,A,,,7.4,A,,,7.4,A,,,01467200
2015-11-25 00:00:00+00:00,10.1,A,,,9.3,A,,,,,9.6,A,241.0,A,,,207.0,A,,,,,222.0,A,10.3,A,,,9.3,A,,,9.9,A,,,7.4,A,,,7.4,A,,,7.4,A,,,01467200
2015-11-26 00:00:00+00:00,9.9,A,,,9.1,A,,,,,9.5,A,238.0,A,,,209.0,A,,,,,221.0,A,10.3,A,,,9.3,A,,,9.8,A,,,7.5,A,,,7.4,A,,,7.4,A,,,01467200
2015-11-27 00:00:00+00:00,9.8,A,,,9.1,A,,,,,9.5,A,236.0,A,,,211.0,A,,,,,221.0,A,10.2,A,,,9.3,A,,,9.8,A,,,7.4,A,,,7.4,A,,,7.4,A,,,01467200
2015-11-28 00:00:00+00:00,9.8,A,,,9.2,A,,,,,9.4,A,235.0,A,,,214.0,A,,,,,222.0,A,10.1,A,,,9.3,A,,,9.8,A,,,7.4,A,,,7.4,A,,,7.4,A,,,01467200
2015-11-29 00:00:00+00:00,9.7,A,,,9.1,A,,,,,9.4,A,238.0,A,,,216.0,A,,,,,225.0,A,10.2,A,,,9.2,A,,,9.7,A,,,7.4,A,,,7.4,A,,,7.4,A,,,01467200
2015-11-30 00:00:00+00:00,9.4,A,,,8.8,A,,,,,9.1,A,240.0,A,,,216.0,A,,,,,227.0,A,10.3,A,,,9.4,A,,,9.8,A,,,7.4,A,,,7.4,A,,,7.4,A,,,01467200
2016-03-29 00:00:00+00:00,11.0,A,,,10.8,A,,,,,10.9,A,269.0,A,,,253.0,A,,,,,260.0,A,10.7,A,,,10.0,A,,,10.4,A,,,7.5,A,,,7.4,A,,,7.4,A,,,01467200
2016-03-30 00:00:00+00:00,11.1,A,,,10.7,A,,,,,10.9,A,278.0,A,,,256.0,A,,,,,265.0,A,10.8,A,,,10.2,A,,,10.5,A,,,7.5,A,,,7.4,A,,,7.4,A,,,01467200
2016-03-31 00:00:00+00:00,11.3,A,,,10.8,A,,,,,11.1,A,279.0,A,,,259.0,A,,,,,267.0,A,10.8,A,,,10.2,A,,,10.5,A,,,7.5,A,,,7.4,A,,,7.4,A,,,01467200
2016-04-01 00:00:00+00:00,12.1,A,,,11.3,A,,,,,11.6,A,275.0,A,,,256.0,A,,,,,265.0,A,10.8,A,,,10.2,A,,,10.5,A,,,7.5,A,,,7.4,A,,,7.5,A,,,01467200
2016-04-02 00:00:00+00:00,12.3,A,,,11.9,A,,,,,12.0,A,283.0,A,,,256.0,A,,,,,266.0,A,10.5,A,,,9.9,A,,,10.3,A,,,7.5,A,,,7.4,A,,,7.4,A,,,01467200
2016-04-03 00:00:00+00:00,12.1,A,,,11.7,A,,,,,12.0,A,284.0,A,,,256.0,A,,,,,264.0,A,10.4,A,,,10.0,A,,,10.2,A,,,7.6,A,,,7.4,A,,,7.5,A,,,01467200
2016-04-04 00:00:00+00:00,11.9,A,,,11.6,A,,,,,11.7,A,291.0,A,,,259.0,A,,,,,271.0,A,10.3,A,,,9.9,A,,,10.1,A,,,7.5,A,,,7.4,A,,,7.5,A,,,01467200
2016-04-05 00:00:00+00:00,11.6,A,,,11.3,A,,,,,11.5,A,287.0,A,,,264.0,A,,,,,274.0,A,10.1,A,,,9.8,A,,,10.0,A,,,7.5,A,,,7.4,A,,,7.4,A,,,01467200
2016-04-06 00:00:00+00:00,11.5,A,,,11.2,A,,,,,11.3,A,292.0,A,,,266.0,A,,,,,278.0,A,10.1,A,,,9.7,A,,,9.9,A,,,7.5,A,,,7.4,A,,,7.4,A,,,01467200
2016-04-07 00:00:00+00:00,11.5,A,,,11.2,A,,,,,11.4,A,297.0,A,,,270.0,A,,,,,283.0,A,10.0,A,,,9.7,A,,,9.9,A,,,7.5,A,,,7.4,A,,,7.4,A,,,01467200
2016-04-08 00:00:00+00:00,11.5,A,,,11.3,A,,,,,11.3,A,295.0,A,,,274.0,A,,,,,283.0,A,9.9,A,,,9.5,A,,,9.8,A,,,7.5,A,,,7.4,A,,,7.4,A,,,01467200
2016-04-09 00:00:00+00:00,11.3,A,,,11.0,A,,,,,11.1,A,303.0,A,,,271.0,A,,,,,285.0,A,9.9,A,,,9.5,A,,,9.7,A,,,7.5,A,,,7.4,A,,,7.4,A,,,01467200
2016-04-10 00:00:00+00:00,11.0,A,,,10.6,A,,,,,10.8,A,290.0,A,,,271.0,A,,,,,278.0,A,9.8,A,,,9.4,A,,,9.6,A,,,7.5,A,,,7.4,A,,,7.4,A,,,01467200
2016-04-11 00:00:00+00:00,11.0,A,,,10.6,A,,,,,10.8,A,291.0,A,,,270.0,A,,,,,277.0,A,9.8,A,,,9.4,A,,,9.7,A,,,7.5,A,,,7.4,A,,,7.4,A,,,01467200
2016-04-12 00:00:00+00:00,11.1,A,,,10.7,A,,,,,10.9,A,285.0,A,,,273.0,A,,,,,278.0,A,10.0,A,,,9.4,A,,,9.7,A,,,7.6,A,,,7.4,A,,,7.5,A,,,01467200
2016-04-13 00:00:00+00:00,11.1,A,,,10.5,A,,,,,10.8,A,285.0,A,,,272.0,A,,,,,278.0,A,10.3,A,,,9.5,A,,,9.8,A,,,7.6,A,,,7.5,A,,,7.6,A,,,01467200
2016-04-14 00:00:00+00:00,11.2,A,,,10.6,A,,,,,10.9,A,289.0,A,,,270.0,A,,,,,279.0,A,10.3,A,,,9.5,A,,,9.9,A,,,7.6,A,,,7.5,A,,,7.6,A,,,01467200
2016-04-15 00:00:00+00:00,11.4,A,,,10.6,A,,,,,11.0,A,286.0,A,,,257.0,A,,,,,276.0,A,10.5,A,,,9.5,A,,,9.9,A,,,7.6,A,,,7.5,A,,,7.6,A,,,01467200
2016-04-16 00:00:00+00:00,11.6,A,,,10.7,A,,,,,11.2,A,287.0,A,,,252.0,A,,,,,271.0,A,10.4,A,,,9.6,A,,,10.0,A,,,7.5,A,,,7.5,A,,,7.5,A,,,01467200
2016-04-17 00:00:00+00:00,11.8,A,,,11.0,A,,,,,11.4,A,285.0,A,,,244.0,A,,,,,267.0,A,10.3,A,,,9.5,A,,,9.9,A,,,7.5,A,,,7.4,A,,,7.5,A,,,01467200
2016-04-18 00:00:00+00:00,12.4,A,,,11.4,A,,,,,11.8,A,281.0,A,,,228.0,A,,,,,255.0,A,10.3,A,,,9.5,A,,,10.0,A,,,7.5,A,,,7.4,A,,,7.4,A,,,01467200
2016-04-19 00:00:00+00:00,12.4,A,,,12.0,A,,,,,12.2,A,277.0,A,,,221.0,A,,,,,246.0,A,10.3,A,,,9.6,A,,,9.9,A,,,7.4,A,,,7.3,A,,,7.4,A,,,01467200
2016-04-20 00:00:00+00:00,12.9,A,,,12.2,A,,,,,12.5,A,266.0,A,,,218.0,A,,,,,239.0,A,10.2,A,,,9.5,A,,,9.9,A,,,7.4,A,,,7.3,A,,,7.4,A,,,01467200
2016-04-21 00:00:00+00:00,13.3,A,,,12.7,A,,,,,12.9,A,270.0,A,,,219.0,A,,,,,241.0,A,10.2,A,,,9.5,A,,,9.9,A,,,7.4,A,,,7.3,A,,,7.4,A,,,01467200
2016-04-22 00:00:00+00:00,14.0,A,,,13.1,A,,,,,13.5,A,278.0,A,,,218.0,A,,,,,244.0,A,10.1,A,,,9.4,A,,,9.8,A,,,7.4,A,,,7.3,A,,,7.4,A,,,01467200
2016-04-23 00:00:00+00:00,14.4,A,,,13.7,A,,,,,14.0,A,273.0,A,,,221.0,A,,,,,242.0,A,10.0,A,,,9.1,A,,,9.5,A,,,7.4,A,,,7.3,A,,,7.3,A,,,01467200
2016-04-24 00:00:00+00:00,14.7,A,,,13.8,A,,,,,14.2,A,260.0,A,,,219.0,A,,,,,238.0,A,9.7,A,,,9.0,A,,,9.4,A,,,7.4,A,,,7.3,A,,,7.3,A,,,01467200
2016-04-25 00:00:00+00:00,15.3,A,,,14.2,A,,,,,14.6,A,268.0,A,,,223.0,A,,,,,242.0,A,9.6,A,,,8.9,A,,,9.2,A,,,7.4,A,,,7.3,A,,,7.3,A,,,01467200
2016-04-26 00:00:00+00:00,15.8,A,,,14.7,A,,,,,15.1,A,262.0,A,,,222.0,A,,,,,241.0,A,9.4,A,,,8.7,A,,,9.0,A,,,7.4,A,,,7.2,A,,,7.3,A,,,01467200
2016-04-27 00:00:00+00:00,15.9,A,,,15.1,A,,,,,15.4,A,267.0,A,,,225.0,A,,,,,244.0,A,9.0,A,,,8.3,A,,,8.7,A,,,7.3,A,,,7.2,A,,,7.3,A,,,01467200
2016-04-28 00:00:00+00:00,15.8,A,,,14.9,A,,,,,15.3,A,260.0,A,,,229.0,A,,,,,244.0,A,8.6,A,,,8.0,A,,,8.4,A,,,7.3,A,,,7.2,A,,,7.3,A,,,01467200
2016-04-29 00:00:00+00:00,15.5,A,,,14.8,A,,,,,15.1,A,264.0,A,,,233.0,A,,,,,246.0,A,8.3,A,,,7.8,A,,,8.1,A,,,7.3,A,,,7.2,A,,,7.3,A,,,01467200
2016-04-30 00:00:00+00:00,15.6,A,,,14.7,A,,,,,15.1,A,266.0,A,,,235.0,A,,,,,249.0,A,8.0,A,,,7.6,A,,,7.8,A,,,7.3,A,,,7.2,A,,,7.2,A,,,01467200
2016-05-01 00:00:00+00:00,15.5,A,,,14.8,A,,,,,15.1,A,268.0,A,,,237.0,A,,,,,251.0,A,7.7,A,,,7.1,A,,,7.5,A,,,7.3,A,,,7.2,A,,,7.2,A,,,01467200
2016-05-02 00:00:00+00:00,15.6,A,,,14.8,A,,,,,15.1,A,268.0,A,,,241.0,A,,,,,252.0,A,7.4,A,,,6.8,A,,,7.1,A,,,7.2,A,,,7.2,A,,,7.2,A,,,01467200
2016-05-03 00:00:00+00:00,15.6,A,,,15.0,A,,,,,15.2,A,268.0,A,,,248.0,A,,,,,256.0,A,7.0,A,,,6.5,A,,,6.8,A,,,7.2,A,,,7.1,A,,,7.2,A,,,01467200
2016-05-04 00:00:00+00:00,15.4,A,,,14.9,A,,,,,15.2,A,271.0,A,,,251.0,A,,,,,259.0,A,6.8,A,,,6.3,A,,,6.7,A,,,7.2,A,,,7.1,A,,,7.2,A,,,01467200
2016-05-05 00:00:00+00:00,15.2,A,,,14.8,A,,,,,15.1,A,272.0,A,,,258.0,A,,,,,264.0,A,6.8,A,,,6.4,A,,,6.6,A,,,7.2,A,,,7.2,A,,,7.2,A,,,01467200
2016-05-06 00:00:00+00:00,15.0,A,,,14.4,A,,,,,14.8,A,272.0,A,,,262.0,A,,,,,267.0,A,7.1,A,,,6.3,A,,,6.7,A,,,7.3,A,,,7.2,A,,,7.2,A,,,01467200
2016-05-07 00:00:00+00:00,14.7,A,,,13.9,A,,,,,14.4,A,272.0,A,,,260.0,A,,,,,266.0,A,7.3,A,,,6.4,A,,,6.8,A,,,7.3,A,,,7.2,A,,,7.2,A,,,01467200
2016-05-08 00:00:00+00:00,14.5,A,,,13.8,A,,,,,14.2,A,269.0,A,,,256.0,A,,,,,263.0,A,7.7,A,,,6.4,A,,,7.1,A,,,7.3,A,,,7.2,A,,,7.2,A,,,01467200
2016-05-09 00:00:00+00:00,14.3,A,,,13.7,A,,,,,14.0,A,268.0,A,,,248.0,A,,,,,259.0,A,8.2,A,,,6.8,A,,,7.5,A,,,7.3,A,,,7.2,A,,,7.3,A,,,01467200
2016-05-10 00:00:00+00:00,14.2,A,,,13.5,A,,,,,13.8,A,271.0,A,,,230.0,A,,,,,252.0,A,8.3,A,,,7.2,A,,,7.9,A,,,7.3,A,,,7.2,A,,,7.3,A,,,01467200
2016-05-11 00:00:00+00:00,14.0,A,,,13.5,A,,,,,13.7,A,258.0,A,,,221.0,A,,,,,239.0,A,8.2,A,,,7.3,A,,,7.9,A,,,7.3,A,,,7.2,A,,,7.2,A,,,01467200
2016-05-12 00:00:00+00:00,14.3,A,,,13.6,A,,,,,14.0,A,260.0,A,,,224.0,A,,,,,237.0,A,8.2,A,,,7.4,A,,,7.9,A,,,7.2,A,,,7.2,A,,,7.2,A,,,01467200
2016-05-13 00:00:00+00:00,14.5,A,,,14.2,A,,,,,14.3,A,249.0,A,,,209.0,A,,,,,226.0,A,8.2,A,,,7.4,A,,,7.9,A,,,7.2,A,,,7.2,A,,,7.2,A,,,01467200
2016-05-14 00:00:00+00:00,15.1,A,,,14.4,A,,,,,14.7,A,236.0,A,,,204.0,A,,,,,219.0,A,8.1,A,,,7.3,A,,,7.8,A,,,7.2,A,,,7.1,A,,,7.2,A,,,01467200
2016-05-15 00:00:00+00:00,15.2,A,,,14.7,A,,,,,14.9,A,225.0,A,,,198.0,A,,,,,212.0,A,8.2,A,,,7.5,A,,,7.9,A,,,7.2,A,,,7.1,A,,,7.2,A,,,01467200
2016-05-16 00:00:00+00:00,15.2,A,,,14.6,A,,,,,14.9,A,218.0,A,,,196.0,A,,,,,207.0,A,8.5,A,,,7.8,A,,,8.1,A,,,7.2,A,,,7.2,A,,,7.2,A,,,01467200
2016-05-17 00:00:00+00:00,15.2,A,,,14.8,A,,,,,15.0,A,218.0,A,,,196.0,A,,,,,207.0,A,8.5,A,,,7.8,A,,,8.2,A,,,7.3,A,,,7.2,A,,,7.2,A,,,01467200
2016-05-18 00:00:00+00:00,15.6,A,,,14.9,A,,,,,15.2,A,220.0,A,,,198.0,A,,,,,207.0,A,8.5,A,,,7.7,A,,,8.1,A,,,7.2,A,,,7.2,A,,,7.2,A,,,01467200
2016-05-19 00:00:00+00:00,16.1,A,,,15.1,A,,,,,15.5,A,221.0,A,,,200.0,A,,,,,209.0,A,8.3,A,,,7.6,A,,,8.0,A,,,7.2,A,,,7.2,A,,,7.2,A,,,01467200
2016-05-20 00:00:00+00:00,16.7,A,,,15.5,A,,,,,16.0,A,222.0,A,,,202.0,A,,,,,211.0,A,8.3,A,,,7.4,A,,,7.9,A,,,7.2,A,,,7.1,A,,,7.2,A,,,01467200
2016-05-21 00:00:00+00:00,16.7,A,,,16.0,A,,,,,16.4,A,224.0,A,,,207.0,A,,,,,214.0,A,8.0,A,,,7.3,A,,,7.7,A,,,7.2,A,,,7.1,A,,,7.2,A,,,01467200
2016-05-22 00:00:00+00:00,16.6,A,,,16.0,A,,,,,16.4,A,229.0,A,,,209.0,A,,,,,217.0,A,7.8,A,,,7.0,A,,,7.3,A,,,7.2,A,,,7.1,A,,,7.1,A,,,01467200
2016-05-23 00:00:00+00:00,17.0,A,,,16.2,A,,,,,16.6,A,230.0,A,,,210.0,A,,,,,219.0,A,7.6,A,,,6.5,A,,,7.0,A,,,7.2,A,,,7.0,A,,,7.1,A,,,01467200
2016-05-24 00:00:00+00:00,17.2,A,,,16.6,A,,,,,16.9,A,232.0,A,,,213.0,A,,,,,222.0,A,7.3,A,,,6.3,A,,,6.8,A,,,7.2,A,,,7.1,A,,,7.1,A,,,01467200
2016-05-25 00:00:00+00:00,17.6,A,,,17.0,A,,,,,17.3,A,232.0,A,,,213.0,A,,,,,223.0,A,7.3,A,,,6.0,A,,,6.6,A,,,7.2,A,,,7.1,A,,,7.1,A,,,01467200
2016-05-26 00:00:00+00:00,18.2,A,,,17.5,A,,,,,17.8,A,238.0,A,,,216.0,A,,,,,226.0,A,7.2,A,,,5.7,A,,,6.5,A,,,7.2,A,,,7.0,A,,,7.1,A,,,01467200
2016-05-27 00:00:00+00:00,18.9,A,,,18.1,A,,,,,18.4,A,240.0,A,,,218.0,A,,,,,228.0,A,7.2,A,,,5.5,A,,,6.4,A,,,7.2,A,,,7.0,A,,,7.1,A,,,01467200
2016-05-28 00:00:00+00:00,19.6,A,,,18.7,A,,,,,19.1,A,245.0,A,,,219.0,A,,,,,232.0,A,7.4,A,,,5.6,A,,,6.5,A,,,7.2,A,,,7.0,A,,,7.1,A,,,01467200
2016-05-29 00:00:00+00:00,20.4,A,,,19.4,A,,,,,19.8,A,248.0,A,,,223.0,A,,,,,233.0,A,7.6,A,,,5.6,A,,,6.6,A,,,7.2,A,,,7.0,A,,,7.1,A,,,01467200
2016-05-30 00:00:00+00:00,21.1,A,,,20.1,A,,,,,20.4,A,243.0,A,,,218.0,A,,,,,230.0,A,7.2,A,,,5.4,A,,,6.4,A,,,7.2,A,,,7.0,A,,,7.1,A,,,01467200
2016-05-31 00:00:00+00:00,21.8,A,,,20.5,A,,,,,21.1,A,238.0,A,,,217.0,A,,,,,227.0,A,6.6,A,,,5.5,A,,,6.2,A,,,7.1,A,,,7.0,A,,,7.1,A,,,01467200
2016-06-01 00:00:00+00:00,22.5,A,,,21.3,A,,,,,21.8,A,238.0,A,,,218.0,A,,,,,228.0,A,6.3,A,,,5.0,A,,,5.9,A,,,7.1,A,,,7.0,A,,,7.1,A,,,01467200
2016-06-02 00:00:00+00:00,23.0,A,,,21.7,A,,,,,22.2,A,242.0,A,,,222.0,A,,,,,231.0,A,6.0,A,,,5.0,A,,,5.6,A,,,7.1,A,,,7.0,A,,,7.1,A,,,01467200
2016-06-03 00:00:00+00:00,23.1,A,,,22.1,A,,,,,22.5,A,253.0,A,,,226.0,A,,,,,237.0,A,5.6,A,,,4.8,A,,,5.3,A,,,7.1,A,,,7.0,A,,,7.0,A,,,01467200
2016-06-04 00:00:00+00:00,23.7,A,,,22.3,A,,,,,22.8,A,252.0,A,,,231.0,A,,,,,240.0,A,5.3,A,,,4.4,A,,,4.9,A,,,7.1,A,,,7.0,A,,,7.0,A,,,01467200
2016-06-05 00:00:00+00:00,23.7,A,,,22.7,A,,,,,23.1,A,270.0,A,,,237.0,A,,,,,252.0,A,5.0,A,,,4.1,A,,,4.6,A,,,7.0,A,,,7.0,A,,,7.0,A,,,01467200
2016-06-06 00:00:00+00:00,24.1,A,,,22.9,A,,,,,23.4,A,263.0,A,,,239.0,A,,,,,248.0,A,5.0,A,,,3.9,A,,,4.4,A,,,7.1,A,,,7.0,A,,,7.0,A,,,01467200
2016-06-07 00:00:00+00:00,24.3,A,,,23.2,A,,,,,23.7,A,265.0,A,,,241.0,A,,,,,250.0,A,5.0,A,,,3.8,A,,,4.3,A,,,7.1,A,,,6.9,A,,,7.0,A,,,01467200
2016-06-08 00:00:00+00:00,24.2,A,,,23.4,A,,,,,23.7,A,261.0,A,,,244.0,A,,,,,252.0,A,5.2,A,,,3.8,A,,,4.5,A,,,7.0,A,,,6.9,A,,,7.0,A,,,01467200
2016-06-09 00:00:00+00:00,23.8,A,,,22.9,A,,,,,23.3,A,262.0,A,,,244.0,A,,,,,252.0,A,5.6,A,,,4.4,A,,,5.0,A,,,7.1,A,,,6.9,A,,,7.0,A,,,01467200
2016-06-10 00:00:00+00:00,23.3,A,,,22.6,A,,,,,23.0,A,270.0,A,,,245.0,A,,,,,255.0,A,5.9,A,,,4.6,A,,,5.3,A,,,7.1,A,,,7.0,A,,,7.0,A,,,01467200
2016-06-11 00:00:00+00:00,23.3,A,,,22.6,A,,,,,23.0,A,268.0,A,,,246.0,A,,,,,256.0,A,6.2,A,,,4.9,A,,,5.6,A,,,7.1,A,,,7.0,A,,,7.1,A,,,01467200
2016-06-12 00:00:00+00:00,23.5,A,,,23.0,A,,,,,23.3,A,270.0,A,,,249.0,A,,,,,260.0,A,6.3,A,,,5.0,A,,,5.8,A,,,7.2,A,,,7.0,A,,,7.1,A,,,01467200
2016-06-13 00:00:00+00:00,23.3,A,,,22.8,A,,,,,23.1,A,283.0,A,,,256.0,A,,,,,269.0,A,6.7,A,,,5.6,A,,,6.2,A,,,7.2,A,,,7.1,A,,,7.2,A,,,01467200
2016-06-14 00:00:00+00:00,23.2,A,,,22.8,A,,,,,23.0,A,282.0,A,,,254.0,A,,,,,266.0,A,6.9,A,,,5.8,A,,,6.3,A,,,7.3,A,,,7.1,A,,,7.2,A,,,01467200
2016-06-15 00:00:00+00:00,23.3,A,,,22.9,A,,,,,23.1,A,284.0,A,,,254.0,A,,,,,267.0,A,7.1,A,,,6.0,A,,,6.5,A,,,7.3,A,,,7.1,A,,,7.2,A,,,01467200
2016-06-16 00:00:00+00:00,23.2,A,,,22.9,A,,,,,23.1,A,292.0,A,,,258.0,A,,,,,273.0,A,6.8,A,,,5.7,A,,,6.3,A,,,7.2,A,,,7.1,A,,,7.2,A,,,01467200
2016-06-17 00:00:00+00:00,23.3,A,,,22.9,A,,,,,23.0,A,291.0,A,,,257.0,A,,,,,272.0,A,6.7,A,,,5.4,A,,,6.0,A,,,7.2,A,,,7.1,A,,,7.1,A,,,01467200
2016-06-18 00:00:00+00:00,23.4,A,,,23.0,A,,,,,23.2,A,294.0,A,,,258.0,A,,,,,272.0,A,6.8,A,,,5.4,A,,,6.1,A,,,7.2,A,,,7.1,A,,,7.1,A,,,01467200
2016-06-19 00:00:00+00:00,23.6,A,,,23.1,A,,,,,23.4,A,297.0,A,,,258.0,A,,,,,275.0,A,7.0,A,,,5.4,A,,,6.1,A,,,7.2,A,,,7.1,A,,,7.1,A,,,01467200
2016-06-20 00:00:00+00:00,23.9,A,,,23.4,A,,,,,23.7,A,292.0,A,,,256.0,A,,,,,273.0,A,7.1,A,,,5.4,A,,,6.2,A,,,7.2,A,,,7.1,A,,,7.1,A,,,01467200
2016-06-21 00:00:00+00:00,24.1,A,,,23.7,A,,,,,23.9,A,298.0,A,,,259.0,A,,,,,277.0,A,7.1,A,,,5.5,A,,,6.2,A,,,7.2,A,,,7.1,A,,,7.1,A,,,01467200
2016-06-22 00:00:00+00:00,24.3,A,,,23.9,A,,,,,24.0,A,310.0,A,,,259.0,A,,,,,280.0,A,7.2,A,,,5.4,A,,,6.2,A,,,7.3,A,,,7.1,A,,,7.2,A,,,01467200
2016-06-23 00:00:00+00:00,24.3,A,,,24.0,A,,,,,24.1,A,310.0,A,,,259.0,A,,,,,283.0,A,7.1,A,,,5.4,A,,,6.2,A,,,7.3,A,,,7.1,A,,,7.2,A,,,01467200
2016-06-24 00:00:00+00:00,24.5,A,,,24.1,A,,,,,24.3,A,307.0,A,,,256.0,A,,,,,282.0,A,7.2,A,,,5.3,A,,,6.2,A,,,7.3,A,,,7.1,A,,,7.1,A,,,01467200
2016-06-25 00:00:00+00:00,24.7,A,,,24.1,A,,,,,24.4,A,310.0,A,,,262.0,A,,,,,285.0,A,7.2,A,,,5.1,A,,,6.2,A,,,7.3,A,,,7.1,A,,,7.1,A,,,01467200
2016-06-26 00:00:00+00:00,24.8,A,,,24.3,A,,,,,24.6,A,315.0,A,,,267.0,A,,,,,290.0,A,7.1,A,,,5.2,A,,,6.1,A,,,7.2,A,,,7.1,A,,,7.1,A,,,01467200
2016-06-27 00:00:00+00:00,25.0,A,,,24.5,A,,,,,24.7,A,319.0,A,,,266.0,A,,,,,289.0,A,7.1,A,,,5.1,A,,,6.1,A,,,7.2,A,,,7.1,A,,,7.1,A,,,01467200
2016-06-28 00:00:00+00:00,25.0,A,,,24.7,A,,,,,24.9,A,315.0,A,,,265.0,A,,,,,288.0,A,6.7,A,,,4.8,A,,,5.7,A,,,7.2,A,,,7.0,A,,,7.1,A,,,01467200
2016-06-29 00:00:00+00:00,25.3,A,,,24.8,A,,,,,25.0,A,310.0,A,,,265.0,A,,,,,285.0,A,,,,,,,,,,,,,7.1,A,,,7.0,A,,,7.0,A,,,01467200
2016-06-30 00:00:00+00:00,25.8,A,,,25.0,A,,,,,25.4,A,314.0,A,,,264.0,A,,,,,286.0,A,,,,,,,,,,,,,7.2,A,,,7.0,A,,,7.1,A,,,01467200
2016-07-01 00:00:00+00:00,25.9,A,,,25.4,A,,,,,25.6,A,316.0,A,,,268.0,A,,,,,290.0,A,5.9,A,,,4.6,A,,,5.3,A,,,7.1,A,,,7.0,A,,,7.1,A,,,01467200
2016-07-02 00:00:00+00:00,25.8,A,,,25.4,A,,,,,25.6,A,319.0,A,,,267.0,A,,,,,286.0,A,5.8,A,,,4.6,A,,,5.2,A,,,7.1,A,,,7.0,A,,,7.0,A,,,01467200
2016-07-03 00:00:00+00:00,25.6,A,,,25.4,A,,,,,25.5,A,313.0,A,,,266.0,A,,,,,288.0,A,5.7,A,,,4.6,A,,,5.2,A,,,7.1,A,,,7.0,A,,,7.0,A,,,01467200
2016-07-04 00:00:00+00:00,25.5,A,,,25.3,A,,,,,25.4,A,319.0,A,,,268.0,A,,,,,290.0,A,5.8,A,,,4.6,A,,,5.2,A,,,7.1,A,,,7.0,A,,,7.0,A,,,01467200
2016-07-05 00:00:00+00:00,25.6,A,,,25.2,A,,,,,25.4,A,322.0,A,,,273.0,A,,,,,294.0,A,5.5,A,,,4.5,A,,,5.0,A,,,7.1,A,,,7.0,A,,,7.0,A,,,01467200
2016-07-06 00:00:00+00:00,26.1,A,,,25.4,A,,,,,25.7,A,317.0,A,,,275.0,A,,,,,294.0,A,5.5,A,,,4.4,A,,,4.9,A,,,7.1,A,,,7.0,A,,,7.0,A,,,01467200
2016-07-07 00:00:00+00:00,26.3,A,,,25.8,A,,,,,26.0,A,326.0,A,,,277.0,A,,,,,299.0,A,5.5,A,,,4.4,A,,,4.8,A,,,7.1,A,,,7.0,A,,,7.0,A,,,01467200
2016-07-08 00:00:00+00:00,26.7,A,,,26.1,A,,,,,26.4,A,329.0,A,,,281.0,A,,,,,302.0,A,5.4,A,,,4.3,A,,,4.9,A,,,7.1,A,,,7.0,A,,,7.0,A,,,01467200
2016-07-09 00:00:00+00:00,26.6,A,,,26.4,A,,,,,26.5,A,334.0,A,,,284.0,A,,,,,308.0,A,5.4,A,,,4.5,A,,,5.0,A,,,7.1,A,,,7.0,A,,,7.0,A,,,01467200
2016-07-10 00:00:00+00:00,26.6,A,,,26.2,A,,,,,26.4,A,327.0,A,,,286.0,A,,,,,304.0,A,5.4,A,,,4.4,A,,,4.9,A,,,7.1,A,,,7.0,A,,,7.0,A,,,01467200
2016-07-11 00:00:00+00:00,26.6,A,,,26.0,A,,,,,26.3,A,324.0,A,,,283.0,A,,,,,300.0,A,5.6,A,,,4.7,A,,,5.2,A,,,7.1,A,,,7.0,A,,,7.0,A,,,01467200
2016-07-12 00:00:00+00:00,26.8,A,,,26.2,A,,,,,26.4,A,320.0,A,,,285.0,A,,,,,301.0,A,5.9,A,,,4.8,A,,,5.4,A,,,7.1,A,,,7.0,A,,,7.1,A,,,01467200
2016-07-13 00:00:00+00:00,26.6,A,,,26.4,A,,,,,26.5,A,319.0,A,,,284.0,A,,,,,301.0,A,5.9,A,,,5.1,A,,,5.5,A,,,7.1,A,,,7.0,A,,,7.1,A,,,01467200
2016-07-14 00:00:00+00:00,26.9,A,,,26.4,A,,,,,26.6,A,316.0,A,,,281.0,A,,,,,296.0,A,5.7,A,,,4.8,A,,,5.3,A,,,7.1,A,,,7.0,A,,,7.1,A,,,01467200
2016-07-15 00:00:00+00:00,27.1,A,,,26.7,A,,,,,26.9,A,317.0,A,,,281.0,A,,,,,297.0,A,5.9,A,,,4.9,A,,,5.3,A,,,7.1,A,,,7.0,A,,,7.0,A,,,01467200
2016-07-16 00:00:00+00:00,27.4,A,,,26.9,A,,,,,27.1,A,319.0,A,,,279.0,A,,,,,297.0,A,5.9,A,,,5.0,A,,,5.4,A,,,7.1,A,,,7.0,A,,,7.1,A,,,01467200
2016-07-17 00:00:00+00:00,27.5,A,,,27.1,A,,,,,27.2,A,331.0,A,,,286.0,A,,,,,304.0,A,5.9,A,,,5.0,A,,,5.4,A,,,7.1,A,,,7.0,A,,,7.0,A,,,01467200
2016-07-18 00:00:00+00:00,27.6,A,,,27.2,A,,,,,27.4,A,340.0,A,,,281.0,A,,,,,302.0,A,6.0,A,,,4.9,A,,,5.4,A,,,7.1,A,,,7.0,A,,,7.0,A,,,01467200
2016-07-19 00:00:00+00:00,27.6,A,,,27.3,A,,,,,27.4,A,329.0,A,,,280.0,A,,,,,300.0,A,5.7,A,,,4.6,A,,,5.2,A,,,7.1,A,,,7.0,A,,,7.0,A,,,01467200
2016-07-20 00:00:00+00:00,27.6,A,,,27.2,A,,,,,27.4,A,335.0,A,,,281.0,A,,,,,301.0,A,5.6,A,,,4.5,A,,,5.1,A,,,7.1,A,,,7.0,A,,,7.0,A,,,01467200
2016-07-21 00:00:00+00:00,27.8,A,,,27.2,A,,,,,27.5,A,333.0,A,,,283.0,A,,,,,305.0,A,5.5,A,,,4.3,A,,,5.0,A,,,7.1,A,,,7.0,A,,,7.0,A,,,01467200
2016-07-22 00:00:00+00:00,27.8,A,,,27.3,A,,,,,27.5,A,340.0,A,,,284.0,A,,,,,308.0,A,5.5,A,,,4.4,A,,,5.0,A,,,7.1,A,,,7.0,A,,,7.0,A,,,01467200
2016-07-23 00:00:00+00:00,27.9,A,,,27.5,A,,,,,27.7,A,338.0,A,,,289.0,A,,,,,311.0,A,5.6,A,,,4.7,A,,,5.0,A,,,7.1,A,,,7.0,A,,,7.0,A,,,01467200
2016-07-24 00:00:00+00:00,28.2,A,,,27.6,A,,,,,27.9,A,348.0,A,,,287.0,A,,,,,314.0,A,5.4,A,,,4.2,A,,,4.8,A,,,7.0,A,,,7.0,A,,,7.0,A,,,01467200
2016-07-25 00:00:00+00:00,28.2,A,,,27.9,A,,,,,28.0,A,343.0,A,,,283.0,A,,,,,310.0,A,5.2,A,,,4.1,A,,,4.7,A,,,7.0,A,,,7.0,A,,,7.0,A,,,01467200
2016-07-26 00:00:00+00:00,28.3,A,,,27.9,A,,,,,28.1,A,332.0,A,,,264.0,A,,,,,293.0,A,5.0,A,,,3.8,A,,,4.5,A,,,7.1,A,,,6.9,A,,,7.0,A,,,01467200
2016-07-27 00:00:00+00:00,28.6,A,,,28.0,A,,,,,28.3,A,323.0,A,,,258.0,A,,,,,286.0,A,5.1,A,,,3.7,A,,,4.4,A,,,7.0,A,,,6.9,A,,,7.0,A,,,01467200
2016-07-28 00:00:00+00:00,28.6,A,,,28.3,A,,,,,28.5,A,329.0,A,,,262.0,A,,,,,291.0,A,4.7,A,,,3.6,A,,,4.2,A,,,7.0,A,,,6.9,A,,,6.9,A,,,01467200
2016-07-29 00:00:00+00:00,28.6,A,,,28.3,A,,,,,28.4,A,326.0,A,,,257.0,A,,,,,287.0,A,4.7,A,,,3.6,A,,,4.1,A,,,7.0,A,,,6.9,A,,,6.9,A,,,01467200
2016-07-30 00:00:00+00:00,28.7,A,,,28.4,A,,,,,28.5,A,318.0,A,,,252.0,A,,,,,282.0,A,4.7,A,,,3.5,A,,,4.0,A,,,7.0,A,,,6.8,A,,,6.9,A,,,01467200
2016-07-31 00:00:00+00:00,28.8,A,,,28.4,A,,,,,28.5,A,320.0,A,,,244.0,A,,,,,272.0,A,4.6,A,,,3.5,A,,,4.1,A,,,6.9,A,,,6.8,A,,,6.9,A,,,01467200
2016-08-01 00:00:00+00:00,28.7,A,,,28.4,A,,,,,28.5,A,296.0,A,,,242.0,A,,,,,264.0,A,4.5,A,,,3.5,A,,,4.1,A,,,6.9,A,,,6.9,A,,,6.9,A,,,01467200
2016-08-02 00:00:00+00:00,28.4,A,,,28.2,A,,,,,28.3,A,299.0,A,,,246.0,A,,,,,265.0,A,4.5,A,,,3.4,A,,,4.0,A,,,7.0,A,,,6.9,A,,,6.9,A,,,01467200
2016-08-03 00:00:00+00:00,28.3,A,,,28.0,A,,,,,28.1,A,304.0,A,,,252.0,A,,,,,269.0,A,4.6,A,,,3.5,A,,,4.1,A,,,7.0,A,,,6.9,A,,,6.9,A,,,01467200
2016-08-04 00:00:00+00:00,28.2,A,,,27.8,A,,,,,28.0,A,304.0,A,,,258.0,A,,,,,273.0,A,4.7,A,,,3.7,A,,,4.2,A,,,7.0,A,,,6.9,A,,,6.9,A,,,01467200
2016-08-05 00:00:00+00:00,28.0,A,,,27.8,A,,,,,27.9,A,296.0,A,,,257.0,A,,,,,271.0,A,4.8,A,,,3.8,A,,,4.3,A,,,7.0,A,,,6.9,A,,,6.9,A,,,01467200
2016-08-06 00:00:00+00:00,28.0,A,,,27.7,A,,,,,27.8,A,298.0,A,,,257.0,A,,,,,274.0,A,4.8,A,,,3.9,A,,,4.4,A,,,7.0,A,,,6.9,A,,,6.9,A,,,01467200
2016-08-07 00:00:00+00:00,28.0,A,,,27.6,A,,,,,27.8,A,292.0,A,,,260.0,A,,,,,274.0,A,4.9,A,,,4.0,A,,,4.5,A,,,7.0,A,,,6.9,A,,,7.0,A,,,01467200
2016-08-08 00:00:00+00:00,27.9,A,,,27.6,A,,,,,27.7,A,292.0,A,,,258.0,A,,,,,273.0,A,5.1,A,,,4.2,A,,,4.7,A,,,7.0,A,,,6.9,A,,,7.0,A,,,01467200
2016-08-09 00:00:00+00:00,27.8,A,,,27.5,A,,,,,27.7,A,293.0,A,,,259.0,A,,,,,275.0,A,5.2,A,,,4.3,A,,,4.8,A,,,7.0,A,,,6.9,A,,,7.0,A,,,01467200
2016-08-10 00:00:00+00:00,27.8,A,,,27.5,A,,,,,27.6,A,290.0,A,,,259.0,A,,,,,274.0,A,5.3,A,,,4.5,A,,,4.9,A,,,7.0,A,,,7.0,A,,,7.0,A,,,01467200
2016-08-11 00:00:00+00:00,28.0,A,,,27.5,A,,,,,27.7,A,288.0,A,,,256.0,A,,,,,273.0,A,5.5,A,,,4.7,A,,,5.1,A,,,7.0,A,,,7.0,A,,,7.0,A,,,01467200
2016-08-12 00:00:00+00:00,28.3,A,,,27.7,A,,,,,27.9,A,293.0,A,,,257.0,A,,,,,272.0,A,5.9,A,,,4.9,A,,,5.4,A,,,7.0,A,,,7.0,A,,,7.0,A,,,01467200
2016-08-13 00:00:00+00:00,28.6,A,,,27.9,A,,,,,28.2,A,290.0,A,,,253.0,A,,,,,272.0,A,6.1,A,,,5.1,A,,,5.6,A,,,7.1,A,,,7.0,A,,,7.0,A,,,01467200
2016-08-14 00:00:00+00:00,28.7,A,,,28.3,A,,,,,28.5,A,296.0,A,,,253.0,A,,,,,271.0,A,6.2,A,,,5.4,A,,,5.8,A,,,7.1,A,,,7.0,A,,,7.0,A,,,01467200
2016-08-15 00:00:00+00:00,28.9,A,,,28.3,A,,,,,28.7,A,294.0,A,,,244.0,A,,,,,268.0,A,6.6,A,,,5.5,A,,,6.0,A,,,7.1,A,,,7.0,A,,,7.0,A,,,01467200
2016-08-16 00:00:00+00:00,29.0,A,,,28.6,A,,,,,28.8,A,289.0,A,,,239.0,A,,,,,262.0,A,6.6,A,,,5.5,A,,,6.0,A,,,7.1,A,,,7.0,A,,,7.0,A,,,01467200
2016-08-17 00:00:00+00:00,29.0,A,,,28.6,A,,,,,28.8,A,290.0,A,,,239.0,A,,,,,259.0,A,6.4,A,,,5.5,A,,,6.0,A,,,7.1,A,,,7.0,A,,,7.0,A,,,01467200
2016-08-18 00:00:00+00:00,28.9,A,,,28.7,A,,,,,28.8,A,290.0,A,,,239.0,A,,,,,262.0,A,6.2,A,,,5.3,A,,,5.8,A,,,7.0,A,,,7.0,A,,,7.0,A,,,01467200
2016-08-19 00:00:00+00:00,29.1,A,,,28.6,A,,,,,28.8,A,304.0,A,,,238.0,A,,,,,263.0,A,6.2,A,,,5.2,A,,,5.7,A,,,7.1,A,,,7.0,A,,,7.0,A,,,01467200
2016-08-20 00:00:00+00:00,29.2,A,,,28.7,A,,,,,28.9,A,295.0,A,,,240.0,A,,,,,266.0,A,6.1,A,,,5.1,A,,,5.6,A,,,7.0,A,,,7.0,A,,,7.0,A,,,01467200
2016-08-21 00:00:00+00:00,29.0,A,,,28.7,A,,,,,28.9,A,300.0,A,,,246.0,A,,,,,272.0,A,6.0,A,,,5.0,A,,,5.5,A,,,7.0,A,,,7.0,A,,,7.0,A,,,01467200
2016-08-22 00:00:00+00:00,28.8,A,,,28.4,A,,,,,28.6,A,301.0,A,,,250.0,A,,,,,270.0,A,5.6,A,,,4.7,A,,,5.2,A,,,7.0,A,,,6.9,A,,,7.0,A,,,01467200
2016-08-23 00:00:00+00:00,28.4,A,,,28.1,A,,,,,28.3,A,297.0,A,,,248.0,A,,,,,273.0,A,5.5,A,,,4.6,A,,,5.1,A,,,7.1,A,,,6.9,A,,,7.0,A,,,01467200
2016-08-24 00:00:00+00:00,28.3,A,,,27.9,A,,,,,28.1,A,303.0,A,,,261.0,A,,,,,282.0,A,5.6,A,,,4.6,A,,,5.0,A,,,7.0,A,,,6.9,A,,,7.0,A,,,01467200
2016-08-25 00:00:00+00:00,28.1,A,,,27.8,A,,,,,28.0,A,308.0,A,,,260.0,A,,,,,281.0,A,5.8,A,,,4.6,A,,,5.2,A,,,7.0,A,,,6.9,A,,,7.0,A,,,01467200
2016-08-26 00:00:00+00:00,28.2,A,,,27.8,A,,,,,27.9,A,323.0,A,,,267.0,A,,,,,286.0,A,5.8,A,,,4.7,A,,,5.2,A,,,7.0,A,,,6.9,A,,,7.0,A,,,01467200
2016-08-27 00:00:00+00:00,28.2,A,,,27.8,A,,,,,28.0,A,317.0,A,,,266.0,A,,,,,288.0,A,5.8,A,,,4.7,A,,,5.2,A,,,7.0,A,,,6.9,A,,,7.0,A,,,01467200
2016-08-28 00:00:00+00:00,28.3,A,,,27.9,A,,,,,28.1,A,321.0,A,,,262.0,A,,,,,288.0,A,5.7,A,,,4.7,A,,,5.2,A,,,7.0,A,,,6.9,A,,,6.9,A,,,01467200
2016-08-29 00:00:00+00:00,28.3,A,,,28.0,A,,,,,28.1,A,322.0,A,,,266.0,A,,,,,292.0,A,5.8,A,,,4.8,A,,,5.2,A,,,7.0,A,,,6.9,A,,,6.9,A,,,01467200
2016-08-30 00:00:00+00:00,28.2,A,,,27.9,A,,,,,28.0,A,326.0,A,,,260.0,A,,,,,291.0,A,5.9,A,,,4.7,A,,,5.3,A,,,7.0,A,,,6.9,A,,,6.9,A,,,01467200
2016-08-31 00:00:00+00:00,28.2,A,,,27.9,A,,,,,28.1,A,325.0,A,,,272.0,A,,,,,298.0,A,5.7,A,,,4.8,A,,,5.2,A,,,7.0,A,,,6.9,A,,,6.9,A,,,01467200
2016-09-01 00:00:00+00:00,28.1,A,,,27.8,A,,,,,28.0,A,328.0,A,,,265.0,A,,,,,293.0,A,5.5,A,,,4.6,A,,,5.0,A,,,7.0,A,,,6.9,A,,,6.9,A,,,01467200
2016-09-02 00:00:00+00:00,27.8,A,,,27.5,A,,,,,27.6,A,325.0,A,,,261.0,A,,,,,291.0,A,5.5,A,,,4.5,A,,,5.0,A,,,7.0,A,,,6.9,A,,,6.9,A,,,01467200
2016-09-03 00:00:00+00:00,27.5,A,,,26.8,A,,,,,27.2,A,330.0,A,,,270.0,A,,,,,296.0,A,5.5,A,,,4.6,A,,,5.1,A,,,7.0,A,,,6.9,A,,,6.9,A,,,01467200
2016-09-04 00:00:00+00:00,26.9,A,,,26.5,A,,,,,26.7,A,331.0,A,,,270.0,A,,,,,298.0,A,5.6,A,,,5.0,A,,,5.3,A,,,7.0,A,,,6.9,A,,,7.0,A,,,01467200
2016-09-05 00:00:00+00:00,26.5,A,,,26.2,A,,,,,26.3,A,336.0,A,,,272.0,A,,,,,303.0,A,5.7,A,,,5.1,A,,,5.3,A,,,7.0,A,,,6.9,A,,,7.0,A,,,01467200
2016-09-06 00:00:00+00:00,26.2,A,,,25.9,A,,,,,26.0,A,338.0,A,,,276.0,A,,,,,307.0,A,5.6,A,,,5.0,A,,,5.3,A,,,7.0,A,,,6.9,A,,,7.0,A,,,01467200
2016-09-07 00:00:00+00:00,26.0,A,,,25.7,A,,,,,25.9,A,333.0,A,,,279.0,A,,,,,301.0,A,5.8,A,,,5.1,A,,,5.4,A,,,7.0,A,,,6.9,A,,,7.0,A,,,01467200
2016-09-08 00:00:00+00:00,26.1,A,,,25.8,A,,,,,25.9,A,322.0,A,,,268.0,A,,,,,295.0,A,5.7,A,,,5.0,A,,,5.4,A,,,7.0,A,,,6.9,A,,,7.0,A,,,01467200
2016-09-09 00:00:00+00:00,26.4,A,,,26.0,A,,,,,26.2,A,328.0,A,,,272.0,A,,,,,296.0,A,5.7,A,,,4.9,A,,,5.3,A,,,7.0,A,,,6.9,A,,,6.9,A,,,01467200
2016-09-10 00:00:00+00:00,26.6,A,,,26.3,A,,,,,26.5,A,324.0,A,,,270.0,A,,,,,294.0,A,5.8,A,,,4.8,A,,,5.3,A,,,7.0,A,,,6.9,A,,,6.9,A,,,01467200
2016-09-11 00:00:00+00:00,26.6,A,,,26.4,A,,,,,26.5,A,323.0,A,,,269.0,A,,,,,294.0,A,6.0,A,,,4.9,A,,,5.4,A,,,7.0,A,,,6.9,A,,,6.9,A,,,01467200
2016-09-12 00:00:00+00:00,26.5,A,,,26.1,A,,,,,26.3,A,340.0,A,,,266.0,A,,,,,294.0,A,5.9,A,,,4.9,A,,,5.4,A,,,7.0,A,,,6.9,A,,,7.0,A,,,01467200
2016-09-13 00:00:00+00:00,26.3,A,,,26.0,A,,,,,26.1,A,342.0,A,,,276.0,A,,,,,304.0,A,5.9,A,,,4.9,A,,,5.3,A,,,7.0,A,,,6.9,A,,,7.0,A,,,01467200
2016-09-14 00:00:00+00:00,26.2,A,,,25.9,A,,,,,26.1,A,353.0,A,,,277.0,A,,,,,307.0,A,6.0,A,,,4.9,A,,,5.4,A,,,7.0,A,,,6.9,A,,,7.0,A,,,01467200
2016-09-15 00:00:00+00:00,26.1,A,,,25.7,A,,,,,25.9,A,347.0,A,,,276.0,A,,,,,308.0,A,6.1,A,,,5.0,A,,,5.5,A,,,7.0,A,,,6.9,A,,,7.0,A,,,01467200
2016-09-16 00:00:00+00:00,25.7,A,,,25.4,A,,,,,25.6,A,361.0,A,,,279.0,A,,,,,318.0,A,6.1,A,,,5.1,A,,,5.5,A,,,7.0,A,,,6.9,A,,,7.0,A,,,01467200
2016-09-17 00:00:00+00:00,25.5,A,,,25.2,A,,,,,25.4,A,370.0,A,,,282.0,A,,,,,323.0,A,6.0,A,,,5.1,A,,,5.5,A,,,7.0,A,,,6.9,A,,,7.0,A,,,01467200
2016-09-18 00:00:00+00:00,25.4,A,,,25.2,A,,,,,25.3,A,375.0,A,,,286.0,A,,,,,328.0,A,5.9,A,,,5.0,A,,,5.4,A,,,7.0,A,,,6.9,A,,,7.0,A,,,01467200
2016-09-19 00:00:00+00:00,25.3,A,,,25.0,A,,,,,25.2,A,375.0,A,,,278.0,A,,,,,322.0,A,5.9,A,,,4.8,A,,,5.2,A,,,7.0,A,,,6.9,A,,,6.9,A,,,01467200
2016-09-20 00:00:00+00:00,25.2,A,,,25.0,A,,,,,25.1,A,370.0,A,,,281.0,A,,,,,319.0,A,5.3,A,,,4.4,A,,,4.8,A,,,7.0,A,,,6.9,A,,,6.9,A,,,01467200
2016-09-21 00:00:00+00:00,25.2,A,,,24.9,A,,,,,25.1,A,386.0,A,,,283.0,A,,,,,323.0,A,4.9,A,,,4.2,A,,,4.6,A,,,6.9,A,,,6.8,A,,,6.9,A,,,01467200
2016-09-22 00:00:00+00:00,25.2,A,,,24.9,A,,,,,25.0,A,386.0,A,,,288.0,A,,,,,328.0,A,4.9,A,,,4.1,A,,,4.5,A,,,6.9,A,,,6.8,A,,,6.9,A,,,01467200
2016-09-23 00:00:00+00:00,25.2,A,,,24.8,A,,,,,25.0,A,380.0,A,,,289.0,A,,,,,329.0,A,4.8,A,,,4.0,A,,,4.4,A,,,6.9,A,,,6.8,A,,,6.9,A,,,01467200
2016-09-24 00:00:00+00:00,25.1,A,,,24.6,A,,,,,24.8,A,405.0,A,,,290.0,A,,,,,331.0,A,5.0,A,,,4.2,A,,,4.5,A,,,6.9,A,,,6.8,A,,,6.9,A,,,01467200
2016-09-25 00:00:00+00:00,24.7,A,,,24.2,A,,,,,24.4,A,400.0,A,,,296.0,A,,,,,333.0,A,5.0,A,,,4.3,A,,,4.6,A,,,7.0,A,,,6.9,A,,,6.9,A,,,01467200
2016-09-26 00:00:00+00:00,24.4,A,,,23.9,A,,,,,24.0,A,400.0,A,,,292.0,A,,,,,337.0,A,5.3,A,,,4.4,A,,,4.8,A,,,7.0,A,,,6.9,A,,,6.9,A,,,01467200
2016-09-27 00:00:00+00:00,23.9,A,,,23.7,A,,,,,23.8,A,406.0,A,,,298.0,A,,,,,340.0,A,5.4,A,,,4.4,A,,,4.9,A,,,7.0,A,,,6.9,A,,,6.9,A,,,01467200
2016-09-28 00:00:00+00:00,23.8,A,,,23.3,A,,,,,23.5,A,401.0,A,,,296.0,A,,,,,344.0,A,5.6,A,,,4.4,A,,,5.0,A,,,7.0,A,,,6.9,A,,,7.0,A,,,01467200
2016-09-29 00:00:00+00:00,23.3,A,,,22.7,A,,,,,23.0,A,449.0,A,,,318.0,A,,,,,376.0,A,5.9,A,,,5.0,A,,,5.5,A,,,7.1,A,,,7.0,A,,,7.0,A,,,01467200
2016-09-30 00:00:00+00:00,22.7,A,,,21.8,A,,,,,22.3,A,442.0,A,,,319.0,A,,,,,378.0,A,6.4,A,,,5.6,A,,,5.9,A,,,7.1,A,,,7.0,A,,,7.0,A,,,01467200
2016-10-01 00:00:00+00:00,22.0,A,,,21.3,A,,,,,21.7,A,433.0,A,,,318.0,A,,,,,370.0,A,6.4,A,,,5.8,A,,,6.1,A,,,7.1,A,,,7.0,A,,,7.0,A,,,01467200
2016-10-02 00:00:00+00:00,21.6,A,,,21.0,A,,,,,21.3,A,418.0,A,,,308.0,A,,,,,360.0,A,6.5,A,,,5.6,A,,,6.0,A,,,7.1,A,,,7.0,A,,,7.1,A,,,01467200
2016-10-03 00:00:00+00:00,21.4,A,,,21.0,A,,,,,21.2,A,406.0,A,,,311.0,A,,,,,356.0,A,6.3,A,,,5.4,A,,,5.9,A,,,7.1,A,,,7.0,A,,,7.0,A,,,01467200
2016-10-04 00:00:00+00:00,21.2,A,,,20.8,A,,,,,21.0,A,410.0,A,,,312.0,A,,,,,354.0,A,6.4,A,,,5.4,A,,,5.9,A,,,7.1,A,,,7.0,A,,,7.0,A,,,01467200
2016-10-05 00:00:00+00:00,21.0,A,,,20.6,A,,,,,20.8,A,412.0,A,,,319.0,A,,,,,364.0,A,6.4,A,,,5.5,A,,,5.9,A,,,7.1,A,,,7.0,A,,,7.0,A,,,01467200
2016-10-06 00:00:00+00:00,20.9,A,,,20.5,A,,,,,20.7,A,415.0,A,,,320.0,A,,,,,359.0,A,6.6,A,,,5.6,A,,,6.1,A,,,7.1,A,,,7.0,A,,,7.0,A,,,01467200
2016-10-07 00:00:00+00:00,20.9,A,,,20.5,A,,,,,20.7,A,398.0,A,,,316.0,A,,,,,351.0,A,6.5,A,,,5.6,A,,,6.0,A,,,7.1,A,,,7.0,A,,,7.0,A,,,01467200
2016-10-08 00:00:00+00:00,20.7,A,,,20.4,A,,,,,20.6,A,390.0,A,,,315.0,A,,,,,350.0,A,6.5,A,,,5.5,A,,,6.0,A,,,7.1,A,,,7.0,A,,,7.0,A,,,01467200
2016-10-09 00:00:00+00:00,20.5,A,,,20.0,A,,,,,20.2,A,383.0,A,,,311.0,A,,,,,343.0,A,6.5,A,,,5.5,A,,,6.1,A,,,7.1,A,,,7.0,A,,,7.0,A,,,01467200
2016-10-10 00:00:00+00:00,20.0,A,,,19.3,A,,,,,19.5,A,387.0,A,,,306.0,A,,,,,339.0,A,6.7,A,,,5.9,A,,,6.3,A,,,7.1,A,,,7.0,A,,,7.0,A,,,01467200
2016-10-11 00:00:00+00:00,19.4,A,,,19.0,A,,,,,19.1,A,392.0,A,,,310.0,A,,,,,345.0,A,6.8,A,,,6.0,A,,,6.4,A,,,7.1,A,,,7.0,A,,,7.1,A,,,01467200
2016-10-12 00:00:00+00:00,19.2,A,,,18.7,A,,,,,18.9,A,392.0,A,,,315.0,A,,,,,347.0,A,6.7,A,,,5.9,A,,,6.4,A,,,7.1,A,,,7.0,A,,,7.1,A,,,01467200
2016-10-13 00:00:00+00:00,19.0,A,,,18.6,A,,,,,18.9,A,405.0,A,,,316.0,A,,,,,349.0,A,6.7,A,,,5.8,A,,,6.3,A,,,7.1,A,,,7.0,A,,,7.0,A,,,01467200
2016-10-14 00:00:00+00:00,18.9,A,,,18.4,A,,,,,18.6,A,394.0,A,,,313.0,A,,,,,350.0,A,6.9,A,,,5.9,A,,,6.4,A,,,7.1,A,,,7.0,A,,,7.0,A,,,01467200
2016-10-15 00:00:00+00:00,18.6,A,,,18.2,A,,,,,18.4,A,407.0,A,,,317.0,A,,,,,357.0,A,6.9,A,,,5.9,A,,,6.3,A,,,7.1,A,,,7.0,A,,,7.0,A,,,01467200
2016-10-16 00:00:00+00:00,18.5,A,,,18.1,A,,,,,18.3,A,412.0,A,,,319.0,A,,,,,363.0,A,6.9,A,,,5.9,A,,,6.3,A,,,7.1,A,,,7.0,A,,,7.0,A,,,01467200
2016-10-17 00:00:00+00:00,18.6,A,,,18.1,A,,,,,18.4,A,422.0,A,,,325.0,A,,,,,366.0,A,6.8,A,,,5.8,A,,,6.3,A,,,7.1,A,,,7.0,A,,,7.0,A,,,01467200
2016-10-18 00:00:00+00:00,18.8,A,,,18.3,A,,,,,18.6,A,433.0,A,,,319.0,A,,,,,371.0,A,6.8,A,,,5.8,A,,,6.2,A,,,7.1,A,,,7.0,A,,,7.0,A,,,01467200
2016-10-19 00:00:00+00:00,19.0,A,,,18.5,A,,,,,18.8,A,435.0,A,,,327.0,A,,,,,375.0,A,6.6,A,,,5.7,A,,,6.1,A,,,7.1,A,,,7.0,A,,,7.0,A,,,01467200
2016-10-20 00:00:00+00:00,19.1,A,,,18.7,A,,,,,18.9,A,457.0,A,,,322.0,A,,,,,376.0,A,6.7,A,,,5.7,A,,,6.2,A,,,7.1,A,,,7.0,A,,,7.0,A,,,01467200
2016-10-21 00:00:00+00:00,19.3,A,,,18.9,A,,,,,19.1,A,460.0,A,,,339.0,A,,,,,393.0,A,6.5,A,,,5.6,A,,,6.0,A,,,7.0,A,,,7.0,A,,,7.0,A,,,01467200
2016-10-22 00:00:00+00:00,19.2,A,,,18.5,A,,,,,18.8,A,429.0,A,,,333.0,A,,,,,376.0,A,6.5,A,,,5.7,A,,,6.2,A,,,7.0,A,,,7.0,A,,,7.0,A,,,01467200
2016-10-23 00:00:00+00:00,18.5,A,,,17.8,A,,,,,18.0,A,420.0,A,,,317.0,A,,,,,359.0,A,7.1,A,,,6.2,A,,,6.6,A,,,7.1,A,,,7.0,A,,,7.1,A,,,01467200
2016-10-24 00:00:00+00:00,17.9,A,,,17.4,A,,,,,17.6,A,423.0,A,,,319.0,A,,,,,361.0,A,7.3,A,,,6.4,A,,,6.8,A,,,7.2,A,,,7.1,A,,,7.1,A,,,01467200
2016-10-25 00:00:00+00:00,17.6,A,,,16.9,A,,,,,17.2,A,435.0,A,,,319.0,A,,,,,366.0,A,7.3,A,,,6.6,A,,,6.9,A,,,7.2,A,,,7.1,A,,,7.1,A,,,01467200
2016-10-26 00:00:00+00:00,17.0,A,,,16.5,A,,,,,16.7,A,454.0,A,,,328.0,A,,,,,380.0,A,7.3,A,,,6.7,A,,,7.0,A,,,7.2,A,,,7.1,A,,,7.1,A,,,01467200
2016-10-27 00:00:00+00:00,16.6,A,,,16.0,A,,,,,16.2,A,469.0,A,,,327.0,A,,,,,392.0,A,7.5,A,,,6.7,A,,,7.0,A,,,7.2,A,,,7.1,A,,,7.1,A,,,01467200
2016-10-28 00:00:00+00:00,16.2,A,,,15.5,A,,,,,15.9,A,479.0,A,,,319.0,A,,,,,381.0,A,7.6,A,,,6.8,A,,,7.1,A,,,7.3,A,,,7.1,A,,,7.2,A,,,01467200
2016-10-29 00:00:00+00:00,15.7,A,,,15.3,A,,,,,15.5,A,467.0,A,,,328.0,A,,,,,386.0,A,7.6,A,,,6.8,A,,,7.2,A,,,7.3,A,,,7.2,A,,,7.2,A,,,01467200
2016-10-30 00:00:00+00:00,15.8,A,,,15.3,A,,,,,15.6,A,471.0,A,,,340.0,A,,,,,398.0,A,7.6,A,,,6.8,A,,,7.2,A,,,7.3,A,,,7.2,A,,,7.2,A,,,01467200
2016-10-31 00:00:00+00:00,15.7,A,,,15.2,A,,,,,15.5,A,480.0,A,,,339.0,A,,,,,396.0,A,7.7,A,,,6.9,A,,,7.2,A,,,7.3,A,,,7.2,A,,,7.2,A,,,01467200
2016-11-01 00:00:00+00:00,15.4,A,,,15.0,A,,,,,15.3,A,490.0,A,,,347.0,A,,,,,406.0,A,7.8,A,,,6.8,A,,,7.2,A,,,7.3,A,,,7.2,A,,,7.2,A,,,01467200
2016-11-02 00:00:00+00:00,15.4,A,,,15.0,A,,,,,15.2,A,473.0,A,,,351.0,A,,,,,403.0,A,7.6,A,,,6.7,A,,,7.1,A,,,7.3,A,,,7.2,A,,,7.2,A,,,01467200
2016-11-03 00:00:00+00:00,15.5,A,,,15.1,A,,,,,15.3,A,469.0,A,,,348.0,A,,,,,402.0,A,7.6,A,,,6.7,A,,,7.1,A,,,7.3,A,,,7.2,A,,,7.2,A,,,01467200
2016-11-04 00:00:00+00:00,15.4,A,,,15.0,A,,,,,15.2,A,484.0,A,,,344.0,A,,,,,397.0,A,7.6,A,,,6.7,A,,,7.2,A,,,7.3,A,,,7.2,A,,,7.2,A,,,01467200
2016-11-05 00:00:00+00:00,15.2,A,,,14.8,A,,,,,15.0,A,477.0,A,,,350.0,A,,,,,409.0,A,7.6,A,,,6.8,A,,,7.2,A,,,7.3,A,,,7.2,A,,,7.2,A,,,01467200
2016-11-06 00:00:00+00:00,15.0,A,,,14.6,A,,,,,14.8,A,469.0,A,,,349.0,A,,,,,399.0,A,7.7,A,,,6.8,A,,,7.3,A,,,7.3,A,,,7.2,A,,,7.2,A,,,01467200
2016-11-07 00:00:00+00:00,14.6,A,,,14.4,A,,,,,14.5,A,522.0,A,,,345.0,A,,,,,418.0,A,7.7,A,,,7.0,A,,,7.3,A,,,7.3,A,,,7.2,A,,,7.2,A,,,01467200
2016-11-08 00:00:00+00:00,14.5,A,,,14.2,A,,,,,14.3,A,532.0,A,,,367.0,A,,,,,432.0,A,7.6,A,,,6.8,A,,,7.2,A,,,7.3,A,,,7.2,A,,,7.2,A,,,01467200
2016-11-09 00:00:00+00:00,14.3,A,,,14.1,A,,,,,14.2,A,507.0,A,,,362.0,A,,,,,424.0,A,7.6,A,,,6.8,A,,,7.2,A,,,7.3,A,,,7.2,A,,,7.2,A,,,01467200
2016-11-10 00:00:00+00:00,14.2,A,,,13.8,A,,,,,13.9,A,522.0,A,,,351.0,A,,,,,411.0,A,7.6,A,,,6.8,A,,,7.2,A,,,7.3,A,,,7.2,A,,,7.2,A,,,01467200
2016-11-11 00:00:00+00:00,14.0,A,,,13.3,A,,,,,13.6,A,522.0,A,,,347.0,A,,,,,416.0,A,7.9,A,,,6.9,A,,,7.4,A,,,7.3,A,,,7.2,A,,,7.2,A,,,01467200
2016-11-12 00:00:00+00:00,13.5,A,,,13.0,A,,,,,13.2,A,496.0,A,,,342.0,A,,,,,406.0,A,8.0,A,,,7.2,A,,,7.6,A,,,7.3,A,,,7.2,A,,,7.2,A,,,01467200
2016-11-13 00:00:00+00:00,13.1,A,,,12.6,A,,,,,12.8,A,509.0,A,,,349.0,A,,,,,414.0,A,8.2,A,,,7.3,A,,,7.7,A,,,7.3,A,,,7.2,A,,,7.2,A,,,01467200
2016-11-14 00:00:00+00:00,12.8,A,,,12.3,A,,,,,12.6,A,525.0,A,,,340.0,A,,,,,414.0,A,8.2,A,,,7.2,A,,,7.7,A,,,7.3,A,,,7.2,A,,,7.2,A,,,01467200
2016-11-15 00:00:00+00:00,12.7,A,,,12.3,A,,,,,12.5,A,556.0,A,,,359.0,A,,,,,440.0,A,8.1,A,,,7.1,A,,,7.5,A,,,7.3,A,,,7.2,A,,,7.2,A,,,01467200
2016-11-16 00:00:00+00:00,12.6,A,,,12.1,A,,,,,12.4,A,583.0,A,,,366.0,A,,,,,459.0,A,7.9,A,,,7.1,A,,,7.4,A,,,7.3,A,,,7.2,A,,,7.2,A,,,01467200
2016-11-17 00:00:00+00:00,12.5,A,,,12.0,A,,,,,12.3,A,571.0,A,,,354.0,A,,,,,446.0,A,8.0,A,,,7.1,A,,,7.5,A,,,7.3,A,,,7.2,A,,,7.2,A,,,01467200
2016-11-18 00:00:00+00:00,12.5,A,,,12.0,A,,,,,12.2,A,602.0,A,,,358.0,A,,,,,459.0,A,8.1,A,,,7.1,A,,,7.5,A,,,7.3,A,,,7.2,A,,,7.2,A,,,01467200
2016-11-19 00:00:00+00:00,12.6,A,,,12.0,A,,,,,12.3,A,689.0,A,,,371.0,A,,,,,501.0,A,8.0,A,,,7.0,A,,,7.4,A,,,7.3,A,,,7.2,A,,,7.2,A,,,01467200
2016-11-20 00:00:00+00:00,12.2,A,,,11.2,A,,,,,11.8,A,539.0,A,,,349.0,A,,,,,426.0,A,8.5,A,,,7.3,A,,,7.9,A,,,7.3,A,,,7.2,A,,,7.3,A,,,01467200
2016-11-21 00:00:00+00:00,11.2,A,,,10.5,A,,,,,10.8,A,479.0,A,,,323.0,A,,,,,386.0,A,9.2,A,,,8.3,A,,,8.8,A,,,7.4,A,,,7.3,A,,,7.3,A,,,01467200
2016-11-22 00:00:00+00:00,10.5,A,,,9.9,A,,,,,10.2,A,520.0,A,,,320.0,A,,,,,398.0,A,9.5,A,,,8.9,A,,,9.2,A,,,7.4,A,,,7.4,A,,,7.4,A,,,01467200
2016-11-23 00:00:00+00:00,10.2,A,,,9.7,A,,,,,9.9,A,589.0,A,,,341.0,A,,,,,438.0,A,9.5,A,,,9.0,A,,,9.2,A,,,7.4,A,,,7.4,A,,,7.4,A,,,01467200
2016-11-24 00:00:00+00:00,10.0,A,,,9.5,A,,,,,9.8,A,596.0,A,,,349.0,A,,,,,460.0,A,9.5,A,,,8.9,A,,,9.2,A,,,7.4,A,,,7.4,A,,,7.4,A,,,01467200
2016-11-25 00:00:00+00:00,9.9,A,,,9.5,A,,,,,9.7,A,616.0,A,,,362.0,A,,,,,473.0,A,9.4,A,,,8.7,A,,,9.1,A,,,7.4,A,,,7.3,A,,,7.4,A,,,01467200
2016-11-26 00:00:00+00:00,9.9,A,,,9.4,A,,,,,9.7,A,612.0,A,,,371.0,A,,,,,471.0,A,9.3,A,,,8.8,A,,,9.0,A,,,7.4,A,,,7.3,A,,,7.3,A,,,01467200
2016-11-27 00:00:00+00:00,9.7,A,,,9.2,A,,,,,9.5,A,625.0,A,,,368.0,A,,,,,472.0,A,9.3,A,,,8.8,A,,,9.0,A,,,7.4,A,,,7.3,A,,,7.3,A,,,01467200
2016-11-28 00:00:00+00:00,9.5,A,,,9.0,A,,,,,9.3,A,662.0,A,,,374.0,A,,,,,489.0,A,9.3,A,,,8.8,A,,,9.0,A,,,7.4,A,,,7.3,A,,,7.3,A,,,01467200
2016-11-29 00:00:00+00:00,9.6,A,,,9.0,A,,,,,9.4,A,659.0,A,,,368.0,A,,,,,489.0,A,9.3,A,,,8.8,A,,,9.0,A,,,7.4,A,,,7.3,A,,,7.3,A,,,01467200
2016-11-30 00:00:00+00:00,9.7,A,,,9.1,A,,,,,9.5,A,614.0,A,,,342.0,A,,,,,454.0,A,9.2,A,,,8.6,A,,,8.9,A,,,7.3,A,,,7.3,A,,,7.3,A,,,01467200
2016-12-01 00:00:00+00:00,9.8,A,,,9.1,A,,,,,9.5,A,568.0,A,,,329.0,A,,,,,438.0,A,9.2,A,,,8.4,A,,,8.7,A,,,7.3,A,,,7.2,A,,,7.3,A,,,01467200
2016-12-02 00:00:00+00:00,9.4,A,,,8.6,A,,,,,9.1,A,458.0,A,,,302.0,A,,,,,369.0,A,9.7,A,,,8.6,A,,,9.1,A,,,7.4,A,,,7.3,A,,,7.3,A,,,01467200
2016-12-03 00:00:00+00:00,9.0,A,,,8.1,A,,,,,8.6,A,407.0,A,,,294.0,A,,,,,322.0,A,10.1,A,,,9.1,A,,,9.7,A,,,7.4,A,,,7.3,A,,,7.4,A,,,01467200
2016-12-04 00:00:00+00:00,8.7,A,,,8.0,A,,,,,8.3,A,373.0,A,,,296.0,A,,,,,323.0,A,10.2,A,,,9.4,A,,,9.9,A,,,7.4,A,,,7.4,A,,,7.4,A,,,01467200
2016-12-05 00:00:00+00:00,8.6,A,,,7.9,A,,,,,8.2,A,369.0,A,,,297.0,A,,,,,328.0,A,10.3,A,,,9.5,A,,,9.9,A,,,7.4,A,,,7.4,A,,,7.4,A,,,01467200
2017-01-20 00:00:00+00:00,3.0,A,,,2.7,A,,,,,2.9,A,,,,,,,,,,,,,,,,,,,,,,,,,,,,,,,,,,,,,01467200
2017-01-21 00:00:00+00:00,3.1,A,,,2.9,A,,,,,3.0,A,,,,,,,,,,,,,,,,,,,,,,,,,,,,,,,,,,,,,01467200
2017-01-22 00:00:00+00:00,3.3,A,,,2.8,A,,,,,3.0,A,,,,,,,,,,,,,,,,,,,,,,,,,,,,,,,,,,,,,01467200
2017-01-23 00:00:00+00:00,3.4,A,,,2.9,A,,,,,3.2,A,,,,,,,,,,,,,,,,,,,,,,,,,,,,,,,,,,,,,01467200
2017-01-24 00:00:00+00:00,3.4,A,,,3.1,A,,,,,3.3,A,,,,,,,,,,,,,,,,,,,,,,,,,,,,,,,,,,,,,01467200
2017-01-25 00:00:00+00:00,3.7,A,,,3.2,A,,,,,3.4,A,,,,,,,,,,,,,,,,,,,,,,,,,,,,,,,,,,,,,01467200
2017-01-26 00:00:00+00:00,4.3,A,,,3.5,A,,,,,3.8,A,,,,,,,,,,,,,,,,,,,,,,,,,,,,,,,,,,,,,01467200
2017-01-27 00:00:00+00:00,4.5,A,,,3.9,A,,,,,4.3,A,,,,,,,,,,,,,,,,,,,,,,,,,,,,,,,,,,,,,01467200
2017-01-28 00:00:00+00:00,4.5,A,,,4.2,A,,,,,4.4,A,,,,,,,,,,,,,,,,,,,,,,,,,,,,,,,,,,,,,01467200
2017-01-29 00:00:00+00:00,4.5,A,,,4.2,A,,,,,4.4,A,,,,,,,,,,,,,,,,,,,,,,,,,,,,,,,,,,,,,01467200
2017-01-30 00:00:00+00:00,4.4,A,,,4.2,A,,,,,4.3,A,,,,,,,,,,,,,,,,,,,,,,,,,,,,,,,,,,,,,01467200
2017-01-31 00:00:00+00:00,4.2,A,,,3.9,A,,,,,4.1,A,,,,,,,,,,,,,,,,,,,,,,,,,,,,,,,,,,,,,01467200
2017-02-01 00:00:00+00:00,4.1,A,,,3.9,A,,,,,4.0,A,,,,,,,,,,,,,,,,,,,,,,,,,,,,,,,,,,,,,01467200
2017-02-02 00:00:00+00:00,4.1,A,,,3.8,A,,,,,3.9,A,,,,,,,,,,,,,,,,,,,,,,,,,,,,,,,,,,,,,01467200
2017-02-03 00:00:00+00:00,3.8,A,,,3.6,A,,,,,3.7,A,,,,,,,,,,,,,,,,,,,,,,,,,,,,,,,,,,,,,01467200
2017-02-04 00:00:00+00:00,3.6,A,,,3.3,A,,,,,3.4,A,,,,,,,,,,,,,,,,,,,,,,,,,,,,,,,,,,,,,01467200
2017-02-05 00:00:00+00:00,3.3,A,,,3.1,A,,,,,3.2,A,,,,,,,,,,,,,,,,,,,,,,,,,,,,,,,,,,,,,01467200
2017-02-06 00:00:00+00:00,3.4,A,,,3.0,A,,,,,3.2,A,,,,,,,,,,,,,,,,,,,,,,,,,,,,,,,,,,,,,01467200
2017-02-07 00:00:00+00:00,3.5,A,,,3.1,A,,,,,3.3,A,,,,,,,,,,,,,,,,,,,,,,,,,,,,,,,,,,,,,01467200
2017-02-08 00:00:00+00:00,3.9,A,,,3.3,A,,,,,3.6,A,,,,,,,,,,,,,,,,,,,,,,,,,,,,,,,,,,,,,01467200
2017-02-09 00:00:00+00:00,3.9,A,,,3.4,A,,,,,3.7,A,,,,,,,,,,,,,,,,,,,,,,,,,,,,,,,,,,,,,01467200
2017-02-10 00:00:00+00:00,3.5,A,,,3.1,A,,,,,3.3,A,,,,,,,,,,,,,,,,,,,,,,,,,,,,,,,,,,,,,01467200
2017-02-11 00:00:00+00:00,3.4,A,,,3.1,A,,,,,3.3,A,,,,,,,,,,,,,,,,,,,,,,,,,,,,,,,,,,,,,01467200
2017-02-12 00:00:00+00:00,3.5,A,,,3.1,A,,,,,3.3,A,,,,,,,,,,,,,,,,,,,,,,,,,,,,,,,,,,,,,01467200
2017-02-13 00:00:00+00:00,3.4,A,,,2.8,A,,,,,3.1,A,,,,,,,,,,,,,,,,,,,,,,,,,,,,,,,,,,,,,01467200
2017-02-14 00:00:00+00:00,3.3,A,,,2.7,A,,,,,3.0,A,,,,,,,,,,,,,,,,,,,,,,,,,,,,,,,,,,,,,01467200
2017-02-15 00:00:00+00:00,3.3,A,,,2.9,A,,,,,3.1,A,,,,,,,,,,,,,,,,,,,,,,,,,,,,,,,,,,,,,01467200
2017-02-16 00:00:00+00:00,3.1,A,,,2.9,A,,,,,2.9,A,,,,,,,,,,,,,,,,,,,,,,,,,,,,,,,,,,,,,01467200
2017-02-17 00:00:00+00:00,3.0,A,,,2.7,A,,,,,2.9,A,,,,,,,,,,,,,,,,,,,,,,,,,,,,,,,,,,,,,01467200
2017-02-18 00:00:00+00:00,3.3,A,,,2.8,A,,,,,3.0,A,,,,,,,,,,,,,,,,,,,,,,,,,,,,,,,,,,,,,01467200
2017-02-19 00:00:00+00:00,3.6,A,,,3.1,A,,,,,3.4,A,,,,,,,,,,,,,,,,,,,,,,,,,,,,,,,,,,,,,01467200
2017-02-20 00:00:00+00:00,3.8,A,,,3.4,A,,,,,3.6,A,,,,,,,,,,,,,,,,,,,,,,,,,,,,,,,,,,,,,01467200
2017-02-21 00:00:00+00:00,4.0,A,,,3.6,A,,,,,3.8,A,,,,,,,,,,,,,,,,,,,,,,,,,,,,,,,,,,,,,01467200
2017-02-22 00:00:00+00:00,4.2,A,,,3.9,A,,,,,4.1,A,,,,,,,,,,,,,,,,,,,,,,,,,,,,,,,,,,,,,01467200
2017-02-23 00:00:00+00:00,4.6,A,,,4.1,A,,,,,4.4,A,,,,,,,,,,,,,,,,,,,,,,,,,,,,,,,,,,,,,01467200
2017-02-24 00:00:00+00:00,5.2,A,,,4.6,A,,,,,4.9,A,,,,,,,,,,,,,,,,,,,,,,,,,,,,,,,,,,,,,01467200
2017-02-25 00:00:00+00:00,6.1,A,,,5.1,A,,,,,5.5,A,,,,,,,,,,,,,,,,,,,,,,,,,,,,,,,,,,,,,01467200
2017-02-26 00:00:00+00:00,6.9,A,,,5.7,A,,,,,6.2,A,,,,,,,,,,,,,,,,,,,,,,,,,,,,,,,,,,,,,01467200
2017-02-27 00:00:00+00:00,7.5,A,,,6.1,A,,,,,6.8,A,,,,,,,,,,,,,,,,,,,,,,,,,,,,,,,,,,,,,01467200
2017-02-28 00:00:00+00:00,8.6,A,,,7.0,A,,,,,7.8,A,,,,,,,,,,,,,,,,,,,,,,,,,,,,,,,,,,,,,01467200
2017-03-01 00:00:00+00:00,8.8,A,,,7.9,A,,,,,8.5,A,,,,,,,,,,,,,,,,,,,,,,,,,,,,,,,,,,,,,01467200
2017-03-02 00:00:00+00:00,8.8,A,,,7.9,A,,,,,8.5,A,,,,,,,,,,,,,,,,,,,,,,,,,,,,,,,,,,,,,01467200
2017-03-03 00:00:00+00:00,8.3,A,,,7.3,A,,,,,7.9,A,,,,,,,,,,,,,,,,,,,,,,,,,,,,,,,,,,,,,01467200
2017-03-04 00:00:00+00:00,7.5,A,,,6.6,A,,,,,7.1,A,,,,,,,,,,,,,,,,,,,,,,,,,,,,,,,,,,,,,01467200
2017-03-05 00:00:00+00:00,6.7,A,,,6.3,A,,,,,6.5,A,,,,,,,,,,,,,,,,,,,,,,,,,,,,,,,,,,,,,01467200
2017-03-06 00:00:00+00:00,6.7,A,,,6.1,A,,,,,6.4,A,,,,,,,,,,,,,,,,,,,,,,,,,,,,,,,,,,,,,01467200
2017-03-07 00:00:00+00:00,6.8,A,,,6.2,A,,,,,6.5,A,,,,,,,,,,,,,,,,,,,,,,,,,,,,,,,,,,,,,01467200
2017-03-08 00:00:00+00:00,7.0,A,,,6.5,A,,,,,6.7,A,,,,,,,,,,,,,,,,,,,,,,,,,,,,,,,,,,,,,01467200
2017-03-09 00:00:00+00:00,7.1,A,,,6.7,A,,,,,6.9,A,,,,,,,,,,,,,,,,,,,,,,,,,,,,,,,,,,,,,01467200
2017-03-10 00:00:00+00:00,7.2,A,,,6.8,A,,,,,7.0,A,,,,,,,,,,,,,,,,,,,,,,,,,,,,,,,,,,,,,01467200
2017-03-11 00:00:00+00:00,6.9,A,,,5.9,A,,,,,6.4,A,,,,,,,,,,,,,,,,,,,,,,,,,,,,,,,,,,,,,01467200
2017-03-12 00:00:00+00:00,6.3,A,,,5.3,A,,,,,5.8,A,,,,,,,,,,,,,,,,,,,,,,,,,,,,,,,,,,,,,01467200
2017-03-13 00:00:00+00:00,5.8,A,,,4.9,A,,,,,5.4,A,,,,,,,,,,,,,,,,,,,,,,,,,,,,,,,,,,,,,01467200
2017-03-14 00:00:00+00:00,5.6,A,,,4.5,A,,,,,4.9,A,,,,,,,,,,,,,,,,,,,,,,,,,,,,,,,,,,,,,01467200
2017-03-15 00:00:00+00:00,4.6,A,,,4.0,A,,,,,4.3,A,,,,,,,,,,,,,,,,,,,,,,,,,,,,,,,,,,,,,01467200
2017-03-16 00:00:00+00:00,4.1,A,,,3.8,A,,,,,4.0,A,,,,,,,,,,,,,,,,,,,,,,,,,,,,,,,,,,,,,01467200
2017-03-17 00:00:00+00:00,4.2,A,,,3.8,A,,,,,3.9,A,,,,,,,,,,,,,,,,,,,,,,,,,,,,,,,,,,,,,01467200
2017-03-18 00:00:00+00:00,4.1,A,,,3.6,A,,,,,3.9,A,,,,,,,,,,,,,,,,,,,,,,,,,,,,,,,,,,,,,01467200
2017-03-19 00:00:00+00:00,4.3,A,,,3.5,A,,,,,3.9,A,,,,,,,,,,,,,,,,,,,,,,,,,,,,,,,,,,,,,01467200
2017-03-20 00:00:00+00:00,4.4,A,,,3.6,A,,,,,4.0,A,,,,,,,,,,,,,,,,,,,,,,,,,,,,,,,,,,,,,01467200
2017-03-21 00:00:00+00:00,4.4,A,,,3.6,A,,,,,4.0,A,,,,,,,,,,,,,,,,,,,,,,,,,,,,,,,,,,,,,01467200
2017-03-22 00:00:00+00:00,4.2,A,,,3.5,A,,,,,3.9,A,,,,,,,,,,,,,,,,,,,,,,,,,,,,,,,,,,,,,01467200
2017-03-23 00:00:00+00:00,4.4,A,,,3.6,A,,,,,3.9,A,,,,,,,,,,,,,,,,,,,,,,,,,,,,,,,,,,,,,01467200
2017-03-24 00:00:00+00:00,4.8,A,,,4.0,A,,,,,4.4,A,,,,,,,,,,,,,,,,,,,,,,,,,,,,,,,,,,,,,01467200
2017-03-25 00:00:00+00:00,5.6,A,,,4.4,A,,,,,5.0,A,,,,,,,,,,,,,,,,,,,,,,,,,,,,,,,,,,,,,01467200
2017-03-26 00:00:00+00:00,6.0,A,,,5.0,A,,,,,5.5,A,,,,,,,,,,,,,,,,,,,,,,,,,,,,,,,,,,,,,01467200
2017-03-27 00:00:00+00:00,6.6,A,,,5.3,A,,,,,5.9,A,,,,,,,,,,,,,,,,,,,,,,,,,,,,,,,,,,,,,01467200
2017-03-28 00:00:00+00:00,6.9,A,,,5.8,A,,,,,6.5,A,,,,,,,,,,,,,,,,,,,,,,,,,,,,,,,,,,,,,01467200
2017-03-29 00:00:00+00:00,7.2,A,,,6.6,A,,,,,6.9,A,,,,,,,,,,,,,,,,,,,,,,,,,,,,,,,,,,,,,01467200
2017-03-30 00:00:00+00:00,7.2,A,,,6.9,A,,,,,7.0,A,,,,,,,,,,,,,,,,,,,,,,,,,,,,,,,,,,,,,01467200
2017-03-31 00:00:00+00:00,7.5,A,,,7.0,A,,,,,7.2,A,,,,,,,,,,,,,,,,,,,,,,,,,,,,,,,,,,,,,01467200
2017-04-01 00:00:00+00:00,7.4,A,,,6.5,A,,,,,7.0,A,214.0,A,,,184.0,A,,,,,194.0,A,12.0,A,,,11.6,A,,,11.8,A,,,7.5,A,,,7.4,A,,,7.4,A,,,01467200
2017-04-02 00:00:00+00:00,6.7,A,,,6.4,A,,,,,6.5,A,185.0,A,,,166.0,A,,,,,175.0,A,12.0,A,,,11.8,A,,,11.9,A,,,7.4,A,,,7.3,A,,,7.3,A,,,01467200
2017-04-03 00:00:00+00:00,7.1,A,,,6.6,A,,,,,6.8,A,176.0,A,,,167.0,A,,,,,172.0,A,11.9,A,,,11.7,A,,,11.8,A,,,7.4,A,,,7.3,A,,,7.3,A,,,01467200
2017-04-04 00:00:00+00:00,8.0,A,,,7.0,A,,,,,7.5,A,174.0,A,,,160.0,A,,,,,168.0,A,12.0,A,,,11.5,A,,,11.8,A,,,7.3,A,,,7.3,A,,,7.3,A,,,01467200
2017-04-05 00:00:00+00:00,8.9,A,,,7.9,A,,,,,8.3,A,168.0,A,,,161.0,A,,,,,165.0,A,11.8,A,,,11.5,A,,,11.7,A,,,7.3,A,,,7.3,A,,,7.3,A,,,01467200
2017-04-06 00:00:00+00:00,9.6,A,,,8.7,A,,,,,9.3,A,173.0,A,,,162.0,A,,,,,168.0,A,11.7,A,,,10.9,A,,,11.4,A,,,7.4,A,,,7.3,A,,,7.3,A,,,01467200
2017-04-07 00:00:00+00:00,9.8,A,,,9.3,A,,,,,9.6,A,175.0,A,,,166.0,A,,,,,170.0,A,11.1,A,,,10.7,A,,,10.9,A,,,7.4,A,,,7.3,A,,,7.3,A,,,01467200
2017-04-08 00:00:00+00:00,9.4,A,,,8.6,A,,,,,8.9,A,169.0,A,,,156.0,A,,,,,162.0,A,11.2,A,,,10.9,A,,,11.0,A,,,7.4,A,,,7.3,A,,,7.3,A,,,01467200
2017-04-09 00:00:00+00:00,8.8,A,,,8.2,A,,,,,8.5,A,163.0,A,,,143.0,A,,,,,153.0,A,11.3,A,,,11.0,A,,,11.2,A,,,7.4,A,,,7.3,A,,,7.3,A,,,01467200
2017-04-10 00:00:00+00:00,9.2,A,,,8.5,A,,,,,8.8,A,149.0,A,,,136.0,A,,,,,141.0,A,11.4,A,,,11.1,A,,,11.2,A,,,7.3,A,,,7.2,A,,,7.2,A,,,01467200
2017-04-11 00:00:00+00:00,9.9,A,,,8.9,A,,,,,9.4,A,147.0,A,,,136.0,A,,,,,141.0,A,11.4,A,,,11.2,A,,,11.3,A,,,7.2,A,,,7.2,A,,,7.2,A,,,01467200
2017-04-12 00:00:00+00:00,10.7,A,,,9.7,A,,,,,10.1,A,155.0,A,,,141.0,A,,,,,147.0,A,11.3,A,,,11.0,A,,,11.2,A,,,7.2,A,,,7.2,A,,,7.2,A,,,01467200
2017-04-13 00:00:00+00:00,11.4,A,,,10.3,A,,,,,10.8,A,162.0,A,,,147.0,A,,,,,155.0,A,11.2,A,,,10.8,A,,,11.0,A,,,7.3,A,,,7.2,A,,,7.2,A,,,01467200
2017-04-14 00:00:00+00:00,12.1,A,,,10.8,A,,,,,11.5,A,164.0,A,,,154.0,A,,,,,159.0,A,10.9,A,,,10.5,A,,,10.7,A,,,7.3,A,,,7.2,A,,,7.2,A,,,01467200
2017-04-15 00:00:00+00:00,12.6,A,,,11.4,A,,,,,12.0,A,172.0,A,,,158.0,A,,,,,164.0,A,10.6,A,,,10.1,A,,,10.4,A,,,7.3,A,,,7.2,A,,,7.2,A,,,01467200
2017-04-16 00:00:00+00:00,13.4,A,,,12.1,A,,,,,12.8,A,178.0,A,,,165.0,A,,,,,171.0,A,10.2,A,,,10.0,A,,,10.1,A,,,7.3,A,,,7.2,A,,,7.2,A,,,01467200
2017-04-17 00:00:00+00:00,13.7,A,,,13.0,A,,,,,13.4,A,183.0,A,,,170.0,A,,,,,176.0,A,10.0,A,,,9.8,A,,,9.9,A,,,7.3,A,,,7.2,A,,,7.2,A,,,01467200
2017-04-18 00:00:00+00:00,14.2,A,,,13.3,A,,,,,13.7,A,185.0,A,,,175.0,A,,,,,179.0,A,10.0,A,,,9.7,A,,,9.8,A,,,7.3,A,,,7.2,A,,,7.2,A,,,01467200
2017-04-19 00:00:00+00:00,14.2,A,,,13.6,A,,,,,14.0,A,190.0,A,,,178.0,A,,,,,184.0,A,9.9,A,,,9.6,A,,,9.8,A,,,7.3,A,,,7.2,A,,,7.3,A,,,01467200
2017-04-20 00:00:00+00:00,14.7,A,,,14.0,A,,,,,14.3,A,197.0,A,,,186.0,A,,,,,190.0,A,10.0,A,,,9.4,A,,,9.7,A,,,7.3,A,,,7.2,A,,,7.3,A,,,01467200
2017-04-21 00:00:00+00:00,14.7,A,,,14.4,A,,,,,14.5,A,204.0,A,,,189.0,A,,,,,196.0,A,9.8,A,,,9.3,A,,,9.6,A,,,7.3,A,,,7.2,A,,,7.3,A,,,01467200
2017-04-22 00:00:00+00:00,14.9,A,,,14.6,A,,,,,14.7,A,208.0,A,,,195.0,A,,,,,203.0,A,9.5,A,,,9.1,A,,,9.3,A,,,7.3,A,,,7.2,A,,,7.2,A,,,01467200
2017-04-23 00:00:00+00:00,15.3,A,,,14.6,A,,,,,14.9,A,221.0,A,,,201.0,A,,,,,209.0,A,9.3,A,,,8.9,A,,,9.1,A,,,7.3,A,,,7.2,A,,,7.3,A,,,01467200
2017-04-24 00:00:00+00:00,15.1,A,,,14.9,A,,,,,15.0,A,216.0,A,,,205.0,A,,,,,212.0,A,9.1,A,,,8.9,A,,,9.0,A,,,7.4,A,,,7.2,A,,,7.3,A,,,01467200
2017-04-25 00:00:00+00:00,15.0,A,,,14.8,A,,,,,14.9,A,221.0,A,,,213.0,A,,,,,217.0,A,9.1,A,,,8.9,A,,,9.0,A,,,7.4,A,,,7.3,A,,,7.3,A,,,01467200
2017-04-26 00:00:00+00:00,14.9,A,,,14.3,A,,,,,14.7,A,222.0,A,,,210.0,A,,,,,218.0,A,9.0,A,,,8.7,A,,,8.9,A,,,7.3,A,,,7.2,A,,,7.3,A,,,01467200
2017-04-27 00:00:00+00:00,15.2,A,,,14.2,A,,,,,14.7,A,224.0,A,,,200.0,A,,,,,214.0,A,9.2,A,,,8.6,A,,,8.9,A,,,7.3,A,,,7.2,A,,,7.3,A,,,01467200
2017-04-28 00:00:00+00:00,15.4,A,,,14.5,A,,,,,14.9,A,226.0,A,,,194.0,A,,,,,209.0,A,9.2,A,,,8.7,A,,,9.0,A,,,7.3,A,,,7.2,A,,,7.3,A,,,01467200
2017-04-29 00:00:00+00:00,15.6,A,,,14.9,A,,,,,15.3,A,221.0,A,,,190.0,A,,,,,203.0,A,9.1,A,,,8.8,A,,,8.9,A,,,7.2,A,,,7.2,A,,,7.2,A,,,01467200
2017-04-30 00:00:00+00:00,16.0,A,,,15.3,A,,,,,15.6,A,218.0,A,,,187.0,A,,,,,199.0,A,9.1,A,,,8.7,A,,,9.0,A,,,7.2,A,,,7.2,A,,,7.2,A,,,01467200
2017-05-01 00:00:00+00:00,16.2,A,,,15.6,A,,,,,15.8,A,218.0,A,,,192.0,A,,,,,202.0,A,9.0,A,,,8.7,A,,,8.9,A,,,7.2,A,,,7.2,A,,,7.2,A,,,01467200
2017-05-02 00:00:00+00:00,16.6,A,,,16.1,A,,,,,16.4,A,215.0,A,,,195.0,A,,,,,204.0,A,9.0,A,,,8.6,A,,,8.8,A,,,7.2,A,,,7.2,A,,,7.2,A,,,01467200
2017-05-03 00:00:00+00:00,17.1,A,,,16.4,A,,,,,16.6,A,216.0,A,,,199.0,A,,,,,206.0,A,9.0,A,,,8.4,A,,,8.8,A,,,7.3,A,,,7.2,A,,,7.2,A,,,01467200
2017-05-04 00:00:00+00:00,17.5,A,,,16.4,A,,,,,16.9,A,216.0,A,,,199.0,A,,,,,206.0,A,9.0,A,,,8.6,A,,,8.8,A,,,7.3,A,,,7.2,A,,,7.2,A,,,01467200
2017-05-05 00:00:00+00:00,17.6,A,,,16.7,A,,,,,17.2,A,213.0,A,,,197.0,A,,,,,206.0,A,8.8,A,,,8.2,A,,,8.5,A,,,7.3,A,,,7.2,A,,,7.2,A,,,01467200
2017-05-06 00:00:00+00:00,17.7,A,,,17.1,A,,,,,17.5,A,209.0,A,,,200.0,A,,,,,205.0,A,8.5,A,,,7.9,A,,,8.2,A,,,7.3,A,,,7.2,A,,,7.2,A,,,01467200
2017-05-07 00:00:00+00:00,17.5,A,,,16.4,A,,,,,17.1,A,212.0,A,,,197.0,A,,,,,207.0,A,8.9,A,,,8.1,A,,,8.4,A,,,7.4,A,,,7.2,A,,,7.3,A,,,01467200
2017-05-08 00:00:00+00:00,17.0,A,,,15.4,A,,,,,16.2,A,214.0,A,,,170.0,A,,,,,195.0,A,8.8,A,,,8.2,A,,,8.6,A,,,7.3,A,,,7.2,A,,,7.3,A,,,01467200
2017-05-09 00:00:00+00:00,16.4,A,,,15.0,A,,,,,15.6,A,209.0,A,,,166.0,A,,,,,181.0,A,8.7,A,,,8.4,A,,,8.6,A,,,7.3,A,,,7.1,A,,,7.2,A,,,01467200
2017-05-10 00:00:00+00:00,16.1,A,,,14.8,A,,,,,15.4,A,199.0,A,,,168.0,A,,,,,178.0,A,8.9,A,,,8.4,A,,,8.6,A,,,7.2,A,,,7.1,A,,,7.2,A,,,01467200
2017-05-11 00:00:00+00:00,15.9,A,,,14.5,A,,,,,15.1,A,192.0,A,,,172.0,A,,,,,179.0,A,9.1,A,,,8.3,A,,,8.7,A,,,7.2,A,,,7.1,A,,,7.1,A,,,01467200
2017-05-12 00:00:00+00:00,15.4,A,,,14.3,A,,,,,14.8,A,190.0,A,,,171.0,A,,,,,179.0,A,9.3,A,,,8.3,A,,,8.8,A,,,7.2,A,,,7.1,A,,,7.1,A,,,01467200
2017-05-13 00:00:00+00:00,15.2,A,,,13.8,A,,,,,14.4,A,192.0,A,,,169.0,A,,,,,180.0,A,9.2,A,,,8.4,A,,,8.9,A,,,7.2,A,,,7.1,A,,,7.1,A,,,01467200
2017-05-14 00:00:00+00:00,14.3,A,,,13.8,A,,,,,14.1,A,176.0,A,,,166.0,A,,,,,171.0,A,9.4,A,,,8.8,A,,,9.1,A,,,7.2,A,,,7.1,A,,,7.1,A,,,01467200
2017-05-15 00:00:00+00:00,14.6,A,,,14.0,A,,,,,14.1,A,183.0,A,,,166.0,A,,,,,172.0,A,9.5,A,,,9.0,A,,,9.4,A,,,7.2,A,,,7.1,A,,,7.2,A,,,01467200
2017-05-16 00:00:00+00:00,14.8,A,,,14.1,A,,,,,14.4,A,186.0,A,,,172.0,A,,,,,179.0,A,9.5,A,,,9.1,A,,,9.3,A,,,7.2,A,,,7.2,A,,,7.2,A,,,01467200
2017-05-17 00:00:00+00:00,15.5,A,,,14.6,A,,,,,15.0,A,187.0,A,,,179.0,A,,,,,183.0,A,9.3,A,,,8.8,A,,,9.1,A,,,7.2,A,,,7.1,A,,,7.2,A,,,01467200
2017-05-18 00:00:00+00:00,16.4,A,,,15.4,A,,,,,15.9,A,190.0,A,,,182.0,A,,,,,186.0,A,8.9,A,,,8.5,A,,,8.8,A,,,7.2,A,,,7.1,A,,,7.2,A,,,01467200
2017-05-19 00:00:00+00:00,17.6,A,,,16.4,A,,,,,16.9,A,200.0,A,,,187.0,A,,,,,192.0,A,8.7,A,,,8.3,A,,,8.6,A,,,7.2,A,,,7.1,A,,,7.1,A,,,01467200
2017-05-20 00:00:00+00:00,17.9,A,,,17.2,A,,,,,17.5,A,200.0,A,,,193.0,A,,,,,196.0,A,8.7,A,,,8.1,A,,,8.4,A,,,7.2,A,,,7.1,A,,,7.1,A,,,01467200
2017-05-21 00:00:00+00:00,18.4,A,,,17.3,A,,,,,17.8,A,202.0,A,,,193.0,A,,,,,198.0,A,8.5,A,,,7.9,A,,,8.3,A,,,7.2,A,,,7.1,A,,,7.2,A,,,01467200
2017-05-22 00:00:00+00:00,18.5,A,,,17.7,A,,,,,18.1,A,207.0,A,,,193.0,A,,,,,200.0,A,8.3,A,,,7.4,A,,,8.0,A,,,7.2,A,,,7.1,A,,,7.1,A,,,01467200
2017-05-23 00:00:00+00:00,18.8,A,,,17.9,A,,,,,18.3,A,208.0,A,,,192.0,A,,,,,199.0,A,7.9,A,,,7.2,A,,,7.6,A,,,7.1,A,,,7.0,A,,,7.1,A,,,01467200
2017-05-24 00:00:00+00:00,19.1,A,,,18.1,A,,,,,18.5,A,210.0,A,,,193.0,A,,,,,202.0,A,7.5,A,,,7.0,A,,,7.3,A,,,7.1,A,,,7.0,A,,,7.1,A,,,01467200
2017-05-25 00:00:00+00:00,19.0,A,,,18.2,A,,,,,18.5,A,215.0,A,,,196.0,A,,,,,206.0,A,7.4,A,,,6.8,A,,,7.1,A,,,7.1,A,,,7.0,A,,,7.0,A,,,01467200
2017-05-26 00:00:00+00:00,19.2,A,,,18.2,A,,,,,18.8,A,214.0,A,,,197.0,A,,,,,204.0,A,7.0,A,,,6.6,A,,,6.8,A,,,7.2,A,,,7.0,A,,,7.1,A,,,01467200
2017-05-27 00:00:00+00:00,19.3,A,,,18.6,A,,,,,19.0,A,212.0,A,,,199.0,A,,,,,206.0,A,7.1,A,,,6.5,A,,,6.8,A,,,7.2,A,,,7.1,A,,,7.1,A,,,01467200
2017-05-28 00:00:00+00:00,19.6,A,,,18.9,A,,,,,19.3,A,217.0,A,,,203.0,A,,,,,211.0,A,7.0,A,,,6.4,A,,,6.7,A,,,7.2,A,,,7.0,A,,,7.1,A,,,01467200
2017-05-29 00:00:00+00:00,19.4,A,,,19.0,A,,,,,19.2,A,221.0,A,,,209.0,A,,,,,217.0,A,7.0,A,,,6.3,A,,,6.6,A,,,7.1,A,,,7.0,A,,,7.1,A,,,01467200
2017-05-30 00:00:00+00:00,19.1,A,,,18.8,A,,,,,19.0,A,224.0,A,,,215.0,A,,,,,220.0,A,6.8,A,,,6.1,A,,,6.4,A,,,7.1,A,,,7.0,A,,,7.1,A,,,01467200
2017-05-31 00:00:00+00:00,19.4,A,,,18.8,A,,,,,19.0,A,227.0,A,,,219.0,A,,,,,223.0,A,6.7,A,,,5.9,A,,,6.3,A,,,7.1,A,,,7.0,A,,,7.1,A,,,01467200
2017-06-01 00:00:00+00:00,19.5,A,,,19.1,A,,,,,19.3,A,229.0,A,,,222.0,A,,,,,225.0,A,6.8,A,,,5.8,A,,,6.4,A,,,7.1,A,,,7.0,A,,,7.1,A,,,01467200
2017-06-02 00:00:00+00:00,19.7,A,,,19.2,A,,,,,19.5,A,232.0,A,,,224.0,A,,,,,229.0,A,6.9,A,,,6.1,A,,,6.6,A,,,7.2,A,,,7.1,A,,,7.1,A,,,01467200
2017-06-03 00:00:00+00:00,19.8,A,,,19.5,A,,,,,19.6,A,236.0,A,,,228.0,A,,,,,233.0,A,7.0,A,,,6.3,A,,,6.7,A,,,7.2,A,,,7.1,A,,,7.1,A,,,01467200
2017-06-04 00:00:00+00:00,20.0,A,,,19.7,A,,,,,19.8,A,249.0,A,,,230.0,A,,,,,238.0,A,7.2,A,,,6.4,A,,,6.8,A,,,7.2,A,,,7.1,A,,,7.2,A,,,01467200
2017-06-05 00:00:00+00:00,20.0,A,,,19.9,A,,,,,20.0,A,258.0,A,,,236.0,A,,,,,243.0,A,7.1,A,,,6.2,A,,,6.7,A,,,7.2,A,,,7.1,A,,,7.1,A,,,01467200
2017-06-06 00:00:00+00:00,20.0,A,,,19.8,A,,,,,19.9,A,256.0,A,,,241.0,A,,,,,248.0,A,7.1,A,,,6.2,A,,,6.6,A,,,7.2,A,,,7.1,A,,,7.1,A,,,01467200
2017-06-07 00:00:00+00:00,19.9,A,,,19.5,A,,,,,19.7,A,253.0,A,,,246.0,A,,,,,250.0,A,7.2,A,,,6.2,A,,,6.7,A,,,7.2,A,,,7.1,A,,,7.2,A,,,01467200
2017-06-08 00:00:00+00:00,19.7,A,,,19.4,A,,,,,19.5,A,252.0,A,,,227.0,A,,,,,241.0,A,7.5,A,,,6.3,A,,,7.0,A,,,7.3,A,,,7.1,A,,,7.2,A,,,01467200
2017-06-09 00:00:00+00:00,19.8,A,,,19.2,A,,,,,19.5,A,244.0,A,,,230.0,A,,,,,235.0,A,7.7,A,,,6.8,A,,,7.3,A,,,7.3,A,,,7.2,A,,,7.2,A,,,01467200
2017-06-10 00:00:00+00:00,20.0,A,,,19.0,A,,,,,19.5,A,238.0,A,,,217.0,A,,,,,231.0,A,8.2,A,,,7.0,A,,,7.7,A,,,7.3,A,,,7.2,A,,,7.3,A,,,01467200
2017-06-11 00:00:00+00:00,20.2,A,,,19.2,A,,,,,19.7,A,236.0,A,,,195.0,A,,,,,219.0,A,8.3,A,,,7.5,A,,,8.0,A,,,7.3,A,,,7.3,A,,,7.3,A,,,01467200
2017-06-12 00:00:00+00:00,20.6,A,,,19.7,A,,,,,20.1,A,235.0,A,,,177.0,A,,,,,207.0,A,8.3,A,,,7.7,A,,,8.1,A,,,7.3,A,,,7.2,A,,,7.3,A,,,01467200
2017-06-13 00:00:00+00:00,21.1,A,,,20.0,A,,,,,20.5,A,228.0,A,,,171.0,A,,,,,195.0,A,8.6,A,,,7.9,A,,,8.2,A,,,7.3,A,,,7.2,A,,,7.2,A,,,01467200
2017-06-14 00:00:00+00:00,21.4,A,,,20.6,A,,,,,21.0,A,221.0,A,,,158.0,A,,,,,187.0,A,8.6,A,,,7.9,A,,,8.3,A,,,7.3,A,,,7.2,A,,,7.2,A,,,01467200
2017-06-15 00:00:00+00:00,21.7,A,,,21.0,A,,,,,21.3,A,212.0,A,,,157.0,A,,,,,182.0,A,8.8,A,,,8.0,A,,,8.4,A,,,7.3,A,,,7.2,A,,,7.2,A,,,01467200
2017-06-16 00:00:00+00:00,21.8,A,,,21.4,A,,,,,21.6,A,209.0,A,,,157.0,A,,,,,177.0,A,8.7,A,,,8.0,A,,,8.4,A,,,7.3,A,,,7.2,A,,,7.2,A,,,01467200
2017-06-17 00:00:00+00:00,22.2,A,,,21.7,A,,,,,21.9,A,202.0,A,,,158.0,A,,,,,176.0,A,8.4,A,,,7.9,A,,,8.2,A,,,7.2,A,,,7.1,A,,,7.2,A,,,01467200
2017-06-18 00:00:00+00:00,23.0,A,,,22.0,A,,,,,22.4,A,196.0,A,,,164.0,A,,,,,177.0,A,8.2,A,,,7.4,A,,,7.9,A,,,7.2,A,,,7.1,A,,,7.2,A,,,01467200
2017-06-19 00:00:00+00:00,23.6,A,,,22.6,A,,,,,23.1,A,192.0,A,,,166.0,A,,,,,177.0,A,8.2,A,,,7.3,A,,,7.8,A,,,7.3,A,,,7.1,A,,,7.2,A,,,01467200
2017-06-20 00:00:00+00:00,24.3,A,,,23.1,A,,,,,23.6,A,203.0,A,,,171.0,A,,,,,183.0,A,7.8,A,,,7.0,A,,,7.5,A,,,7.3,A,,,7.1,A,,,7.2,A,,,01467200
2017-06-21 00:00:00+00:00,24.7,A,,,23.5,A,,,,,24.1,A,192.0,A,,,173.0,A,,,,,182.0,A,7.8,A,,,7.1,A,,,7.5,A,,,7.3,A,,,7.1,A,,,7.2,A,,,01467200
2017-06-22 00:00:00+00:00,25.2,A,,,23.9,A,,,,,24.6,A,207.0,A,,,178.0,A,,,,,188.0,A,8.0,A,,,7.0,A,,,7.5,A,,,7.3,A,,,7.1,A,,,7.2,A,,,01467200
2017-06-23 00:00:00+00:00,25.3,A,,,24.5,A,,,,,24.9,A,209.0,A,,,185.0,A,,,,,193.0,A,7.7,A,,,6.9,A,,,7.3,A,,,7.3,A,,,7.2,A,,,7.2,A,,,01467200
2017-06-24 00:00:00+00:00,25.4,A,,,24.8,A,,,,,25.1,A,203.0,A,,,187.0,A,,,,,196.0,A,7.4,A,,,6.7,A,,,7.1,A,,,7.3,A,,,7.1,A,,,7.2,A,,,01467200
2017-06-25 00:00:00+00:00,25.6,A,,,25.1,A,,,,,25.4,A,212.0,A,,,196.0,A,,,,,203.0,A,7.4,A,,,6.6,A,,,7.0,A,,,7.3,A,,,7.1,A,,,7.2,A,,,01467200
2017-06-26 00:00:00+00:00,25.5,A,,,25.2,A,,,,,25.3,A,222.0,A,,,206.0,A,,,,,212.0,A,7.3,A,,,6.4,A,,,6.9,A,,,7.3,A,,,7.1,A,,,7.2,A,,,01467200
2017-06-27 00:00:00+00:00,25.5,A,,,25.1,A,,,,,25.2,A,227.0,A,,,212.0,A,,,,,220.0,A,7.2,A,,,6.3,A,,,6.8,A,,,7.3,A,,,7.1,A,,,7.2,A,,,01467200
2017-06-28 00:00:00+00:00,25.2,A,,,24.9,A,,,,,25.1,A,229.0,A,,,220.0,A,,,,,224.0,A,7.3,A,,,6.2,A,,,6.8,A,,,7.3,A,,,7.1,A,,,7.2,A,,,01467200
2017-06-29 00:00:00+00:00,25.2,A,,,24.8,A,,,,,25.0,A,231.0,A,,,224.0,A,,,,,226.0,A,7.6,A,,,6.2,A,,,6.8,A,,,7.3,A,,,7.1,A,,,7.2,A,,,01467200
2017-06-30 00:00:00+00:00,25.4,A,,,24.8,A,,,,,25.1,A,237.0,A,,,223.0,A,,,,,228.0,A,7.6,A,,,6.4,A,,,7.0,A,,,7.3,A,,,7.2,A,,,7.2,A,,,01467200
2017-07-01 00:00:00+00:00,25.5,A,,,25.2,A,,,,,25.3,A,236.0,A,,,221.0,A,,,,,230.0,A,7.5,A,,,6.3,A,,,6.8,A,,,7.3,A,,,7.2,A,,,7.2,A,,,01467200
2017-07-02 00:00:00+00:00,25.8,A,,,25.3,A,,,,,25.5,A,245.0,A,,,221.0,A,,,,,231.0,A,7.0,A,,,6.0,A,,,6.4,A,,,7.2,A,,,7.1,A,,,7.2,A,,,01467200
2017-07-03 00:00:00+00:00,26.1,A,,,25.6,A,,,,,25.9,A,249.0,A,,,216.0,A,,,,,231.0,A,6.9,A,,,5.8,A,,,6.3,A,,,7.2,A,,,7.1,A,,,7.1,A,,,01467200
2017-07-04 00:00:00+00:00,26.5,A,,,26.0,A,,,,,26.2,A,251.0,A,,,221.0,A,,,,,235.0,A,7.0,A,,,5.7,A,,,6.2,A,,,7.2,A,,,7.1,A,,,7.1,A,,,01467200
2017-07-05 00:00:00+00:00,26.4,A,,,26.2,A,,,,,26.3,A,255.0,A,,,224.0,A,,,,,235.0,A,6.7,A,,,5.5,A,,,6.0,A,,,7.2,A,,,7.1,A,,,7.1,A,,,01467200
2017-07-06 00:00:00+00:00,26.2,A,,,26.0,A,,,,,26.1,A,255.0,A,,,228.0,A,,,,,239.0,A,6.3,A,,,5.1,A,,,5.8,A,,,7.1,A,,,7.0,A,,,7.1,A,,,01467200
2017-07-07 00:00:00+00:00,26.1,A,,,25.9,A,,,,,26.0,A,257.0,A,,,228.0,A,,,,,241.0,A,5.9,A,,,4.9,A,,,5.4,A,,,7.1,A,,,7.0,A,,,7.0,A,,,01467200
2017-07-08 00:00:00+00:00,26.2,A,,,25.9,A,,,,,26.1,A,257.0,A,,,238.0,A,,,,,244.0,A,6.2,A,,,4.7,A,,,5.4,A,,,7.2,A,,,7.0,A,,,7.0,A,,,01467200
2017-07-09 00:00:00+00:00,26.4,A,,,26.0,A,,,,,26.2,A,255.0,A,,,241.0,A,,,,,246.0,A,6.4,A,,,4.9,A,,,5.6,A,,,7.2,A,,,7.0,A,,,7.1,A,,,01467200
2017-07-10 00:00:00+00:00,26.5,A,,,26.0,A,,,,,26.2,A,260.0,A,,,245.0,A,,,,,251.0,A,6.4,A,,,5.2,A,,,5.7,A,,,7.2,A,,,7.0,A,,,7.1,A,,,01467200
2017-07-11 00:00:00+00:00,26.6,A,,,26.2,A,,,,,26.4,A,264.0,A,,,252.0,A,,,,,256.0,A,6.3,A,,,5.2,A,,,5.7,A,,,7.2,A,,,7.1,A,,,7.1,A,,,01467200
2017-07-12 00:00:00+00:00,26.7,A,,,26.4,A,,,,,26.5,A,265.0,A,,,254.0,A,,,,,260.0,A,6.2,A,,,5.2,A,,,5.6,A,,,7.2,A,,,7.1,A,,,7.1,A,,,01467200
2017-07-13 00:00:00+00:00,26.9,A,,,26.5,A,,,,,26.7,A,273.0,A,,,258.0,A,,,,,263.0,A,6.2,A,,,5.1,A,,,5.6,A,,,7.2,A,,,7.1,A,,,7.1,A,,,01467200
2017-07-14 00:00:00+00:00,26.8,A,,,26.6,A,,,,,26.7,A,278.0,A,,,258.0,A,,,,,265.0,A,6.1,A,,,5.0,A,,,5.4,A,,,7.2,A,,,7.1,A,,,7.1,A,,,01467200
2017-07-15 00:00:00+00:00,26.8,A,,,26.6,A,,,,,26.7,A,276.0,A,,,253.0,A,,,,,265.0,A,5.5,A,,,4.6,A,,,5.0,A,,,7.2,A,,,7.0,A,,,7.1,A,,,01467200
2017-07-16 00:00:00+00:00,26.9,A,,,26.6,A,,,,,26.7,A,277.0,A,,,251.0,A,,,,,265.0,A,5.5,A,,,4.5,A,,,5.0,A,,,7.2,A,,,7.0,A,,,7.1,A,,,01467200
2017-07-17 00:00:00+00:00,27.0,A,,,26.6,A,,,,,26.8,A,278.0,A,,,253.0,A,,,,,264.0,A,5.8,A,,,4.5,A,,,5.1,A,,,7.2,A,,,7.1,A,,,7.1,A,,,01467200
2017-07-18 00:00:00+00:00,27.2,A,,,26.7,A,,,,,26.9,A,281.0,A,,,250.0,A,,,,,265.0,A,5.9,A,,,4.5,A,,,5.2,A,,,7.2,A,,,7.1,A,,,7.1,A,,,01467200
2017-07-19 00:00:00+00:00,27.4,A,,,26.9,A,,,,,27.2,A,275.0,A,,,252.0,A,,,,,263.0,A,6.1,A,,,4.8,A,,,5.4,A,,,7.2,A,,,7.1,A,,,7.1,A,,,01467200
2017-07-20 00:00:00+00:00,27.7,A,,,27.2,A,,,,,27.5,A,276.0,A,,,253.0,A,,,,,262.0,A,6.3,A,,,4.9,A,,,5.5,A,,,7.2,A,,,7.1,A,,,7.1,A,,,01467200
2017-07-21 00:00:00+00:00,28.0,A,,,27.5,A,,,,,27.7,A,281.0,A,,,255.0,A,,,,,267.0,A,6.4,A,,,5.1,A,,,5.6,A,,,7.2,A,,,7.1,A,,,7.1,A,,,01467200
2017-07-22 00:00:00+00:00,28.2,A,,,27.7,A,,,,,28.0,A,285.0,A,,,260.0,A,,,,,270.0,A,6.3,A,,,5.1,A,,,5.7,A,,,7.2,A,,,7.1,A,,,7.2,A,,,01467200
2017-07-23 00:00:00+00:00,28.2,A,,,27.9,A,,,,,28.0,A,282.0,A,,,262.0,A,,,,,270.0,A,6.1,A,,,5.0,A,,,5.4,A,,,7.2,A,,,7.1,A,,,7.1,A,,,01467200
2017-07-24 00:00:00+00:00,28.0,A,,,27.7,A,,,,,27.9,A,282.0,A,,,256.0,A,,,,,268.0,A,5.9,A,,,4.8,A,,,5.3,A,,,7.2,A,,,7.1,A,,,7.1,A,,,01467200
2017-07-25 00:00:00+00:00,27.8,A,,,27.4,A,,,,,27.7,A,285.0,A,,,249.0,A,,,,,263.0,A,5.8,A,,,4.8,A,,,5.3,A,,,7.2,A,,,7.1,A,,,7.1,A,,,01467200
2017-07-26 00:00:00+00:00,27.5,A,,,27.2,A,,,,,27.4,A,268.0,A,,,250.0,A,,,,,260.0,A,6.0,A,,,4.5,A,,,5.3,A,,,7.2,A,,,7.0,A,,,7.1,A,,,01467200
2017-07-27 00:00:00+00:00,27.2,A,,,27.0,A,,,,,27.1,A,270.0,A,,,256.0,A,,,,,262.0,A,6.0,A,,,4.8,A,,,5.4,A,,,7.2,A,,,7.0,A,,,7.1,A,,,01467200
2017-07-28 00:00:00+00:00,27.2,A,,,26.9,A,,,,,27.0,A,266.0,A,,,249.0,A,,,,,258.0,A,6.0,A,,,4.7,A,,,5.4,A,,,7.2,A,,,7.0,A,,,7.1,A,,,01467200
2017-07-29 00:00:00+00:00,26.9,A,,,26.2,A,,,,,26.6,A,269.0,A,,,248.0,A,,,,,258.0,A,6.0,A,,,4.8,A,,,5.4,A,,,7.2,A,,,7.0,A,,,7.1,A,,,01467200
2017-07-30 00:00:00+00:00,26.2,A,,,25.7,A,,,,,26.0,A,261.0,A,,,241.0,A,,,,,252.0,A,6.2,A,,,5.0,A,,,5.6,A,,,7.2,A,,,7.1,A,,,7.1,A,,,01467200
2017-07-31 00:00:00+00:00,26.1,A,,,25.3,A,,,,,25.8,A,257.0,A,,,236.0,A,,,,,249.0,A,6.5,A,,,5.2,A,,,5.8,A,,,7.2,A,,,7.0,A,,,7.1,A,,,01467200
2017-08-01 00:00:00+00:00,26.2,A,,,25.3,A,,,,,25.8,A,256.0,A,,,236.0,A,,,,,246.0,A,6.7,A,,,5.4,A,,,6.0,A,,,7.2,A,,,7.1,A,,,7.1,A,,,01467200
2017-08-02 00:00:00+00:00,26.3,A,,,25.4,A,,,,,25.8,A,270.0,A,,,232.0,A,,,,,249.0,A,6.6,A,,,5.6,A,,,6.0,A,,,7.2,A,,,7.1,A,,,7.1,A,,,01467200
2017-08-03 00:00:00+00:00,26.1,A,,,25.3,A,,,,,25.7,A,258.0,A,,,229.0,A,,,,,243.0,A,6.6,A,,,5.6,A,,,6.0,A,,,7.1,A,,,7.1,A,,,7.1,A,,,01467200
2017-08-04 00:00:00+00:00,26.2,A,,,25.3,A,,,,,25.8,A,255.0,A,,,225.0,A,,,,,240.0,A,7.3,A,,,5.6,A,,,6.4,A,,,7.2,A,,,7.0,A,,,7.1,A,,,01467200
2017-08-05 00:00:00+00:00,26.2,A,,,25.3,A,,,,,25.6,A,255.0,A,,,211.0,A,,,,,230.0,A,7.2,A,,,6.0,A,,,6.6,A,,,7.1,A,,,7.1,A,,,7.1,A,,,01467200
2017-08-06 00:00:00+00:00,25.7,A,,,25.0,A,,,,,25.3,A,245.0,A,,,210.0,A,,,,,223.0,A,7.3,A,,,6.1,A,,,6.7,A,,,7.2,A,,,7.1,A,,,7.1,A,,,01467200
2017-08-07 00:00:00+00:00,25.5,A,,,24.7,A,,,,,25.0,A,241.0,A,,,209.0,A,,,,,222.0,A,6.9,A,,,6.0,A,,,6.5,A,,,7.1,A,,,7.0,A,,,7.1,A,,,01467200
2017-08-08 00:00:00+00:00,25.0,A,,,24.6,A,,,,,24.8,A,239.0,A,,,210.0,A,,,,,220.0,A,6.6,A,,,5.8,A,,,6.2,A,,,7.1,A,,,7.0,A,,,7.0,A,,,01467200
2017-08-09 00:00:00+00:00,25.1,A,,,24.6,A,,,,,24.8,A,233.0,A,,,214.0,A,,,,,222.0,A,6.8,A,,,5.7,A,,,6.2,A,,,7.1,A,,,7.0,A,,,7.0,A,,,01467200
2017-08-10 00:00:00+00:00,25.3,A,,,24.8,A,,,,,25.0,A,240.0,A,,,217.0,A,,,,,227.0,A,6.7,A,,,5.7,A,,,6.2,A,,,7.1,A,,,7.0,A,,,7.0,A,,,01467200
2017-08-11 00:00:00+00:00,25.3,A,,,24.9,A,,,,,25.1,A,244.0,A,,,224.0,A,,,,,234.0,A,6.7,A,,,5.6,A,,,6.1,A,,,7.1,A,,,7.0,A,,,7.0,A,,,01467200
2017-08-12 00:00:00+00:00,25.3,A,,,25.0,A,,,,,25.1,A,251.0,A,,,229.0,A,,,,,239.0,A,6.6,A,,,5.5,A,,,5.9,A,,,7.1,A,,,7.0,A,,,7.0,A,,,01467200
2017-08-13 00:00:00+00:00,25.4,A,,,25.1,A,,,,,25.2,A,248.0,A,,,239.0,A,,,,,244.0,A,6.4,A,,,5.2,A,,,5.8,A,,,7.1,A,,,7.0,A,,,7.0,A,,,01467200
2017-08-14 00:00:00+00:00,25.4,A,,,25.1,A,,,,,25.3,A,268.0,A,,,243.0,A,,,,,250.0,A,6.5,A,,,5.2,A,,,5.9,A,,,7.1,A,,,7.0,A,,,7.0,A,,,01467200
2017-08-15 00:00:00+00:00,25.3,A,,,25.2,A,,,,,25.3,A,259.0,A,,,245.0,A,,,,,250.0,A,6.4,A,,,5.0,A,,,5.7,A,,,7.1,A,,,7.0,A,,,7.0,A,,,01467200
2017-08-16 00:00:00+00:00,25.5,A,,,25.0,A,,,,,25.3,A,264.0,A,,,246.0,A,,,,,254.0,A,6.3,A,,,4.9,A,,,5.6,A,,,7.1,A,,,7.0,A,,,7.0,A,,,01467200
2017-08-17 00:00:00+00:00,25.7,A,,,25.2,A,,,,,25.4,A,266.0,A,,,249.0,A,,,,,256.0,A,6.1,A,,,4.9,A,,,5.5,A,,,7.1,A,,,7.0,A,,,7.0,A,,,01467200
2017-08-18 00:00:00+00:00,25.7,A,,,25.4,A,,,,,25.5,A,265.0,A,,,252.0,A,,,,,257.0,A,6.0,A,,,4.7,A,,,5.4,A,,,7.1,A,,,7.0,A,,,7.0,A,,,01467200
2017-08-19 00:00:00+00:00,25.8,A,,,25.4,A,,,,,25.6,A,266.0,A,,,254.0,A,,,,,259.0,A,5.6,A,,,4.7,A,,,5.1,A,,,7.1,A,,,7.0,A,,,7.0,A,,,01467200
2017-08-20 00:00:00+00:00,25.9,A,,,25.4,A,,,,,25.7,A,272.0,A,,,255.0,A,,,,,263.0,A,5.6,A,,,4.8,A,,,5.2,A,,,7.1,A,,,7.0,A,,,7.1,A,,,01467200
2017-08-21 00:00:00+00:00,25.9,A,,,25.6,A,,,,,25.8,A,269.0,A,,,254.0,A,,,,,262.0,A,5.5,A,,,4.8,A,,,5.2,A,,,7.1,A,,,7.0,A,,,7.1,A,,,01467200
2017-08-22 00:00:00+00:00,26.2,A,,,25.7,A,,,,,25.9,A,275.0,A,,,256.0,A,,,,,265.0,A,5.7,A,,,4.8,A,,,5.2,A,,,7.2,A,,,7.0,A,,,7.1,A,,,01467200
2017-08-23 00:00:00+00:00,26.2,A,,,25.8,A,,,,,26.0,A,272.0,A,,,257.0,A,,,,,265.0,A,5.6,A,,,5.1,A,,,5.3,A,,,7.2,A,,,7.1,A,,,7.1,A,,,01467200
2017-08-24 00:00:00+00:00,26.1,A,,,25.8,A,,,,,25.9,A,273.0,A,,,257.0,A,,,,,265.0,A,5.7,A,,,4.8,A,,,5.2,A,,,7.2,A,,,7.1,A,,,7.1,A,,,01467200
2017-08-25 00:00:00+00:00,25.8,A,,,25.6,A,,,,,25.7,A,273.0,A,,,259.0,A,,,,,267.0,A,5.6,A,,,4.9,A,,,5.2,A,,,7.2,A,,,7.1,A,,,7.1,A,,,01467200
2017-08-26 00:00:00+00:00,25.6,A,,,25.4,A,,,,,25.5,A,271.0,A,,,260.0,A,,,,,266.0,A,5.8,A,,,4.9,A,,,5.3,A,,,7.2,A,,,7.1,A,,,7.1,A,,,01467200
2017-08-27 00:00:00+00:00,25.4,A,,,25.2,A,,,,,25.3,A,280.0,A,,,262.0,A,,,,,270.0,A,5.9,A,,,5.0,A,,,5.4,A,,,7.2,A,,,7.1,A,,,7.1,A,,,01467200
2017-08-28 00:00:00+00:00,25.2,A,,,24.9,A,,,,,25.1,A,279.0,A,,,265.0,A,,,,,271.0,A,6.1,A,,,5.1,A,,,5.6,A,,,7.2,A,,,7.1,A,,,7.1,A,,,01467200
2017-08-29 00:00:00+00:00,24.9,A,,,24.3,A,,,,,24.6,A,277.0,A,,,266.0,A,,,,,272.0,A,6.1,A,,,5.4,A,,,5.7,A,,,7.2,A,,,7.1,A,,,7.1,A,,,01467200
2017-08-30 00:00:00+00:00,24.3,A,,,24.1,A,,,,,24.2,A,275.0,A,,,268.0,A,,,,,272.0,A,6.0,A,,,5.2,A,,,5.6,A,,,7.2,A,,,7.1,A,,,7.1,A,,,01467200
2017-08-31 00:00:00+00:00,24.2,A,,,24.0,A,,,,,24.1,A,290.0,A,,,264.0,A,,,,,274.0,A,6.2,A,,,5.2,A,,,5.7,A,,,7.2,A,,,7.1,A,,,7.1,A,,,01467200
2017-09-01 00:00:00+00:00,24.1,A,,,23.6,A,,,,,23.8,A,285.0,A,,,267.0,A,,,,,274.0,A,6.5,A,,,5.4,A,,,5.9,A,,,7.2,A,,,7.1,A,,,7.2,A,,,01467200
2017-09-02 00:00:00+00:00,23.7,A,,,23.1,A,,,,,23.4,A,290.0,A,,,265.0,A,,,,,276.0,A,6.5,A,,,5.5,A,,,6.0,A,,,7.2,A,,,7.1,A,,,7.2,A,,,01467200
2017-09-03 00:00:00+00:00,23.1,A,,,23.0,A,,,,,23.1,A,290.0,A,,,266.0,A,,,,,277.0,A,6.3,A,,,5.3,A,,,5.8,A,,,7.2,A,,,7.1,A,,,7.1,A,,,01467200
2017-09-04 00:00:00+00:00,23.1,A,,,22.8,A,,,,,22.9,A,287.0,A,,,264.0,A,,,,,275.0,A,6.6,A,,,5.3,A,,,5.9,A,,,7.2,A,,,7.1,A,,,7.1,A,,,01467200
2017-09-05 00:00:00+00:00,23.3,A,,,22.8,A,,,,,23.0,A,289.0,A,,,266.0,A,,,,,276.0,A,6.6,A,,,5.4,A,,,6.1,A,,,7.2,A,,,7.1,A,,,7.2,A,,,01467200
2017-09-06 00:00:00+00:00,23.2,A,,,22.8,A,,,,,23.0,A,289.0,A,,,266.0,A,,,,,277.0,A,6.3,A,,,5.5,A,,,5.9,A,,,7.2,A,,,7.1,A,,,7.1,A,,,01467200
2017-09-07 00:00:00+00:00,22.8,A,,,22.5,A,,,,,22.7,A,292.0,A,,,267.0,A,,,,,278.0,A,6.1,A,,,5.3,A,,,5.7,A,,,7.1,A,,,7.1,A,,,7.1,A,,,01467200
2017-09-08 00:00:00+00:00,22.6,A,,,22.1,A,,,,,22.4,A,288.0,A,,,266.0,A,,,,,276.0,A,6.3,A,,,5.3,A,,,5.8,A,,,7.2,A,,,7.1,A,,,7.1,A,,,01467200
2017-09-09 00:00:00+00:00,22.2,A,,,21.7,A,,,,,22.1,A,285.0,A,,,267.0,A,,,,,275.0,A,6.4,A,,,5.5,A,,,6.0,A,,,7.2,A,,,7.1,A,,,7.1,A,,,01467200
2017-09-10 00:00:00+00:00,21.9,A,,,21.5,A,,,,,21.8,A,286.0,A,,,268.0,A,,,,,276.0,A,6.6,A,,,5.8,A,,,6.2,A,,,7.2,A,,,7.1,A,,,7.1,A,,,01467200
2017-09-11 00:00:00+00:00,21.8,A,,,21.4,A,,,,,21.6,A,289.0,A,,,270.0,A,,,,,278.0,A,6.7,A,,,5.8,A,,,6.2,A,,,7.2,A,,,7.1,A,,,7.1,A,,,01467200
2017-09-12 00:00:00+00:00,21.8,A,,,21.4,A,,,,,21.6,A,291.0,A,,,274.0,A,,,,,281.0,A,6.5,A,,,5.7,A,,,6.1,A,,,7.2,A,,,7.1,A,,,7.1,A,,,01467200
2017-09-13 00:00:00+00:00,21.8,A,,,21.5,A,,,,,21.6,A,295.0,A,,,279.0,A,,,,,286.0,A,6.4,A,,,5.6,A,,,5.9,A,,,7.2,A,,,7.1,A,,,7.1,A,,,01467200
2017-09-14 00:00:00+00:00,21.9,A,,,21.5,A,,,,,21.7,A,299.0,A,,,283.0,A,,,,,288.0,A,6.3,A,,,5.4,A,,,5.8,A,,,7.2,A,,,7.1,A,,,7.1,A,,,01467200
2017-09-15 00:00:00+00:00,22.2,A,,,21.7,A,,,,,22.0,A,298.0,A,,,284.0,A,,,,,290.0,A,6.3,A,,,5.4,A,,,5.8,A,,,7.2,A,,,7.0,A,,,7.1,A,,,01467200
2017-09-16 00:00:00+00:00,22.4,A,,,22.0,A,,,,,22.2,A,302.0,A,,,284.0,A,,,,,291.0,A,6.4,A,,,5.3,A,,,5.8,A,,,7.2,A,,,7.0,A,,,7.1,A,,,01467200
2017-09-17 00:00:00+00:00,22.7,A,,,22.3,A,,,,,22.5,A,302.0,A,,,284.0,A,,,,,291.0,A,6.2,A,,,5.2,A,,,5.7,A,,,7.1,A,,,7.0,A,,,7.1,A,,,01467200
2017-09-18 00:00:00+00:00,22.8,A,,,22.4,A,,,,,22.6,A,301.0,A,,,284.0,A,,,,,292.0,A,6.2,A,,,5.2,A,,,5.6,A,,,7.1,A,,,7.0,A,,,7.1,A,,,01467200
2017-09-19 00:00:00+00:00,22.7,A,,,22.5,A,,,,,22.6,A,306.0,A,,,285.0,A,,,,,296.0,A,6.1,A,,,5.3,A,,,5.7,A,,,7.1,A,,,7.0,A,,,7.1,A,,,01467200
2017-09-20 00:00:00+00:00,22.8,A,,,22.5,A,,,,,22.7,A,309.0,A,,,286.0,A,,,,,298.0,A,6.2,A,,,5.3,A,,,5.7,A,,,7.1,A,,,7.1,A,,,7.1,A,,,01467200
2017-09-21 00:00:00+00:00,23.1,A,,,22.6,A,,,,,22.8,A,309.0,A,,,284.0,A,,,,,296.0,A,6.2,A,,,5.3,A,,,5.7,A,,,7.2,A,,,7.1,A,,,7.1,A,,,01467200
2017-09-22 00:00:00+00:00,23.0,A,,,22.8,A,,,,,22.9,A,309.0,A,,,286.0,A,,,,,298.0,A,6.0,A,,,5.3,A,,,5.6,A,,,7.1,A,,,7.1,A,,,7.1,A,,,01467200
2017-09-23 00:00:00+00:00,23.1,A,,,22.7,A,,,,,22.9,A,313.0,A,,,285.0,A,,,,,299.0,A,6.1,A,,,5.2,A,,,5.6,A,,,7.1,A,,,7.1,A,,,7.1,A,,,01467200
2017-09-24 00:00:00+00:00,23.3,A,,,22.8,A,,,,,23.1,A,314.0,A,,,283.0,A,,,,,300.0,A,6.2,A,,,5.2,A,,,5.6,A,,,7.2,A,,,7.1,A,,,7.1,A,,,01467200
2017-09-25 00:00:00+00:00,23.6,A,,,23.1,A,,,,,23.3,A,319.0,A,,,286.0,A,,,,,302.0,A,6.0,A,,,5.0,A,,,5.4,A,,,7.1,A,,,7.0,A,,,7.1,A,,,01467200
2017-09-26 00:00:00+00:00,23.6,A,,,23.3,A,,,,,23.5,A,322.0,A,,,286.0,A,,,,,304.0,A,6.0,A,,,4.9,A,,,5.4,A,,,7.1,A,,,7.0,A,,,7.1,A,,,01467200
2017-09-27 00:00:00+00:00,23.9,A,,,23.4,A,,,,,23.6,A,330.0,A,,,291.0,A,,,,,309.0,A,6.2,A,,,4.9,A,,,5.4,A,,,7.1,A,,,7.0,A,,,7.1,A,,,01467200
2017-09-28 00:00:00+00:00,23.8,A,,,23.5,A,,,,,23.7,A,327.0,A,,,298.0,A,,,,,312.0,A,5.9,A,,,4.9,A,,,5.4,A,,,7.1,A,,,7.0,A,,,7.1,A,,,01467200
2017-09-29 00:00:00+00:00,23.5,A,,,23.1,A,,,,,23.3,A,332.0,A,,,294.0,A,,,,,312.0,A,6.1,A,,,5.1,A,,,5.6,A,,,7.1,A,,,7.0,A,,,7.1,A,,,01467200
2017-09-30 00:00:00+00:00,23.1,A,,,22.4,A,,,,,22.8,A,327.0,A,,,295.0,A,,,,,311.0,A,6.4,A,,,5.2,A,,,5.8,A,,,7.2,A,,,7.1,A,,,7.1,A,,,01467200
2017-10-01 00:00:00+00:00,22.4,A,,,22.0,A,,,,,22.2,A,341.0,A,,,299.0,A,,,,,315.0,A,6.4,A,,,5.6,A,,,6.0,A,,,7.2,A,,,7.1,A,,,7.1,A,,,01467200
2017-10-02 00:00:00+00:00,22.2,A,,,21.9,A,,,,,22.0,A,339.0,A,,,301.0,A,,,,,318.0,A,6.4,A,,,5.6,A,,,6.0,A,,,7.2,A,,,7.1,A,,,7.1,A,,,01467200
2017-10-03 00:00:00+00:00,22.1,A,,,21.8,A,,,,,21.9,A,352.0,A,,,303.0,A,,,,,321.0,A,6.5,A,,,5.6,A,,,6.0,A,,,7.2,A,,,7.1,A,,,7.1,A,,,01467200
2017-10-04 00:00:00+00:00,22.0,A,,,21.7,A,,,,,21.8,A,354.0,A,,,308.0,A,,,,,325.0,A,6.5,A,,,5.5,A,,,6.0,A,,,7.2,A,,,7.1,A,,,7.1,A,,,01467200
2017-10-05 00:00:00+00:00,21.8,A,,,21.7,A,,,,,21.8,A,342.0,A,,,306.0,A,,,,,322.0,A,6.5,A,,,5.6,A,,,6.1,A,,,7.2,A,,,7.1,A,,,7.1,A,,,01467200
2017-10-06 00:00:00+00:00,22.0,A,,,21.7,A,,,,,21.8,A,343.0,A,,,308.0,A,,,,,324.0,A,6.5,A,,,5.6,A,,,6.0,A,,,7.2,A,,,7.1,A,,,7.1,A,,,01467200
2017-10-07 00:00:00+00:00,22.1,A,,,21.8,A,,,,,22.0,A,350.0,A,,,312.0,A,,,,,329.0,A,6.4,A,,,5.5,A,,,5.9,A,,,7.2,A,,,7.1,A,,,7.1,A,,,01467200
2017-10-08 00:00:00+00:00,22.2,A,,,22.0,A,,,,,22.1,A,356.0,A,,,312.0,A,,,,,332.0,A,6.4,A,,,5.6,A,,,5.9,A,,,7.2,A,,,7.1,A,,,7.1,A,,,01467200
2017-10-09 00:00:00+00:00,22.3,A,,,22.1,A,,,,,22.2,A,352.0,A,,,309.0,A,,,,,330.0,A,6.4,A,,,5.5,A,,,5.8,A,,,7.2,A,,,7.1,A,,,7.1,A,,,01467200
2017-10-10 00:00:00+00:00,22.5,A,,,22.2,A,,,,,22.4,A,348.0,A,,,308.0,A,,,,,324.0,A,6.0,A,,,5.2,A,,,5.6,A,,,7.1,A,,,7.1,A,,,7.1,A,,,01467200
2017-10-11 00:00:00+00:00,22.5,A,,,22.3,A,,,,,22.4,A,351.0,A,,,308.0,A,,,,,325.0,A,6.2,A,,,5.1,A,,,5.6,A,,,7.2,A,,,7.0,A,,,7.1,A,,,01467200
2017-10-12 00:00:00+00:00,22.3,A,,,21.8,A,,,,,22.1,A,365.0,A,,,313.0,A,,,,,335.0,A,6.3,A,,,5.6,A,,,5.9,A,,,7.3,A,,,7.1,A,,,7.2,A,,,01467200
2017-10-13 00:00:00+00:00,21.8,A,,,21.4,A,,,,,21.5,A,359.0,A,,,313.0,A,,,,,333.0,A,6.5,A,,,5.7,A,,,6.0,A,,,7.3,A,,,7.2,A,,,7.2,A,,,01467200
2017-10-14 00:00:00+00:00,21.4,A,,,21.2,A,,,,,21.3,A,355.0,A,,,312.0,A,,,,,333.0,A,6.6,A,,,5.6,A,,,6.1,A,,,7.3,A,,,7.2,A,,,7.2,A,,,01467200
2017-10-15 00:00:00+00:00,21.3,A,,,21.0,A,,,,,21.2,A,358.0,A,,,315.0,A,,,,,332.0,A,6.6,A,,,5.6,A,,,6.1,A,,,7.3,A,,,7.2,A,,,7.2,A,,,01467200
2017-10-16 00:00:00+00:00,21.2,A,,,20.5,A,,,,,20.8,A,357.0,A,,,314.0,A,,,,,330.0,A,6.7,A,,,5.6,A,,,6.2,A,,,7.3,A,,,7.2,A,,,7.3,A,,,01467200
2017-10-17 00:00:00+00:00,20.6,A,,,20.0,A,,,,,20.2,A,355.0,A,,,315.0,A,,,,,334.0,A,6.7,A,,,5.8,A,,,6.3,A,,,7.3,A,,,7.2,A,,,7.2,A,,,01467200
2017-10-18 00:00:00+00:00,20.1,A,,,19.6,A,,,,,19.9,A,365.0,A,,,320.0,A,,,,,338.0,A,6.7,A,,,5.9,A,,,6.3,A,,,7.3,A,,,7.2,A,,,7.3,A,,,01467200
2017-10-19 00:00:00+00:00,19.8,A,,,19.4,A,,,,,19.6,A,361.0,A,,,318.0,A,,,,,338.0,A,6.9,A,,,6.0,A,,,6.4,A,,,7.3,A,,,7.2,A,,,7.2,A,,,01467200
2017-10-20 00:00:00+00:00,19.6,A,,,19.3,A,,,,,19.4,A,356.0,A,,,316.0,A,,,,,336.0,A,6.9,A,,,6.1,A,,,6.5,A,,,7.3,A,,,7.2,A,,,7.2,A,,,01467200
2017-10-21 00:00:00+00:00,19.5,A,,,19.1,A,,,,,19.3,A,360.0,A,,,319.0,A,,,,,339.0,A,6.9,A,,,6.1,A,,,6.5,A,,,7.3,A,,,7.2,A,,,7.2,A,,,01467200
2017-10-22 00:00:00+00:00,19.4,A,,,19.0,A,,,,,19.3,A,365.0,A,,,319.0,A,,,,,341.0,A,7.0,A,,,6.1,A,,,6.4,A,,,7.3,A,,,7.2,A,,,7.2,A,,,01467200
2017-10-23 00:00:00+00:00,19.4,A,,,19.1,A,,,,,19.2,A,388.0,A,,,315.0,A,,,,,348.0,A,6.9,A,,,6.0,A,,,6.5,A,,,7.3,A,,,7.2,A,,,7.2,A,,,01467200
2017-10-24 00:00:00+00:00,19.5,A,,,19.2,A,,,,,19.4,A,381.0,A,,,333.0,A,,,,,353.0,A,6.9,A,,,6.3,A,,,6.6,A,,,7.3,A,,,7.2,A,,,7.2,A,,,01467200
2017-10-25 00:00:00+00:00,19.4,A,,,19.0,A,,,,,19.2,A,367.0,A,,,325.0,A,,,,,344.0,A,6.9,A,,,6.2,A,,,6.6,A,,,7.3,A,,,7.2,A,,,7.2,A,,,01467200
2017-10-26 00:00:00+00:00,19.0,A,,,18.4,A,,,,,18.8,A,363.0,A,,,319.0,A,,,,,339.0,A,7.0,A,,,6.3,A,,,6.6,A,,,7.3,A,,,7.2,A,,,7.2,A,,,01467200
2017-10-27 00:00:00+00:00,18.4,A,,,18.1,A,,,,,18.3,A,364.0,A,,,313.0,A,,,,,338.0,A,7.2,A,,,6.4,A,,,6.8,A,,,7.3,A,,,7.2,A,,,7.2,A,,,01467200
2017-10-28 00:00:00+00:00,18.2,A,,,17.9,A,,,,,18.1,A,368.0,A,,,312.0,A,,,,,340.0,A,7.4,A,,,6.4,A,,,6.9,A,,,7.3,A,,,7.2,A,,,7.2,A,,,01467200
2017-10-29 00:00:00+00:00,18.1,A,,,17.9,A,,,,,18.0,A,382.0,A,,,318.0,A,,,,,345.0,A,7.3,A,,,6.4,A,,,6.8,A,,,7.3,A,,,7.2,A,,,7.2,A,,,01467200
2017-10-30 00:00:00+00:00,18.0,A,,,16.9,A,,,,,17.4,A,334.0,A,,,263.0,A,,,,,287.0,A,7.8,A,,,6.7,A,,,7.2,A,,,7.3,A,,,7.2,A,,,7.2,A,,,01467200
2017-10-31 00:00:00+00:00,17.2,A,,,16.0,A,,,,,16.5,A,306.0,A,,,260.0,A,,,,,274.0,A,8.2,A,,,7.2,A,,,7.8,A,,,7.3,A,,,7.2,A,,,7.3,A,,,01467200
2017-11-01 00:00:00+00:00,16.4,A,,,15.2,A,,,,,15.7,A,301.0,A,,,271.0,A,,,,,279.0,A,8.2,A,,,7.6,A,,,8.0,A,,,7.3,A,,,7.3,A,,,7.3,A,,,01467200
2017-11-02 00:00:00+00:00,15.8,A,,,14.9,A,,,,,15.3,A,301.0,A,,,268.0,A,,,,,283.0,A,8.3,A,,,7.8,A,,,8.1,A,,,7.3,A,,,7.3,A,,,7.3,A,,,01467200
2017-11-03 00:00:00+00:00,15.7,A,,,14.6,A,,,,,15.1,A,284.0,A,,,255.0,A,,,,,272.0,A,8.2,A,,,7.7,A,,,8.0,A,,,7.3,A,,,7.2,A,,,7.3,A,,,01467200
2017-11-04 00:00:00+00:00,15.3,A,,,14.2,A,,,,,14.8,A,283.0,A,,,252.0,A,,,,,268.0,A,8.2,A,,,7.8,A,,,8.0,A,,,7.3,A,,,7.2,A,,,7.2,A,,,01467200
2017-11-05 00:00:00+00:00,15.2,A,,,14.0,A,,,,,14.6,A,283.0,A,,,247.0,A,,,,,264.0,A,8.2,A,,,7.7,A,,,7.9,A,,,7.3,A,,,7.2,A,,,7.2,A,,,01467200
2017-11-06 00:00:00+00:00,15.1,A,,,13.8,A,,,,,14.5,A,279.0,A,,,238.0,A,,,,,261.0,A,8.3,A,,,7.6,A,,,7.9,A,,,7.2,A,,,7.1,A,,,7.2,A,,,01467200
2017-11-07 00:00:00+00:00,14.5,A,,,13.4,A,,,,,14.0,A,273.0,A,,,225.0,A,,,,,251.0,A,8.5,A,,,7.7,A,,,8.1,A,,,7.2,A,,,7.1,A,,,7.2,A,,,01467200
2017-11-08 00:00:00+00:00,14.0,A,,,13.1,A,,,,,13.6,A,274.0,A,,,219.0,A,,,,,246.0,A,8.6,A,,,8.0,A,,,8.3,A,,,7.2,A,,,7.2,A,,,7.2,A,,,01467200
2017-11-09 00:00:00+00:00,13.7,A,,,12.9,A,,,,,13.3,A,267.0,A,,,215.0,A,,,,,241.0,A,8.6,A,,,7.9,A,,,8.2,A,,,7.2,A,,,7.2,A,,,7.2,A,,,01467200
2017-11-10 00:00:00+00:00,13.4,A,,,12.2,A,,,,,12.8,A,252.0,A,,,202.0,A,,,,,226.0,A,8.7,A,,,8.0,A,,,8.5,A,,,7.2,A,,,7.1,A,,,7.2,A,,,01467200
2017-11-11 00:00:00+00:00,12.2,A,,,11.7,A,,,,,12.0,A,255.0,A,,,198.0,A,,,,,220.0,A,9.1,A,,,8.5,A,,,8.8,A,,,7.2,A,,,7.2,A,,,7.2,A,,,01467200
2017-11-12 00:00:00+00:00,11.9,A,,,11.4,A,,,,,11.6,A,249.0,A,,,200.0,A,,,,,223.0,A,9.1,A,,,8.5,A,,,8.8,A,,,7.2,A,,,7.2,A,,,7.2,A,,,01467200
2017-11-13 00:00:00+00:00,11.7,A,,,11.1,A,,,,,11.3,A,246.0,A,,,202.0,A,,,,,223.0,A,9.0,A,,,8.4,A,,,8.7,A,,,7.2,A,,,7.1,A,,,7.2,A,,,01467200
2017-11-14 00:00:00+00:00,11.4,A,,,10.8,A,,,,,11.1,A,247.0,A,,,207.0,A,,,,,224.0,A,9.0,A,,,8.4,A,,,8.7,A,,,7.2,A,,,7.1,A,,,7.2,A,,,01467200
2017-11-15 00:00:00+00:00,11.2,A,,,10.6,A,,,,,10.9,A,254.0,A,,,210.0,A,,,,,229.0,A,9.0,A,,,8.4,A,,,8.7,A,,,7.2,A,,,7.1,A,,,7.2,A,,,01467200
2017-11-16 00:00:00+00:00,11.2,A,,,10.7,A,,,,,10.9,A,256.0,A,,,218.0,A,,,,,234.0,A,9.0,A,,,8.3,A,,,8.6,A,,,7.2,A,,,7.1,A,,,7.1,A,,,01467200
2017-11-17 00:00:00+00:00,10.9,A,,,10.3,A,,,,,10.6,A,244.0,A,,,219.0,A,,,,,228.0,A,9.3,A,,,8.5,A,,,9.0,A,,,7.2,A,,,7.1,A,,,7.2,A,,,01467200
2017-11-18 00:00:00+00:00,10.6,A,,,10.1,A,,,,,10.4,A,260.0,A,,,224.0,A,,,,,236.0,A,9.4,A,,,8.6,A,,,9.0,A,,,7.2,A,,,7.2,A,,,7.2,A,,,01467200
2017-11-19 00:00:00+00:00,10.5,A,,,9.9,A,,,,,10.3,A,252.0,A,,,227.0,A,,,,,235.0,A,9.7,A,,,8.7,A,,,9.2,A,,,7.2,A,,,7.2,A,,,7.2,A,,,01467200
2017-11-20 00:00:00+00:00,10.2,A,,,9.4,A,,,,,9.9,A,243.0,A,,,232.0,A,,,,,237.0,A,10.0,A,,,9.2,A,,,9.6,A,,,7.3,A,,,7.2,A,,,7.2,A,,,01467200
2017-11-21 00:00:00+00:00,9.8,A,,,9.2,A,,,,,9.6,A,254.0,A,,,237.0,A,,,,,244.0,A,10.1,A,,,9.3,A,,,9.7,A,,,7.3,A,,,7.2,A,,,7.3,A,,,01467200
2017-11-22 00:00:00+00:00,9.8,A,,,9.0,A,,,,,9.5,A,257.0,A,,,242.0,A,,,,,249.0,A,10.2,A,,,9.4,A,,,9.7,A,,,7.3,A,,,7.2,A,,,7.3,A,,,01467200
2017-11-23 00:00:00+00:00,9.4,A,,,8.7,A,,,,,9.1,A,265.0,A,,,248.0,A,,,,,254.0,A,10.2,A,,,9.4,A,,,9.8,A,,,7.3,A,,,7.2,A,,,7.3,A,,,01467200
2017-11-24 00:00:00+00:00,9.2,A,,,8.5,A,,,,,8.9,A,265.0,A,,,254.0,A,,,,,259.0,A,10.2,A,,,9.4,A,,,9.8,A,,,7.3,A,,,7.2,A,,,7.3,A,,,01467200
2017-11-25 00:00:00+00:00,9.0,A,,,8.3,A,,,,,8.7,A,269.0,A,,,257.0,A,,,,,263.0,A,10.3,A,,,9.4,A,,,9.8,A,,,7.3,A,,,7.2,A,,,7.3,A,,,01467200
2017-11-26 00:00:00+00:00,8.8,A,,,8.2,A,,,,,8.5,A,272.0,A,,,262.0,A,,,,,266.0,A,10.3,A,,,9.5,A,,,9.9,A,,,7.3,A,,,7.2,A,,,7.3,A,,,01467200
2017-11-27 00:00:00+00:00,8.6,A,,,7.8,A,,,,,8.2,A,274.0,A,,,267.0,A,,,,,271.0,A,10.4,A,,,9.7,A,,,10.1,A,,,7.4,A,,,7.3,A,,,7.3,A,,,01467200
2017-11-28 00:00:00+00:00,8.5,A,,,7.7,A,,,,,8.1,A,281.0,A,,,271.0,A,,,,,276.0,A,10.5,A,,,9.6,A,,,10.1,A,,,7.4,A,,,7.3,A,,,7.3,A,,,01467200
2017-11-29 00:00:00+00:00,8.5,A,,,7.8,A,,,,,8.2,A,285.0,A,,,275.0,A,,,,,281.0,A,10.4,A,,,9.6,A,,,10.0,A,,,7.4,A,,,7.3,A,,,7.3,A,,,01467200
2017-11-30 00:00:00+00:00,8.4,A,,,7.6,A,,,,,8.1,A,290.0,A,,,279.0,A,,,,,285.0,A,10.5,A,,,9.6,A,,,10.0,A,,,7.4,A,,,7.3,A,,,7.3,A,,,01467200
2017-12-01 00:00:00+00:00,8.4,A,,,7.8,A,,,,,8.1,A,292.0,A,,,284.0,A,,,,,289.0,A,10.3,A,,,9.5,A,,,9.9,A,,,7.4,A,,,7.3,A,,,7.3,A,,,01467200
2017-12-02 00:00:00+00:00,8.4,A,,,7.7,A,,,,,8.0,A,296.0,A,,,286.0,A,,,,,291.0,A,10.3,A,,,9.4,A,,,9.9,A,,,7.4,A,,,7.3,A,,,7.3,A,,,01467200
2017-12-03 00:00:00+00:00,8.3,A,,,7.6,A,,,,,8.0,A,300.0,A,,,288.0,A,,,,,294.0,A,10.2,A,,,9.2,A,,,9.7,A,,,7.4,A,,,7.2,A,,,7.3,A,,,01467200
2017-12-04 00:00:00+00:00,8.2,A,,,7.5,A,,,,,7.9,A,303.0,A,,,290.0,A,,,,,296.0,A,10.2,A,,,9.1,A,,,9.6,A,,,7.3,A,,,7.2,A,,,7.3,A,,,01467200
2018-03-31 00:00:00+00:00,8.0,A,,,6.9,A,,,,,7.4,A,399.0,A,,,340.0,A,,,,,372.0,A,12.3,A,,,12.0,A,,,12.2,A,,,7.5,A,,,7.3,A,,,7.4,A,,,01467200
2018-04-01 00:00:00+00:00,8.5,A,,,7.4,A,,,,,7.9,A,389.0,A,,,318.0,A,,,,,354.0,A,12.4,A,,,12.0,A,,,12.2,A,,,7.7,A,,,7.3,A,,,7.5,A,,,01467200
2018-04-02 00:00:00+00:00,8.6,A,,,8.0,A,,,,,8.3,A,360.0,A,,,306.0,A,,,,,329.0,A,12.5,A,,,12.0,A,,,12.2,A,,,7.7,A,,,7.4,A,,,7.6,A,,,01467200
2018-04-03 00:00:00+00:00,8.6,A,,,8.2,A,,,,,8.5,A,344.0,A,,,287.0,A,,,,,316.0,A,12.3,A,,,11.9,A,,,12.1,A,,,7.7,A,,,7.5,A,,,7.6,A,,,01467200
2018-04-04 00:00:00+00:00,8.8,A,,,8.4,A,,,,,8.6,A,327.0,A,,,258.0,A,,,,,294.0,A,12.4,A,,,11.8,A,,,12.1,A,,,7.7,A,,,7.5,A,,,7.7,A,,,01467200
2018-04-05 00:00:00+00:00,8.4,A,,,7.7,A,,,,,8.2,A,272.0,A,,,237.0,A,,,,,251.0,A,12.4,A,,,12.2,A,,,12.3,A,,,7.7,A,,,7.6,A,,,7.7,A,,,01467200
2018-04-06 00:00:00+00:00,8.1,A,,,7.5,A,,,,,7.8,A,255.0,A,,,232.0,A,,,,,240.0,A,12.4,A,,,12.1,A,,,12.3,A,,,7.6,A,,,7.5,A,,,7.6,A,,,01467200
2018-04-07 00:00:00+00:00,7.7,A,,,7.3,A,,,,,7.5,A,248.0,A,,,239.0,A,,,,,243.0,A,12.4,A,,,12.1,A,,,12.3,A,,,7.5,A,,,7.4,A,,,7.5,A,,,01467200
2018-04-08 00:00:00+00:00,7.3,A,,,6.9,A,,,,,7.2,A,247.0,A,,,230.0,A,,,,,239.0,A,12.6,A,,,12.2,A,,,12.4,A,,,7.5,A,,,7.4,A,,,7.5,A,,,01467200
2018-04-09 00:00:00+00:00,7.3,A,,,6.9,A,,,,,7.1,A,239.0,A,,,219.0,A,,,,,231.0,A,12.6,A,,,12.3,A,,,12.5,A,,,7.5,A,,,7.4,A,,,7.5,A,,,01467200
2018-04-10 00:00:00+00:00,7.5,A,,,7.0,A,,,,,7.3,A,232.0,A,,,211.0,A,,,,,222.0,A,12.6,A,,,12.2,A,,,12.5,A,,,7.5,A,,,7.4,A,,,7.4,A,,,01467200
2018-04-11 00:00:00+00:00,7.7,A,,,7.2,A,,,,,7.5,A,229.0,A,,,207.0,A,,,,,217.0,A,12.6,A,,,12.1,A,,,12.4,A,,,7.5,A,,,7.3,A,,,7.4,A,,,01467200
2018-04-12 00:00:00+00:00,8.0,A,,,7.6,A,,,,,7.8,A,224.0,A,,,207.0,A,,,,,215.0,A,12.5,A,,,12.1,A,,,12.3,A,,,7.5,A,,,7.3,A,,,7.4,A,,,01467200
2018-04-13 00:00:00+00:00,8.7,A,,,8.0,A,,,,,8.3,A,221.0,A,,,211.0,A,,,,,215.0,A,12.4,A,,,12.0,A,,,12.2,A,,,7.5,A,,,7.4,A,,,7.5,A,,,01467200
2018-04-14 00:00:00+00:00,9.6,A,,,8.6,A,,,,,9.1,A,221.0,A,,,212.0,A,,,,,217.0,A,12.2,A,,,11.9,A,,,12.1,A,,,7.5,A,,,7.4,A,,,7.5,A,,,01467200
2018-04-15 00:00:00+00:00,9.5,A,,,9.3,A,,,,,9.4,A,226.0,A,,,212.0,A,,,,,219.0,A,12.1,A,,,11.7,A,,,11.9,A,,,7.6,A,,,7.4,A,,,7.5,A,,,01467200
2018-04-16 00:00:00+00:00,9.6,A,,,9.2,A,,,,,9.4,A,233.0,A,,,211.0,A,,,,,223.0,A,11.7,A,,,10.9,A,,,11.3,A,,,7.5,A,,,7.4,A,,,7.4,A,,,01467200
2018-04-17 00:00:00+00:00,10.1,A,,,9.4,A,,,,,9.7,A,233.0,A,,,211.0,A,,,,,222.0,A,11.2,A,,,10.9,A,,,11.1,A,,,7.6,A,,,7.4,A,,,7.5,A,,,01467200
2018-04-18 00:00:00+00:00,10.2,A,,,9.6,A,,,,,9.9,A,233.0,A,,,218.0,A,,,,,228.0,A,11.0,A,,,10.4,A,,,10.7,A,,,7.6,A,,,7.4,A,,,7.5,A,,,01467200
2018-04-19 00:00:00+00:00,9.9,A,,,8.9,A,,,,,9.6,A,227.0,A,,,216.0,A,,,,,222.0,A,10.7,A,,,10.2,A,,,10.4,A,,,7.4,A,,,7.3,A,,,7.3,A,,,01467200
2018-04-20 00:00:00+00:00,9.2,A,,,8.5,A,,,,,8.8,A,224.0,A,,,206.0,A,,,,,216.0,A,11.2,A,,,10.3,A,,,10.8,A,,,7.4,A,,,7.3,A,,,7.4,A,,,01467200
2018-04-21 00:00:00+00:00,8.9,A,,,8.4,A,,,,,8.7,A,217.0,A,,,196.0,A,,,,,205.0,A,11.3,A,,,10.6,A,,,11.0,A,,,7.4,A,,,7.3,A,,,7.3,A,,,01467200
2018-04-22 00:00:00+00:00,9.1,A,,,8.5,A,,,,,8.8,A,207.0,A,,,188.0,A,,,,,197.0,A,11.3,A,,,10.8,A,,,11.1,A,,,7.3,A,,,7.3,A,,,7.3,A,,,01467200
2018-04-23 00:00:00+00:00,9.5,A,,,8.8,A,,,,,9.2,A,200.0,A,,,188.0,A,,,,,194.0,A,11.3,A,,,10.8,A,,,11.1,A,,,7.3,A,,,7.2,A,,,7.3,A,,,01467200
2018-04-24 00:00:00+00:00,9.9,A,,,9.3,A,,,,,9.6,A,202.0,A,,,188.0,A,,,,,194.0,A,11.4,A,,,10.7,A,,,11.1,A,,,7.4,A,,,7.2,A,,,7.3,A,,,01467200
2018-04-25 00:00:00+00:00,10.5,A,,,9.8,A,,,,,10.1,A,206.0,A,,,193.0,A,,,,,200.0,A,11.2,A,,,10.6,A,,,10.9,A,,,7.3,A,,,7.2,A,,,7.3,A,,,01467200
2018-04-26 00:00:00+00:00,11.4,A,,,10.3,A,,,,,10.7,A,210.0,A,,,199.0,A,,,,,205.0,A,10.9,A,,,10.5,A,,,10.7,A,,,7.5,A,,,7.2,A,,,7.4,A,,,01467200
2018-04-27 00:00:00+00:00,12.0,A,,,10.9,A,,,,,11.4,A,215.0,A,,,203.0,A,,,,,209.0,A,10.7,A,,,10.3,A,,,10.5,A,,,7.6,A,,,7.4,A,,,7.5,A,,,01467200
2018-04-28 00:00:00+00:00,13.0,A,,,11.4,A,,,,,12.2,A,219.0,A,,,209.0,A,,,,,214.0,A,10.4,A,,,10.0,A,,,10.2,A,,,7.6,A,,,7.4,A,,,7.5,A,,,01467200
2018-04-29 00:00:00+00:00,13.5,A,,,12.3,A,,,,,13.0,A,225.0,A,,,214.0,A,,,,,219.0,A,10.1,A,,,9.6,A,,,9.8,A,,,7.5,A,,,7.4,A,,,7.5,A,,,01467200
2018-04-30 00:00:00+00:00,13.4,A,,,12.8,A,,,,,13.2,A,227.0,A,,,217.0,A,,,,,222.0,A,9.7,A,,,9.3,A,,,9.5,A,,,7.5,A,,,7.4,A,,,7.5,A,,,01467200
2018-05-01 00:00:00+00:00,13.6,A,,,12.9,A,,,,,13.3,A,228.0,A,,,215.0,A,,,,,223.0,A,9.5,A,,,9.1,A,,,9.3,A,,,7.5,A,,,7.4,A,,,7.4,A,,,01467200
2018-05-02 00:00:00+00:00,14.0,A,,,13.4,A,,,,,13.7,A,228.0,A,,,211.0,A,,,,,219.0,A,9.3,A,,,9.0,A,,,9.2,A,,,7.4,A,,,7.4,A,,,7.4,A,,,01467200
2018-05-03 00:00:00+00:00,14.7,A,,,13.9,A,,,,,14.2,A,226.0,A,,,209.0,A,,,,,215.0,A,9.4,A,,,8.9,A,,,9.2,A,,,7.4,A,,,7.3,A,,,7.4,A,,,01467200
2018-05-04 00:00:00+00:00,15.3,A,,,14.6,A,,,,,14.9,A,222.0,A,,,209.0,A,,,,,215.0,A,9.3,A,,,8.9,A,,,9.1,A,,,7.4,A,,,7.3,A,,,7.4,A,,,01467200
2018-05-05 00:00:00+00:00,15.6,A,,,15.2,A,,,,,15.4,A,220.0,A,,,206.0,A,,,,,214.0,A,9.3,A,,,8.9,A,,,9.1,A,,,7.4,A,,,7.3,A,,,7.4,A,,,01467200
2018-05-06 00:00:00+00:00,15.8,A,,,15.5,A,,,,,15.6,A,222.0,A,,,206.0,A,,,,,214.0,A,9.2,A,,,8.7,A,,,9.0,A,,,7.4,A,,,7.3,A,,,7.3,A,,,01467200
2018-05-07 00:00:00+00:00,16.4,A,,,15.6,A,,,,,16.0,A,222.0,A,,,207.0,A,,,,,214.0,A,9.1,A,,,8.5,A,,,8.8,A,,,7.4,A,,,7.3,A,,,7.3,A,,,01467200
2018-05-08 00:00:00+00:00,17.2,A,,,16.0,A,,,,,16.5,A,224.0,A,,,205.0,A,,,,,215.0,A,9.0,A,,,8.5,A,,,8.8,A,,,7.4,A,,,7.3,A,,,7.3,A,,,01467200
2018-05-09 00:00:00+00:00,18.0,A,,,16.6,A,,,,,17.2,A,223.0,A,,,207.0,A,,,,,215.0,A,8.8,A,,,8.4,A,,,8.6,A,,,7.4,A,,,7.3,A,,,7.3,A,,,01467200
2018-05-10 00:00:00+00:00,18.4,A,,,17.3,A,,,,,17.8,A,223.0,A,,,206.0,A,,,,,216.0,A,8.7,A,,,8.2,A,,,8.4,A,,,7.3,A,,,7.3,A,,,7.3,A,,,01467200
2018-05-11 00:00:00+00:00,18.9,A,,,17.7,A,,,,,18.4,A,227.0,A,,,211.0,A,,,,,217.0,A,8.5,A,,,7.8,A,,,8.3,A,,,7.4,A,,,7.3,A,,,7.3,A,,,01467200
2018-05-12 00:00:00+00:00,18.9,A,,,18.2,A,,,,,18.7,A,238.0,A,,,212.0,A,,,,,222.0,A,8.6,A,,,7.8,A,,,8.3,A,,,7.3,A,,,7.3,A,,,7.3,A,,,01467200
2018-05-13 00:00:00+00:00,18.7,A,,,18.4,A,,,,,18.6,A,229.0,A,,,217.0,A,,,,,223.0,A,8.3,A,,,7.6,A,,,7.9,A,,,7.3,A,,,7.2,A,,,7.3,A,,,01467200
2018-05-14 00:00:00+00:00,18.8,A,,,18.2,A,,,,,18.5,A,233.0,A,,,220.0,A,,,,,225.0,A,8.0,A,,,7.3,A,,,7.7,A,,,7.3,A,,,7.2,A,,,7.2,A,,,01467200
2018-05-15 00:00:00+00:00,19.3,A,,,18.5,A,,,,,18.9,A,234.0,A,,,223.0,A,,,,,228.0,A,8.1,A,,,7.1,A,,,7.7,A,,,7.3,A,,,7.2,A,,,7.3,A,,,01467200
2018-05-16 00:00:00+00:00,19.2,A,,,18.8,A,,,,,19.1,A,235.0,A,,,227.0,A,,,,,232.0,A,7.7,A,,,7.0,A,,,7.5,A,,,7.3,A,,,7.2,A,,,7.2,A,,,01467200
2018-05-17 00:00:00+00:00,19.1,A,,,17.6,A,,,,,18.7,A,239.0,A,,,226.0,A,,,,,232.0,A,7.5,A,,,6.8,A,,,7.2,A,,,7.2,A,,,7.2,A,,,7.2,A,,,01467200
2018-05-18 00:00:00+00:00,18.7,A,,,17.4,A,,,,,17.8,A,234.0,A,,,221.0,A,,,,,228.0,A,7.8,A,,,6.6,A,,,7.5,A,,,7.2,A,,,7.1,A,,,7.2,A,,,01467200
2018-05-19 00:00:00+00:00,17.6,A,,,16.8,A,,,,,17.2,A,233.0,A,,,207.0,A,,,,,223.0,A,7.9,A,,,7.1,A,,,7.6,A,,,7.2,A,,,7.2,A,,,7.2,A,,,01467200
2018-05-20 00:00:00+00:00,17.2,A,,,16.7,A,,,,,16.9,A,219.0,A,,,198.0,A,,,,,206.0,A,8.1,A,,,7.1,A,,,7.7,A,,,7.2,A,,,7.1,A,,,7.2,A,,,01467200
2018-05-21 00:00:00+00:00,17.3,A,,,16.6,A,,,,,17.0,A,204.0,A,,,192.0,A,,,,,197.0,A,8.4,A,,,7.4,A,,,8.1,A,,,7.2,A,,,7.1,A,,,7.1,A,,,01467200
2018-05-22 00:00:00+00:00,17.1,A,,,17.0,A,,,,,17.1,A,197.0,A,,,190.0,A,,,,,193.0,A,8.3,A,,,7.5,A,,,8.1,A,,,7.1,A,,,7.1,A,,,7.1,A,,,01467200
2018-05-23 00:00:00+00:00,17.4,A,,,16.9,A,,,,,17.2,A,198.0,A,,,183.0,A,,,,,192.0,A,8.2,A,,,7.4,A,,,7.9,A,,,7.2,A,,,7.0,A,,,7.1,A,,,01467200
2018-05-24 00:00:00+00:00,17.8,A,,,17.2,A,,,,,17.5,A,190.0,A,,,178.0,A,,,,,183.0,A,8.4,A,,,7.8,A,,,8.1,A,,,7.2,A,,,7.1,A,,,7.2,A,,,01467200
2018-05-25 00:00:00+00:00,18.3,A,,,17.5,A,,,,,17.9,A,186.0,A,,,179.0,A,,,,,183.0,A,8.5,A,,,7.8,A,,,8.3,A,,,7.2,A,,,7.1,A,,,7.2,A,,,01467200
2018-05-26 00:00:00+00:00,18.9,A,,,18.1,A,,,,,18.5,A,192.0,A,,,181.0,A,,,,,186.0,A,8.4,A,,,8.0,A,,,8.2,A,,,7.2,A,,,7.2,A,,,7.2,A,,,01467200
2018-05-27 00:00:00+00:00,19.2,A,,,18.8,A,,,,,19.0,A,193.0,A,,,174.0,A,,,,,184.0,A,8.2,A,,,7.5,A,,,8.0,A,,,7.2,A,,,7.1,A,,,7.1,A,,,01467200
2018-05-28 00:00:00+00:00,19.4,A,,,18.9,A,,,,,19.2,A,195.0,A,,,175.0,A,,,,,183.0,A,8.0,A,,,7.5,A,,,7.8,A,,,7.2,A,,,7.1,A,,,7.1,A,,,01467200
2018-05-29 00:00:00+00:00,20.2,A,,,19.2,A,,,,,19.7,A,193.0,A,,,181.0,A,,,,,187.0,A,7.6,A,,,7.0,A,,,7.3,A,,,7.1,A,,,7.1,A,,,7.1,A,,,01467200
2018-05-30 00:00:00+00:00,20.4,A,,,19.8,A,,,,,20.1,A,193.0,A,,,180.0,A,,,,,187.0,A,7.2,A,,,6.3,A,,,6.8,A,,,7.1,A,,,7.0,A,,,7.0,A,,,01467200
2018-05-31 00:00:00+00:00,20.4,A,,,20.1,A,,,,,20.3,A,194.0,A,,,183.0,A,,,,,189.0,A,6.8,A,,,6.0,A,,,6.3,A,,,7.0,A,,,7.0,A,,,7.0,A,,,01467200
2018-06-01 00:00:00+00:00,20.8,A,,,20.3,A,,,,,20.5,A,204.0,A,,,186.0,A,,,,,197.0,A,6.2,A,,,5.6,A,,,6.0,A,,,7.0,A,,,6.9,A,,,7.0,A,,,01467200
2018-06-02 00:00:00+00:00,21.1,A,,,20.6,A,,,,,20.8,A,213.0,A,,,196.0,A,,,,,202.0,A,6.3,A,,,5.5,A,,,5.9,A,,,7.0,A,,,6.9,A,,,7.0,A,,,01467200
2018-06-03 00:00:00+00:00,21.0,A,,,20.5,A,,,,,20.8,A,217.0,A,,,202.0,A,,,,,208.0,A,6.8,A,,,5.6,A,,,6.2,A,,,7.1,A,,,6.9,A,,,7.0,A,,,01467200
2018-06-04 00:00:00+00:00,20.8,A,,,20.4,A,,,,,20.6,A,220.0,A,,,208.0,A,,,,,213.0,A,6.9,A,,,5.9,A,,,6.4,A,,,7.1,A,,,7.0,A,,,7.0,A,,,01467200
2018-06-05 00:00:00+00:00,20.8,A,,,20.5,A,,,,,20.7,A,231.0,A,,,211.0,A,,,,,220.0,A,6.9,A,,,5.8,A,,,6.5,A,,,7.1,A,,,7.0,A,,,7.1,A,,,01467200
2018-06-06 00:00:00+00:00,20.8,A,,,20.5,A,,,,,20.7,A,239.0,A,,,224.0,A,,,,,230.0,A,7.1,A,,,6.1,A,,,6.6,A,,,7.2,A,,,7.0,A,,,7.1,A,,,01467200
2018-06-07 00:00:00+00:00,21.1,A,,,20.6,A,,,,,20.8,A,246.0,A,,,223.0,A,,,,,235.0,A,7.0,A,,,6.0,A,,,6.5,A,,,7.2,A,,,7.0,A,,,7.1,A,,,01467200
2018-06-08 00:00:00+00:00,21.6,A,,,20.9,A,,,,,21.2,A,264.0,A,,,234.0,A,,,,,244.0,A,6.8,A,,,6.0,A,,,6.5,A,,,7.2,A,,,7.1,A,,,7.1,A,,,01467200
2018-06-09 00:00:00+00:00,21.9,A,,,21.3,A,,,,,21.6,A,263.0,A,,,242.0,A,,,,,253.0,A,6.8,A,,,5.8,A,,,6.3,A,,,7.2,A,,,7.1,A,,,7.1,A,,,01467200
2018-06-10 00:00:00+00:00,21.9,A,,,21.5,A,,,,,21.8,A,267.0,A,,,247.0,A,,,,,257.0,A,6.5,A,,,5.8,A,,,6.2,A,,,7.2,A,,,7.0,A,,,7.1,A,,,01467200
2018-06-11 00:00:00+00:00,21.6,A,,,20.8,A,,,,,21.1,A,263.0,A,,,233.0,A,,,,,245.0,A,6.9,A,,,5.8,A,,,6.3,A,,,7.2,A,,,7.0,A,,,7.1,A,,,01467200
2018-06-12 00:00:00+00:00,21.4,A,,,20.8,A,,,,,21.1,A,266.0,A,,,242.0,A,,,,,254.0,A,6.7,A,,,5.7,A,,,6.2,A,,,7.2,A,,,7.0,A,,,7.1,A,,,01467200
2018-06-13 00:00:00+00:00,21.3,A,,,21.0,A,,,,,21.1,A,269.0,A,,,245.0,A,,,,,254.0,A,6.4,A,,,5.6,A,,,6.0,A,,,7.1,A,,,7.0,A,,,7.1,A,,,01467200
2018-06-14 00:00:00+00:00,21.5,A,,,21.1,A,,,,,21.3,A,266.0,A,,,244.0,A,,,,,255.0,A,6.2,A,,,5.4,A,,,5.9,A,,,7.1,A,,,7.0,A,,,7.1,A,,,01467200
2018-06-15 00:00:00+00:00,21.6,A,,,21.2,A,,,,,21.4,A,273.0,A,,,250.0,A,,,,,258.0,A,6.2,A,,,5.4,A,,,5.9,A,,,7.1,A,,,7.0,A,,,7.0,A,,,01467200
2018-06-16 00:00:00+00:00,22.0,A,,,21.4,A,,,,,21.6,A,274.0,A,,,247.0,A,,,,,261.0,A,6.1,A,,,5.4,A,,,5.9,A,,,7.1,A,,,7.0,A,,,7.0,A,,,01467200
2018-06-17 00:00:00+00:00,22.5,A,,,21.8,A,,,,,22.1,A,276.0,A,,,247.0,A,,,,,262.0,A,6.6,A,,,5.7,A,,,6.0,A,,,7.1,A,,,7.0,A,,,7.0,A,,,01467200
2018-06-18 00:00:00+00:00,23.0,A,,,22.2,A,,,,,22.6,A,276.0,A,,,250.0,A,,,,,263.0,A,6.8,A,,,5.5,A,,,6.2,A,,,7.1,A,,,7.0,A,,,7.1,A,,,01467200
2018-06-19 00:00:00+00:00,23.7,A,,,22.9,A,,,,,23.2,A,283.0,A,,,256.0,A,,,,,269.0,A,7.2,A,,,5.9,A,,,6.4,A,,,7.2,A,,,7.0,A,,,7.1,A,,,01467200
2018-06-20 00:00:00+00:00,23.7,A,,,23.2,A,,,,,23.5,A,282.0,A,,,262.0,A,,,,,272.0,A,7.2,A,,,6.0,A,,,6.6,A,,,7.2,A,,,7.1,A,,,7.1,A,,,01467200
2018-06-21 00:00:00+00:00,24.0,A,,,23.6,A,,,,,23.7,A,291.0,A,,,266.0,A,,,,,277.0,A,7.0,A,,,6.2,A,,,6.5,A,,,7.3,A,,,7.1,A,,,7.2,A,,,01467200
2018-06-22 00:00:00+00:00,23.9,A,,,23.6,A,,,,,23.8,A,303.0,A,,,269.0,A,,,,,282.0,A,6.7,A,,,6.0,A,,,6.3,A,,,7.2,A,,,7.1,A,,,7.2,A,,,01467200
2018-06-23 00:00:00+00:00,23.7,A,,,23.5,A,,,,,23.6,A,304.0,A,,,263.0,A,,,,,283.0,A,6.4,A,,,5.6,A,,,6.0,A,,,7.2,A,,,7.1,A,,,7.1,A,,,01467200
2018-06-24 00:00:00+00:00,24.0,A,,,23.5,A,,,,,23.7,A,312.0,A,,,275.0,A,,,,,290.0,A,6.5,A,,,5.3,A,,,5.8,A,,,7.2,A,,,7.1,A,,,7.1,A,,,01467200
2018-06-25 00:00:00+00:00,24.2,A,,,23.7,A,,,,,23.9,A,302.0,A,,,277.0,A,,,,,289.0,A,6.8,A,,,5.4,A,,,6.0,A,,,7.3,A,,,7.1,A,,,7.2,A,,,01467200
2018-06-26 00:00:00+00:00,24.2,A,,,23.8,A,,,,,24.0,A,309.0,A,,,284.0,A,,,,,295.0,A,7.0,A,,,5.7,A,,,6.3,A,,,7.3,A,,,7.1,A,,,7.2,A,,,01467200
2018-06-27 00:00:00+00:00,24.0,A,,,23.8,A,,,,,23.9,A,320.0,A,,,292.0,A,,,,,304.0,A,6.7,A,,,5.8,A,,,6.2,A,,,7.3,A,,,7.2,A,,,7.2,A,,,01467200
2018-06-28 00:00:00+00:00,24.4,A,,,23.7,A,,,,,24.0,A,314.0,A,,,294.0,A,,,,,306.0,A,6.6,A,,,5.5,A,,,6.0,A,,,7.3,A,,,7.1,A,,,7.2,A,,,01467200
2018-06-29 00:00:00+00:00,24.9,A,,,24.0,A,,,,,24.4,A,320.0,A,,,297.0,A,,,,,307.0,A,6.7,A,,,5.4,A,,,5.9,A,,,7.4,A,,,7.1,A,,,7.2,A,,,01467200
2018-06-30 00:00:00+00:00,25.5,A,,,24.5,A,,,,,24.9,A,321.0,A,,,292.0,A,,,,,308.0,A,6.6,A,,,5.3,A,,,6.0,A,,,7.4,A,,,7.1,A,,,7.2,A,,,01467200
2018-07-01 00:00:00+00:00,26.0,A,,,25.0,A,,,,,25.4,A,327.0,A,,,306.0,A,,,,,315.0,A,6.4,A,,,5.3,A,,,5.8,A,,,7.3,A,,,7.1,A,,,7.2,A,,,01467200
2018-07-02 00:00:00+00:00,26.5,A,,,25.4,A,,,,,25.9,A,324.0,A,,,305.0,A,,,,,315.0,A,6.2,A,,,5.0,A,,,5.5,A,,,7.3,A,,,7.1,A,,,7.2,A,,,01467200
2018-07-03 00:00:00+00:00,26.9,A,,,26.0,A,,,,,26.5,A,330.0,A,,,309.0,A,,,,,318.0,A,5.8,A,,,4.8,A,,,5.2,A,,,7.3,A,,,7.1,A,,,7.2,A,,,01467200
2018-07-04 00:00:00+00:00,27.4,A,,,26.4,A,,,,,26.9,A,330.0,A,,,307.0,A,,,,,319.0,A,5.7,A,,,4.2,A,,,4.9,A,,,7.3,A,,,7.1,A,,,7.1,A,,,01467200
2018-07-05 00:00:00+00:00,27.6,A,,,26.8,A,,,,,27.2,A,336.0,A,,,313.0,A,,,,,322.0,A,5.4,A,,,4.1,A,,,4.7,A,,,7.2,A,,,7.1,A,,,7.1,A,,,01467200
2018-07-06 00:00:00+00:00,27.6,A,,,27.1,A,,,,,27.3,A,330.0,A,,,314.0,A,,,,,324.0,A,5.5,A,,,3.9,A,,,4.7,A,,,7.2,A,,,7.1,A,,,7.1,A,,,01467200
2018-07-07 00:00:00+00:00,27.3,A,,,26.8,A,,,,,27.1,A,334.0,A,,,312.0,A,,,,,322.0,A,5.8,A,,,4.4,A,,,5.1,A,,,7.3,A,,,7.1,A,,,7.2,A,,,01467200
2018-07-08 00:00:00+00:00,27.3,A,,,26.7,A,,,,,27.0,A,345.0,A,,,312.0,A,,,,,323.0,A,5.9,A,,,4.4,A,,,5.2,A,,,7.3,A,,,7.1,A,,,7.2,A,,,01467200
2018-07-09 00:00:00+00:00,27.4,A,,,26.8,A,,,,,27.0,A,347.0,A,,,309.0,A,,,,,323.0,A,6.2,A,,,4.6,A,,,5.3,A,,,7.3,A,,,7.1,A,,,7.2,A,,,01467200
2018-07-10 00:00:00+00:00,27.4,A,,,26.9,A,,,,,27.1,A,347.0,A,,,311.0,A,,,,,329.0,A,6.5,A,,,4.7,A,,,5.4,A,,,7.3,A,,,7.1,A,,,7.2,A,,,01467200
2018-07-11 00:00:00+00:00,27.5,A,,,27.0,A,,,,,27.2,A,339.0,A,,,309.0,A,,,,,325.0,A,6.5,A,,,4.8,A,,,5.6,A,,,7.3,A,,,7.1,A,,,7.2,A,,,01467200
2018-07-12 00:00:00+00:00,27.5,A,,,27.1,A,,,,,27.3,A,340.0,A,,,309.0,A,,,,,325.0,A,6.2,A,,,4.9,A,,,5.5,A,,,7.3,A,,,7.1,A,,,7.2,A,,,01467200
2018-07-13 00:00:00+00:00,27.6,A,,,27.1,A,,,,,27.3,A,340.0,A,,,306.0,A,,,,,325.0,A,5.9,A,,,4.6,A,,,5.3,A,,,7.3,A,,,7.1,A,,,7.2,A,,,01467200
2018-07-14 00:00:00+00:00,27.5,A,,,27.1,A,,,,,27.3,A,342.0,A,,,307.0,A,,,,,326.0,A,5.6,A,,,4.6,A,,,5.1,A,,,7.2,A,,,7.1,A,,,7.1,A,,,01467200
2018-07-15 00:00:00+00:00,27.4,A,,,27.1,A,,,,,27.2,A,343.0,A,,,307.0,A,,,,,327.0,A,5.4,A,,,4.4,A,,,4.9,A,,,7.2,A,,,7.1,A,,,7.1,A,,,01467200
2018-07-16 00:00:00+00:00,27.5,A,,,27.0,A,,,,,27.3,A,344.0,A,,,305.0,A,,,,,326.0,A,5.1,A,,,4.1,A,,,4.6,A,,,7.2,A,,,7.1,A,,,7.1,A,,,01467200
2018-07-17 00:00:00+00:00,27.7,A,,,27.3,A,,,,,27.5,A,346.0,A,,,305.0,A,,,,,326.0,A,5.2,A,,,4.1,A,,,4.6,A,,,7.2,A,,,7.1,A,,,7.1,A,,,01467200
2018-07-18 00:00:00+00:00,27.7,A,,,27.3,A,,,,,27.5,A,344.0,A,,,301.0,A,,,,,323.0,A,5.3,A,,,3.8,A,,,4.6,A,,,7.2,A,,,7.1,A,,,7.1,A,,,01467200
2018-07-19 00:00:00+00:00,27.7,A,,,27.1,A,,,,,27.4,A,349.0,A,,,304.0,A,,,,,325.0,A,5.5,A,,,4.2,A,,,4.8,A,,,7.2,A,,,7.1,A,,,7.1,A,,,01467200
2018-07-20 00:00:00+00:00,27.7,A,,,27.2,A,,,,,27.5,A,347.0,A,,,306.0,A,,,,,326.0,A,5.7,A,,,4.3,A,,,5.0,A,,,7.2,A,,,7.1,A,,,7.1,A,,,01467200
2018-07-21 00:00:00+00:00,27.4,A,,,26.8,A,,,,,27.1,A,355.0,A,,,306.0,A,,,,,327.0,A,5.8,A,,,4.7,A,,,5.2,A,,,7.2,A,,,7.1,A,,,7.1,A,,,01467200
2018-07-22 00:00:00+00:00,26.9,A,,,26.6,A,,,,,26.8,A,342.0,A,,,303.0,A,,,,,323.0,A,6.2,A,,,5.0,A,,,5.5,A,,,7.2,A,,,7.1,A,,,7.2,A,,,01467200
2018-07-23 00:00:00+00:00,27.0,A,,,26.7,A,,,,,26.8,A,342.0,A,,,305.0,A,,,,,321.0,A,6.3,A,,,5.2,A,,,5.7,A,,,7.3,A,,,7.1,A,,,7.2,A,,,01467200
2018-07-24 00:00:00+00:00,27.0,A,,,26.8,A,,,,,26.8,A,338.0,A,,,302.0,A,,,,,317.0,A,6.7,A,,,5.5,A,,,6.1,A,,,7.3,A,,,7.2,A,,,7.2,A,,,01467200
2018-07-25 00:00:00+00:00,27.0,A,,,26.8,A,,,,,26.9,A,341.0,A,,,296.0,A,,,,,310.0,A,6.9,A,,,5.7,A,,,6.4,A,,,7.4,A,,,7.2,A,,,7.3,A,,,01467200
2018-07-26 00:00:00+00:00,27.0,A,,,26.4,A,,,,,26.7,A,320.0,A,,,282.0,A,,,,,297.0,A,6.9,A,,,6.1,A,,,6.4,A,,,7.3,A,,,7.2,A,,,7.3,A,,,01467200
2018-07-27 00:00:00+00:00,26.9,A,,,25.4,A,,,,,26.3,A,303.0,A,,,239.0,A,,,,,278.0,A,6.9,A,,,6.0,A,,,6.5,A,,,7.3,A,,,7.2,A,,,7.3,A,,,01467200
2018-07-28 00:00:00+00:00,26.3,A,,,24.7,A,,,,,25.4,A,285.0,A,,,195.0,A,,,,,235.0,A,6.8,A,,,6.4,A,,,6.6,A,,,7.3,A,,,7.1,A,,,7.2,A,,,01467200
2018-07-29 00:00:00+00:00,25.6,A,,,24.5,A,,,,,24.9,A,246.0,A,,,186.0,A,,,,,206.0,A,6.8,A,,,6.4,A,,,6.6,A,,,7.2,A,,,7.0,A,,,7.1,A,,,01467200
2018-07-30 00:00:00+00:00,25.2,A,,,24.4,A,,,,,24.7,A,219.0,A,,,176.0,A,,,,,194.0,A,6.9,A,,,6.3,A,,,6.6,A,,,7.1,A,,,7.0,A,,,7.0,A,,,01467200
2018-07-31 00:00:00+00:00,24.7,A,,,24.3,A,,,,,24.5,A,208.0,A,,,168.0,A,,,,,184.0,A,6.8,A,,,6.2,A,,,6.6,A,,,7.0,A,,,6.9,A,,,7.0,A,,,01467200
2018-08-01 00:00:00+00:00,24.8,A,,,24.3,A,,,,,24.6,A,197.0,A,,,166.0,A,,,,,180.0,A,6.8,A,,,6.1,A,,,6.5,A,,,7.0,A,,,6.9,A,,,7.0,A,,,01467200
2018-08-02 00:00:00+00:00,25.1,A,,,24.6,A,,,,,24.8,A,194.0,A,,,166.0,A,,,,,177.0,A,6.9,A,,,6.1,A,,,6.6,A,,,7.0,A,,,6.9,A,,,7.0,A,,,01467200
2018-08-03 00:00:00+00:00,25.2,A,,,24.9,A,,,,,25.0,A,182.0,A,,,169.0,A,,,,,175.0,A,7.0,A,,,6.0,A,,,6.6,A,,,7.0,A,,,6.9,A,,,7.0,A,,,01467200
2018-08-04 00:00:00+00:00,25.3,A,,,25.0,A,,,,,25.1,A,189.0,A,,,174.0,A,,,,,179.0,A,6.8,A,,,5.8,A,,,6.6,A,,,7.0,A,,,6.9,A,,,6.9,A,,,01467200
2018-08-05 00:00:00+00:00,25.5,A,,,24.9,A,,,,,25.2,A,204.0,A,,,174.0,A,,,,,187.0,A,7.2,A,,,6.2,A,,,6.8,A,,,7.1,A,,,7.0,A,,,7.1,A,,,01467200
2018-08-06 00:00:00+00:00,25.5,A,,,24.4,A,,,,,25.1,A,199.0,A,,,174.0,A,,,,,186.0,A,7.3,A,,,6.5,A,,,7.0,A,,,7.1,A,,,7.1,A,,,7.1,A,,,01467200
2018-08-07 00:00:00+00:00,25.2,A,,,24.2,A,,,,,24.7,A,189.0,A,,,174.0,A,,,,,179.0,A,6.9,A,,,6.2,A,,,6.7,A,,,7.1,A,,,7.1,A,,,7.1,A,,,01467200
2018-08-08 00:00:00+00:00,25.3,A,,,24.7,A,,,,,25.0,A,189.0,A,,,169.0,A,,,,,178.0,A,6.9,A,,,5.8,A,,,6.5,A,,,7.1,A,,,7.0,A,,,7.1,A,,,01467200
2018-08-09 00:00:00+00:00,25.4,A,,,25.0,A,,,,,25.2,A,185.0,A,,,169.0,A,,,,,175.0,A,6.7,A,,,6.1,A,,,6.4,A,,,7.1,A,,,7.0,A,,,7.1,A,,,01467200
2018-08-10 00:00:00+00:00,25.7,A,,,25.2,A,,,,,25.5,A,183.0,A,,,168.0,A,,,,,175.0,A,6.7,A,,,6.1,A,,,6.4,A,,,7.1,A,,,7.0,A,,,7.1,A,,,01467200
2018-08-11 00:00:00+00:00,25.8,A,,,25.5,A,,,,,25.7,A,188.0,A,,,173.0,A,,,,,179.0,A,6.6,A,,,6.0,A,,,6.3,A,,,7.1,A,,,7.0,A,,,7.1,A,,,01467200
2018-08-12 00:00:00+00:00,25.9,A,,,25.5,A,,,,,25.7,A,187.0,A,,,176.0,A,,,,,180.0,A,6.4,A,,,5.8,A,,,6.1,A,,,7.1,A,,,7.0,A,,,7.1,A,,,01467200
2018-08-13 00:00:00+00:00,25.9,A,,,25.3,A,,,,,25.7,A,190.0,A,,,180.0,A,,,,,185.0,A,6.6,A,,,5.7,A,,,6.1,A,,,7.2,A,,,7.0,A,,,7.1,A,,,01467200
2018-08-14 00:00:00+00:00,25.7,A,,,24.1,A,,,,,25.3,A,194.0,A,,,167.0,A,,,,,183.0,A,6.6,A,,,5.7,A,,,6.1,A,,,7.1,A,,,7.0,A,,,7.1,A,,,01467200
2018-08-15 00:00:00+00:00,25.0,A,,,23.7,A,,,,,24.3,A,183.0,A,,,166.0,A,,,,,174.0,A,6.9,A,,,6.0,A,,,6.4,A,,,7.2,A,,,7.0,A,,,7.1,A,,,01467200
2018-08-16 00:00:00+00:00,24.3,A,,,23.2,A,,,,,23.7,A,182.0,A,,,173.0,A,,,,,177.0,A,7.1,A,,,6.3,A,,,6.8,A,,,7.2,A,,,7.1,A,,,7.2,A,,,01467200
2018-08-17 00:00:00+00:00,24.0,A,,,22.8,A,,,,,23.3,A,181.0,A,,,169.0,A,,,,,174.0,A,7.2,A,,,6.7,A,,,7.0,A,,,7.2,A,,,7.2,A,,,7.2,A,,,01467200
2018-08-18 00:00:00+00:00,23.7,A,,,23.2,A,,,,,23.4,A,185.0,A,,,174.0,A,,,,,178.0,A,7.2,A,,,6.7,A,,,7.1,A,,,7.2,A,,,7.2,A,,,7.2,A,,,01467200
2018-08-19 00:00:00+00:00,23.5,A,,,23.3,A,,,,,23.4,A,184.0,A,,,160.0,A,,,,,172.0,A,7.2,A,,,6.8,A,,,7.1,A,,,7.2,A,,,7.1,A,,,7.2,A,,,01467200
2018-08-20 00:00:00+00:00,23.4,A,,,23.2,A,,,,,23.3,A,173.0,A,,,153.0,A,,,,,161.0,A,7.2,A,,,6.8,A,,,7.0,A,,,7.2,A,,,7.1,A,,,7.1,A,,,01467200
2018-08-21 00:00:00+00:00,23.4,A,,,23.1,A,,,,,23.3,A,168.0,A,,,153.0,A,,,,,159.0,A,7.1,A,,,6.8,A,,,7.0,A,,,7.2,A,,,7.1,A,,,7.1,A,,,01467200
2018-08-22 00:00:00+00:00,23.5,A,,,23.3,A,,,,,23.4,A,165.0,A,,,156.0,A,,,,,162.0,A,7.2,A,,,6.7,A,,,7.0,A,,,7.2,A,,,7.1,A,,,7.2,A,,,01467200
2018-08-23 00:00:00+00:00,23.5,A,,,22.7,A,,,,,23.1,A,166.0,A,,,152.0,A,,,,,159.0,A,7.6,A,,,6.8,A,,,7.3,A,,,7.2,A,,,7.1,A,,,7.2,A,,,01467200
2018-08-24 00:00:00+00:00,23.3,A,,,22.4,A,,,,,22.9,A,162.0,A,,,152.0,A,,,,,157.0,A,7.6,A,,,7.1,A,,,7.4,A,,,7.2,A,,,7.2,A,,,7.2,A,,,01467200
2018-08-25 00:00:00+00:00,23.2,A,,,22.6,A,,,,,22.9,A,169.0,A,,,157.0,A,,,,,162.0,A,7.5,A,,,7.1,A,,,7.4,A,,,7.2,A,,,7.2,A,,,7.2,A,,,01467200
2018-08-26 00:00:00+00:00,23.3,A,,,22.7,A,,,,,23.0,A,174.0,A,,,160.0,A,,,,,167.0,A,7.4,A,,,7.1,A,,,7.3,A,,,7.2,A,,,7.2,A,,,7.2,A,,,01467200
2018-08-27 00:00:00+00:00,23.5,A,,,23.0,A,,,,,23.3,A,181.0,A,,,163.0,A,,,,,173.0,A,7.2,A,,,6.9,A,,,7.1,A,,,7.2,A,,,7.2,A,,,7.2,A,,,01467200
2018-08-28 00:00:00+00:00,24.0,A,,,23.4,A,,,,,23.7,A,194.0,A,,,172.0,A,,,,,183.0,A,7.0,A,,,6.7,A,,,6.9,A,,,7.2,A,,,7.2,A,,,7.2,A,,,01467200
2018-08-29 00:00:00+00:00,24.4,A,,,23.9,A,,,,,24.1,A,199.0,A,,,184.0,A,,,,,192.0,A,7.1,A,,,6.5,A,,,6.8,A,,,7.3,A,,,7.2,A,,,7.2,A,,,01467200
2018-08-30 00:00:00+00:00,24.9,A,,,24.4,A,,,,,24.5,A,208.0,A,,,192.0,A,,,,,198.0,A,7.3,A,,,6.4,A,,,6.8,A,,,7.3,A,,,7.2,A,,,7.2,A,,,01467200
2018-08-31 00:00:00+00:00,24.7,A,,,24.5,A,,,,,24.6,A,211.0,A,,,197.0,A,,,,,203.0,A,7.1,A,,,6.4,A,,,6.6,A,,,7.3,A,,,7.2,A,,,7.2,A,,,01467200
2018-09-01 00:00:00+00:00,24.6,A,,,24.5,A,,,,,24.5,A,223.0,A,,,203.0,A,,,,,208.0,A,6.6,A,,,6.1,A,,,6.3,A,,,7.2,A,,,7.1,A,,,7.2,A,,,01467200
2018-09-02 00:00:00+00:00,24.8,A,,,24.4,A,,,,,24.6,A,223.0,A,,,209.0,A,,,,,214.0,A,6.6,A,,,5.8,A,,,6.1,A,,,7.2,A,,,7.1,A,,,7.2,A,,,01467200
2018-09-03 00:00:00+00:00,25.2,A,,,24.6,A,,,,,24.9,A,223.0,A,,,213.0,A,,,,,217.0,A,6.6,A,,,5.7,A,,,6.1,A,,,7.3,A,,,7.1,A,,,7.2,A,,,01467200
2018-09-04 00:00:00+00:00,25.8,A,,,25.0,A,,,,,25.3,A,226.0,A,,,218.0,A,,,,,222.0,A,6.6,A,,,5.7,A,,,6.1,A,,,7.3,A,,,7.1,A,,,7.2,A,,,01467200
2018-09-05 00:00:00+00:00,26.3,A,,,25.5,A,,,,,25.8,A,250.0,A,,,220.0,A,,,,,230.0,A,6.5,A,,,5.6,A,,,6.0,A,,,7.3,A,,,7.1,A,,,7.2,A,,,01467200
2018-09-06 00:00:00+00:00,26.7,A,,,25.8,A,,,,,26.3,A,242.0,A,,,226.0,A,,,,,232.0,A,6.4,A,,,5.5,A,,,5.9,A,,,7.3,A,,,7.1,A,,,7.2,A,,,01467200
2018-09-07 00:00:00+00:00,26.7,A,,,26.2,A,,,,,26.5,A,247.0,A,,,232.0,A,,,,,237.0,A,6.6,A,,,5.4,A,,,5.9,A,,,7.3,A,,,7.1,A,,,7.2,A,,,01467200
2018-09-08 00:00:00+00:00,26.4,A,,,25.7,A,,,,,26.1,A,242.0,A,,,233.0,A,,,,,237.0,A,6.2,A,,,5.3,A,,,5.7,A,,,7.2,A,,,7.1,A,,,7.2,A,,,01467200
2018-09-09 00:00:00+00:00,25.7,A,,,24.5,A,,,,,25.2,A,246.0,A,,,235.0,A,,,,,239.0,A,5.9,A,,,5.1,A,,,5.5,A,,,7.2,A,,,7.1,A,,,7.2,A,,,01467200
2018-09-10 00:00:00+00:00,24.7,A,,,23.6,A,,,,,24.1,A,247.0,A,,,233.0,A,,,,,239.0,A,6.1,A,,,5.2,A,,,5.5,A,,,7.2,A,,,7.1,A,,,7.2,A,,,01467200
2018-09-11 00:00:00+00:00,23.8,A,,,23.3,A,,,,,23.6,A,241.0,A,,,232.0,A,,,,,237.0,A,6.3,A,,,5.0,A,,,5.7,A,,,7.3,A,,,7.1,A,,,7.2,A,,,01467200
2018-09-12 00:00:00+00:00,23.5,A,,,22.7,A,,,,,23.3,A,248.0,A,,,235.0,A,,,,,241.0,A,6.3,A,,,5.3,A,,,5.9,A,,,7.3,A,,,7.2,A,,,7.3,A,,,01467200
2018-09-13 00:00:00+00:00,23.3,A,,,20.9,A,,,,,22.6,A,244.0,A,,,225.0,A,,,,,237.0,A,6.8,A,,,5.7,A,,,6.1,A,,,7.3,A,,,7.2,A,,,7.3,A,,,01467200
2018-09-14 00:00:00+00:00,22.6,A,,,20.0,A,,,,,21.4,A,236.0,A,,,216.0,A,,,,,228.0,A,7.3,A,,,6.0,A,,,6.6,A,,,7.3,A,,,7.2,A,,,7.3,A,,,01467200
2018-09-15 00:00:00+00:00,21.3,A,,,19.7,A,,,,,20.4,A,233.0,A,,,198.0,A,,,,,217.0,A,7.6,A,,,6.5,A,,,7.0,A,,,7.3,A,,,7.2,A,,,7.3,A,,,01467200
2018-09-16 00:00:00+00:00,20.9,A,,,19.6,A,,,,,20.1,A,219.0,A,,,186.0,A,,,,,202.0,A,7.5,A,,,6.8,A,,,7.2,A,,,7.2,A,,,7.2,A,,,7.2,A,,,01467200
2018-09-17 00:00:00+00:00,20.7,A,,,20.0,A,,,,,20.2,A,211.0,A,,,179.0,A,,,,,191.0,A,7.3,A,,,6.8,A,,,7.1,A,,,7.2,A,,,7.1,A,,,7.2,A,,,01467200
2018-09-18 00:00:00+00:00,20.8,A,,,20.3,A,,,,,20.5,A,196.0,A,,,174.0,A,,,,,183.0,A,7.2,A,,,6.6,A,,,7.0,A,,,7.2,A,,,7.1,A,,,7.1,A,,,01467200
2018-09-19 00:00:00+00:00,21.4,A,,,20.6,A,,,,,21.0,A,181.0,A,,,171.0,A,,,,,176.0,A,7.2,A,,,6.6,A,,,6.9,A,,,7.2,A,,,7.1,A,,,7.1,A,,,01467200
2018-09-20 00:00:00+00:00,21.8,A,,,21.1,A,,,,,21.5,A,194.0,A,,,175.0,A,,,,,183.0,A,7.2,A,,,6.7,A,,,7.0,A,,,7.2,A,,,7.1,A,,,7.2,A,,,01467200
2018-09-21 00:00:00+00:00,21.9,A,,,21.4,A,,,,,21.7,A,196.0,A,,,182.0,A,,,,,188.0,A,7.2,A,,,6.7,A,,,7.0,A,,,7.3,A,,,7.1,A,,,7.2,A,,,01467200
2018-09-22 00:00:00+00:00,21.9,A,,,21.6,A,,,,,21.7,A,200.0,A,,,177.0,A,,,,,189.0,A,7.2,A,,,6.7,A,,,7.0,A,,,7.2,A,,,7.2,A,,,7.2,A,,,01467200
2018-09-23 00:00:00+00:00,21.7,A,,,21.1,A,,,,,21.4,A,192.0,A,,,173.0,A,,,,,184.0,A,7.2,A,,,6.7,A,,,7.0,A,,,7.2,A,,,7.2,A,,,7.2,A,,,01467200
2018-09-24 00:00:00+00:00,21.6,A,,,20.6,A,,,,,21.0,A,193.0,A,,,170.0,A,,,,,179.0,A,7.3,A,,,6.6,A,,,7.0,A,,,7.2,A,,,7.2,A,,,7.2,A,,,01467200
2018-09-25 00:00:00+00:00,21.0,A,,,20.3,A,,,,,20.7,A,189.0,A,,,170.0,A,,,,,179.0,A,7.3,A,,,6.7,A,,,7.0,A,,,7.2,A,,,7.1,A,,,7.2,A,,,01467200
2018-09-26 00:00:00+00:00,20.7,A,,,20.0,A,,,,,20.4,A,184.0,A,,,165.0,A,,,,,173.0,A,7.6,A,,,6.8,A,,,7.3,A,,,7.2,A,,,7.1,A,,,7.2,A,,,01467200
2018-09-27 00:00:00+00:00,20.4,A,,,19.2,A,,,,,19.8,A,195.0,A,,,170.0,A,,,,,184.0,A,7.9,A,,,7.2,A,,,7.6,A,,,7.3,A,,,7.2,A,,,7.2,A,,,01467200
2018-09-28 00:00:00+00:00,19.7,A,,,18.2,A,,,,,19.0,A,193.0,A,,,166.0,A,,,,,183.0,A,8.1,A,,,7.5,A,,,7.8,A,,,7.2,A,,,7.2,A,,,7.2,A,,,01467200
2018-09-29 00:00:00+00:00,18.5,A,,,17.9,A,,,,,18.2,A,173.0,A,,,147.0,A,,,,,162.0,A,8.3,A,,,7.9,A,,,8.1,A,,,7.2,A,,,7.2,A,,,7.2,A,,,01467200
2018-09-30 00:00:00+00:00,18.1,A,,,17.8,A,,,,,17.9,A,154.0,A,,,142.0,A,,,,,147.0,A,8.1,A,,,7.7,A,,,8.0,A,,,7.2,A,,,7.1,A,,,7.2,A,,,01467200
2018-10-01 00:00:00+00:00,18.2,A,,,17.8,A,,,,,18.0,A,166.0,A,,,148.0,A,,,,,154.0,A,8.3,A,,,7.6,A,,,8.1,A,,,7.2,A,,,7.1,A,,,7.2,A,,,01467200
2018-10-02 00:00:00+00:00,18.4,A,,,17.9,A,,,,,18.1,A,159.0,A,,,149.0,A,,,,,153.0,A,8.4,A,,,7.9,A,,,8.2,A,,,7.2,A,,,7.1,A,,,7.2,A,,,01467200
2018-10-03 00:00:00+00:00,18.4,A,,,18.0,A,,,,,18.2,A,162.0,A,,,153.0,A,,,,,157.0,A,8.3,A,,,7.8,A,,,8.2,A,,,7.2,A,,,7.1,A,,,7.2,A,,,01467200
2018-10-04 00:00:00+00:00,18.5,A,,,18.0,A,,,,,18.3,A,171.0,A,,,158.0,A,,,,,164.0,A,8.6,A,,,8.1,A,,,8.4,A,,,,,,,,,,,,,,,01467200
2018-10-05 00:00:00+00:00,18.5,A,,,18.3,A,,,,,18.4,A,178.0,A,,,163.0,A,,,,,174.0,A,8.7,A,,,8.3,A,,,8.5,A,,,,,,,,,,,,,,,01467200
2018-10-06 00:00:00+00:00,18.4,A,,,18.2,A,,,,,18.3,A,181.0,A,,,168.0,A,,,,,176.0,A,8.6,A,,,8.2,A,,,8.5,A,,,,,,,,,,,,,,,01467200
2018-10-07 00:00:00+00:00,18.5,A,,,18.1,A,,,,,18.3,A,180.0,A,,,157.0,A,,,,,168.0,A,8.5,A,,,8.2,A,,,8.4,A,,,,,,,,,,,,,,,01467200
2018-10-08 00:00:00+00:00,18.5,A,,,18.0,A,,,,,18.2,A,171.0,A,,,155.0,A,,,,,162.0,A,8.4,A,,,8.2,A,,,8.3,A,,,,,,,,,,,,,,,01467200
2018-10-09 00:00:00+00:00,18.6,A,,,18.1,A,,,,,18.3,A,169.0,A,,,161.0,A,,,,,166.0,A,8.3,A,,,8.0,A,,,8.2,A,,,,,,,,,,,,,,,01467200
2018-10-10 00:00:00+00:00,18.9,A,,,18.3,A,,,,,18.5,A,173.0,A,,,165.0,A,,,,,169.0,A,8.2,A,,,7.9,A,,,8.1,A,,,,,,,,,,,,,,,01467200
2018-10-11 00:00:00+00:00,19.2,A,,,18.6,A,,,,,18.9,A,183.0,A,,,168.0,A,,,,,175.0,A,8.2,A,,,7.8,A,,,8.0,A,,,,,,,,,,,,,,,01467200
2018-10-12 00:00:00+00:00,19.2,A,,,18.9,A,,,,,19.1,A,185.0,A,,,174.0,A,,,,,179.0,A,8.1,A,,,7.6,A,,,7.9,A,,,,,,,,,,,,,,,01467200
2018-10-13 00:00:00+00:00,18.9,A,,,18.6,A,,,,,18.8,A,209.0,A,,,180.0,A,,,,,191.0,A,8.3,A,,,7.9,A,,,8.1,A,,,,,,,,,,,,,,,01467200
2018-10-14 00:00:00+00:00,18.6,A,,,17.9,A,,,,,18.3,A,209.0,A,,,193.0,A,,,,,199.0,A,8.3,A,,,7.9,A,,,8.1,A,,,,,,,,,,,,,,,01467200
2018-10-15 00:00:00+00:00,18.1,A,,,17.2,A,,,,,17.7,A,196.0,A,,,168.0,A,,,,,184.0,A,8.0,A,,,7.7,A,,,7.9,A,,,,,,,,,,,,,,,01467200
2018-10-16 00:00:00+00:00,17.2,A,,,16.2,A,,,,,16.7,A,174.0,A,,,154.0,A,,,,,162.0,A,8.5,A,,,8.0,A,,,8.2,A,,,,,,,,,,,,,,,01467200
2018-10-17 00:00:00+00:00,16.3,A,,,15.3,A,,,,,15.8,A,164.0,A,,,155.0,A,,,,,158.0,A,8.9,A,,,8.2,A,,,8.5,A,,,,,,,,,,,,,,,01467200
2018-10-18 00:00:00+00:00,15.3,A,,,14.4,A,,,,,14.8,A,169.0,A,,,159.0,A,,,,,162.0,A,9.3,A,,,8.8,A,,,9.0,A,,,,,,,,,,,,,,,01467200
2018-10-19 00:00:00+00:00,14.7,A,,,14.0,A,,,,,14.3,A,175.0,A,,,160.0,A,,,,,169.0,A,9.4,A,,,8.9,A,,,9.2,A,,,,,,,,,,,,,,,01467200
2018-10-20 00:00:00+00:00,14.5,A,,,13.6,A,,,,,13.9,A,185.0,A,,,166.0,A,,,,,176.0,A,9.6,A,,,9.0,A,,,9.3,A,,,,,,,,,,,,,,,01467200
2018-10-21 00:00:00+00:00,14.2,A,,,13.0,A,,,,,13.5,A,196.0,A,,,174.0,A,,,,,185.0,A,9.7,A,,,9.1,A,,,9.5,A,,,,,,,,,,,,,,,01467200
2018-10-22 00:00:00+00:00,13.5,A,,,12.8,A,,,,,13.1,A,193.0,A,,,179.0,A,,,,,187.0,A,9.8,A,,,9.3,A,,,9.5,A,,,,,,,,,,,,,,,01467200
2018-10-23 00:00:00+00:00,13.2,A,,,12.4,A,,,,,12.8,A,198.0,A,,,186.0,A,,,,,192.0,A,9.9,A,,,9.2,A,,,9.6,A,,,,,,,,,,,,,,,01467200
2018-10-24 00:00:00+00:00,12.9,A,,,11.9,A,,,,,12.3,A,200.0,A,,,192.0,A,,,,,196.0,A,10.0,A,,,9.4,A,,,9.8,A,,,,,,,,,,,,,,,01467200
2018-10-25 00:00:00+00:00,12.4,A,,,11.6,A,,,,,12.0,A,209.0,A,,,194.0,A,,,,,201.0,A,10.0,A,,,9.6,A,,,9.8,A,,,,,,,,,,,,,,,01467200
2018-10-26 00:00:00+00:00,12.0,A,,,11.3,A,,,,,11.7,A,215.0,A,,,203.0,A,,,,,209.0,A,10.1,A,,,9.7,A,,,9.9,A,,,7.4,A,,,7.4,A,,,7.4,A,,,01467200
2018-10-27 00:00:00+00:00,11.9,A,,,11.1,A,,,,,11.6,A,226.0,A,,,208.0,A,,,,,214.0,A,10.1,A,,,9.8,A,,,9.9,A,,,7.4,A,,,7.4,A,,,7.4,A,,,01467200
2018-10-28 00:00:00+00:00,11.5,A,,,10.8,A,,,,,11.2,A,220.0,A,,,209.0,A,,,,,215.0,A,10.4,A,,,9.9,A,,,10.1,A,,,7.5,A,,,7.4,A,,,7.4,A,,,01467200
2018-10-29 00:00:00+00:00,11.2,A,,,10.5,A,,,,,10.9,A,224.0,A,,,214.0,A,,,,,218.0,A,10.5,A,,,10.0,A,,,10.3,A,,,7.5,A,,,7.4,A,,,7.5,A,,,01467200
2018-10-30 00:00:00+00:00,10.8,A,,,10.3,A,,,,,10.5,A,230.0,A,,,220.0,A,,,,,224.0,A,10.7,A,,,10.3,A,,,10.5,A,,,7.5,A,,,7.5,A,,,7.5,A,,,01467200
2018-10-31 00:00:00+00:00,10.7,A,,,10.2,A,,,,,10.4,A,233.0,A,,,224.0,A,,,,,227.0,A,10.8,A,,,10.4,A,,,10.6,A,,,7.5,A,,,7.5,A,,,7.5,A,,,01467200
2018-11-01 00:00:00+00:00,10.8,A,,,10.3,A,,,,,10.5,A,232.0,A,,,225.0,A,,,,,228.0,A,10.7,A,,,10.4,A,,,10.6,A,,,7.5,A,,,7.5,A,,,7.5,A,,,01467200
2018-11-02 00:00:00+00:00,11.2,A,,,10.7,A,,,,,10.9,A,234.0,A,,,223.0,A,,,,,228.0,A,10.7,A,,,10.4,A,,,10.6,A,,,7.5,A,,,7.5,A,,,7.5,A,,,01467200
2018-11-03 00:00:00+00:00,11.5,A,,,11.2,A,,,,,11.4,A,237.0,A,,,191.0,A,,,,,215.0,A,10.8,A,,,10.4,A,,,10.5,A,,,7.5,A,,,7.5,A,,,7.5,A,,,01467200
2018-11-04 00:00:00+00:00,12.5,A,,,11.3,A,,,,,11.7,A,197.0,A,,,170.0,A,,,,,185.0,A,10.8,A,,,10.0,A,,,10.6,A,,,7.6,A,,,7.4,A,,,7.5,A,,,01467200
2018-11-05 00:00:00+00:00,12.8,A,,,11.8,A,,,,,12.5,A,191.0,A,,,160.0,A,,,,,171.0,A,10.6,A,,,9.4,A,,,9.7,A,,,7.5,A,,,7.3,A,,,7.4,A,,,01467200
2018-11-06 00:00:00+00:00,12.6,A,,,12.0,A,,,,,12.4,A,169.0,A,,,150.0,A,,,,,159.0,A,10.0,A,,,9.3,A,,,9.6,A,,,7.4,A,,,7.3,A,,,7.3,A,,,01467200
2018-11-07 00:00:00+00:00,12.2,A,,,11.2,A,,,,,11.6,A,159.0,A,,,146.0,A,,,,,151.0,A,10.5,A,,,9.6,A,,,10.1,A,,,7.4,A,,,7.3,A,,,7.3,A,,,01467200
2018-11-08 00:00:00+00:00,11.3,A,,,10.8,A,,,,,11.1,A,167.0,A,,,151.0,A,,,,,160.0,A,10.6,A,,,10.2,A,,,10.5,A,,,7.4,A,,,7.3,A,,,7.4,A,,,01467200
2018-11-09 00:00:00+00:00,10.9,A,,,10.7,A,,,,,10.8,A,175.0,A,,,158.0,A,,,,,164.0,A,10.7,A,,,10.2,A,,,10.4,A,,,7.4,A,,,7.3,A,,,7.3,A,,,01467200
2018-11-10 00:00:00+00:00,10.8,A,,,9.9,A,,,,,10.5,A,167.0,A,,,151.0,A,,,,,158.0,A,10.9,A,,,10.1,A,,,10.6,A,,,7.4,A,,,7.3,A,,,7.4,A,,,01467200
2018-11-11 00:00:00+00:00,10.0,A,,,9.3,A,,,,,9.7,A,170.0,A,,,153.0,A,,,,,161.0,A,11.1,A,,,10.7,A,,,10.9,A,,,7.4,A,,,7.4,A,,,7.4,A,,,01467200
2018-11-12 00:00:00+00:00,9.4,A,,,8.6,A,,,,,9.0,A,175.0,A,,,161.0,A,,,,,166.0,A,11.2,A,,,10.8,A,,,11.0,A,,,7.4,A,,,7.4,A,,,7.4,A,,,01467200
2018-11-13 00:00:00+00:00,8.8,A,,,8.0,A,,,,,8.5,A,185.0,A,,,164.0,A,,,,,171.0,A,11.5,A,,,10.8,A,,,11.2,A,,,7.4,A,,,7.3,A,,,7.4,A,,,01467200
2018-11-14 00:00:00+00:00,8.0,A,,,7.2,A,,,,,7.6,A,175.0,A,,,158.0,A,,,,,164.0,A,12.0,A,,,11.4,A,,,11.8,A,,,7.4,A,,,7.4,A,,,7.4,A,,,01467200
2018-11-15 00:00:00+00:00,7.2,A,,,6.7,A,,,,,7.0,A,186.0,A,,,167.0,A,,,,,172.0,A,12.1,A,,,11.8,A,,,12.0,A,,,7.5,A,,,7.4,A,,,7.4,A,,,01467200
2018-11-16 00:00:00+00:00,6.9,A,,,6.5,A,,,,,6.7,A,233.0,A,,,171.0,A,,,,,196.0,A,12.0,A,,,11.5,A,,,11.8,A,,,7.4,A,,,7.4,A,,,7.4,A,,,01467200
2018-11-17 00:00:00+00:00,6.6,A,,,5.9,A,,,,,6.2,A,220.0,A,,,202.0,A,,,,,211.0,A,12.3,A,,,11.7,A,,,12.0,A,,,7.5,A,,,7.4,A,,,7.4,A,,,01467200
2018-11-18 00:00:00+00:00,6.0,A,,,5.3,A,,,,,5.6,A,228.0,A,,,202.0,A,,,,,217.0,A,12.5,A,,,12.0,A,,,12.3,A,,,7.4,A,,,7.4,A,,,7.4,A,,,01467200
2018-11-19 00:00:00+00:00,5.6,A,,,5.0,A,,,,,5.3,A,226.0,A,,,211.0,A,,,,,220.0,A,12.7,A,,,12.2,A,,,12.4,A,,,7.4,A,,,7.4,A,,,7.4,A,,,01467200
2018-11-20 00:00:00+00:00,5.5,A,,,5.1,A,,,,,5.3,A,231.0,A,,,217.0,A,,,,,224.0,A,12.7,A,,,12.2,A,,,12.5,A,,,7.4,A,,,7.4,A,,,7.4,A,,,01467200
2018-11-21 00:00:00+00:00,5.7,A,,,5.3,A,,,,,5.5,A,227.0,A,,,212.0,A,,,,,219.0,A,12.7,A,,,12.4,A,,,12.5,A,,,7.5,A,,,7.4,A,,,7.4,A,,,01467200
2018-11-22 00:00:00+00:00,5.8,A,,,5.4,A,,,,,5.6,A,220.0,A,,,208.0,A,,,,,214.0,A,12.6,A,,,12.3,A,,,12.5,A,,,7.5,A,,,7.5,A,,,7.5,A,,,01467200
2018-11-23 00:00:00+00:00,5.6,A,,,5.2,A,,,,,5.5,A,219.0,A,,,208.0,A,,,,,213.0,A,12.6,A,,,12.2,A,,,12.5,A,,,7.6,A,,,7.5,A,,,7.5,A,,,01467200
2018-11-24 00:00:00+00:00,5.9,A,,,5.3,A,,,,,5.5,A,219.0,A,,,207.0,A,,,,,213.0,A,12.5,A,,,11.8,A,,,12.4,A,,,7.6,A,,,7.5,A,,,7.5,A,,,01467200
2018-11-25 00:00:00+00:00,5.8,A,,,4.4,A,,,,,5.4,A,212.0,A,,,191.0,A,,,,,200.0,A,12.8,A,,,11.9,A,,,12.3,A,,,7.5,A,,,7.4,A,,,7.5,A,,,01467200
2018-11-26 00:00:00+00:00,5.1,A,,,4.3,A,,,,,4.6,A,200.0,A,,,179.0,A,,,,,192.0,A,12.9,A,,,12.0,A,,,12.6,A,,,7.5,A,,,7.3,A,,,7.4,A,,,01467200
2018-11-27 00:00:00+00:00,5.4,A,,,4.9,A,,,,,5.1,A,183.0,A,,,165.0,A,,,,,175.0,A,12.1,A,,,11.8,A,,,12.0,A,,,7.4,A,,,7.3,A,,,7.3,A,,,01467200
2018-11-28 00:00:00+00:00,5.5,A,,,5.2,A,,,,,5.4,A,181.0,A,,,163.0,A,,,,,173.0,A,12.2,A,,,11.7,A,,,12.0,A,,,7.4,A,,,7.3,A,,,7.4,A,,,01467200
2018-11-29 00:00:00+00:00,5.5,A,,,5.2,A,,,,,5.3,A,174.0,A,,,157.0,A,,,,,164.0,A,12.4,A,,,11.7,A,,,12.1,A,,,7.4,A,,,7.4,A,,,7.4,A,,,01467200
2018-11-30 00:00:00+00:00,5.3,A,,,5.1,A,,,,,5.1,A,164.0,A,,,150.0,A,,,,,156.0,A,12.4,A,,,12.0,A,,,12.3,A,,,7.4,A,,,7.4,A,,,7.4,A,,,01467200
2018-12-01 00:00:00+00:00,5.2,A,,,5.0,A,,,,,5.1,A,160.0,A,,,149.0,A,,,,,155.0,A,12.7,A,,,11.9,A,,,12.4,A,,,7.4,A,,,7.4,A,,,7.4,A,,,01467200
2018-12-02 00:00:00+00:00,5.5,A,,,5.1,A,,,,,5.3,A,174.0,A,,,151.0,A,,,,,163.0,A,12.6,A,,,11.8,A,,,12.4,A,,,7.4,A,,,7.3,A,,,7.4,A,,,01467200
2018-12-03 00:00:00+00:00,5.9,A,,,5.3,A,,,,,5.7,A,183.0,A,,,158.0,A,,,,,173.0,A,12.5,A,,,12.0,A,,,12.4,A,,,7.4,A,,,7.4,A,,,7.4,A,,,01467200
2018-12-04 00:00:00+00:00,6.3,A,,,5.6,A,,,,,6.0,A,192.0,A,,,171.0,A,,,,,184.0,A,12.5,A,,,11.9,A,,,12.3,A,,,7.5,A,,,7.4,A,,,7.4,A,,,01467200
2018-12-05 00:00:00+00:00,6.4,A,,,5.9,A,,,,,6.1,A,194.0,A,,,181.0,A,,,,,188.0,A,12.3,A,,,11.4,A,,,12.0,A,,,7.5,A,,,7.4,A,,,7.5,A,,,01467200
2018-12-21 00:00:00+00:00,5.6,A,,,4.8,A,,,,,5.2,A,231.0,A,,,197.0,A,,,,,216.0,A,,,,,,,,,,,,,,,,,,,,,,,,,01467200
2018-12-22 00:00:00+00:00,5.4,A,,,4.9,A,,,,,5.1,A,210.0,A,,,187.0,A,,,,,197.0,A,,,,,,,,,,,,,,,,,,,,,,,,,01467200
2018-12-23 00:00:00+00:00,6.4,A,,,4.9,A,,,,,5.8,A,192.0,A,,,164.0,A,,,,,184.0,A,,,,,,,,,,,,,,,,,,,,,,,,,01467200
2018-12-24 00:00:00+00:00,6.4,A,,,5.8,A,,,,,6.2,A,175.0,A,,,146.0,A,,,,,161.0,A,,,,,,,,,,,,,,,,,,,,,,,,,01467200
2018-12-25 00:00:00+00:00,5.9,A,,,5.4,A,,,,,5.7,A,153.0,A,,,143.0,A,,,,,148.0,A,,,,,,,,,,,,,,,,,,,,,,,,,01467200
2018-12-26 00:00:00+00:00,5.5,A,,,5.1,A,,,,,5.3,A,154.0,A,,,143.0,A,,,,,147.0,A,,,,,,,,,,,,,,,,,,,,,,,,,01467200
2018-12-27 00:00:00+00:00,5.2,A,,,4.8,A,,,,,5.0,A,159.0,A,,,145.0,A,,,,,151.0,A,,,,,,,,,,,,,,,,,,,,,,,,,01467200
2018-12-28 00:00:00+00:00,5.3,A,,,4.7,A,,,,,5.0,A,174.0,A,,,153.0,A,,,,,162.0,A,,,,,,,,,,,,,,,,,,,,,,,,,01467200
2018-12-29 00:00:00+00:00,5.3,A,,,5.0,A,,,,,5.1,A,183.0,A,,,161.0,A,,,,,168.0,A,,,,,,,,,,,,,,,,,,,,,,,,,01467200
2018-12-30 00:00:00+00:00,5.5,A,,,5.0,A,,,,,5.2,A,187.0,A,,,175.0,A,,,,,181.0,A,,,,,,,,,,,,,,,,,,,,,,,,,01467200
2018-12-31 00:00:00+00:00,5.8,A,,,5.3,A,,,,,5.6,A,188.0,A,,,176.0,A,,,,,181.0,A,,,,,,,,,,,,,,,,,,,,,,,,,01467200
2019-01-01 00:00:00+00:00,6.2,A,,,5.7,A,,,,,6.1,A,199.0,A,,,179.0,A,,,,,186.0,A,,,,,,,,,,,,,,,,,,,,,,,,,01467200
2019-01-02 00:00:00+00:00,6.1,A,,,5.6,A,,,,,5.9,A,194.0,A,,,179.0,A,,,,,188.0,A,,,,,,,,,,,,,,,,,,,,,,,,,01467200
2019-01-03 00:00:00+00:00,5.9,A,,,5.7,A,,,,,5.8,A,194.0,A,,,182.0,A,,,,,188.0,A,,,,,,,,,,,,,,,,,,,,,,,,,01467200
2019-01-04 00:00:00+00:00,5.8,A,,,5.6,A,,,,,5.7,A,191.0,A,,,180.0,A,,,,,186.0,A,,,,,,,,,,,,,,,,,,,,,,,,,01467200
2019-01-05 00:00:00+00:00,5.9,A,,,5.6,A,,,,,5.8,A,194.0,A,,,178.0,A,,,,,186.0,A,,,,,,,,,,,,,,,,,,,,,,,,,01467200
2019-01-06 00:00:00+00:00,5.7,A,,,5.2,A,,,,,5.5,A,187.0,A,,,178.0,A,,,,,183.0,A,,,,,,,,,,,,,,,,,,,,,,,,,01467200
2019-01-07 00:00:00+00:00,5.2,A,,,4.9,A,,,,,5.1,A,196.0,A,,,179.0,A,,,,,187.0,A,,,,,,,,,,,,,,,,,,,,,,,,,01467200
2019-01-08 00:00:00+00:00,5.1,A,,,4.9,A,,,,,5.0,A,193.0,A,,,180.0,A,,,,,186.0,A,,,,,,,,,,,,,,,,,,,,,,,,,01467200
2019-01-09 00:00:00+00:00,5.1,A,,,4.7,A,,,,,5.0,A,193.0,A,,,181.0,A,,,,,186.0,A,,,,,,,,,,,,,,,,,,,,,,,,,01467200
2019-01-10 00:00:00+00:00,4.7,A,,,4.1,A,,,,,4.4,A,196.0,A,,,180.0,A,,,,,186.0,A,,,,,,,,,,,,,,,,,,,,,,,,,01467200
2019-01-11 00:00:00+00:00,4.1,A,,,3.6,A,,,,,3.9,A,203.0,A,,,185.0,A,,,,,192.0,A,,,,,,,,,,,,,,,,,,,,,,,,,01467200
2019-01-12 00:00:00+00:00,3.6,A,,,3.4,A,,,,,3.5,A,206.0,A,,,191.0,A,,,,,198.0,A,,,,,,,,,,,,,,,,,,,,,,,,,01467200
2019-01-13 00:00:00+00:00,3.4,A,,,3.0,A,,,,,3.2,A,222.0,A,,,200.0,A,,,,,206.0,A,,,,,,,,,,,,,,,,,,,,,,,,,01467200
2019-01-14 00:00:00+00:00,3.1,A,,,2.7,A,,,,,2.9,A,221.0,A,,,209.0,A,,,,,216.0,A,,,,,,,,,,,,,,,,,,,,,,,,,01467200
2019-01-15 00:00:00+00:00,2.8,A,,,2.3,A,,,,,2.6,A,220.0,A,,,206.0,A,,,,,214.0,A,,,,,,,,,,,,,,,,,,,,,,,,,01467200
2019-01-16 00:00:00+00:00,2.6,A,,,2.0,A,,,,,2.3,A,219.0,A,,,208.0,A,,,,,214.0,A,,,,,,,,,,,,,,,,,,,,,,,,,01467200
2019-01-17 00:00:00+00:00,2.2,A,,,1.7,A,,,,,1.9,A,220.0,A,,,209.0,A,,,,,216.0,A,,,,,,,,,,,,,,,,,,,,,,,,,01467200
2019-01-18 00:00:00+00:00,2.0,A,,,1.5,A,,,,,1.8,A,232.0,A,,,215.0,A,,,,,224.0,A,,,,,,,,,,,,,,,,,,,,,,,,,01467200
2019-01-19 00:00:00+00:00,2.0,A,,,1.5,A,,,,,1.7,A,239.0,A,,,226.0,A,,,,,233.0,A,,,,,,,,,,,,,,,,,,,,,,,,,01467200
2019-01-20 00:00:00+00:00,2.1,A,,,1.5,A,,,,,1.9,A,271.0,A,,,235.0,A,,,,,251.0,A,,,,,,,,,,,,,,,,,,,,,,,,,01467200
2019-01-21 00:00:00+00:00,1.5,A,,,1.0,A,,,,,1.3,A,274.0,A,,,249.0,A,,,,,262.0,A,,,,,,,,,,,,,,,,,,,,,,,,,01467200
2019-01-22 00:00:00+00:00,1.0,A,,,0.7,A,,,,,0.9,A,275.0,A,,,265.0,A,,,,,270.0,A,,,,,,,,,,,,,,,,,,,,,,,,,01467200
2019-01-23 00:00:00+00:00,1.1,A,,,0.7,A,,,,,0.8,A,279.0,A,,,268.0,A,,,,,274.0,A,,,,,,,,,,,,,,,,,,,,,,,,,01467200
2019-01-24 00:00:00+00:00,2.2,A,,,1.0,A,,,,,1.4,A,285.0,A,,,270.0,A,,,,,277.0,A,,,,,,,,,,,,,,,,,,,,,,,,,01467200
2019-01-25 00:00:00+00:00,2.1,A,,,1.5,A,,,,,1.6,A,309.0,A,,,273.0,A,,,,,294.0,A,,,,,,,,,,,,,,,,,,,,,,,,,01467200
2019-01-26 00:00:00+00:00,2.4,A,,,1.7,A,,,,,2.2,A,273.0,A,,,187.0,A,,,,,227.0,A,,,,,,,,,,,,,,,,,,,,,,,,,01467200
2019-01-27 00:00:00+00:00,2.2,A,,,1.1,A,,,,,1.7,A,196.0,A,,,166.0,A,,,,,177.0,A,,,,,,,,,,,,,,,,,,,,,,,,,01467200
2019-01-28 00:00:00+00:00,1.3,A,,,1.0,A,,,,,1.2,A,173.0,A,,,164.0,A,,,,,169.0,A,,,,,,,,,,,,,,,,,,,,,,,,,01467200
2019-01-29 00:00:00+00:00,1.5,A,,,1.2,A,,,,,1.3,A,177.0,A,,,169.0,A,,,,,173.0,A,,,,,,,,,,,,,,,,,,,,,,,,,01467200
2019-01-30 00:00:00+00:00,1.6,A,,,1.2,A,,,,,1.5,A,184.0,A,,,172.0,A,,,,,177.0,A,,,,,,,,,,,,,,,,,,,,,,,,,01467200
2019-01-31 00:00:00+00:00,1.4,A,,,0.9,A,,,,,1.1,A,188.0,A,,,174.0,A,,,,,183.0,A,,,,,,,,,,,,,,,,,,,,,,,,,01467200
2019-02-01 00:00:00+00:00,1.0,A,,,0.6,A,,,,,0.8,A,198.0,A,,,183.0,A,,,,,191.0,A,,,,,,,,,,,,,,,,,,,,,,,,,01467200
2019-02-02 00:00:00+00:00,0.7,A,,,0.4,A,,,,,0.5,A,204.0,A,,,192.0,A,,,,,199.0,A,,,,,,,,,,,,,,,,,,,,,,,,,01467200
2019-02-03 00:00:00+00:00,0.6,A,,,0.2,A,,,,,0.4,A,214.0,A,,,200.0,A,,,,,207.0,A,,,,,,,,,,,,,,,,,,,,,,,,,01467200
2019-02-04 00:00:00+00:00,0.6,A,,,0.2,A,,,,,0.4,A,222.0,A,,,208.0,A,,,,,215.0,A,,,,,,,,,,,,,,,,,,,,,,,,,01467200
2019-02-05 00:00:00+00:00,0.8,A,,,0.3,A,,,,,0.5,A,231.0,A,,,216.0,A,,,,,224.0,A,,,,,,,,,,,,,,,,,,,,,,,,,01467200
2019-02-06 00:00:00+00:00,1.0,A,,,0.6,A,,,,,0.8,A,239.0,A,,,225.0,A,,,,,231.0,A,,,,,,,,,,,,,,,,,,,,,,,,,01467200
2019-02-07 00:00:00+00:00,1.3,A,,,0.9,A,,,,,1.1,A,253.0,A,,,233.0,A,,,,,244.0,A,,,,,,,,,,,,,,,,,,,,,,,,,01467200
2019-02-08 00:00:00+00:00,2.0,A,,,1.2,A,,,,,1.5,A,255.0,A,,,245.0,A,,,,,250.0,A,,,,,,,,,,,,,,,,,,,,,,,,,01467200
2019-02-09 00:00:00+00:00,2.9,A,,,1.6,A,,,,,2.2,A,254.0,A,,,245.0,A,,,,,249.0,A,,,,,,,,,,,,,,,,,,,,,,,,,01467200
2019-02-10 00:00:00+00:00,3.0,A,,,2.4,A,,,,,2.8,A,252.0,A,,,238.0,A,,,,,243.0,A,,,,,,,,,,,,,,,,,,,,,,,,,01467200
2019-02-11 00:00:00+00:00,3.0,A,,,2.7,A,,,,,2.9,A,259.0,A,,,227.0,A,,,,,239.0,A,,,,,,,,,,,,,,,,,,,,,,,,,01467200
2019-02-12 00:00:00+00:00,2.9,A,,,2.7,A,,,,,2.8,A,269.0,A,,,220.0,A,,,,,242.0,A,,,,,,,,,,,,,,,,,,,,,,,,,01467200
2019-02-13 00:00:00+00:00,2.8,A,,,2.5,A,,,,,2.7,A,269.0,A,,,242.0,A,,,,,253.0,A,,,,,,,,,,,,,,,,,,,,,,,,,01467200
2019-02-14 00:00:00+00:00,2.5,A,,,2.2,A,,,,,2.4,A,270.0,A,,,257.0,A,,,,,264.0,A,,,,,,,,,,,,,,,,,,,,,,,,,01467200
2019-02-15 00:00:00+00:00,2.8,A,,,2.3,A,,,,,2.5,A,277.0,A,,,259.0,A,,,,,271.0,A,,,,,,,,,,,,,,,,,,,,,,,,,01467200
2019-02-16 00:00:00+00:00,3.1,A,,,2.6,A,,,,,2.8,A,302.0,A,,,271.0,A,,,,,289.0,A,,,,,,,,,,,,,,,,,,,,,,,,,01467200
2019-02-17 00:00:00+00:00,3.1,A,,,2.8,A,,,,,2.9,A,305.0,A,,,290.0,A,,,,,299.0,A,,,,,,,,,,,,,,,,,,,,,,,,,01467200
2019-02-18 00:00:00+00:00,3.4,A,,,2.9,A,,,,,3.2,A,307.0,A,,,285.0,A,,,,,299.0,A,,,,,,,,,,,,,,,,,,,,,,,,,01467200
2019-02-19 00:00:00+00:00,3.8,A,,,3.1,A,,,,,3.4,A,300.0,A,,,269.0,A,,,,,287.0,A,,,,,,,,,,,,,,,,,,,,,,,,,01467200
2019-02-20 00:00:00+00:00,3.8,A,,,3.3,A,,,,,3.6,A,307.0,A,,,260.0,A,,,,,279.0,A,,,,,,,,,,,,,,,,,,,,,,,,,01467200
2019-02-21 00:00:00+00:00,4.2,A,,,3.4,A,,,,,3.8,A,322.0,A,,,263.0,A,,,,,300.0,A,,,,,,,,,,,,,,,,,,,,,,,,,01467200
2019-02-22 00:00:00+00:00,4.2,A,,,3.9,A,,,,,4.1,A,304.0,A,,,286.0,A,,,,,295.0,A,,,,,,,,,,,,,,,,,,,,,,,,,01467200
2019-02-23 00:00:00+00:00,4.1,A,,,3.9,A,,,,,4.0,A,311.0,A,,,293.0,A,,,,,301.0,A,,,,,,,,,,,,,,,,,,,,,,,,,01467200
2019-02-24 00:00:00+00:00,4.2,A,,,3.8,A,,,,,4.0,A,319.0,A,,,303.0,A,,,,,311.0,A,,,,,,,,,,,,,,,,,,,,,,,,,01467200
2019-02-25 00:00:00+00:00,4.0,A,,,3.7,A,,,,,3.9,A,350.0,A,,,311.0,A,,,,,326.0,A,,,,,,,,,,,,,,,,,,,,,,,,,01467200
2019-02-26 00:00:00+00:00,4.1,A,,,3.7,A,,,,,3.9,A,358.0,A,,,333.0,A,,,,,349.0,A,,,,,,,,,,,,,,,,,,,,,,,,,01467200
2019-02-27 00:00:00+00:00,4.1,A,,,3.7,A,,,,,3.9,A,352.0,A,,,325.0,A,,,,,342.0,A,,,,,,,,,,,,,,,,,,,,,,,,,01467200
2019-02-28 00:00:00+00:00,4.3,A,,,3.9,A,,,,,4.1,A,349.0,A,,,302.0,A,,,,,325.0,A,13.5,A,,,13.3,A,,,13.4,A,,,7.5,A,,,7.5,A,,,7.5,A,,,01467200
2019-03-01 00:00:00+00:00,4.2,A,,,4.0,A,,,,,4.1,A,362.0,A,,,297.0,A,,,,,316.0,A,13.4,A,,,13.2,A,,,13.3,A,,,7.6,A,,,7.5,A,,,7.5,A,,,01467200
2019-03-02 00:00:00+00:00,4.2,A,,,3.9,A,,,,,4.1,A,339.0,A,,,305.0,A,,,,,319.0,A,13.5,A,,,13.2,A,,,13.3,A,,,7.6,A,,,7.5,A,,,7.5,A,,,01467200
2019-03-03 00:00:00+00:00,4.2,A,,,3.8,A,,,,,4.0,A,327.0,A,,,295.0,A,,,,,311.0,A,13.9,A,,,13.2,A,,,13.5,A,,,7.6,A,,,7.5,A,,,7.5,A,,,01467200
2019-03-04 00:00:00+00:00,4.0,A,,,3.8,A,,,,,3.9,A,337.0,A,,,309.0,A,,,,,324.0,A,13.9,A,,,13.3,A,,,13.5,A,,,7.6,A,,,7.5,A,,,7.5,A,,,01467200
2019-03-05 00:00:00+00:00,3.9,A,,,3.5,A,,,,,3.7,A,348.0,A,,,319.0,A,,,,,333.0,A,14.0,A,,,13.5,A,,,13.7,A,,,7.6,A,,,7.5,A,,,7.5,A,,,01467200
2019-03-06 00:00:00+00:00,3.7,A,,,3.2,A,,,,,3.4,A,366.0,A,,,334.0,A,,,,,349.0,A,14.0,A,,,13.6,A,,,13.8,A,,,7.6,A,,,7.5,A,,,7.6,A,,,01467200
2019-03-07 00:00:00+00:00,3.3,A,,,3.0,A,,,,,3.2,A,370.0,A,,,348.0,A,,,,,359.0,A,14.1,A,,,13.8,A,,,13.9,A,,,7.6,A,,,7.5,A,,,7.6,A,,,01467200
2019-03-08 00:00:00+00:00,3.2,A,,,3.0,A,,,,,3.1,A,372.0,A,,,359.0,A,,,,,366.0,A,14.1,A,,,13.8,A,,,13.9,A,,,7.6,A,,,7.5,A,,,7.6,A,,,01467200
2019-03-09 00:00:00+00:00,3.6,A,,,3.1,A,,,,,3.3,A,376.0,A,,,366.0,A,,,,,372.0,A,14.1,A,,,13.7,A,,,13.9,A,,,7.6,A,,,7.5,A,,,7.6,A,,,01467200
2019-03-10 00:00:00+00:00,3.8,A,,,3.4,A,,,,,3.6,A,382.0,A,,,358.0,A,,,,,374.0,A,14.0,A,,,13.5,A,,,13.7,A,,,7.6,A,,,7.5,A,,,7.5,A,,,01467200
2019-03-11 00:00:00+00:00,4.1,A,,,3.7,A,,,,,3.9,A,376.0,A,,,347.0,A,,,,,360.0,A,14.2,A,,,13.5,A,,,13.8,A,,,7.7,A,,,7.5,A,,,7.6,A,,,01467200
2019-03-12 00:00:00+00:00,4.2,A,,,3.8,A,,,,,4.0,A,356.0,A,,,334.0,A,,,,,345.0,A,14.4,A,,,13.8,A,,,14.1,A,,,7.7,A,,,7.6,A,,,7.7,A,,,01467200
2019-03-13 00:00:00+00:00,4.6,A,,,4.0,A,,,,,4.3,A,350.0,A,,,318.0,A,,,,,334.0,A,14.5,A,,,13.9,A,,,14.2,A,,,7.8,A,,,7.6,A,,,7.7,A,,,01467200
2019-03-14 00:00:00+00:00,5.3,A,,,4.4,A,,,,,4.8,A,343.0,A,,,314.0,A,,,,,325.0,A,14.2,A,,,13.8,A,,,14.0,A,,,7.7,A,,,7.6,A,,,7.6,A,,,01467200
2019-03-15 00:00:00+00:00,6.3,A,,,5.2,A,,,,,5.7,A,332.0,A,,,307.0,A,,,,,319.0,A,13.8,A,,,13.1,A,,,13.5,A,,,7.6,A,,,7.6,A,,,7.6,A,,,01467200
2019-03-16 00:00:00+00:00,7.3,A,,,6.1,A,,,,,6.7,A,323.0,A,,,310.0,A,,,,,317.0,A,13.3,A,,,12.7,A,,,13.0,A,,,7.7,A,,,7.5,A,,,7.6,A,,,01467200
2019-03-17 00:00:00+00:00,7.6,A,,,6.6,A,,,,,7.2,A,318.0,A,,,307.0,A,,,,,313.0,A,13.2,A,,,12.8,A,,,12.9,A,,,7.8,A,,,7.6,A,,,7.7,A,,,01467200
2019-03-18 00:00:00+00:00,8.1,A,,,7.1,A,,,,,7.5,A,316.0,A,,,295.0,A,,,,,307.0,A,13.4,A,,,12.7,A,,,13.0,A,,,8.1,A,,,7.6,A,,,7.8,A,,,01467200
2019-03-19 00:00:00+00:00,8.8,A,,,7.5,A,,,,,8.1,A,312.0,A,,,288.0,A,,,,,299.0,A,13.1,A,,,12.6,A,,,12.9,A,,,8.2,A,,,7.7,A,,,8.0,A,,,01467200
2019-03-20 00:00:00+00:00,8.9,A,,,7.9,A,,,,,8.5,A,305.0,A,,,276.0,A,,,,,292.0,A,12.8,A,,,12.0,A,,,12.4,A,,,7.9,A,,,7.8,A,,,7.8,A,,,01467200
2019-03-21 00:00:00+00:00,8.8,A,,,8.3,A,,,,,8.6,A,302.0,A,,,270.0,A,,,,,287.0,A,12.4,A,,,11.7,A,,,12.0,A,,,7.8,A,,,7.6,A,,,7.7,A,,,01467200
2019-03-22 00:00:00+00:00,8.8,A,,,7.7,A,,,,,8.4,A,301.0,A,,,239.0,A,,,,,269.0,A,12.5,A,,,11.4,A,,,11.9,A,,,7.7,A,,,7.6,A,,,7.6,A,,,01467200
2019-03-23 00:00:00+00:00,8.1,A,,,7.0,A,,,,,7.4,A,256.0,A,,,240.0,A,,,,,248.0,A,12.9,A,,,12.0,A,,,12.5,A,,,7.8,A,,,7.6,A,,,7.7,A,,,01467200
2019-03-24 00:00:00+00:00,7.4,A,,,6.9,A,,,,,7.1,A,253.0,A,,,243.0,A,,,,,248.0,A,12.6,A,,,11.9,A,,,12.4,A,,,7.8,A,,,7.6,A,,,7.7,A,,,01467200
2019-03-25 00:00:00+00:00,7.3,A,,,7.1,A,,,,,7.2,A,248.0,A,,,237.0,A,,,,,243.0,A,12.2,A,,,11.8,A,,,12.0,A,,,7.6,A,,,7.5,A,,,7.6,A,,,01467200
2019-03-26 00:00:00+00:00,7.4,A,,,7.0,A,,,,,7.1,A,244.0,A,,,220.0,A,,,,,235.0,A,12.2,A,,,11.7,A,,,11.9,A,,,7.5,A,,,7.4,A,,,7.5,A,,,01467200
2019-03-27 00:00:00+00:00,7.3,A,,,6.8,A,,,,,7.1,A,266.0,A,,,207.0,A,,,,,228.0,A,12.4,A,,,11.8,A,,,12.1,A,,,7.5,A,,,7.4,A,,,7.5,A,,,01467200
2019-03-28 00:00:00+00:00,7.4,A,,,7.0,A,,,,,7.2,A,243.0,A,,,206.0,A,,,,,217.0,A,12.3,A,,,11.9,A,,,12.2,A,,,7.5,A,,,7.4,A,,,7.5,A,,,01467200
2019-03-29 00:00:00+00:00,7.6,A,,,7.3,A,,,,,7.4,A,223.0,A,,,208.0,A,,,,,216.0,A,12.3,A,,,11.8,A,,,12.1,A,,,7.5,A,,,7.3,A,,,7.4,A,,,01467200
2019-03-30 00:00:00+00:00,8.1,A,,,7.5,A,,,,,7.8,A,224.0,A,,,213.0,A,,,,,219.0,A,12.5,A,,,12.0,A,,,12.2,A,,,7.4,A,,,7.3,A,,,7.3,A,,,01467200
2019-03-31 00:00:00+00:00,8.4,A,,,8.0,A,,,,,8.2,A,230.0,A,,,217.0,A,,,,,223.0,A,12.4,A,,,11.9,A,,,12.2,A,,,7.4,A,,,7.3,A,,,7.4,A,,,01467200
2019-04-01 00:00:00+00:00,8.5,A,,,8.1,A,,,,,8.3,A,230.0,A,,,220.0,A,,,,,224.0,A,12.3,A,,,12.0,A,,,12.2,A,,,7.5,A,,,7.4,A,,,7.4,A,,,01467200
2019-04-02 00:00:00+00:00,8.6,A,,,8.2,A,,,,,8.3,A,232.0,A,,,221.0,A,,,,,226.0,A,12.3,A,,,11.9,A,,,12.1,A,,,7.5,A,,,7.4,A,,,7.5,A,,,01467200
2019-04-03 00:00:00+00:00,9.1,A,,,8.3,A,,,,,8.6,A,235.0,A,,,226.0,A,,,,,230.0,A,12.0,A,,,11.7,A,,,11.9,A,,,7.6,A,,,7.4,A,,,7.5,A,,,01467200
2019-04-04 00:00:00+00:00,9.8,A,,,8.7,A,,,,,9.2,A,245.0,A,,,230.0,A,,,,,237.0,A,11.9,A,,,11.6,A,,,11.7,A,,,7.6,A,,,7.4,A,,,7.5,A,,,01467200
2019-04-05 00:00:00+00:00,9.7,A,,,9.2,A,,,,,9.5,A,245.0,A,,,233.0,A,,,,,239.0,A,11.7,A,,,11.4,A,,,11.6,A,,,7.6,A,,,7.5,A,,,7.5,A,,,01467200
2019-04-06 00:00:00+00:00,10.0,A,,,9.3,A,,,,,9.7,A,246.0,A,,,231.0,A,,,,,241.0,A,11.6,A,,,11.2,A,,,11.4,A,,,7.6,A,,,7.5,A,,,7.5,A,,,01467200
2019-04-07 00:00:00+00:00,10.4,A,,,9.8,A,,,,,10.1,A,248.0,A,,,223.0,A,,,,,236.0,A,11.6,A,,,11.1,A,,,11.4,A,,,7.5,A,,,7.4,A,,,7.5,A,,,01467200
2019-04-08 00:00:00+00:00,10.9,A,,,10.2,A,,,,,10.5,A,247.0,A,,,220.0,A,,,,,233.0,A,11.5,A,,,11.0,A,,,11.2,A,,,7.5,A,,,7.4,A,,,7.5,A,,,01467200
2019-04-09 00:00:00+00:00,11.4,A,,,10.8,A,,,,,11.1,A,242.0,A,,,216.0,A,,,,,229.0,A,11.5,A,,,10.9,A,,,11.2,A,,,7.5,A,,,7.4,A,,,7.4,A,,,01467200
2019-04-10 00:00:00+00:00,11.8,A,,,11.2,A,,,,,11.4,A,241.0,A,,,218.0,A,,,,,229.0,A,11.3,A,,,10.8,A,,,11.1,A,,,7.5,A,,,7.4,A,,,7.4,A,,,01467200
2019-04-11 00:00:00+00:00,11.8,A,,,11.3,A,,,,,11.6,A,237.0,A,,,220.0,A,,,,,227.0,A,11.3,A,,,10.7,A,,,11.0,A,,,7.6,A,,,7.4,A,,,7.5,A,,,01467200
2019-04-12 00:00:00+00:00,12.2,A,,,11.6,A,,,,,11.9,A,236.0,A,,,224.0,A,,,,,229.0,A,11.2,A,,,10.7,A,,,11.0,A,,,7.6,A,,,7.4,A,,,7.5,A,,,01467200
2019-04-13 00:00:00+00:00,13.2,A,,,12.2,A,,,,,12.6,A,237.0,A,,,228.0,A,,,,,233.0,A,10.9,A,,,10.5,A,,,10.7,A,,,7.6,A,,,7.4,A,,,7.5,A,,,01467200
2019-04-14 00:00:00+00:00,14.0,A,,,12.9,A,,,,,13.5,A,235.0,A,,,225.0,A,,,,,231.0,A,10.6,A,,,10.2,A,,,10.4,A,,,7.6,A,,,7.4,A,,,7.5,A,,,01467200
2019-04-15 00:00:00+00:00,14.2,A,,,13.6,A,,,,,13.9,A,236.0,A,,,212.0,A,,,,,225.0,A,10.3,A,,,9.6,A,,,10.0,A,,,7.6,A,,,7.4,A,,,7.5,A,,,01467200
2019-04-16 00:00:00+00:00,13.7,A,,,13.3,A,,,,,13.5,A,222.0,A,,,204.0,A,,,,,213.0,A,10.0,A,,,9.2,A,,,9.8,A,,,7.5,A,,,7.3,A,,,7.4,A,,,01467200
2019-04-17 00:00:00+00:00,13.6,A,,,12.9,A,,,,,13.3,A,217.0,A,,,172.0,A,,,,,191.0,A,9.6,A,,,9.2,A,,,9.4,A,,,7.4,A,,,7.2,A,,,7.3,A,,,01467200
2019-04-18 00:00:00+00:00,13.4,A,,,12.6,A,,,,,13.0,A,190.0,A,,,144.0,A,,,,,169.0,A,9.6,A,,,9.2,A,,,9.4,A,,,7.3,A,,,7.1,A,,,7.2,A,,,01467200
2019-04-19 00:00:00+00:00,13.3,A,,,12.4,A,,,,,12.9,A,173.0,A,,,131.0,A,,,,,153.0,A,10.0,A,,,9.1,A,,,9.6,A,,,7.2,A,,,7.0,A,,,7.1,A,,,01467200
2019-04-20 00:00:00+00:00,13.4,A,,,12.9,A,,,,,13.2,A,153.0,A,,,135.0,A,,,,,143.0,A,9.9,A,,,9.4,A,,,9.6,A,,,7.1,A,,,7.0,A,,,7.1,A,,,01467200
2019-04-21 00:00:00+00:00,14.0,A,,,13.2,A,,,,,13.5,A,160.0,A,,,138.0,A,,,,,147.0,A,9.8,A,,,9.4,A,,,9.7,A,,,7.2,A,,,7.0,A,,,7.1,A,,,01467200
2019-04-22 00:00:00+00:00,14.4,A,,,13.7,A,,,,,14.1,A,171.0,A,,,152.0,A,,,,,162.0,A,9.7,A,,,9.1,A,,,9.4,A,,,7.2,A,,,7.1,A,,,7.2,A,,,01467200
2019-04-23 00:00:00+00:00,14.7,A,,,14.2,A,,,,,14.4,A,169.0,A,,,157.0,A,,,,,164.0,A,9.2,A,,,8.8,A,,,9.1,A,,,7.2,A,,,7.1,A,,,7.2,A,,,01467200
2019-04-24 00:00:00+00:00,14.7,A,,,14.3,A,,,,,14.5,A,163.0,A,,,149.0,A,,,,,155.0,A,9.2,A,,,8.8,A,,,9.1,A,,,7.1,A,,,7.1,A,,,7.1,A,,,01467200
2019-04-25 00:00:00+00:00,14.6,A,,,14.3,A,,,,,14.4,A,155.0,A,,,145.0,A,,,,,150.0,A,9.3,A,,,8.8,A,,,9.1,A,,,7.1,A,,,7.1,A,,,7.1,A,,,01467200
2019-04-26 00:00:00+00:00,14.7,A,,,14.4,A,,,,,14.6,A,173.0,A,,,147.0,A,,,,,154.0,A,9.2,A,,,8.6,A,,,9.0,A,,,7.1,A,,,7.0,A,,,7.1,A,,,01467200
2019-04-27 00:00:00+00:00,14.9,A,,,14.6,A,,,,,14.7,A,172.0,A,,,156.0,A,,,,,162.0,A,8.9,A,,,8.5,A,,,8.8,A,,,7.2,A,,,7.0,A,,,7.1,A,,,01467200
2019-04-28 00:00:00+00:00,14.9,A,,,14.6,A,,,,,14.7,A,185.0,A,,,159.0,A,,,,,171.0,A,9.0,A,,,8.6,A,,,8.9,A,,,7.2,A,,,7.1,A,,,7.2,A,,,01467200
2019-04-29 00:00:00+00:00,14.8,A,,,14.3,A,,,,,14.5,A,187.0,A,,,173.0,A,,,,,182.0,A,8.9,A,,,8.5,A,,,8.8,A,,,7.2,A,,,7.2,A,,,7.2,A,,,01467200
2019-04-30 00:00:00+00:00,14.7,A,,,14.3,A,,,,,14.5,A,193.0,A,,,180.0,A,,,,,186.0,A,9.0,A,,,8.5,A,,,8.7,A,,,7.2,A,,,7.2,A,,,7.2,A,,,01467200
2019-05-01 00:00:00+00:00,14.7,A,,,13.6,A,,,,,14.2,A,190.0,A,,,171.0,A,,,,,181.0,A,9.3,A,,,8.6,A,,,8.9,A,,,7.2,A,,,7.2,A,,,7.2,A,,,01467200
2019-05-02 00:00:00+00:00,14.4,A,,,13.2,A,,,,,13.8,A,194.0,A,,,167.0,A,,,,,179.0,A,9.5,A,,,8.7,A,,,9.1,A,,,7.2,A,,,7.1,A,,,7.2,A,,,01467200
2019-05-03 00:00:00+00:00,14.4,A,,,13.1,A,,,,,13.7,A,180.0,A,,,167.0,A,,,,,173.0,A,9.6,A,,,8.9,A,,,9.3,A,,,7.2,A,,,7.1,A,,,7.2,A,,,01467200
2019-05-04 00:00:00+00:00,14.2,A,,,13.3,A,,,,,13.7,A,181.0,A,,,171.0,A,,,,,175.0,A,9.5,A,,,8.9,A,,,9.3,A,,,7.2,A,,,7.1,A,,,7.1,A,,,01467200
2019-05-05 00:00:00+00:00,14.2,A,,,13.6,A,,,,,13.8,A,187.0,A,,,173.0,A,,,,,180.0,A,9.3,A,,,8.9,A,,,9.1,A,,,7.2,A,,,7.1,A,,,7.1,A,,,01467200
2019-05-06 00:00:00+00:00,14.5,A,,,13.8,A,,,,,14.2,A,185.0,A,,,176.0,A,,,,,180.0,A,9.1,A,,,8.5,A,,,8.9,A,,,7.2,A,,,7.1,A,,,7.2,A,,,01467200
2019-05-07 00:00:00+00:00,15.2,A,,,14.3,A,,,,,14.7,A,194.0,A,,,178.0,A,,,,,187.0,A,9.0,A,,,8.3,A,,,8.8,A,,,7.2,A,,,7.1,A,,,7.2,A,,,01467200
2019-05-08 00:00:00+00:00,15.9,A,,,15.0,A,,,,,15.5,A,199.0,A,,,183.0,A,,,,,188.0,A,8.6,A,,,7.9,A,,,8.2,A,,,7.2,A,,,7.1,A,,,7.2,A,,,01467200
2019-05-09 00:00:00+00:00,15.9,A,,,15.6,A,,,,,15.8,A,194.0,A,,,182.0,A,,,,,188.0,A,8.3,A,,,7.7,A,,,8.0,A,,,7.2,A,,,7.1,A,,,7.1,A,,,01467200
2019-05-10 00:00:00+00:00,16.4,A,,,15.8,A,,,,,16.0,A,196.0,A,,,189.0,A,,,,,192.0,A,8.4,A,,,7.6,A,,,8.1,A,,,7.2,A,,,7.1,A,,,7.1,A,,,01467200
2019-05-11 00:00:00+00:00,16.7,A,,,16.2,A,,,,,16.4,A,196.0,A,,,187.0,A,,,,,193.0,A,8.3,A,,,7.9,A,,,8.1,A,,,7.2,A,,,7.1,A,,,7.1,A,,,01467200
2019-05-12 00:00:00+00:00,16.6,A,,,16.1,A,,,,,16.4,A,200.0,A,,,189.0,A,,,,,194.0,A,8.3,A,,,7.9,A,,,8.1,A,,,7.2,A,,,7.1,A,,,7.1,A,,,01467200
2019-05-13 00:00:00+00:00,16.1,A,,,15.3,A,,,,,15.7,A,200.0,A,,,191.0,A,,,,,195.0,A,8.7,A,,,8.0,A,,,8.3,A,,,7.3,A,,,7.1,A,,,7.2,A,,,01467200
2019-05-14 00:00:00+00:00,15.3,A,,,14.0,A,,,,,14.7,A,208.0,A,,,192.0,A,,,,,201.0,A,9.1,A,,,8.5,A,,,8.8,A,,,7.3,A,,,7.2,A,,,7.3,A,,,01467200
2019-05-15 00:00:00+00:00,14.3,A,,,12.6,A,,,,,13.2,A,197.0,A,,,178.0,A,,,,,188.0,A,9.8,A,,,9.0,A,,,9.4,A,,,7.3,A,,,7.3,A,,,7.3,A,,,01467200
2019-05-16 00:00:00+00:00,13.2,A,,,12.4,A,,,,,12.7,A,186.0,A,,,165.0,A,,,,,174.0,A,9.9,A,,,9.3,A,,,9.7,A,,,7.3,A,,,7.2,A,,,7.3,A,,,01467200
2019-05-17 00:00:00+00:00,13.4,A,,,12.6,A,,,,,13.0,A,172.0,A,,,156.0,A,,,,,164.0,A,9.9,A,,,9.5,A,,,9.7,A,,,7.2,A,,,7.2,A,,,7.2,A,,,01467200
2019-05-18 00:00:00+00:00,14.3,A,,,13.3,A,,,,,13.7,A,165.0,A,,,155.0,A,,,,,160.0,A,9.8,A,,,9.4,A,,,9.6,A,,,7.2,A,,,7.2,A,,,7.2,A,,,01467200
2019-05-19 00:00:00+00:00,15.6,A,,,14.0,A,,,,,14.7,A,167.0,A,,,158.0,A,,,,,162.0,A,9.5,A,,,9.1,A,,,9.3,A,,,7.2,A,,,7.1,A,,,7.2,A,,,01467200
2019-05-20 00:00:00+00:00,16.6,A,,,15.1,A,,,,,15.9,A,173.0,A,,,161.0,A,,,,,167.0,A,9.2,A,,,8.8,A,,,9.0,A,,,7.2,A,,,7.1,A,,,7.2,A,,,01467200
2019-05-21 00:00:00+00:00,17.5,A,,,16.2,A,,,,,16.8,A,184.0,A,,,167.0,A,,,,,175.0,A,8.9,A,,,8.5,A,,,8.8,A,,,7.3,A,,,7.1,A,,,7.2,A,,,01467200
2019-05-22 00:00:00+00:00,18.4,A,,,16.8,A,,,,,17.5,A,185.0,A,,,175.0,A,,,,,180.0,A,8.8,A,,,8.2,A,,,8.5,A,,,7.3,A,,,7.2,A,,,7.2,A,,,01467200
2019-05-23 00:00:00+00:00,18.9,A,,,17.5,A,,,,,18.2,A,190.0,A,,,181.0,A,,,,,185.0,A,8.4,A,,,7.7,A,,,8.1,A,,,7.2,A,,,7.2,A,,,7.2,A,,,01467200
2019-05-24 00:00:00+00:00,19.3,A,,,18.2,A,,,,,18.9,A,199.0,A,,,186.0,A,,,,,191.0,A,7.9,A,,,7.3,A,,,7.6,A,,,7.2,A,,,7.2,A,,,7.2,A,,,01467200
2019-05-25 00:00:00+00:00,19.5,A,,,18.8,A,,,,,19.2,A,202.0,A,,,190.0,A,,,,,195.0,A,7.7,A,,,7.2,A,,,7.5,A,,,7.2,A,,,7.2,A,,,7.2,A,,,01467200
2019-05-26 00:00:00+00:00,19.8,A,,,19.3,A,,,,,19.5,A,204.0,A,,,197.0,A,,,,,200.0,A,7.8,A,,,7.2,A,,,7.5,A,,,7.3,A,,,7.2,A,,,7.2,A,,,01467200
2019-05-27 00:00:00+00:00,20.2,A,,,19.6,A,,,,,19.9,A,209.0,A,,,201.0,A,,,,,205.0,A,7.9,A,,,7.2,A,,,7.6,A,,,7.3,A,,,7.2,A,,,7.2,A,,,01467200
2019-05-28 00:00:00+00:00,20.4,A,,,20.0,A,,,,,20.2,A,212.0,A,,,204.0,A,,,,,209.0,A,7.7,A,,,7.0,A,,,7.5,A,,,7.2,A,,,7.2,A,,,7.2,A,,,01467200
2019-05-29 00:00:00+00:00,20.9,A,,,20.3,A,,,,,20.6,A,222.0,A,,,210.0,A,,,,,216.0,A,7.5,A,,,6.9,A,,,7.3,A,,,7.2,A,,,7.2,A,,,7.2,A,,,01467200
2019-05-30 00:00:00+00:00,21.2,A,,,20.7,A,,,,,21.0,A,224.0,A,,,209.0,A,,,,,218.0,A,7.2,A,,,6.5,A,,,6.9,A,,,7.2,A,,,7.1,A,,,7.2,A,,,01467200
2019-05-31 00:00:00+00:00,21.4,A,,,21.0,A,,,,,21.2,A,220.0,A,,,213.0,A,,,,,216.0,A,6.9,A,,,6.3,A,,,6.6,A,,,7.2,A,,,7.1,A,,,7.2,A,,,01467200
2019-06-01 00:00:00+00:00,21.7,A,,,20.7,A,,,,,21.1,A,218.0,A,,,206.0,A,,,,,212.0,A,6.7,A,,,6.3,A,,,6.5,A,,,7.2,A,,,7.1,A,,,7.2,A,,,01467200
2019-06-02 00:00:00+00:00,21.4,A,,,20.8,A,,,,,21.1,A,217.0,A,,,195.0,A,,,,,206.0,A,6.5,A,,,6.1,A,,,6.4,A,,,7.2,A,,,7.1,A,,,7.1,A,,,01467200
2019-06-03 00:00:00+00:00,21.2,A,,,20.6,A,,,,,20.9,A,210.0,A,,,185.0,A,,,,,196.0,A,6.7,A,,,6.0,A,,,6.4,A,,,7.1,A,,,7.1,A,,,7.1,A,,,01467200
2019-06-04 00:00:00+00:00,20.9,A,,,20.3,A,,,,,20.6,A,202.0,A,,,185.0,A,,,,,193.0,A,6.9,A,,,6.2,A,,,6.5,A,,,7.1,A,,,7.1,A,,,7.1,A,,,01467200
2019-06-05 00:00:00+00:00,21.0,A,,,20.4,A,,,,,20.7,A,207.0,A,,,186.0,A,,,,,195.0,A,6.9,A,,,6.2,A,,,6.5,A,,,7.2,A,,,7.1,A,,,7.1,A,,,01467200
2019-06-06 00:00:00+00:00,21.4,A,,,20.8,A,,,,,21.1,A,205.0,A,,,191.0,A,,,,,199.0,A,6.8,A,,,6.1,A,,,6.4,A,,,7.2,A,,,7.1,A,,,7.1,A,,,01467200
2019-06-07 00:00:00+00:00,21.7,A,,,21.2,A,,,,,21.4,A,217.0,A,,,196.0,A,,,,,207.0,A,6.7,A,,,6.1,A,,,6.3,A,,,7.2,A,,,7.1,A,,,7.1,A,,,01467200
2019-06-08 00:00:00+00:00,21.8,A,,,21.5,A,,,,,21.6,A,214.0,A,,,202.0,A,,,,,208.0,A,6.7,A,,,5.9,A,,,6.3,A,,,7.2,A,,,7.1,A,,,7.1,A,,,01467200
2019-06-09 00:00:00+00:00,21.8,A,,,21.5,A,,,,,21.7,A,229.0,A,,,209.0,A,,,,,215.0,A,7.0,A,,,6.1,A,,,6.6,A,,,7.2,A,,,7.1,A,,,7.2,A,,,01467200
2019-06-10 00:00:00+00:00,21.7,A,,,21.5,A,,,,,21.6,A,227.0,A,,,216.0,A,,,,,222.0,A,6.9,A,,,6.5,A,,,6.7,A,,,7.2,A,,,7.2,A,,,7.2,A,,,01467200
2019-06-11 00:00:00+00:00,21.8,A,,,21.5,A,,,,,21.7,A,248.0,A,,,224.0,A,,,,,233.0,A,7.0,A,,,6.3,A,,,6.6,A,,,7.3,A,,,7.2,A,,,7.2,A,,,01467200
2019-06-12 00:00:00+00:00,21.8,A,,,21.5,A,,,,,21.7,A,238.0,A,,,226.0,A,,,,,232.0,A,7.6,A,,,6.7,A,,,7.1,A,,,7.3,A,,,7.2,A,,,7.2,A,,,01467200
2019-06-13 00:00:00+00:00,21.7,A,,,21.5,A,,,,,21.6,A,241.0,A,,,232.0,A,,,,,237.0,A,7.6,A,,,6.7,A,,,7.1,A,,,7.3,A,,,7.2,A,,,7.2,A,,,01467200
2019-06-14 00:00:00+00:00,21.6,A,,,21.2,A,,,,,21.3,A,239.0,A,,,234.0,A,,,,,236.0,A,7.3,A,,,6.7,A,,,6.9,A,,,7.3,A,,,7.2,A,,,7.2,A,,,01467200
2019-06-15 00:00:00+00:00,21.5,A,,,20.9,A,,,,,21.2,A,249.0,A,,,237.0,A,,,,,241.0,A,,,,,,,,,,,,,,,,,,,,,,,,,01467200
2019-06-16 00:00:00+00:00,21.5,A,,,20.9,A,,,,,21.2,A,250.0,A,,,242.0,A,,,,,246.0,A,7.9,A,,,7.2,A,,,7.4,A,,,7.4,A,,,7.3,A,,,7.3,A,,,01467200
2019-06-17 00:00:00+00:00,21.7,A,,,21.2,A,,,,,21.4,A,256.0,A,,,242.0,A,,,,,248.0,A,7.9,A,,,7.0,A,,,7.4,A,,,7.4,A,,,7.3,A,,,7.3,A,,,01467200
2019-06-18 00:00:00+00:00,21.9,A,,,21.4,A,,,,,21.7,A,253.0,A,,,235.0,A,,,,,245.0,A,8.0,A,,,6.9,A,,,7.4,A,,,7.3,A,,,7.2,A,,,7.3,A,,,01467200
2019-06-19 00:00:00+00:00,22.1,A,,,21.6,A,,,,,21.8,A,255.0,A,,,225.0,A,,,,,238.0,A,7.7,A,,,6.8,A,,,7.3,A,,,7.3,A,,,7.2,A,,,7.2,A,,,01467200
2019-06-20 00:00:00+00:00,22.2,A,,,21.8,A,,,,,22.0,A,237.0,A,,,218.0,A,,,,,225.0,A,7.2,A,,,6.5,A,,,7.0,A,,,7.2,A,,,7.1,A,,,7.2,A,,,01467200
2019-06-21 00:00:00+00:00,22.2,A,,,21.7,A,,,,,22.1,A,225.0,A,,,187.0,A,,,,,210.0,A,6.7,A,,,6.0,A,,,6.4,A,,,7.2,A,,,7.0,A,,,7.1,A,,,01467200
2019-06-22 00:00:00+00:00,22.0,A,,,21.4,A,,,,,21.8,A,207.0,A,,,180.0,A,,,,,190.0,A,6.4,A,,,5.8,A,,,6.1,A,,,7.1,A,,,7.0,A,,,7.0,A,,,01467200
2019-06-23 00:00:00+00:00,21.8,A,,,21.3,A,,,,,21.5,A,187.0,A,,,173.0,A,,,,,180.0,A,6.4,A,,,5.9,A,,,6.2,A,,,7.0,A,,,7.0,A,,,7.0,A,,,01467200
2019-06-24 00:00:00+00:00,22.0,A,,,21.4,A,,,,,21.7,A,184.0,A,,,171.0,A,,,,,176.0,A,6.4,A,,,6.0,A,,,6.2,A,,,7.0,A,,,7.0,A,,,7.0,A,,,01467200
2019-06-25 00:00:00+00:00,22.2,A,,,21.8,A,,,,,22.0,A,187.0,A,,,176.0,A,,,,,180.0,A,6.3,A,,,5.9,A,,,6.2,A,,,7.0,A,,,7.0,A,,,7.0,A,,,01467200
2019-06-26 00:00:00+00:00,22.7,A,,,22.0,A,,,,,22.4,A,186.0,A,,,179.0,A,,,,,184.0,A,6.6,A,,,6.0,A,,,6.4,A,,,7.0,A,,,7.0,A,,,7.0,A,,,01467200
2019-06-27 00:00:00+00:00,23.2,A,,,22.5,A,,,,,22.8,A,196.0,A,,,180.0,A,,,,,186.0,A,6.9,A,,,6.2,A,,,6.5,A,,,7.1,A,,,7.0,A,,,7.0,A,,,01467200
2019-06-28 00:00:00+00:00,23.6,A,,,23.0,A,,,,,23.3,A,204.0,A,,,180.0,A,,,,,189.0,A,6.8,A,,,6.1,A,,,6.6,A,,,7.0,A,,,7.0,A,,,7.0,A,,,01467200
2019-06-29 00:00:00+00:00,24.0,A,,,23.5,A,,,,,23.7,A,201.0,A,,,187.0,A,,,,,193.0,A,6.7,A,,,5.9,A,,,6.5,A,,,7.1,A,,,7.0,A,,,7.0,A,,,01467200
2019-06-30 00:00:00+00:00,24.2,A,,,23.8,A,,,,,24.0,A,203.0,A,,,193.0,A,,,,,197.0,A,6.6,A,,,6.0,A,,,6.4,A,,,7.1,A,,,7.0,A,,,7.0,A,,,01467200
2019-07-01 00:00:00+00:00,24.6,A,,,23.9,A,,,,,24.2,A,211.0,A,,,198.0,A,,,,,204.0,A,6.8,A,,,6.1,A,,,6.4,A,,,7.1,A,,,7.0,A,,,7.0,A,,,01467200
2019-07-02 00:00:00+00:00,24.9,A,,,24.2,A,,,,,24.5,A,216.0,A,,,204.0,A,,,,,209.0,A,6.7,A,,,6.0,A,,,6.4,A,,,7.1,A,,,7.0,A,,,7.0,A,,,01467200
2019-07-03 00:00:00+00:00,25.4,A,,,24.6,A,,,,,24.9,A,226.0,A,,,208.0,A,,,,,214.0,A,6.4,A,,,5.9,A,,,6.2,A,,,7.1,A,,,7.0,A,,,7.0,A,,,01467200
2019-07-04 00:00:00+00:00,25.8,A,,,25.0,A,,,,,25.4,A,224.0,A,,,211.0,A,,,,,216.0,A,6.5,A,,,5.6,A,,,6.1,A,,,7.1,A,,,7.0,A,,,7.0,A,,,01467200
2019-07-05 00:00:00+00:00,26.2,A,,,25.4,A,,,,,25.8,A,226.0,A,,,214.0,A,,,,,221.0,A,6.3,A,,,5.5,A,,,6.0,A,,,7.1,A,,,7.0,A,,,7.0,A,,,01467200
2019-07-06 00:00:00+00:00,26.5,A,,,25.8,A,,,,,26.1,A,238.0,A,,,219.0,A,,,,,227.0,A,6.2,A,,,5.5,A,,,5.9,A,,,7.1,A,,,7.0,A,,,7.0,A,,,01467200
2019-07-07 00:00:00+00:00,26.9,A,,,26.1,A,,,,,26.5,A,251.0,A,,,223.0,A,,,,,231.0,A,6.7,A,,,5.2,A,,,6.0,A,,,7.1,A,,,7.0,A,,,7.0,A,,,01467200
2019-07-08 00:00:00+00:00,26.7,A,,,26.3,A,,,,,26.5,A,269.0,A,,,228.0,A,,,,,238.0,A,6.6,A,,,5.4,A,,,5.9,A,,,7.1,A,,,7.0,A,,,7.0,A,,,01467200
2019-07-09 00:00:00+00:00,26.8,A,,,26.2,A,,,,,26.6,A,268.0,A,,,232.0,A,,,,,239.0,A,6.5,A,,,5.2,A,,,5.8,A,,,7.1,A,,,7.0,A,,,7.0,A,,,01467200
2019-07-10 00:00:00+00:00,27.0,A,,,26.5,A,,,,,26.8,A,252.0,A,,,240.0,A,,,,,245.0,A,6.4,A,,,5.4,A,,,6.0,A,,,7.1,A,,,7.0,A,,,7.1,A,,,01467200
2019-07-11 00:00:00+00:00,26.9,A,,,26.6,A,,,,,26.8,A,270.0,A,,,243.0,A,,,,,249.0,A,6.3,A,,,5.4,A,,,5.9,A,,,7.1,A,,,7.0,A,,,7.1,A,,,01467200
2019-07-12 00:00:00+00:00,26.8,A,,,26.5,A,,,,,26.7,A,263.0,A,,,239.0,A,,,,,246.0,A,5.9,A,,,5.1,A,,,5.5,A,,,7.1,A,,,7.0,A,,,7.1,A,,,01467200
2019-07-13 00:00:00+00:00,26.9,A,,,26.4,A,,,,,26.7,A,253.0,A,,,237.0,A,,,,,244.0,A,5.8,A,,,5.0,A,,,5.4,A,,,7.1,A,,,7.0,A,,,7.1,A,,,01467200
2019-07-14 00:00:00+00:00,26.9,A,,,26.4,A,,,,,26.7,A,256.0,A,,,240.0,A,,,,,246.0,A,5.6,A,,,5.0,A,,,5.4,A,,,7.1,A,,,7.0,A,,,7.1,A,,,01467200
2019-07-15 00:00:00+00:00,26.9,A,,,26.4,A,,,,,26.7,A,282.0,A,,,232.0,A,,,,,255.0,A,5.8,A,,,5.0,A,,,5.5,A,,,7.1,A,,,7.0,A,,,7.1,A,,,01467200
2019-07-16 00:00:00+00:00,27.2,A,,,26.5,A,,,,,26.8,A,261.0,A,,,237.0,A,,,,,249.0,A,6.1,A,,,5.1,A,,,5.5,A,,,7.1,A,,,7.0,A,,,7.1,A,,,01467200
2019-07-17 00:00:00+00:00,27.4,A,,,26.8,A,,,,,27.1,A,260.0,A,,,223.0,A,,,,,246.0,A,6.2,A,,,5.3,A,,,5.6,A,,,7.1,A,,,7.0,A,,,7.0,A,,,01467200
2019-07-18 00:00:00+00:00,27.5,A,,,27.1,A,,,,,27.3,A,263.0,A,,,227.0,A,,,,,245.0,A,5.9,A,,,5.1,A,,,5.5,A,,,7.1,A,,,7.0,A,,,7.0,A,,,01467200
2019-07-19 00:00:00+00:00,27.7,A,,,27.2,A,,,,,27.4,A,253.0,A,,,226.0,A,,,,,239.0,A,5.4,A,,,4.8,A,,,5.1,A,,,7.0,A,,,7.0,A,,,7.0,A,,,01467200
2019-07-20 00:00:00+00:00,28.0,A,,,27.5,A,,,,,27.7,A,255.0,A,,,228.0,A,,,,,240.0,A,5.5,A,,,4.7,A,,,5.2,A,,,7.0,A,,,7.0,A,,,7.0,A,,,01467200
2019-07-21 00:00:00+00:00,28.4,A,,,27.9,A,,,,,28.1,A,253.0,A,,,227.0,A,,,,,238.0,A,5.7,A,,,4.9,A,,,5.3,A,,,7.0,A,,,7.0,A,,,7.0,A,,,01467200
2019-07-22 00:00:00+00:00,28.6,A,,,28.1,A,,,,,28.4,A,255.0,A,,,236.0,A,,,,,242.0,A,6.0,A,,,4.9,A,,,5.4,A,,,7.1,A,,,7.0,A,,,7.0,A,,,01467200
2019-07-23 00:00:00+00:00,28.5,A,,,28.2,A,,,,,28.3,A,264.0,A,,,241.0,A,,,,,248.0,A,5.8,A,,,4.7,A,,,5.3,A,,,7.1,A,,,7.0,A,,,7.0,A,,,01467200
2019-07-24 00:00:00+00:00,28.4,A,,,27.9,A,,,,,28.2,A,278.0,A,,,249.0,A,,,,,263.0,A,6.0,A,,,4.6,A,,,5.3,A,,,7.2,A,,,7.0,A,,,7.1,A,,,01467200
2019-07-25 00:00:00+00:00,28.3,A,,,27.9,A,,,,,28.1,A,276.0,A,,,264.0,A,,,,,271.0,A,6.1,A,,,4.9,A,,,5.6,A,,,7.2,A,,,7.0,A,,,7.1,A,,,01467200
2019-07-26 00:00:00+00:00,28.4,A,,,27.8,A,,,,,28.1,A,288.0,A,,,269.0,A,,,,,275.0,A,6.6,A,,,5.2,A,,,5.9,A,,,7.3,A,,,7.1,A,,,7.2,A,,,01467200
2019-07-27 00:00:00+00:00,28.3,A,,,27.9,A,,,,,28.1,A,286.0,A,,,265.0,A,,,,,276.0,A,6.6,A,,,5.5,A,,,6.1,A,,,7.2,A,,,7.1,A,,,7.2,A,,,01467200
2019-07-28 00:00:00+00:00,28.2,A,,,27.7,A,,,,,28.0,A,278.0,A,,,249.0,A,,,,,267.0,A,7.0,A,,,5.8,A,,,6.3,A,,,7.2,A,,,7.1,A,,,7.2,A,,,01467200
2019-07-29 00:00:00+00:00,28.2,A,,,27.4,A,,,,,27.9,A,274.0,A,,,244.0,A,,,,,260.0,A,6.9,A,,,6.1,A,,,6.4,A,,,7.2,A,,,7.2,A,,,7.2,A,,,01467200
2019-07-30 00:00:00+00:00,28.3,A,,,27.5,A,,,,,27.9,A,276.0,A,,,242.0,A,,,,,259.0,A,7.2,A,,,6.3,A,,,6.6,A,,,7.3,A,,,7.1,A,,,7.2,A,,,01467200
2019-07-31 00:00:00+00:00,28.2,A,,,27.3,A,,,,,27.8,A,271.0,A,,,233.0,A,,,,,254.0,A,6.7,A,,,6.0,A,,,6.4,A,,,7.2,A,,,7.1,A,,,7.2,A,,,01467200
2019-08-01 00:00:00+00:00,28.2,A,,,27.2,A,,,,,27.7,A,271.0,A,,,234.0,A,,,,,254.0,A,6.4,A,,,5.7,A,,,6.0,A,,,7.1,A,,,7.1,A,,,7.1,A,,,01467200
2019-08-02 00:00:00+00:00,28.0,A,,,27.2,A,,,,,27.6,A,275.0,A,,,234.0,A,,,,,252.0,A,6.1,A,,,5.4,A,,,5.7,A,,,7.1,A,,,7.0,A,,,7.1,A,,,01467200
2019-08-03 00:00:00+00:00,28.1,A,,,27.3,A,,,,,27.6,A,275.0,A,,,240.0,A,,,,,251.0,A,5.9,A,,,5.0,A,,,5.5,A,,,7.1,A,,,7.0,A,,,7.0,A,,,01467200
2019-08-04 00:00:00+00:00,28.1,A,,,27.4,A,,,,,27.7,A,266.0,A,,,241.0,A,,,,,253.0,A,5.9,A,,,4.8,A,,,5.3,A,,,7.0,A,,,7.0,A,,,7.0,A,,,01467200
2019-08-05 00:00:00+00:00,28.0,A,,,27.6,A,,,,,27.7,A,268.0,A,,,246.0,A,,,,,256.0,A,5.9,A,,,4.6,A,,,5.2,A,,,7.1,A,,,7.0,A,,,7.0,A,,,01467200
2019-08-06 00:00:00+00:00,27.9,A,,,27.6,A,,,,,27.7,A,276.0,A,,,250.0,A,,,,,262.0,A,5.7,A,,,4.4,A,,,4.9,A,,,7.0,A,,,6.9,A,,,7.0,A,,,01467200
2019-08-07 00:00:00+00:00,27.9,A,,,27.4,A,,,,,27.7,A,273.0,A,,,254.0,A,,,,,263.0,A,5.6,A,,,4.1,A,,,4.9,A,,,7.0,A,,,6.9,A,,,7.0,A,,,01467200
2019-08-08 00:00:00+00:00,27.6,A,,,27.3,A,,,,,27.5,A,264.0,A,,,250.0,A,,,,,258.0,A,5.5,A,,,4.2,A,,,4.8,A,,,7.0,A,,,6.9,A,,,7.0,A,,,01467200
2019-08-09 00:00:00+00:00,27.6,A,,,27.4,A,,,,,27.5,A,277.0,A,,,257.0,A,,,,,266.0,A,5.6,A,,,4.2,A,,,4.9,A,,,7.1,A,,,6.9,A,,,7.0,A,,,01467200
2019-08-10 00:00:00+00:00,27.5,A,,,27.2,A,,,,,27.3,A,281.0,A,,,261.0,A,,,,,269.0,A,5.9,A,,,4.4,A,,,5.1,A,,,7.1,A,,,7.0,A,,,7.0,A,,,01467200
2019-08-11 00:00:00+00:00,27.3,A,,,27.0,A,,,,,27.1,A,284.0,A,,,265.0,A,,,,,274.0,A,6.1,A,,,4.6,A,,,5.3,A,,,7.1,A,,,7.0,A,,,7.0,A,,,01467200
2019-08-12 00:00:00+00:00,27.2,A,,,26.9,A,,,,,27.1,A,289.0,A,,,269.0,A,,,,,277.0,A,6.3,A,,,4.7,A,,,5.4,A,,,7.1,A,,,7.0,A,,,7.1,A,,,01467200
2019-08-13 00:00:00+00:00,27.2,A,,,26.9,A,,,,,27.0,A,286.0,A,,,273.0,A,,,,,278.0,A,5.9,A,,,4.6,A,,,5.3,A,,,7.1,A,,,7.0,A,,,7.0,A,,,01467200
2019-08-14 00:00:00+00:00,27.0,A,,,26.8,A,,,,,26.9,A,285.0,A,,,278.0,A,,,,,281.0,A,5.5,A,,,4.2,A,,,4.9,A,,,7.1,A,,,7.0,A,,,7.0,A,,,01467200
2019-08-15 00:00:00+00:00,27.1,A,,,26.6,A,,,,,26.8,A,288.0,A,,,279.0,A,,,,,283.0,A,5.3,A,,,3.9,A,,,4.7,A,,,7.0,A,,,6.9,A,,,7.0,A,,,01467200
2019-08-16 00:00:00+00:00,27.0,A,,,26.6,A,,,,,26.8,A,294.0,A,,,282.0,A,,,,,287.0,A,5.7,A,,,4.0,A,,,4.9,A,,,7.0,A,,,6.9,A,,,7.0,A,,,01467200
2019-08-17 00:00:00+00:00,27.2,A,,,26.8,A,,,,,27.0,A,297.0,A,,,283.0,A,,,,,291.0,A,5.6,A,,,4.3,A,,,4.9,A,,,7.0,A,,,6.9,A,,,7.0,A,,,01467200
2019-08-18 00:00:00+00:00,27.4,A,,,26.9,A,,,,,27.1,A,300.0,A,,,287.0,A,,,,,294.0,A,5.6,A,,,4.2,A,,,4.8,A,,,7.0,A,,,6.9,A,,,7.0,A,,,01467200
2019-08-19 00:00:00+00:00,27.5,A,,,27.1,A,,,,,27.2,A,306.0,A,,,289.0,A,,,,,296.0,A,5.5,A,,,4.1,A,,,4.8,A,,,7.0,A,,,6.9,A,,,7.0,A,,,01467200
2019-08-20 00:00:00+00:00,27.6,A,,,27.2,A,,,,,27.4,A,306.0,A,,,285.0,A,,,,,295.0,A,5.7,A,,,4.1,A,,,4.8,A,,,7.0,A,,,6.9,A,,,7.0,A,,,01467200
2019-08-21 00:00:00+00:00,27.7,A,,,27.3,A,,,,,27.5,A,312.0,A,,,283.0,A,,,,,296.0,A,5.5,A,,,4.0,A,,,4.8,A,,,7.0,A,,,6.9,A,,,7.0,A,,,01467200
2019-08-22 00:00:00+00:00,27.8,A,,,27.3,A,,,,,27.5,A,306.0,A,,,281.0,A,,,,,292.0,A,5.5,A,,,4.0,A,,,4.7,A,,,7.0,A,,,6.9,A,,,6.9,A,,,01467200
2019-08-23 00:00:00+00:00,27.5,A,,,27.0,A,,,,,27.3,A,308.0,A,,,280.0,A,,,,,291.0,A,5.4,A,,,3.9,A,,,4.7,A,,,7.0,A,,,6.9,A,,,6.9,A,,,01467200
2019-08-24 00:00:00+00:00,27.0,A,,,26.7,A,,,,,26.9,A,306.0,A,,,282.0,A,,,,,292.0,A,5.3,A,,,3.9,A,,,4.6,A,,,7.0,A,,,6.9,A,,,6.9,A,,,01467200
2019-08-25 00:00:00+00:00,26.7,A,,,26.3,A,,,,,26.5,A,312.0,A,,,283.0,A,,,,,294.0,A,5.4,A,,,4.0,A,,,4.6,A,,,7.0,A,,,6.9,A,,,7.0,A,,,01467200
2019-08-26 00:00:00+00:00,26.4,A,,,25.9,A,,,,,26.0,A,313.0,A,,,284.0,A,,,,,297.0,A,5.4,A,,,4.2,A,,,4.7,A,,,7.0,A,,,6.9,A,,,7.0,A,,,01467200
2019-08-27 00:00:00+00:00,26.0,A,,,25.5,A,,,,,25.7,A,313.0,A,,,288.0,A,,,,,299.0,A,5.4,A,,,4.1,A,,,4.7,A,,,7.0,A,,,6.9,A,,,7.0,A,,,01467200
2019-08-28 00:00:00+00:00,25.7,A,,,25.3,A,,,,,25.5,A,320.0,A,,,291.0,A,,,,,301.0,A,5.3,A,,,4.0,A,,,4.7,A,,,7.0,A,,,6.9,A,,,7.0,A,,,01467200
2019-08-29 00:00:00+00:00,25.6,A,,,25.2,A,,,,,25.4,A,323.0,A,,,293.0,A,,,,,306.0,A,5.5,A,,,4.0,A,,,4.7,A,,,7.1,A,,,6.9,A,,,7.0,A,,,01467200
2019-08-30 00:00:00+00:00,25.6,A,,,25.2,A,,,,,25.4,A,317.0,A,,,296.0,A,,,,,305.0,A,5.7,A,,,4.2,A,,,4.9,A,,,7.1,A,,,6.9,A,,,7.0,A,,,01467200
2019-08-31 00:00:00+00:00,25.6,A,,,25.2,A,,,,,25.4,A,317.0,A,,,292.0,A,,,,,306.0,A,5.8,A,,,4.5,A,,,5.2,A,,,7.1,A,,,7.0,A,,,7.0,A,,,01467200
2019-09-01 00:00:00+00:00,25.6,A,,,25.2,A,,,,,25.4,A,322.0,A,,,294.0,A,,,,,309.0,A,5.9,A,,,4.7,A,,,5.3,A,,,7.1,A,,,7.0,A,,,7.0,A,,,01467200
2019-09-02 00:00:00+00:00,25.4,A,,,25.2,A,,,,,25.3,A,326.0,A,,,301.0,A,,,,,313.0,A,5.8,A,,,4.8,A,,,5.2,A,,,7.1,A,,,7.0,A,,,7.0,A,,,01467200
2019-09-03 00:00:00+00:00,25.6,A,,,25.2,A,,,,,25.4,A,319.0,A,,,296.0,A,,,,,309.0,A,5.7,A,,,4.6,A,,,5.1,A,,,7.1,A,,,7.0,A,,,7.0,A,,,01467200
2019-09-04 00:00:00+00:00,25.6,A,,,25.3,A,,,,,25.4,A,339.0,A,,,300.0,A,,,,,313.0,A,5.7,A,,,4.6,A,,,5.2,A,,,7.1,A,,,7.0,A,,,7.0,A,,,01467200
2019-09-05 00:00:00+00:00,25.4,A,,,25.2,A,,,,,25.3,A,336.0,A,,,295.0,A,,,,,311.0,A,5.9,A,,,4.9,A,,,5.4,A,,,7.2,A,,,7.0,A,,,7.1,A,,,01467200
2019-09-06 00:00:00+00:00,25.2,A,,,24.6,A,,,,,24.9,A,327.0,A,,,299.0,A,,,,,313.0,A,5.9,A,,,4.8,A,,,5.4,A,,,7.2,A,,,7.0,A,,,7.1,A,,,01467200
2019-09-07 00:00:00+00:00,24.6,A,,,24.4,A,,,,,24.4,A,328.0,A,,,304.0,A,,,,,318.0,A,5.7,A,,,4.9,A,,,5.3,A,,,7.1,A,,,7.1,A,,,7.1,A,,,01467200
2019-09-08 00:00:00+00:00,24.4,A,,,24.1,A,,,,,24.3,A,327.0,A,,,303.0,A,,,,,315.0,A,5.9,A,,,4.8,A,,,5.4,A,,,7.2,A,,,7.1,A,,,7.1,A,,,01467200
2019-09-09 00:00:00+00:00,24.6,A,,,24.1,A,,,,,24.3,A,329.0,A,,,303.0,A,,,,,314.0,A,6.2,A,,,4.8,A,,,5.5,A,,,7.2,A,,,7.1,A,,,7.1,A,,,01467200
2019-09-10 00:00:00+00:00,24.6,A,,,24.2,A,,,,,24.4,A,337.0,A,,,308.0,A,,,,,319.0,A,6.0,A,,,4.7,A,,,5.4,A,,,7.2,A,,,7.1,A,,,7.1,A,,,01467200
2019-09-11 00:00:00+00:00,24.6,A,,,24.2,A,,,,,24.4,A,331.0,A,,,310.0,A,,,,,319.0,A,6.1,A,,,4.7,A,,,5.4,A,,,7.2,A,,,7.1,A,,,7.1,A,,,01467200
2019-09-12 00:00:00+00:00,24.9,A,,,24.4,A,,,,,24.6,A,332.0,A,,,318.0,A,,,,,322.0,A,6.1,A,,,4.8,A,,,5.4,A,,,7.2,A,,,7.1,A,,,7.1,A,,,01467200
2019-09-13 00:00:00+00:00,24.7,A,,,24.2,A,,,,,24.4,A,336.0,A,,,319.0,A,,,,,327.0,A,6.0,A,,,4.9,A,,,5.4,A,,,7.2,A,,,7.1,A,,,7.1,A,,,01467200
2019-09-14 00:00:00+00:00,24.2,A,,,24.0,A,,,,,24.1,A,346.0,A,,,323.0,A,,,,,330.0,A,5.9,A,,,4.8,A,,,5.4,A,,,7.2,A,,,7.1,A,,,7.1,A,,,01467200
2019-09-15 00:00:00+00:00,24.3,A,,,23.9,A,,,,,24.1,A,336.0,A,,,324.0,A,,,,,330.0,A,5.8,A,,,4.9,A,,,5.3,A,,,7.2,A,,,7.1,A,,,7.2,A,,,01467200
2019-09-16 00:00:00+00:00,24.3,A,,,24.0,A,,,,,24.2,A,340.0,A,,,324.0,A,,,,,331.0,A,5.6,A,,,4.7,A,,,5.1,A,,,7.2,A,,,7.1,A,,,7.1,A,,,01467200
2019-09-17 00:00:00+00:00,24.3,A,,,24.0,A,,,,,24.1,A,354.0,A,,,325.0,A,,,,,339.0,A,5.7,A,,,4.5,A,,,5.1,A,,,7.2,A,,,7.1,A,,,7.1,A,,,01467200
2019-09-18 00:00:00+00:00,24.1,A,,,23.7,A,,,,,23.9,A,362.0,A,,,329.0,A,,,,,343.0,A,5.6,A,,,4.5,A,,,5.1,A,,,7.2,A,,,7.1,A,,,7.1,A,,,01467200
2019-09-19 00:00:00+00:00,23.7,A,,,23.4,A,,,,,23.6,A,358.0,A,,,332.0,A,,,,,343.0,A,5.6,A,,,4.7,A,,,5.1,A,,,7.2,A,,,7.1,A,,,7.1,A,,,01467200
2019-09-20 00:00:00+00:00,23.5,A,,,23.2,A,,,,,23.4,A,353.0,A,,,334.0,A,,,,,343.0,A,5.6,A,,,4.5,A,,,5.1,A,,,7.2,A,,,7.1,A,,,7.2,A,,,01467200
2019-09-21 00:00:00+00:00,23.5,A,,,23.1,A,,,,,23.3,A,358.0,A,,,332.0,A,,,,,343.0,A,5.8,A,,,4.6,A,,,5.2,A,,,7.2,A,,,7.1,A,,,7.2,A,,,01467200
2019-09-22 00:00:00+00:00,23.6,A,,,23.2,A,,,,,23.4,A,367.0,A,,,333.0,A,,,,,347.0,A,5.7,A,,,4.5,A,,,5.2,A,,,7.2,A,,,7.1,A,,,7.2,A,,,01467200
2019-09-23 00:00:00+00:00,23.7,A,,,23.4,A,,,,,23.5,A,366.0,A,,,336.0,A,,,,,349.0,A,5.8,A,,,4.5,A,,,5.2,A,,,7.2,A,,,7.1,A,,,7.2,A,,,01467200
2019-09-24 00:00:00+00:00,23.7,A,,,23.4,A,,,,,23.5,A,368.0,A,,,338.0,A,,,,,350.0,A,5.8,A,,,4.6,A,,,5.2,A,,,7.2,A,,,7.1,A,,,7.2,A,,,01467200
2019-09-25 00:00:00+00:00,23.6,A,,,23.3,A,,,,,23.4,A,377.0,A,,,341.0,A,,,,,356.0,A,5.6,A,,,4.6,A,,,5.1,A,,,7.2,A,,,7.1,A,,,7.2,A,,,01467200
2019-09-26 00:00:00+00:00,23.5,A,,,23.2,A,,,,,23.4,A,398.0,A,,,341.0,A,,,,,363.0,A,5.6,A,,,4.5,A,,,5.1,A,,,7.2,A,,,7.1,A,,,7.2,A,,,01467200
2019-09-27 00:00:00+00:00,23.5,A,,,23.1,A,,,,,23.3,A,398.0,A,,,345.0,A,,,,,367.0,A,5.7,A,,,4.5,A,,,5.1,A,,,7.3,A,,,7.1,A,,,7.2,A,,,01467200
2019-09-28 00:00:00+00:00,23.5,A,,,23.1,A,,,,,23.3,A,395.0,A,,,347.0,A,,,,,369.0,A,5.7,A,,,4.5,A,,,5.1,A,,,7.2,A,,,7.1,A,,,7.2,A,,,01467200
2019-09-29 00:00:00+00:00,23.6,A,,,23.3,A,,,,,23.4,A,393.0,A,,,347.0,A,,,,,367.0,A,5.6,A,,,4.5,A,,,5.0,A,,,7.2,A,,,7.1,A,,,7.2,A,,,01467200
2019-09-30 00:00:00+00:00,23.5,A,,,23.1,A,,,,,23.3,A,400.0,A,,,347.0,A,,,,,371.0,A,5.6,A,,,4.5,A,,,5.0,A,,,7.3,A,,,7.1,A,,,7.2,A,,,01467200
2019-10-01 00:00:00+00:00,23.4,A,,,23.0,A,,,,,23.2,A,400.0,A,,,354.0,A,,,,,376.0,A,5.4,A,,,4.5,A,,,4.9,A,,,7.2,A,,,7.2,A,,,7.2,A,,,01467200
2019-10-02 00:00:00+00:00,23.4,A,,,23.1,A,,,,,23.2,A,395.0,A,,,352.0,A,,,,,372.0,A,5.5,A,,,4.5,A,,,5.0,A,,,7.3,A,,,7.2,A,,,7.2,A,,,01467200
2019-10-03 00:00:00+00:00,23.3,A,,,23.0,A,,,,,23.2,A,417.0,A,,,346.0,A,,,,,379.0,A,5.6,A,,,4.6,A,,,5.1,A,,,7.3,A,,,7.2,A,,,7.2,A,,,01467200
2019-10-04 00:00:00+00:00,23.0,A,,,22.4,A,,,,,22.8,A,406.0,A,,,358.0,A,,,,,379.0,A,5.7,A,,,4.5,A,,,5.1,A,,,7.3,A,,,7.2,A,,,7.3,A,,,01467200
2019-10-05 00:00:00+00:00,22.4,A,,,21.8,A,,,,,22.1,A,424.0,A,,,353.0,A,,,,,382.0,A,6.2,A,,,5.2,A,,,5.6,A,,,7.4,A,,,7.3,A,,,7.3,A,,,01467200
2019-10-06 00:00:00+00:00,21.8,A,,,21.5,A,,,,,21.7,A,419.0,A,,,356.0,A,,,,,387.0,A,6.2,A,,,5.2,A,,,5.6,A,,,7.4,A,,,7.3,A,,,7.3,A,,,01467200
2019-10-07 00:00:00+00:00,21.6,A,,,21.4,A,,,,,21.5,A,414.0,A,,,361.0,A,,,,,384.0,A,6.4,A,,,5.4,A,,,5.8,A,,,7.5,A,,,7.3,A,,,7.4,A,,,01467200
2019-10-08 00:00:00+00:00,21.6,A,,,20.9,A,,,,,21.3,A,425.0,A,,,360.0,A,,,,,382.0,A,6.5,A,,,5.6,A,,,6.0,A,,,7.5,A,,,7.4,A,,,7.4,A,,,01467200
2019-10-09 00:00:00+00:00,21.1,A,,,20.4,A,,,,,20.7,A,425.0,A,,,362.0,A,,,,,390.0,A,6.5,A,,,5.8,A,,,6.1,A,,,7.5,A,,,7.4,A,,,7.4,A,,,01467200
2019-10-10 00:00:00+00:00,20.5,A,,,20.1,A,,,,,20.3,A,438.0,A,,,370.0,A,,,,,397.0,A,6.6,A,,,5.9,A,,,6.2,A,,,7.5,A,,,7.4,A,,,7.4,A,,,01467200
2019-10-11 00:00:00+00:00,20.1,A,,,19.7,A,,,,,19.9,A,449.0,A,,,377.0,A,,,,,409.0,A,6.7,A,,,6.0,A,,,6.3,A,,,7.5,A,,,7.4,A,,,7.4,A,,,01467200
2019-10-12 00:00:00+00:00,19.8,A,,,19.5,A,,,,,19.6,A,453.0,A,,,376.0,A,,,,,411.0,A,6.7,A,,,6.1,A,,,6.4,A,,,7.5,A,,,7.4,A,,,7.4,A,,,01467200
2019-10-13 00:00:00+00:00,19.6,A,,,19.2,A,,,,,19.4,A,438.0,A,,,364.0,A,,,,,397.0,A,7.0,A,,,6.0,A,,,6.5,A,,,7.5,A,,,7.4,A,,,7.5,A,,,01467200
2019-10-14 00:00:00+00:00,19.5,A,,,19.1,A,,,,,19.3,A,438.0,A,,,361.0,A,,,,,395.0,A,7.0,A,,,6.1,A,,,6.5,A,,,7.5,A,,,7.4,A,,,7.4,A,,,01467200
2019-10-15 00:00:00+00:00,19.3,A,,,18.9,A,,,,,19.2,A,429.0,A,,,350.0,A,,,,,391.0,A,7.1,A,,,6.1,A,,,6.6,A,,,7.6,A,,,7.4,A,,,7.4,A,,,01467200
2019-10-16 00:00:00+00:00,19.1,A,,,18.6,A,,,,,19.0,A,449.0,A,,,361.0,A,,,,,400.0,A,6.9,A,,,6.1,A,,,6.4,A,,,7.5,A,,,7.4,A,,,7.4,A,,,01467200
2019-10-17 00:00:00+00:00,18.6,A,,,17.5,A,,,,,18.2,A,394.0,A,,,332.0,A,,,,,359.0,A,7.4,A,,,6.5,A,,,6.9,A,,,7.5,A,,,7.4,A,,,7.5,A,,,01467200
2019-10-18 00:00:00+00:00,17.7,A,,,17.0,A,,,,,17.4,A,379.0,A,,,327.0,A,,,,,348.0,A,7.6,A,,,6.9,A,,,7.3,A,,,7.6,A,,,7.5,A,,,7.5,A,,,01467200
2019-10-19 00:00:00+00:00,17.3,A,,,16.8,A,,,,,17.1,A,389.0,A,,,334.0,A,,,,,357.0,A,7.5,A,,,6.8,A,,,7.2,A,,,7.6,A,,,7.5,A,,,7.5,A,,,01467200
2019-10-20 00:00:00+00:00,17.0,A,,,16.3,A,,,,,16.7,A,376.0,A,,,329.0,A,,,,,350.0,A,7.6,A,,,6.8,A,,,7.2,A,,,7.6,A,,,7.5,A,,,7.5,A,,,01467200
2019-10-21 00:00:00+00:00,16.7,A,,,16.0,A,,,,,16.4,A,375.0,A,,,326.0,A,,,,,346.0,A,7.6,A,,,6.8,A,,,7.3,A,,,7.6,A,,,7.5,A,,,7.5,A,,,01467200
2019-10-22 00:00:00+00:00,16.6,A,,,16.0,A,,,,,16.3,A,368.0,A,,,328.0,A,,,,,345.0,A,7.6,A,,,6.8,A,,,7.2,A,,,7.5,A,,,7.4,A,,,7.5,A,,,01467200
2019-10-23 00:00:00+00:00,16.4,A,,,15.8,A,,,,,16.1,A,363.0,A,,,318.0,A,,,,,337.0,A,7.6,A,,,6.8,A,,,7.2,A,,,7.5,A,,,7.4,A,,,7.5,A,,,01467200
2019-10-24 00:00:00+00:00,16.2,A,,,15.5,A,,,,,15.8,A,348.0,A,,,313.0,A,,,,,329.0,A,7.8,A,,,6.9,A,,,7.3,A,,,7.5,A,,,7.4,A,,,7.5,A,,,01467200
2019-10-25 00:00:00+00:00,16.1,A,,,15.3,A,,,,,15.7,A,349.0,A,,,305.0,A,,,,,325.0,A,7.8,A,,,6.8,A,,,7.4,A,,,7.5,A,,,7.4,A,,,7.5,A,,,01467200
2019-10-26 00:00:00+00:00,16.0,A,,,15.1,A,,,,,15.5,A,346.0,A,,,298.0,A,,,,,322.0,A,7.8,A,,,6.8,A,,,7.3,A,,,7.5,A,,,7.4,A,,,7.4,A,,,01467200
2019-10-27 00:00:00+00:00,16.0,A,,,15.0,A,,,,,15.6,A,358.0,A,,,300.0,A,,,,,326.0,A,7.8,A,,,6.7,A,,,7.2,A,,,7.5,A,,,7.4,A,,,7.4,A,,,01467200
2019-10-28 00:00:00+00:00,15.8,A,,,14.7,A,,,,,15.3,A,337.0,A,,,266.0,A,,,,,304.0,A,8.0,A,,,6.8,A,,,7.4,A,,,7.4,A,,,7.4,A,,,7.4,A,,,01467200
2019-10-29 00:00:00+00:00,15.5,A,,,14.6,A,,,,,15.1,A,324.0,A,,,255.0,A,,,,,291.0,A,8.0,A,,,7.0,A,,,7.5,A,,,7.4,A,,,7.4,A,,,7.4,A,,,01467200
2019-10-30 00:00:00+00:00,15.3,A,,,14.5,A,,,,,14.9,A,301.0,A,,,246.0,A,,,,,272.0,A,8.1,A,,,7.1,A,,,7.7,A,,,7.4,A,,,7.4,A,,,7.4,A,,,01467200
2019-10-31 00:00:00+00:00,15.5,A,,,14.6,A,,,,,15.0,A,292.0,A,,,254.0,A,,,,,268.0,A,8.2,A,,,7.2,A,,,7.7,A,,,7.4,A,,,7.3,A,,,7.4,A,,,01467200
2019-11-01 00:00:00+00:00,15.2,A,,,14.6,A,,,,,14.9,A,263.0,A,,,243.0,A,,,,,254.0,A,8.5,A,,,7.7,A,,,8.1,A,,,7.5,A,,,7.4,A,,,7.4,A,,,01467200
2019-11-02 00:00:00+00:00,14.6,A,,,14.4,A,,,,,14.5,A,258.0,A,,,232.0,A,,,,,242.0,A,8.6,A,,,8.3,A,,,8.5,A,,,7.5,A,,,7.4,A,,,7.5,A,,,01467200
2019-11-03 00:00:00+00:00,14.4,A,,,14.1,A,,,,,14.3,A,244.0,A,,,205.0,A,,,,,221.0,A,8.7,A,,,8.4,A,,,8.6,A,,,7.5,A,,,7.4,A,,,7.5,A,,,01467200
2019-11-04 00:00:00+00:00,14.1,A,,,13.4,A,,,,,13.8,A,225.0,A,,,183.0,A,,,,,203.0,A,8.8,A,,,8.3,A,,,8.5,A,,,7.4,A,,,7.4,A,,,7.4,A,,,01467200
2019-11-05 00:00:00+00:00,13.5,A,,,12.6,A,,,,,13.1,A,194.0,A,,,156.0,A,,,,,175.0,A,9.0,A,,,8.4,A,,,8.7,A,,,7.4,A,,,7.3,A,,,7.4,A,,,01467200
2019-11-06 00:00:00+00:00,13.0,A,,,12.0,A,,,,,12.4,A,172.0,A,,,146.0,A,,,,,159.0,A,9.2,A,,,8.6,A,,,8.9,A,,,7.3,A,,,7.2,A,,,7.3,A,,,01467200
2019-11-07 00:00:00+00:00,12.6,A,,,11.6,A,,,,,12.0,A,166.0,A,,,146.0,A,,,,,155.0,A,9.3,A,,,8.7,A,,,9.1,A,,,7.3,A,,,7.2,A,,,7.2,A,,,01467200
2019-11-08 00:00:00+00:00,12.2,A,,,10.8,A,,,,,11.3,A,161.0,A,,,149.0,A,,,,,153.0,A,9.6,A,,,8.9,A,,,9.3,A,,,7.3,A,,,7.2,A,,,7.3,A,,,01467200
2019-11-09 00:00:00+00:00,11.4,A,,,10.3,A,,,,,10.8,A,164.0,A,,,151.0,A,,,,,157.0,A,9.7,A,,,9.1,A,,,9.4,A,,,7.3,A,,,7.2,A,,,7.3,A,,,01467200
2019-11-10 00:00:00+00:00,11.0,A,,,9.9,A,,,,,10.4,A,165.0,A,,,156.0,A,,,,,161.0,A,9.8,A,,,9.1,A,,,9.5,A,,,7.3,A,,,7.2,A,,,7.3,A,,,01467200
2019-11-11 00:00:00+00:00,10.6,A,,,9.6,A,,,,,10.1,A,168.0,A,,,159.0,A,,,,,164.0,A,9.9,A,,,9.2,A,,,9.6,A,,,7.3,A,,,7.2,A,,,7.3,A,,,01467200
2019-11-12 00:00:00+00:00,10.5,A,,,9.2,A,,,,,9.8,A,176.0,A,,,165.0,A,,,,,170.0,A,10.0,A,,,9.3,A,,,9.7,A,,,7.4,A,,,7.3,A,,,7.3,A,,,01467200
2019-11-13 00:00:00+00:00,9.6,A,,,8.7,A,,,,,9.1,A,181.0,A,,,169.0,A,,,,,175.0,A,10.2,A,,,9.6,A,,,9.9,A,,,7.4,A,,,7.3,A,,,7.3,A,,,01467200
2019-11-14 00:00:00+00:00,9.1,A,,,8.4,A,,,,,8.7,A,187.0,A,,,174.0,A,,,,,180.0,A,10.3,A,,,9.6,A,,,10.0,A,,,7.4,A,,,7.3,A,,,7.3,A,,,01467200
2019-11-15 00:00:00+00:00,8.8,A,,,8.0,A,,,,,8.5,A,194.0,A,,,181.0,A,,,,,187.0,A,10.3,A,,,9.7,A,,,10.0,A,,,7.4,A,,,7.3,A,,,7.4,A,,,01467200
2019-11-16 00:00:00+00:00,8.4,A,,,7.6,A,,,,,8.1,A,201.0,A,,,187.0,A,,,,,194.0,A,10.6,A,,,9.9,A,,,10.2,A,,,7.5,A,,,7.3,A,,,7.4,A,,,01467200
2019-11-17 00:00:00+00:00,8.0,A,,,7.2,A,,,,,7.7,A,207.0,A,,,194.0,A,,,,,200.0,A,10.7,A,,,10.1,A,,,10.4,A,,,7.5,A,,,7.4,A,,,7.4,A,,,01467200
2019-11-18 00:00:00+00:00,7.8,A,,,7.2,A,,,,,7.5,A,214.0,A,,,203.0,A,,,,,207.0,A,10.8,A,,,10.2,A,,,10.5,A,,,7.5,A,,,7.4,A,,,7.4,A,,,01467200
2019-11-19 00:00:00+00:00,7.8,A,,,7.1,A,,,,,7.4,A,218.0,A,,,208.0,A,,,,,212.0,A,10.8,A,,,10.1,A,,,10.5,A,,,7.5,A,,,7.4,A,,,7.4,A,,,01467200
2019-11-20 00:00:00+00:00,7.5,A,,,6.8,A,,,,,7.1,A,221.0,A,,,214.0,A,,,,,217.0,A,11.0,A,,,10.3,A,,,10.7,A,,,7.5,A,,,7.4,A,,,7.5,A,,,01467200
2019-11-21 00:00:00+00:00,7.4,A,,,6.6,A,,,,,7.0,A,227.0,A,,,218.0,A,,,,,223.0,A,11.1,A,,,10.3,A,,,10.7,A,,,7.5,A,,,7.4,A,,,7.5,A,,,01467200
2019-11-22 00:00:00+00:00,7.4,A,,,6.7,A,,,,,7.0,A,232.0,A,,,221.0,A,,,,,227.0,A,11.0,A,,,10.4,A,,,10.7,A,,,7.5,A,,,7.4,A,,,7.5,A,,,01467200
2019-11-23 00:00:00+00:00,7.1,A,,,6.3,A,,,,,6.7,A,238.0,A,,,227.0,A,,,,,234.0,A,11.3,A,,,10.5,A,,,10.9,A,,,7.5,A,,,7.4,A,,,7.5,A,,,01467200
2019-11-24 00:00:00+00:00,7.0,A,,,6.2,A,,,,,6.6,A,243.0,A,,,231.0,A,,,,,238.0,A,11.1,A,,,10.5,A,,,10.8,A,,,7.5,A,,,7.4,A,,,7.5,A,,,01467200
2019-11-25 00:00:00+00:00,6.7,A,,,5.9,A,,,,,6.3,A,245.0,A,,,236.0,A,,,,,241.0,A,11.3,A,,,10.6,A,,,11.0,A,,,7.6,A,,,7.4,A,,,7.5,A,,,01467200
2019-11-26 00:00:00+00:00,6.7,A,,,5.7,A,,,,,6.2,A,252.0,A,,,240.0,A,,,,,246.0,A,11.4,A,,,10.7,A,,,11.1,A,,,7.6,A,,,7.5,A,,,7.5,A,,,01467200
2019-11-27 00:00:00+00:00,6.5,A,,,5.8,A,,,,,6.1,A,259.0,A,,,246.0,A,,,,,252.0,A,11.4,A,,,10.8,A,,,11.2,A,,,7.6,A,,,7.5,A,,,7.6,A,,,01467200
2019-11-28 00:00:00+00:00,6.3,A,,,6.0,A,,,,,6.2,A,273.0,A,,,251.0,A,,,,,261.0,A,11.5,A,,,11.1,A,,,11.4,A,,,7.7,A,,,7.6,A,,,7.6,A,,,01467200
2019-11-29 00:00:00+00:00,6.2,A,,,6.0,A,,,,,6.2,A,272.0,A,,,259.0,A,,,,,266.0,A,11.5,A,,,11.2,A,,,11.4,A,,,7.7,A,,,7.6,A,,,7.6,A,,,01467200
2019-11-30 00:00:00+00:00,6.2,A,,,6.0,A,,,,,6.1,A,274.0,A,,,262.0,A,,,,,268.0,A,11.4,A,,,11.1,A,,,11.3,A,,,7.7,A,,,7.6,A,,,7.6,A,,,01467200
2019-12-01 00:00:00+00:00,6.2,A,,,6.0,A,,,,,6.1,A,277.0,A,,,260.0,A,,,,,268.0,A,11.4,A,,,11.0,A,,,11.2,A,,,7.7,A,,,7.6,A,,,7.6,A,,,01467200
2019-12-02 00:00:00+00:00,6.2,A,,,6.0,A,,,,,6.0,A,271.0,A,,,256.0,A,,,,,265.0,A,11.2,A,,,10.8,A,,,11.1,A,,,7.6,A,,,7.6,A,,,7.6,A,,,01467200
2019-12-03 00:00:00+00:00,6.0,A,,,5.7,A,,,,,5.8,A,264.0,A,,,246.0,A,,,,,256.0,A,11.4,A,,,11.0,A,,,11.2,A,,,7.6,A,,,7.6,A,,,7.6,A,,,01467200
2019-12-04 00:00:00+00:00,5.7,A,,,5.6,A,,,,,5.7,A,261.0,A,,,235.0,A,,,,,248.0,A,11.5,A,,,11.1,A,,,11.3,A,,,7.6,A,,,7.6,A,,,7.6,A,,,01467200
2019-12-05 00:00:00+00:00,5.7,A,,,5.4,A,,,,,5.5,A,253.0,A,,,228.0,A,,,,,239.0,A,11.6,A,,,11.1,A,,,11.4,A,,,7.6,A,,,7.6,A,,,7.6,A,,,01467200
2019-12-06 00:00:00+00:00,5.5,A,,,5.2,A,,,,,5.3,A,245.0,A,,,226.0,A,,,,,235.0,A,11.8,A,,,11.2,A,,,11.5,A,,,7.6,A,,,7.6,A,,,7.6,A,,,01467200
2019-12-07 00:00:00+00:00,5.4,A,,,4.9,A,,,,,5.2,A,241.0,A,,,228.0,A,,,,,234.0,A,11.9,A,,,11.4,A,,,11.7,A,,,7.6,A,,,7.6,A,,,7.6,A,,,01467200
2019-12-08 00:00:00+00:00,5.2,A,,,4.6,A,,,,,4.9,A,245.0,A,,,230.0,A,,,,,237.0,A,11.9,A,,,11.3,A,,,11.7,A,,,7.6,A,,,7.6,A,,,7.6,A,,,01467200
2019-12-09 00:00:00+00:00,5.2,A,,,4.4,A,,,,,4.9,A,246.0,A,,,234.0,A,,,,,240.0,A,12.0,A,,,11.4,A,,,11.7,A,,,7.6,A,,,7.5,A,,,7.6,A,,,01467200
2019-12-10 00:00:00+00:00,5.2,A,,,4.9,A,,,,,5.1,A,259.0,A,,,239.0,A,,,,,245.0,A,11.8,A,,,11.4,A,,,11.6,A,,,7.6,A,,,7.5,A,,,7.5,A,,,01467200
2019-12-11 00:00:00+00:00,5.0,A,,,4.5,A,,,,,4.8,A,264.0,A,,,245.0,A,,,,,257.0,A,12.2,A,,,11.5,A,,,11.8,A,,,7.6,A,,,7.5,A,,,7.5,A,,,01467200
2019-12-12 00:00:00+00:00,4.7,A,,,4.2,A,,,,,4.4,A,266.0,A,,,258.0,A,,,,,262.0,A,12.4,A,,,11.8,A,,,12.2,A,,,7.6,A,,,7.5,A,,,7.6,A,,,01467200
2019-12-13 00:00:00+00:00,4.4,A,,,4.1,A,,,,,4.3,A,265.0,A,,,257.0,A,,,,,263.0,A,12.5,A,,,12.0,A,,,12.3,A,,,7.6,A,,,7.6,A,,,7.6,A,,,01467200
2019-12-14 00:00:00+00:00,5.1,A,,,4.3,A,,,,,4.7,A,270.0,A,,,261.0,A,,,,,265.0,A,12.4,A,,,11.8,A,,,12.1,A,,,7.6,A,,,7.5,A,,,7.5,A,,,01467200
2019-12-15 00:00:00+00:00,5.1,A,,,4.6,A,,,,,4.9,A,264.0,A,,,243.0,A,,,,,257.0,A,12.4,A,,,11.8,A,,,12.0,A,,,7.6,A,,,7.5,A,,,7.6,A,,,01467200
2019-12-16 00:00:00+00:00,4.7,A,,,4.1,A,,,,,4.4,A,249.0,A,,,220.0,A,,,,,235.0,A,12.7,A,,,12.0,A,,,12.4,A,,,7.6,A,,,7.5,A,,,7.6,A,,,01467200
2019-12-17 00:00:00+00:00,4.4,A,,,4.0,A,,,,,4.3,A,238.0,A,,,211.0,A,,,,,222.0,A,12.6,A,,,12.1,A,,,12.3,A,,,7.6,A,,,7.4,A,,,7.5,A,,,01467200
2019-12-18 00:00:00+00:00,4.4,A,,,4.1,A,,,,,4.3,A,215.0,A,,,206.0,A,,,,,210.0,A,12.3,A,,,12.0,A,,,12.2,A,,,7.5,A,,,7.4,A,,,7.5,A,,,01467200
2019-12-19 00:00:00+00:00,4.2,A,,,3.6,A,,,,,3.8,A,216.0,A,,,203.0,A,,,,,211.0,A,12.6,A,,,12.2,A,,,12.4,A,,,7.5,A,,,7.5,A,,,7.5,A,,,01467200
2019-12-20 00:00:00+00:00,3.6,A,,,3.2,A,,,,,3.4,A,214.0,A,,,195.0,A,,,,,206.0,A,,,,,,,,,,,,,,,,,,,,,,,,,01467200
2019-12-21 00:00:00+00:00,3.3,A,,,3.0,A,,,,,3.2,A,212.0,A,,,195.0,A,,,,,204.0,A,,,,,,,,,,,,,,,,,,,,,,,,,01467200
2019-12-22 00:00:00+00:00,3.2,A,,,2.9,A,,,,,3.0,A,211.0,A,,,200.0,A,,,,,205.0,A,,,,,,,,,,,,,,,,,,,,,,,,,01467200
2019-12-23 00:00:00+00:00,3.1,A,,,2.6,A,,,,,2.9,A,213.0,A,,,204.0,A,,,,,209.0,A,,,,,,,,,,,,,,,,,,,,,,,,,01467200
2019-12-24 00:00:00+00:00,3.1,A,,,2.4,A,,,,,2.8,A,222.0,A,,,209.0,A,,,,,216.0,A,,,,,,,,,,,,,,,,,,,,,,,,,01467200
2019-12-25 00:00:00+00:00,3.0,A,,,2.2,A,,,,,2.6,A,225.0,A,,,217.0,A,,,,,221.0,A,,,,,,,,,,,,,,,,,,,,,,,,,01467200
2019-12-26 00:00:00+00:00,2.9,A,,,2.0,A,,,,,2.5,A,228.0,A,,,215.0,A,,,,,222.0,A,,,,,,,,,,,,,,,,,,,,,,,,,01467200
2019-12-27 00:00:00+00:00,2.9,A,,,2.0,A,,,,,2.5,A,229.0,A,,,217.0,A,,,,,224.0,A,,,,,,,,,,,,,,,,,,,,,,,,,01467200
2019-12-28 00:00:00+00:00,2.8,A,,,2.0,A,,,,,2.4,A,231.0,A,,,220.0,A,,,,,226.0,A,,,,,,,,,,,,,,,,,,,,,,,,,01467200
2019-12-29 00:00:00+00:00,2.8,A,,,2.0,A,,,,,2.4,A,233.0,A,,,223.0,A,,,,,229.0,A,,,,,,,,,,,,,,,,,,,,,,,,,01467200
2019-12-30 00:00:00+00:00,3.0,A,,,2.2,A,,,,,2.7,A,237.0,A,,,227.0,A,,,,,233.0,A,,,,,,,,,,,,,,,,,,,,,,,,,01467200
2019-12-31 00:00:00+00:00,3.0,A,,,2.6,A,,,,,2.9,A,244.0,A,,,231.0,A,,,,,236.0,A,,,,,,,,,,,,,,,,,,,,,,,,,01467200
2020-01-01 00:00:00+00:00,3.4,A,,,2.9,A,,,,,3.1,A,252.0,A,,,238.0,A,,,,,244.0,A,,,,,,,,,,,,,,,,,,,,,,,,,01467200
2020-01-02 00:00:00+00:00,3.9,A,,,3.1,A,,,,,3.5,A,257.0,A,,,245.0,A,,,,,251.0,A,,,,,,,,,,,,,,,,,,,,,,,,,01467200
2020-01-03 00:00:00+00:00,4.3,A,,,3.6,A,,,,,4.0,A,257.0,A,,,249.0,A,,,,,253.0,A,,,,,,,,,,,,,,,,,,,,,,,,,01467200
2020-01-04 00:00:00+00:00,4.6,A,,,4.0,A,,,,,4.4,A,256.0,A,,,243.0,A,,,,,249.0,A,,,,,,,,,,,,,,,,,,,,,,,,,01467200
2020-01-05 00:00:00+00:00,4.7,A,,,4.4,A,,,,,4.5,A,247.0,A,,,220.0,A,,,,,236.0,A,,,,,,,,,,,,,,,,,,,,,,,,,01467200
2020-01-06 00:00:00+00:00,4.5,A,,,4.2,A,,,,,4.3,A,244.0,A,,,216.0,A,,,,,228.0,A,,,,,,,,,,,,,,,,,,,,,,,,,01467200
2020-01-07 00:00:00+00:00,4.4,A,,,4.0,A,,,,,4.2,A,235.0,A,,,206.0,A,,,,,219.0,A,,,,,,,,,,,,,,,,,,,,,,,,,01467200
2020-01-08 00:00:00+00:00,4.2,A,,,3.8,A,,,,,4.0,A,228.0,A,,,209.0,A,,,,,217.0,A,,,,,,,,,,,,,,,,,,,,,,,,,01467200
2020-01-09 00:00:00+00:00,3.9,A,,,3.6,A,,,,,3.8,A,217.0,A,,,208.0,A,,,,,212.0,A,,,,,,,,,,,,,,,,,,,,,,,,,01467200
2020-01-10 00:00:00+00:00,4.0,A,,,3.6,A,,,,,3.8,A,234.0,A,,,211.0,A,,,,,218.0,A,,,,,,,,,,,,,,,,,,,,,,,,,01467200
2020-01-11 00:00:00+00:00,4.3,A,,,3.8,A,,,,,4.1,A,225.0,A,,,214.0,A,,,,,219.0,A,,,,,,,,,,,,,,,,,,,,,,,,,01467200
2020-01-12 00:00:00+00:00,5.0,A,,,4.3,A,,,,,4.7,A,225.0,A,,,214.0,A,,,,,220.0,A,,,,,,,,,,,,,,,,,,,,,,,,,01467200
2020-01-13 00:00:00+00:00,5.0,A,,,4.9,A,,,,,4.9,A,228.0,A,,,212.0,A,,,,,219.0,A,,,,,,,,,,,,,,,,,,,,,,,,,01467200
2020-01-14 00:00:00+00:00,5.0,A,,,4.8,A,,,,,5.0,A,227.0,A,,,214.0,A,,,,,221.0,A,,,,,,,,,,,,,,,,,,,,,,,,,01467200
2020-01-15 00:00:00+00:00,5.2,A,,,4.8,A,,,,,5.0,A,228.0,A,,,217.0,A,,,,,223.0,A,,,,,,,,,,,,,,,,,,,,,,,,,01467200
2020-01-16 00:00:00+00:00,5.2,A,,,4.8,A,,,,,5.0,A,230.0,A,,,218.0,A,,,,,223.0,A,,,,,,,,,,,,,,,,,,,,,,,,,01467200
2020-01-17 00:00:00+00:00,5.5,A,,,4.8,A,,,,,5.1,A,227.0,A,,,220.0,A,,,,,223.0,A,,,,,,,,,,,,,,,,,,,,,,,,,01467200
2020-01-18 00:00:00+00:00,5.3,A,,,4.6,A,,,,,4.9,A,237.0,A,,,224.0,A,,,,,230.0,A,,,,,,,,,,,,,,,,,,,,,,,,,01467200
2020-01-19 00:00:00+00:00,5.3,A,,,4.7,A,,,,,5.0,A,258.0,A,,,230.0,A,,,,,244.0,A,,,,,,,,,,,,,,,,,,,,,,,,,01467200
2020-01-20 00:00:00+00:00,5.1,A,,,4.5,A,,,,,4.8,A,255.0,A,,,236.0,A,,,,,245.0,A,,,,,,,,,,,,,,,,,,,,,,,,,01467200
2020-01-21 00:00:00+00:00,4.7,A,,,4.3,A,,,,,4.5,A,249.0,A,,,232.0,A,,,,,242.0,A,,,,,,,,,,,,,,,,,,,,,,,,,01467200
2020-01-22 00:00:00+00:00,4.4,A,,,4.1,A,,,,,4.3,A,252.0,A,,,231.0,A,,,,,241.0,A,,,,,,,,,,,,,,,,,,,,,,,,,01467200
2020-01-23 00:00:00+00:00,4.3,A,,,3.8,A,,,,,4.1,A,249.0,A,,,230.0,A,,,,,239.0,A,,,,,,,,,,,,,,,,,,,,,,,,,01467200
2020-01-24 00:00:00+00:00,4.2,A,,,3.4,A,,,,,3.9,A,252.0,A,,,232.0,A,,,,,240.0,A,,,,,,,,,,,,,,,,,,,,,,,,,01467200
2020-01-25 00:00:00+00:00,4.7,A,,,3.4,A,,,,,4.1,A,259.0,A,,,234.0,A,,,,,244.0,A,,,,,,,,,,,,,,,,,,,,,,,,,01467200
2020-01-26 00:00:00+00:00,4.2,A,,,2.6,A,,,,,3.5,A,258.0,A,,,239.0,A,,,,,244.0,A,,,,,,,,,,,,,,,,,,,,,,,,,01467200
2020-01-27 00:00:00+00:00,3.2,A,,,2.5,A,,,,,2.7,A,263.0,A,,,244.0,A,,,,,255.0,A,,,,,,,,,,,,,,,,,,,,,,,,,01467200
2020-01-28 00:00:00+00:00,3.0,A,,,2.5,A,,,,,2.7,A,258.0,A,,,239.0,A,,,,,251.0,A,,,,,,,,,,,,,,,,,,,,,,,,,01467200
2020-01-29 00:00:00+00:00,3.3,A,,,2.8,A,,,,,3.0,A,252.0,A,,,232.0,A,,,,,241.0,A,,,,,,,,,,,,,,,,,,,,,,,,,01467200
2020-01-30 00:00:00+00:00,3.3,A,,,2.9,A,,,,,3.2,A,243.0,A,,,229.0,A,,,,,236.0,A,,,,,,,,,,,,,,,,,,,,,,,,,01467200
2020-01-31 00:00:00+00:00,3.4,A,,,3.1,A,,,,,3.3,A,241.0,A,,,223.0,A,,,,,233.0,A,,,,,,,,,,,,,,,,,,,,,,,,,01467200
2020-02-01 00:00:00+00:00,3.6,A,,,3.3,A,,,,,3.4,A,239.0,A,,,215.0,A,,,,,227.0,A,,,,,,,,,,,,,,,,,,,,,,,,,01467200
2020-02-02 00:00:00+00:00,3.6,A,,,3.5,A,,,,,3.6,A,234.0,A,,,212.0,A,,,,,222.0,A,,,,,,,,,,,,,,,,,,,,,,,,,01467200
2020-02-03 00:00:00+00:00,3.9,A,,,3.6,A,,,,,3.7,A,228.0,A,,,207.0,A,,,,,216.0,A,,,,,,,,,,,,,,,,,,,,,,,,,01467200
2020-02-04 00:00:00+00:00,4.1,A,,,3.8,A,,,,,3.9,A,225.0,A,,,206.0,A,,,,,214.0,A,,,,,,,,,,,,,,,,,,,,,,,,,01467200
2020-02-05 00:00:00+00:00,4.2,A,,,4.0,A,,,,,4.1,A,220.0,A,,,208.0,A,,,,,214.0,A,,,,,,,,,,,,,,,,,,,,,,,,,01467200
2020-02-06 00:00:00+00:00,4.2,A,,,4.0,A,,,,,4.1,A,224.0,A,,,213.0,A,,,,,218.0,A,,,,,,,,,,,,,,,,,,,,,,,,,01467200
2020-02-07 00:00:00+00:00,4.6,A,,,4.2,A,,,,,4.3,A,227.0,A,,,214.0,A,,,,,220.0,A,,,,,,,,,,,,,,,,,,,,,,,,,01467200
2020-02-08 00:00:00+00:00,4.8,A,,,4.2,A,,,,,4.5,A,227.0,A,,,215.0,A,,,,,219.0,A,,,,,,,,,,,,,,,,,,,,,,,,,01467200
2020-02-09 00:00:00+00:00,5.2,A,,,4.3,A,,,,,4.8,A,234.0,A,,,217.0,A,,,,,226.0,A,,,,,,,,,,,,,,,,,,,,,,,,,01467200
2020-02-10 00:00:00+00:00,5.4,A,,,4.7,A,,,,,5.1,A,233.0,A,,,224.0,A,,,,,229.0,A,,,,,,,,,,,,,,,,,,,,,,,,,01467200
2020-02-11 00:00:00+00:00,5.6,A,,,5.2,A,,,,,5.4,A,234.0,A,,,224.0,A,,,,,229.0,A,,,,,,,,,,,,,,,,,,,,,,,,,01467200
2020-02-12 00:00:00+00:00,5.5,A,,,4.9,A,,,,,5.3,A,228.0,A,,,207.0,A,,,,,222.0,A,,,,,,,,,,,,,,,,,,,,,,,,,01467200
2020-02-13 00:00:00+00:00,5.3,A,,,4.8,A,,,,,5.1,A,225.0,A,,,204.0,A,,,,,214.0,A,,,,,,,,,,,,,,,,,,,,,,,,,01467200
2020-02-14 00:00:00+00:00,4.9,A,,,4.5,A,,,,,4.7,A,211.0,A,,,198.0,A,,,,,204.0,A,,,,,,,,,,,,,,,,,,,,,,,,,01467200
2020-02-15 00:00:00+00:00,4.5,A,,,4.1,A,,,,,4.4,A,206.0,A,,,199.0,A,,,,,203.0,A,,,,,,,,,,,,,,,,,,,,,,,,,01467200
2020-02-16 00:00:00+00:00,4.5,A,,,4.2,A,,,,,4.4,A,208.0,A,,,200.0,A,,,,,204.0,A,,,,,,,,,,,,,,,,,,,,,,,,,01467200
2020-02-17 00:00:00+00:00,4.6,A,,,4.4,A,,,,,4.5,A,206.0,A,,,196.0,A,,,,,202.0,A,,,,,,,,,,,,,,,,,,,,,,,,,01467200
2020-02-18 00:00:00+00:00,4.8,A,,,4.4,A,,,,,4.6,A,207.0,A,,,198.0,A,,,,,202.0,A,,,,,,,,,,,,,,,,,,,,,,,,,01467200
2020-02-19 00:00:00+00:00,4.8,A,,,4.5,A,,,,,4.7,A,208.0,A,,,201.0,A,,,,,205.0,A,,,,,,,,,,,,,,,,,,,,,,,,,01467200
2020-02-20 00:00:00+00:00,4.7,A,,,4.1,A,,,,,4.4,A,208.0,A,,,200.0,A,,,,,205.0,A,,,,,,,,,,,,,,,,,,,,,,,,,01467200
2020-02-21 00:00:00+00:00,4.4,A,,,3.8,A,,,,,4.1,A,211.0,A,,,203.0,A,,,,,207.0,A,,,,,,,,,,,,,,,,,,,,,,,,,01467200
2020-02-22 00:00:00+00:00,4.2,A,,,3.8,A,,,,,4.0,A,215.0,A,,,206.0,A,,,,,211.0,A,,,,,,,,,,,,,,,,,,,,,,,,,01467200
2020-02-23 00:00:00+00:00,4.4,A,,,3.9,A,,,,,4.1,A,217.0,A,,,209.0,A,,,,,214.0,A,,,,,,,,,,,,,,,,,,,,,,,,,01467200
2020-02-24 00:00:00+00:00,4.6,A,,,4.2,A,,,,,4.4,A,221.0,A,,,214.0,A,,,,,218.0,A,,,,,,,,,,,,,,,,,,,,,,,,,01467200
2020-02-25 00:00:00+00:00,4.9,A,,,4.5,A,,,,,4.7,A,226.0,A,,,218.0,A,,,,,221.0,A,,,,,,,,,,,,,,,,,,,,,,,,,01467200
2020-02-26 00:00:00+00:00,5.1,A,,,4.7,A,,,,,4.9,A,227.0,A,,,219.0,A,,,,,223.0,A,,,,,,,,,,,,,,,,,,,,,,,,,01467200
2020-02-27 00:00:00+00:00,5.3,A,,,4.9,A,,,,,5.1,A,232.0,A,,,218.0,A,,,,,225.0,A,,,,,,,,,,,,,,,,,,,,,,,,,01467200
2020-02-28 00:00:00+00:00,5.0,A,,,4.7,A,,,,,4.8,A,223.0,A,,,216.0,A,,,,,219.0,A,,,,,,,,,,,,,,,,,,,,,,,,,01467200
2020-02-29 00:00:00+00:00,4.7,A,,,4.5,A,,,,,4.6,A,230.0,A,,,218.0,A,,,,,222.0,A,,,,,,,,,,,,,,,,,,,,,,,,,01467200
2020-03-01 00:00:00+00:00,4.8,A,,,4.3,A,,,,,4.6,A,238.0,A,,,225.0,A,,,,,231.0,A,,,,,,,,,,,,,,,,,,,,,,,,,01467200
2020-03-02 00:00:00+00:00,5.2,A,,,4.5,A,,,,,4.8,A,239.0,A,,,230.0,A,,,,,236.0,A,,,,,,,,,,,,,,,,,,,,,,,,,01467200
2020-03-03 00:00:00+00:00,5.6,A,,,5.0,A,,,,,5.3,A,241.0,A,,,235.0,A,,,,,239.0,A,,,,,,,,,,,,,,,,,,,,,,,,,01467200
2020-03-04 00:00:00+00:00,6.0,A,,,5.4,A,,,,,5.7,A,243.0,A,,,229.0,A,,,,,238.0,A,,,,,,,,,,,,,,,,,,,,,,,,,01467200
2020-03-05 00:00:00+00:00,6.0,A,,,5.7,A,,,,,5.9,A,234.0,A,,,215.0,A,,,,,227.0,A,,,,,,,,,,,,,,,,,,,,,,,,,01467200
2020-03-06 00:00:00+00:00,6.0,A,,,5.6,A,,,,,5.8,A,232.0,A,,,206.0,A,,,,,218.0,A,,,,,,,,,,,,,,,,,,,,,,,,,01467200
2020-03-07 00:00:00+00:00,5.9,A,,,5.6,A,,,,,5.8,A,224.0,A,,,207.0,A,,,,,213.0,A,,,,,,,,,,,,,,,,,,,,,,,,,01467200
2020-03-08 00:00:00+00:00,6.2,A,,,5.7,A,,,,,5.9,A,222.0,A,,,209.0,A,,,,,214.0,A,,,,,,,,,,,,,,,,,,,,,,,,,01467200
2020-03-09 00:00:00+00:00,6.9,A,,,6.0,A,,,,,6.3,A,218.0,A,,,211.0,A,,,,,214.0,A,,,,,,,,,,,,,,,,,,,,,,,,,01467200
2020-03-10 00:00:00+00:00,7.5,A,,,6.4,A,,,,,6.9,A,222.0,A,,,211.0,A,,,,,216.0,A,,,,,,,,,,,,,,,,,,,,,,,,,01467200
2020-03-11 00:00:00+00:00,7.8,A,,,7.0,A,,,,,7.4,A,224.0,A,,,212.0,A,,,,,219.0,A,11.8,A,,,11.6,A,,,11.7,A,,,7.5,A,,,7.4,A,,,7.5,A,,,01467200
2020-03-12 00:00:00+00:00,8.0,A,,,7.3,A,,,,,7.6,A,228.0,A,,,209.0,A,,,,,219.0,A,11.6,A,,,11.4,A,,,11.5,A,,,7.5,A,,,7.4,A,,,7.4,A,,,01467200
2020-03-13 00:00:00+00:00,8.4,A,,,7.7,A,,,,,8.0,A,229.0,A,,,210.0,A,,,,,221.0,A,11.4,A,,,11.1,A,,,11.2,A,,,7.5,A,,,7.4,A,,,7.4,A,,,01467200
2020-03-14 00:00:00+00:00,8.6,A,,,8.1,A,,,,,8.4,A,224.0,A,,,206.0,A,,,,,214.0,A,11.3,A,,,11.0,A,,,11.1,A,,,7.5,A,,,7.4,A,,,7.4,A,,,01467200
2020-03-15 00:00:00+00:00,9.0,A,,,8.4,A,,,,,8.7,A,220.0,A,,,204.0,A,,,,,212.0,A,11.3,A,,,10.9,A,,,11.1,A,,,7.5,A,,,7.4,A,,,7.4,A,,,01467200
2020-03-16 00:00:00+00:00,9.1,A,,,8.6,A,,,,,8.9,A,220.0,A,,,207.0,A,,,,,214.0,A,11.2,A,,,10.8,A,,,11.1,A,,,7.5,A,,,7.3,A,,,7.4,A,,,01467200
2020-03-17 00:00:00+00:00,9.3,A,,,8.8,A,,,,,9.0,A,226.0,A,,,212.0,A,,,,,219.0,A,11.1,A,,,10.6,A,,,10.9,A,,,7.5,A,,,7.3,A,,,7.4,A,,,01467200
2020-03-18 00:00:00+00:00,9.7,A,,,9.0,A,,,,,9.3,A,225.0,A,,,219.0,A,,,,,223.0,A,10.9,A,,,10.6,A,,,10.7,A,,,7.5,A,,,7.3,A,,,7.4,A,,,01467200
2020-03-19 00:00:00+00:00,9.9,A,,,9.3,A,,,,,9.6,A,230.0,A,,,218.0,A,,,,,223.0,A,10.7,A,,,10.2,A,,,10.5,A,,,7.5,A,,,7.3,A,,,7.4,A,,,01467200
2020-03-20 00:00:00+00:00,10.4,A,,,9.6,A,,,,,10.0,A,226.0,A,,,219.0,A,,,,,222.0,A,10.4,A,,,10.0,A,,,10.3,A,,,7.5,A,,,7.3,A,,,7.4,A,,,01467200
2020-03-21 00:00:00+00:00,10.7,A,,,10.2,A,,,,,10.5,A,226.0,A,,,219.0,A,,,,,223.0,A,10.6,A,,,10.0,A,,,10.3,A,,,7.5,A,,,7.3,A,,,7.4,A,,,01467200
2020-03-22 00:00:00+00:00,10.5,A,,,10.3,A,,,,,10.4,A,230.0,A,,,219.0,A,,,,,223.0,A,10.6,A,,,10.0,A,,,10.3,A,,,7.5,A,,,7.3,A,,,7.4,A,,,01467200
2020-03-23 00:00:00+00:00,10.3,A,,,10.1,A,,,,,10.2,A,235.0,A,,,219.0,A,,,,,226.0,A,10.5,A,,,9.9,A,,,10.2,A,,,7.5,A,,,7.3,A,,,7.4,A,,,01467200
2020-03-24 00:00:00+00:00,10.3,A,,,9.7,A,,,,,10.0,A,228.0,A,,,210.0,A,,,,,220.0,A,10.3,A,,,9.8,A,,,10.1,A,,,7.4,A,,,7.3,A,,,7.4,A,,,01467200
2020-03-25 00:00:00+00:00,10.1,A,,,9.7,A,,,,,9.9,A,222.0,A,,,210.0,A,,,,,217.0,A,10.3,A,,,9.8,A,,,10.1,A,,,7.4,A,,,7.3,A,,,7.4,A,,,01467200
2020-03-26 00:00:00+00:00,10.1,A,,,9.7,A,,,,,9.8,A,222.0,A,,,213.0,A,,,,,218.0,A,10.3,A,,,9.8,A,,,10.1,A,,,7.4,A,,,7.3,A,,,7.4,A,,,01467200
2020-03-27 00:00:00+00:00,10.3,A,,,9.8,A,,,,,10.0,A,222.0,A,,,206.0,A,,,,,216.0,A,10.4,A,,,9.8,A,,,10.1,A,,,7.4,A,,,7.3,A,,,7.4,A,,,01467200
2020-03-28 00:00:00+00:00,10.2,A,,,9.7,A,,,,,10.0,A,219.0,A,,,200.0,A,,,,,211.0,A,10.3,A,,,9.8,A,,,10.1,A,,,7.4,A,,,7.3,A,,,7.4,A,,,01467200
2020-03-29 00:00:00+00:00,10.0,A,,,9.7,A,,,,,9.9,A,212.0,A,,,199.0,A,,,,,205.0,A,10.2,A,,,9.7,A,,,10.0,A,,,7.4,A,,,7.2,A,,,7.3,A,,,01467200
2020-03-30 00:00:00+00:00,10.0,A,,,9.6,A,,,,,9.8,A,211.0,A,,,199.0,A,,,,,205.0,A,10.2,A,,,9.7,A,,,10.0,A,,,7.3,A,,,7.2,A,,,7.3,A,,,01467200
2020-03-31 00:00:00+00:00,9.8,A,,,9.6,A,,,,,9.7,A,211.0,A,,,203.0,A,,,,,206.0,A,10.4,A,,,9.8,A,,,10.1,A,,,7.4,A,,,7.3,A,,,7.3,A,,,01467200
2020-04-01 00:00:00+00:00,9.9,A,,,9.5,A,,,,,9.7,A,216.0,A,,,207.0,A,,,,,210.0,A,10.5,A,,,9.9,A,,,10.2,A,,,7.4,A,,,7.3,A,,,7.3,A,,,01467200
2020-04-02 00:00:00+00:00,9.8,A,,,9.6,A,,,,,9.7,A,219.0,A,,,206.0,A,,,,,212.0,A,10.2,A,,,10.0,A,,,10.2,A,,,7.4,A,,,7.3,A,,,7.3,A,,,01467200
2020-04-03 00:00:00+00:00,9.8,A,,,9.6,A,,,,,9.7,A,211.0,A,,,204.0,A,,,,,208.0,A,10.3,A,,,10.0,A,,,10.1,A,,,7.4,A,,,7.3,A,,,7.4,A,,,01467200
2020-04-04 00:00:00+00:00,10.0,A,,,9.7,A,,,,,9.8,A,214.0,A,,,203.0,A,,,,,209.0,A,10.2,A,,,9.9,A,,,10.1,A,,,7.4,A,,,7.3,A,,,7.4,A,,,01467200
2020-04-05 00:00:00+00:00,10.3,A,,,9.8,A,,,,,10.0,A,214.0,A,,,197.0,A,,,,,207.0,A,10.2,A,,,9.8,A,,,10.0,A,,,7.4,A,,,7.3,A,,,7.3,A,,,01467200
2020-04-06 00:00:00+00:00,10.7,A,,,10.2,A,,,,,10.4,A,210.0,A,,,191.0,A,,,,,201.0,A,10.2,A,,,9.7,A,,,10.0,A,,,7.4,A,,,7.3,A,,,7.3,A,,,01467200
2020-04-07 00:00:00+00:00,11.1,A,,,10.6,A,,,,,10.8,A,209.0,A,,,189.0,A,,,,,199.0,A,10.1,A,,,9.7,A,,,9.9,A,,,7.3,A,,,7.3,A,,,7.3,A,,,01467200
2020-04-08 00:00:00+00:00,11.7,A,,,11.0,A,,,,,11.3,A,208.0,A,,,190.0,A,,,,,200.0,A,9.8,A,,,9.5,A,,,9.7,A,,,7.3,A,,,7.2,A,,,7.3,A,,,01467200
2020-04-09 00:00:00+00:00,11.9,A,,,11.4,A,,,,,11.7,A,207.0,A,,,191.0,A,,,,,198.0,A,9.6,A,,,9.3,A,,,9.5,A,,,7.3,A,,,7.2,A,,,7.2,A,,,01467200
2020-04-10 00:00:00+00:00,11.8,A,,,11.5,A,,,,,11.7,A,202.0,A,,,191.0,A,,,,,195.0,A,9.6,A,,,9.4,A,,,9.5,A,,,7.3,A,,,7.2,A,,,7.3,A,,,01467200
2020-04-11 00:00:00+00:00,11.8,A,,,11.3,A,,,,,11.6,A,200.0,A,,,192.0,A,,,,,197.0,A,9.7,A,,,9.4,A,,,9.6,A,,,7.4,A,,,7.3,A,,,7.3,A,,,01467200
2020-04-12 00:00:00+00:00,12.1,A,,,11.3,A,,,,,11.7,A,206.0,A,,,197.0,A,,,,,201.0,A,9.6,A,,,9.3,A,,,9.5,A,,,7.4,A,,,7.3,A,,,7.3,A,,,01467200
2020-04-13 00:00:00+00:00,12.8,A,,,11.8,A,,,,,12.2,A,211.0,A,,,198.0,A,,,,,203.0,A,9.6,A,,,9.2,A,,,9.4,A,,,7.4,A,,,7.3,A,,,7.3,A,,,01467200
2020-04-14 00:00:00+00:00,12.9,A,,,12.5,A,,,,,12.7,A,207.0,A,,,194.0,A,,,,,200.0,A,9.4,A,,,9.0,A,,,9.2,A,,,7.4,A,,,7.3,A,,,7.3,A,,,01467200
2020-04-15 00:00:00+00:00,12.5,A,,,12.1,A,,,,,12.2,A,208.0,A,,,182.0,A,,,,,198.0,A,9.6,A,,,9.2,A,,,9.5,A,,,7.4,A,,,7.2,A,,,7.3,A,,,01467200
2020-04-16 00:00:00+00:00,12.2,A,,,12.0,A,,,,,12.2,A,185.0,A,,,171.0,A,,,,,177.0,A,9.4,A,,,9.1,A,,,9.2,A,,,7.3,A,,,7.1,A,,,7.2,A,,,01467200
2020-04-17 00:00:00+00:00,12.0,A,,,11.5,A,,,,,11.8,A,176.0,A,,,161.0,A,,,,,168.0,A,9.6,A,,,9.0,A,,,9.3,A,,,7.2,A,,,7.1,A,,,7.2,A,,,01467200
2020-04-18 00:00:00+00:00,11.8,A,,,10.8,A,,,,,11.3,A,168.0,A,,,153.0,A,,,,,159.0,A,9.8,A,,,9.2,A,,,9.5,A,,,7.2,A,,,7.0,A,,,7.1,A,,,01467200
2020-04-19 00:00:00+00:00,11.4,A,,,10.5,A,,,,,10.9,A,162.0,A,,,151.0,A,,,,,156.0,A,9.9,A,,,9.2,A,,,9.6,A,,,7.2,A,,,7.0,A,,,7.1,A,,,01467200
2020-04-20 00:00:00+00:00,11.2,A,,,10.5,A,,,,,10.8,A,160.0,A,,,150.0,A,,,,,156.0,A,10.0,A,,,9.4,A,,,9.7,A,,,7.2,A,,,7.0,A,,,7.1,A,,,01467200
2020-04-21 00:00:00+00:00,11.0,A,,,10.3,A,,,,,10.7,A,162.0,A,,,152.0,A,,,,,158.0,A,10.0,A,,,9.4,A,,,9.8,A,,,7.2,A,,,7.0,A,,,7.1,A,,,01467200
2020-04-22 00:00:00+00:00,10.5,A,,,9.7,A,,,,,10.1,A,168.0,A,,,151.0,A,,,,,160.0,A,10.3,A,,,9.8,A,,,10.1,A,,,7.3,A,,,7.1,A,,,7.1,A,,,01467200
2020-04-23 00:00:00+00:00,10.3,A,,,9.6,A,,,,,10.0,A,171.0,A,,,155.0,A,,,,,165.0,A,10.4,A,,,9.8,A,,,10.2,A,,,7.3,A,,,7.1,A,,,7.2,A,,,01467200
2020-04-24 00:00:00+00:00,10.2,A,,,9.9,A,,,,,10.0,A,178.0,A,,,162.0,A,,,,,172.0,A,10.2,A,,,9.9,A,,,10.1,A,,,7.3,A,,,7.1,A,,,7.2,A,,,01467200
2020-04-25 00:00:00+00:00,10.4,A,,,9.9,A,,,,,10.2,A,178.0,A,,,167.0,A,,,,,173.0,A,10.2,A,,,9.8,A,,,10.0,A,,,7.3,A,,,7.1,A,,,7.2,A,,,01467200
2020-04-26 00:00:00+00:00,10.4,A,,,10.3,A,,,,,10.4,A,186.0,A,,,170.0,A,,,,,178.0,A,10.1,A,,,9.7,A,,,10.0,A,,,7.3,A,,,7.1,A,,,7.2,A,,,01467200
2020-04-27 00:00:00+00:00,10.5,A,,,10.3,A,,,,,10.4,A,188.0,A,,,176.0,A,,,,,183.0,A,10.0,A,,,9.7,A,,,9.9,A,,,7.3,A,,,7.1,A,,,7.2,A,,,01467200
2020-04-28 00:00:00+00:00,10.8,A,,,10.3,A,,,,,10.5,A,192.0,A,,,178.0,A,,,,,187.0,A,10.0,A,,,9.7,A,,,9.9,A,,,7.3,A,,,7.1,A,,,7.2,A,,,01467200
2020-04-29 00:00:00+00:00,11.2,A,,,10.6,A,,,,,10.9,A,194.0,A,,,181.0,A,,,,,189.0,A,10.0,A,,,9.7,A,,,9.9,A,,,7.3,A,,,7.1,A,,,7.2,A,,,01467200
2020-04-30 00:00:00+00:00,11.6,A,,,11.1,A,,,,,11.3,A,194.0,A,,,183.0,A,,,,,189.0,A,10.1,A,,,9.7,A,,,9.9,A,,,7.3,A,,,7.2,A,,,7.3,A,,,01467200
2020-05-01 00:00:00+00:00,11.9,A,,,11.6,A,,,,,11.7,A,197.0,A,,,181.0,A,,,,,190.0,A,10.0,A,,,9.4,A,,,9.8,A,,,7.3,A,,,7.2,A,,,7.2,A,,,01467200
2020-05-02 00:00:00+00:00,12.6,A,,,11.8,A,,,,,12.2,A,182.0,A,,,163.0,A,,,,,173.0,A,10.0,A,,,9.6,A,,,9.9,A,,,7.3,A,,,7.2,A,,,7.2,A,,,01467200
2020-05-03 00:00:00+00:00,13.5,A,,,12.5,A,,,,,13.1,A,169.0,A,,,160.0,A,,,,,163.0,A,9.8,A,,,9.2,A,,,9.5,A,,,7.3,A,,,7.1,A,,,7.2,A,,,01467200
2020-05-04 00:00:00+00:00,13.7,A,,,13.4,A,,,,,13.5,A,163.0,A,,,138.0,A,,,,,148.0,A,9.4,A,,,9.0,A,,,9.2,A,,,7.2,A,,,7.0,A,,,7.1,A,,,01467200
2020-05-05 00:00:00+00:00,13.6,A,,,13.3,A,,,,,13.5,A,145.0,A,,,130.0,A,,,,,135.0,A,9.2,A,,,8.9,A,,,9.1,A,,,7.1,A,,,7.0,A,,,7.0,A,,,01467200
2020-05-06 00:00:00+00:00,13.8,A,,,13.5,A,,,,,13.6,A,139.0,A,,,127.0,A,,,,,131.0,A,9.0,A,,,8.7,A,,,9.0,A,,,7.1,A,,,6.9,A,,,7.0,A,,,01467200
2020-05-07 00:00:00+00:00,14.0,A,,,13.5,A,,,,,13.7,A,138.0,A,,,132.0,A,,,,,135.0,A,8.8,A,,,8.6,A,,,8.8,A,,,7.1,A,,,6.9,A,,,7.0,A,,,01467200
2020-05-08 00:00:00+00:00,13.9,A,,,13.7,A,,,,,13.8,A,143.0,A,,,136.0,A,,,,,139.0,A,8.9,A,,,8.4,A,,,8.7,A,,,7.1,A,,,6.9,A,,,7.0,A,,,01467200
2020-05-09 00:00:00+00:00,13.7,A,,,12.7,A,,,,,13.4,A,153.0,A,,,142.0,A,,,,,148.0,A,9.1,A,,,8.4,A,,,8.7,A,,,7.1,A,,,7.0,A,,,7.0,A,,,01467200
2020-05-10 00:00:00+00:00,13.0,A,,,12.4,A,,,,,12.8,A,160.0,A,,,149.0,A,,,,,153.0,A,9.4,A,,,8.8,A,,,9.1,A,,,7.2,A,,,7.0,A,,,7.1,A,,,01467200
2020-05-11 00:00:00+00:00,12.9,A,,,12.3,A,,,,,12.6,A,169.0,A,,,156.0,A,,,,,161.0,A,9.4,A,,,8.9,A,,,9.3,A,,,7.2,A,,,7.1,A,,,7.2,A,,,01467200
2020-05-12 00:00:00+00:00,12.6,A,,,12.1,A,,,,,12.4,A,173.0,A,,,163.0,A,,,,,168.0,A,9.6,A,,,9.1,A,,,9.4,A,,,7.3,A,,,7.2,A,,,7.2,A,,,01467200
2020-05-13 00:00:00+00:00,12.7,A,,,12.0,A,,,,,12.3,A,183.0,A,,,169.0,A,,,,,175.0,A,9.8,A,,,9.2,A,,,9.6,A,,,7.3,A,,,7.2,A,,,7.2,A,,,01467200
2020-05-14 00:00:00+00:00,12.8,A,,,12.1,A,,,,,12.5,A,187.0,A,,,174.0,A,,,,,181.0,A,9.8,A,,,9.5,A,,,9.7,A,,,7.2,A,,,7.2,A,,,7.2,A,,,01467200
2020-05-15 00:00:00+00:00,13.4,A,,,12.5,A,,,,,13.0,A,192.0,A,,,180.0,A,,,,,186.0,A,9.7,A,,,9.5,A,,,9.6,A,,,7.2,A,,,7.2,A,,,7.2,A,,,01467200
2020-05-16 00:00:00+00:00,14.3,A,,,13.3,A,,,,,13.7,A,199.0,A,,,185.0,A,,,,,192.0,A,9.8,A,,,9.5,A,,,9.6,A,,,7.2,A,,,7.2,A,,,7.2,A,,,01467200
2020-05-17 00:00:00+00:00,14.7,A,,,14.0,A,,,,,14.3,A,200.0,A,,,189.0,A,,,,,196.0,A,9.9,A,,,9.4,A,,,9.6,A,,,7.3,A,,,7.2,A,,,7.2,A,,,01467200
2020-05-18 00:00:00+00:00,15.1,A,,,14.4,A,,,,,14.7,A,204.0,A,,,195.0,A,,,,,201.0,A,9.8,A,,,9.2,A,,,9.4,A,,,7.3,A,,,7.2,A,,,7.2,A,,,01467200
2020-05-19 00:00:00+00:00,15.4,A,,,14.6,A,,,,,15.0,A,207.0,A,,,199.0,A,,,,,203.0,A,9.9,A,,,9.0,A,,,9.4,A,,,7.3,A,,,7.2,A,,,7.3,A,,,01467200
2020-05-20 00:00:00+00:00,15.6,A,,,14.8,A,,,,,15.2,A,210.0,A,,,200.0,A,,,,,206.0,A,10.0,A,,,9.2,A,,,9.5,A,,,7.4,A,,,7.2,A,,,7.3,A,,,01467200
2020-05-21 00:00:00+00:00,16.4,A,,,14.9,A,,,,,15.6,A,211.0,A,,,202.0,A,,,,,207.0,A,9.8,A,,,9.0,A,,,9.3,A,,,7.4,A,,,7.3,A,,,7.3,A,,,01467200
2020-05-22 00:00:00+00:00,16.9,A,,,15.5,A,,,,,16.2,A,215.0,A,,,205.0,A,,,,,210.0,A,9.7,A,,,8.5,A,,,9.1,A,,,7.4,A,,,7.2,A,,,7.3,A,,,01467200
2020-05-23 00:00:00+00:00,17.6,A,,,16.0,A,,,,,16.8,A,217.0,A,,,205.0,A,,,,,210.0,A,9.3,A,,,7.9,A,,,8.6,A,,,7.3,A,,,7.1,A,,,7.2,A,,,01467200
2020-05-24 00:00:00+00:00,17.7,A,,,16.5,A,,,,,17.2,A,215.0,A,,,205.0,A,,,,,210.0,A,9.5,A,,,7.9,A,,,8.6,A,,,7.4,A,,,7.2,A,,,7.2,A,,,01467200
2020-05-25 00:00:00+00:00,18.2,A,,,16.9,A,,,,,17.6,A,221.0,A,,,203.0,A,,,,,211.0,A,9.4,A,,,8.0,A,,,8.6,A,,,7.3,A,,,7.2,A,,,7.2,A,,,01467200
2020-05-26 00:00:00+00:00,18.7,A,,,17.5,A,,,,,18.1,A,220.0,A,,,200.0,A,,,,,210.0,A,9.6,A,,,8.2,A,,,8.8,A,,,7.4,A,,,7.2,A,,,7.2,A,,,01467200
2020-05-27 00:00:00+00:00,19.2,A,,,18.1,A,,,,,18.7,A,222.0,A,,,201.0,A,,,,,211.0,A,9.6,A,,,8.6,A,,,9.1,A,,,7.4,A,,,7.2,A,,,7.3,A,,,01467200
2020-05-28 00:00:00+00:00,19.5,A,,,18.7,A,,,,,19.1,A,223.0,A,,,203.0,A,,,,,212.0,A,9.3,A,,,8.8,A,,,9.0,A,,,7.3,A,,,7.2,A,,,7.3,A,,,01467200
2020-05-29 00:00:00+00:00,20.0,A,,,19.2,A,,,,,19.6,A,221.0,A,,,204.0,A,,,,,212.0,A,8.9,A,,,8.4,A,,,8.7,A,,,7.3,A,,,7.2,A,,,7.2,A,,,01467200
2020-05-30 00:00:00+00:00,20.7,A,,,19.8,A,,,,,20.2,A,221.0,A,,,206.0,A,,,,,213.0,A,8.9,A,,,8.2,A,,,8.5,A,,,7.3,A,,,7.2,A,,,7.2,A,,,01467200
2020-05-31 00:00:00+00:00,20.9,A,,,20.1,A,,,,,20.5,A,223.0,A,,,209.0,A,,,,,215.0,A,8.8,A,,,8.0,A,,,8.3,A,,,7.3,A,,,7.2,A,,,7.2,A,,,01467200
2020-06-01 00:00:00+00:00,20.8,A,,,20.2,A,,,,,20.5,A,226.0,A,,,212.0,A,,,,,218.0,A,8.5,A,,,7.6,A,,,8.1,A,,,7.3,A,,,7.1,A,,,7.2,A,,,01467200
2020-06-02 00:00:00+00:00,20.9,A,,,20.2,A,,,,,20.5,A,228.0,A,,,215.0,A,,,,,221.0,A,8.2,A,,,7.1,A,,,7.7,A,,,7.2,A,,,7.1,A,,,7.1,A,,,01467200
2020-06-03 00:00:00+00:00,21.2,A,,,20.3,A,,,,,20.7,A,233.0,A,,,219.0,A,,,,,226.0,A,7.7,A,,,6.7,A,,,7.2,A,,,7.2,A,,,7.0,A,,,7.1,A,,,01467200
2020-06-04 00:00:00+00:00,22.0,A,,,20.6,A,,,,,21.2,A,233.0,A,,,221.0,A,,,,,226.0,A,7.0,A,,,6.3,A,,,6.7,A,,,7.1,A,,,7.0,A,,,7.1,A,,,01467200
2020-06-05 00:00:00+00:00,22.5,A,,,21.3,A,,,,,21.9,A,233.0,A,,,223.0,A,,,,,228.0,A,6.5,A,,,5.8,A,,,6.2,A,,,7.1,A,,,7.0,A,,,7.0,A,,,01467200
2020-06-06 00:00:00+00:00,23.2,A,,,21.8,A,,,,,22.5,A,235.0,A,,,223.0,A,,,,,228.0,A,6.3,A,,,5.4,A,,,5.8,A,,,7.0,A,,,6.9,A,,,7.0,A,,,01467200
2020-06-07 00:00:00+00:00,23.2,A,,,22.3,A,,,,,22.8,A,243.0,A,,,225.0,A,,,,,232.0,A,6.4,A,,,5.4,A,,,5.8,A,,,7.1,A,,,6.9,A,,,7.0,A,,,01467200
2020-06-08 00:00:00+00:00,23.2,A,,,22.5,A,,,,,22.9,A,240.0,A,,,224.0,A,,,,,232.0,A,6.4,A,,,5.3,A,,,5.8,A,,,7.1,A,,,7.0,A,,,7.0,A,,,01467200
2020-06-09 00:00:00+00:00,23.4,A,,,22.8,A,,,,,23.2,A,247.0,A,,,226.0,A,,,,,235.0,A,6.4,A,,,5.2,A,,,5.8,A,,,7.1,A,,,7.0,A,,,7.0,A,,,01467200
2020-06-10 00:00:00+00:00,23.9,A,,,23.2,A,,,,,23.5,A,245.0,A,,,231.0,A,,,,,237.0,A,6.5,A,,,5.2,A,,,5.8,A,,,7.1,A,,,7.0,A,,,7.0,A,,,01467200
2020-06-11 00:00:00+00:00,24.0,A,,,23.7,A,,,,,23.8,A,245.0,A,,,230.0,A,,,,,240.0,A,6.4,A,,,5.4,A,,,5.9,A,,,7.1,A,,,7.0,A,,,7.0,A,,,01467200
2020-06-12 00:00:00+00:00,24.2,A,,,23.7,A,,,,,24.0,A,246.0,A,,,234.0,A,,,,,239.0,A,6.3,A,,,5.2,A,,,5.8,A,,,7.1,A,,,7.0,A,,,7.0,A,,,01467200
2020-06-13 00:00:00+00:00,24.3,A,,,23.8,A,,,,,24.1,A,243.0,A,,,230.0,A,,,,,237.0,A,6.6,A,,,5.3,A,,,6.1,A,,,7.1,A,,,7.0,A,,,7.0,A,,,01467200
2020-06-14 00:00:00+00:00,24.2,A,,,23.6,A,,,,,23.9,A,244.0,A,,,226.0,A,,,,,235.0,A,7.0,A,,,5.8,A,,,6.4,A,,,7.1,A,,,7.0,A,,,7.1,A,,,01467200
2020-06-15 00:00:00+00:00,24.1,A,,,23.7,A,,,,,23.8,A,244.0,A,,,227.0,A,,,,,234.0,A,6.9,A,,,5.8,A,,,6.4,A,,,7.1,A,,,7.0,A,,,7.1,A,,,01467200
2020-06-16 00:00:00+00:00,24.1,A,,,23.6,A,,,,,23.8,A,247.0,A,,,229.0,A,,,,,235.0,A,6.8,A,,,5.9,A,,,6.4,A,,,7.1,A,,,7.0,A,,,7.1,A,,,01467200
2020-06-17 00:00:00+00:00,23.8,A,,,23.4,A,,,,,23.6,A,247.0,A,,,229.0,A,,,,,237.0,A,6.7,A,,,5.8,A,,,6.3,A,,,7.1,A,,,7.0,A,,,7.1,A,,,01467200
2020-06-18 00:00:00+00:00,23.8,A,,,23.4,A,,,,,23.6,A,259.0,A,,,227.0,A,,,,,240.0,A,6.5,A,,,5.6,A,,,6.2,A,,,7.1,A,,,7.0,A,,,7.1,A,,,01467200
2020-06-19 00:00:00+00:00,24.0,A,,,23.5,A,,,,,23.7,A,261.0,A,,,220.0,A,,,,,236.0,A,6.4,A,,,5.5,A,,,6.0,A,,,7.1,A,,,7.0,A,,,7.0,A,,,01467200
2020-06-20 00:00:00+00:00,24.1,A,,,23.7,A,,,,,23.9,A,244.0,A,,,207.0,A,,,,,228.0,A,6.3,A,,,5.3,A,,,5.9,A,,,7.1,A,,,7.0,A,,,7.0,A,,,01467200
2020-06-21 00:00:00+00:00,24.4,A,,,23.8,A,,,,,24.1,A,252.0,A,,,196.0,A,,,,,224.0,A,6.2,A,,,5.0,A,,,5.6,A,,,7.0,A,,,6.9,A,,,7.0,A,,,01467200
2020-06-22 00:00:00+00:00,24.8,A,,,24.2,A,,,,,24.4,A,248.0,A,,,200.0,A,,,,,222.0,A,6.0,A,,,5.0,A,,,5.5,A,,,7.0,A,,,6.9,A,,,6.9,A,,,01467200
2020-06-23 00:00:00+00:00,25.1,A,,,24.5,A,,,,,24.8,A,255.0,A,,,198.0,A,,,,,222.0,A,5.9,A,,,4.8,A,,,5.4,A,,,6.9,A,,,6.9,A,,,6.9,A,,,01467200
2020-06-24 00:00:00+00:00,25.2,A,,,24.9,A,,,,,25.0,A,241.0,A,,,193.0,A,,,,,217.0,A,5.9,A,,,4.6,A,,,5.4,A,,,6.9,A,,,6.9,A,,,6.9,A,,,01467200
2020-06-25 00:00:00+00:00,25.3,A,,,25.0,A,,,,,25.1,A,239.0,A,,,192.0,A,,,,,216.0,A,5.9,A,,,4.8,A,,,5.4,A,,,6.9,A,,,6.9,A,,,6.9,A,,,01467200
2020-06-26 00:00:00+00:00,25.4,A,,,25.0,A,,,,,25.2,A,242.0,A,,,195.0,A,,,,,214.0,A,5.9,A,,,4.7,A,,,5.4,A,,,6.9,A,,,6.8,A,,,6.9,A,,,01467200
2020-06-27 00:00:00+00:00,25.4,A,,,25.1,A,,,,,25.2,A,247.0,A,,,196.0,A,,,,,218.0,A,5.9,A,,,4.8,A,,,5.4,A,,,6.9,A,,,6.8,A,,,6.9,A,,,01467200
2020-06-28 00:00:00+00:00,25.7,A,,,25.2,A,,,,,25.5,A,239.0,A,,,201.0,A,,,,,216.0,A,5.9,A,,,4.8,A,,,5.3,A,,,6.9,A,,,6.8,A,,,6.9,A,,,01467200
2020-06-29 00:00:00+00:00,26.0,A,,,25.5,A,,,,,25.8,A,250.0,A,,,203.0,A,,,,,222.0,A,5.9,A,,,4.8,A,,,5.3,A,,,6.9,A,,,6.8,A,,,6.9,A,,,01467200
2020-06-30 00:00:00+00:00,26.2,A,,,25.7,A,,,,,25.9,A,244.0,A,,,208.0,A,,,,,222.0,A,6.0,A,,,4.7,A,,,5.3,A,,,7.0,A,,,6.9,A,,,6.9,A,,,01467200
2020-07-01 00:00:00+00:00,26.4,A,,,25.9,A,,,,,26.1,A,243.0,A,,,211.0,A,,,,,224.0,A,6.1,A,,,4.6,A,,,5.2,A,,,7.0,A,,,6.8,A,,,6.9,A,,,01467200
2020-07-02 00:00:00+00:00,26.7,A,,,26.0,A,,,,,26.3,A,243.0,A,,,217.0,A,,,,,228.0,A,6.0,A,,,4.4,A,,,5.2,A,,,7.0,A,,,6.8,A,,,6.9,A,,,01467200
2020-07-03 00:00:00+00:00,27.0,A,,,26.3,A,,,,,26.6,A,243.0,A,,,222.0,A,,,,,231.0,A,5.9,A,,,4.4,A,,,5.1,A,,,7.0,A,,,6.8,A,,,6.9,A,,,01467200
2020-07-04 00:00:00+00:00,27.4,A,,,26.6,A,,,,,26.9,A,249.0,A,,,226.0,A,,,,,235.0,A,5.8,A,,,4.4,A,,,5.0,A,,,7.0,A,,,6.8,A,,,6.9,A,,,01467200
2020-07-05 00:00:00+00:00,27.6,A,,,26.8,A,,,,,27.1,A,250.0,A,,,230.0,A,,,,,239.0,A,5.6,A,,,4.3,A,,,4.9,A,,,7.0,A,,,6.8,A,,,6.9,A,,,01467200
2020-07-06 00:00:00+00:00,27.8,A,,,26.9,A,,,,,27.3,A,252.0,A,,,224.0,A,,,,,239.0,A,5.4,A,,,4.3,A,,,4.8,A,,,7.0,A,,,6.9,A,,,6.9,A,,,01467200
2020-07-07 00:00:00+00:00,27.4,A,,,26.9,A,,,,,27.2,A,252.0,A,,,227.0,A,,,,,238.0,A,4.7,A,,,3.9,A,,,4.3,A,,,6.9,A,,,6.8,A,,,6.9,A,,,01467200
2020-07-08 00:00:00+00:00,27.5,A,,,27.1,A,,,,,27.3,A,260.0,A,,,231.0,A,,,,,243.0,A,4.3,A,,,3.7,A,,,4.0,A,,,6.9,A,,,6.8,A,,,6.9,A,,,01467200
2020-07-09 00:00:00+00:00,27.9,A,,,27.3,A,,,,,27.5,A,259.0,A,,,234.0,A,,,,,246.0,A,4.2,A,,,3.5,A,,,3.9,A,,,6.9,A,,,6.8,A,,,6.8,A,,,01467200
2020-07-10 00:00:00+00:00,27.8,A,,,27.1,A,,,,,27.4,A,264.0,A,,,225.0,A,,,,,242.0,A,4.7,A,,,3.6,A,,,4.1,A,,,6.9,A,,,6.8,A,,,6.9,A,,,01467200
2020-07-11 00:00:00+00:00,27.4,A,,,27.0,A,,,,,27.2,A,240.0,A,,,226.0,A,,,,,231.0,A,4.9,A,,,3.8,A,,,4.3,A,,,7.0,A,,,6.8,A,,,6.9,A,,,01467200
2020-07-12 00:00:00+00:00,27.5,A,,,27.1,A,,,,,27.3,A,241.0,A,,,228.0,A,,,,,233.0,A,5.3,A,,,3.9,A,,,4.7,A,,,7.0,A,,,6.9,A,,,7.0,A,,,01467200
2020-07-13 00:00:00+00:00,27.6,A,,,27.2,A,,,,,27.4,A,249.0,A,,,237.0,A,,,,,242.0,A,5.3,A,,,4.4,A,,,4.9,A,,,7.1,A,,,6.9,A,,,7.0,A,,,01467200
2020-07-14 00:00:00+00:00,27.5,A,,,27.2,A,,,,,27.4,A,249.0,A,,,238.0,A,,,,,245.0,A,5.5,A,,,4.5,A,,,5.0,A,,,7.1,A,,,6.9,A,,,7.0,A,,,01467200
2020-07-15 00:00:00+00:00,27.7,A,,,27.2,A,,,,,27.4,A,253.0,A,,,232.0,A,,,,,242.0,A,5.6,A,,,4.5,A,,,5.2,A,,,7.1,A,,,7.0,A,,,7.0,A,,,01467200
2020-07-16 00:00:00+00:00,27.5,A,,,27.0,A,,,,,27.2,A,247.0,A,,,221.0,A,,,,,238.0,A,5.7,A,,,4.6,A,,,5.2,A,,,7.0,A,,,7.0,A,,,7.0,A,,,01467200
2020-07-17 00:00:00+00:00,27.2,A,,,26.8,A,,,,,27.0,A,248.0,A,,,219.0,A,,,,,235.0,A,5.4,A,,,4.6,A,,,5.1,A,,,7.0,A,,,7.0,A,,,7.0,A,,,01467200
2020-07-18 00:00:00+00:00,27.5,A,,,26.8,A,,,,,27.2,A,247.0,A,,,217.0,A,,,,,230.0,A,5.4,A,,,4.5,A,,,5.0,A,,,7.0,A,,,6.9,A,,,7.0,A,,,01467200
2020-07-19 00:00:00+00:00,27.8,A,,,27.2,A,,,,,27.5,A,249.0,A,,,215.0,A,,,,,231.0,A,5.6,A,,,4.4,A,,,5.0,A,,,7.0,A,,,6.9,A,,,7.0,A,,,01467200
2020-07-20 00:00:00+00:00,27.9,A,,,27.5,A,,,,,27.7,A,248.0,A,,,213.0,A,,,,,229.0,A,5.7,A,,,4.4,A,,,5.0,A,,,7.0,A,,,6.9,A,,,7.0,A,,,01467200
2020-07-21 00:00:00+00:00,28.2,A,,,27.7,A,,,,,27.9,A,246.0,A,,,209.0,A,,,,,228.0,A,5.6,A,,,4.3,A,,,5.0,A,,,7.0,A,,,6.9,A,,,6.9,A,,,01467200
2020-07-22 00:00:00+00:00,28.5,A,,,28.0,A,,,,,28.2,A,250.0,A,,,212.0,A,,,,,230.0,A,5.4,A,,,4.2,A,,,4.8,A,,,7.0,A,,,6.9,A,,,6.9,A,,,01467200
2020-07-23 00:00:00+00:00,28.5,A,,,28.1,A,,,,,28.3,A,250.0,A,,,208.0,A,,,,,227.0,A,5.2,A,,,4.0,A,,,4.6,A,,,6.9,A,,,6.8,A,,,6.9,A,,,01467200
2020-07-24 00:00:00+00:00,28.4,A,,,28.0,A,,,,,28.2,A,245.0,A,,,196.0,A,,,,,222.0,A,4.9,A,,,3.8,A,,,4.3,A,,,6.9,A,,,6.8,A,,,6.9,A,,,01467200
2020-07-25 00:00:00+00:00,28.5,A,,,28.0,A,,,,,28.2,A,241.0,A,,,196.0,A,,,,,218.0,A,4.5,A,,,3.4,A,,,3.9,A,,,6.9,A,,,6.8,A,,,6.8,A,,,01467200
2020-07-26 00:00:00+00:00,28.6,A,,,28.2,A,,,,,28.4,A,241.0,A,,,200.0,A,,,,,219.0,A,4.2,A,,,3.3,A,,,3.8,A,,,6.8,A,,,6.8,A,,,6.8,A,,,01467200
2020-07-27 00:00:00+00:00,28.7,A,,,28.2,A,,,,,28.4,A,240.0,A,,,203.0,A,,,,,220.0,A,4.3,A,,,3.3,A,,,3.8,A,,,6.8,A,,,6.8,A,,,6.8,A,,,01467200
2020-07-28 00:00:00+00:00,28.8,A,,,28.4,A,,,,,28.6,A,240.0,A,,,205.0,A,,,,,222.0,A,4.5,A,,,3.3,A,,,4.0,A,,,6.9,A,,,6.8,A,,,6.8,A,,,01467200
2020-07-29 00:00:00+00:00,29.0,A,,,28.5,A,,,,,28.7,A,243.0,A,,,212.0,A,,,,,225.0,A,4.7,A,,,3.3,A,,,4.1,A,,,6.9,A,,,6.8,A,,,6.8,A,,,01467200
2020-07-30 00:00:00+00:00,29.1,A,,,28.7,A,,,,,28.9,A,245.0,A,,,216.0,A,,,,,228.0,A,4.9,A,,,3.5,A,,,4.2,A,,,6.9,A,,,6.8,A,,,6.9,A,,,01467200
2020-07-31 00:00:00+00:00,29.0,A,,,28.8,A,,,,,28.8,A,247.0,A,,,218.0,A,,,,,230.0,A,4.8,A,,,3.6,A,,,4.2,A,,,6.9,A,,,6.8,A,,,6.9,A,,,01467200
2020-08-01 00:00:00+00:00,29.1,A,,,28.7,A,,,,,28.9,A,248.0,A,,,222.0,A,,,,,233.0,A,5.0,A,,,3.6,A,,,4.2,A,,,6.9,A,,,6.8,A,,,6.8,A,,,01467200
2020-08-02 00:00:00+00:00,29.1,A,,,28.8,A,,,,,28.9,A,249.0,A,,,226.0,A,,,,,236.0,A,5.2,A,,,3.7,A,,,4.4,A,,,7.0,A,,,6.8,A,,,6.9,A,,,01467200
2020-08-03 00:00:00+00:00,29.1,A,,,28.8,A,,,,,29.0,A,252.0,A,,,230.0,A,,,,,239.0,A,5.6,A,,,3.8,A,,,4.8,A,,,7.0,A,,,6.8,A,,,6.9,A,,,01467200
2020-08-04 00:00:00+00:00,28.9,A,,,28.2,A,,,,,28.7,A,264.0,A,,,221.0,A,,,,,240.0,A,5.6,A,,,4.2,A,,,5.0,A,,,7.1,A,,,6.9,A,,,7.0,A,,,01467200
2020-08-05 00:00:00+00:00,28.4,A,,,26.1,A,,,,,27.9,A,248.0,A,,,185.0,A,,,,,231.0,A,5.7,A,,,4.9,A,,,5.4,A,,,7.2,A,,,7.1,A,,,7.2,A,,,01467200
2020-08-06 00:00:00+00:00,27.6,A,,,24.2,A,,,,,25.9,A,234.0,A,,,153.0,A,,,,,184.0,A,5.6,A,,,5.0,A,,,5.4,A,,,7.2,A,,,7.0,A,,,7.1,A,,,01467200
2020-08-07 00:00:00+00:00,25.5,A,,,23.8,A,,,,,24.5,A,176.0,A,,,153.0,A,,,,,161.0,A,5.7,A,,,5.0,A,,,5.4,A,,,7.1,A,,,7.0,A,,,7.1,A,,,01467200
2020-08-08 00:00:00+00:00,24.4,A,,,23.8,A,,,,,24.1,A,160.0,A,,,150.0,A,,,,,156.0,A,5.8,A,,,5.1,A,,,5.5,A,,,7.1,A,,,7.0,A,,,7.0,A,,,01467200
2020-08-09 00:00:00+00:00,24.5,A,,,23.9,A,,,,,24.2,A,158.0,A,,,146.0,A,,,,,152.0,A,5.8,A,,,5.2,A,,,5.5,A,,,7.0,A,,,6.9,A,,,6.9,A,,,01467200
2020-08-10 00:00:00+00:00,24.8,A,,,24.1,A,,,,,24.4,A,159.0,A,,,145.0,A,,,,,152.0,A,5.7,A,,,5.1,A,,,5.4,A,,,6.9,A,,,6.8,A,,,6.9,A,,,01467200
2020-08-11 00:00:00+00:00,25.1,A,,,24.4,A,,,,,24.7,A,163.0,A,,,150.0,A,,,,,156.0,A,5.6,A,,,4.8,A,,,5.3,A,,,6.9,A,,,6.8,A,,,6.9,A,,,01467200
2020-08-12 00:00:00+00:00,25.2,A,,,24.7,A,,,,,24.9,A,,,,,,,,,,,,,5.5,A,,,4.8,A,,,5.2,A,,,6.9,A,,,6.8,A,,,6.8,A,,,01467200
2020-08-13 00:00:00+00:00,25.3,A,,,24.8,A,,,,,25.0,A,,,,,,,,,,,,,5.2,A,,,4.4,A,,,4.9,A,,,6.8,A,,,6.8,A,,,6.8,A,,,01467200
2020-08-14 00:00:00+00:00,25.4,A,,,24.9,A,,,,,25.1,A,,,,,,,,,,,,,5.1,A,,,4.0,A,,,4.7,A,,,6.8,A,,,6.7,A,,,6.8,A,,,01467200
2020-08-15 00:00:00+00:00,25.4,A,,,25.1,A,,,,,25.2,A,,,,,,,,,,,,,5.1,A,,,4.1,A,,,4.7,A,,,6.9,A,,,6.7,A,,,6.8,A,,,01467200
2020-08-16 00:00:00+00:00,25.2,A,,,24.9,A,,,,,25.0,A,,,,,,,,,,,,,5.1,A,,,4.0,A,,,4.7,A,,,6.9,A,,,6.8,A,,,6.8,A,,,01467200
2020-08-17 00:00:00+00:00,25.4,A,,,24.8,A,,,,,25.0,A,,,,,,,,,,,,,5.2,A,,,4.0,A,,,4.6,A,,,6.9,A,,,6.8,A,,,6.8,A,,,01467200
2020-08-18 00:00:00+00:00,25.5,A,,,25.0,A,,,,,25.2,A,,,,,,,,,,,,,5.1,A,,,4.0,A,,,4.6,A,,,6.9,A,,,6.8,A,,,6.8,A,,,01467200
2020-08-19 00:00:00+00:00,25.5,A,,,25.2,A,,,,,25.3,A,,,,,,,,,,,,,4.9,A,,,3.8,A,,,4.4,A,,,6.9,A,,,6.8,A,,,6.8,A,,,01467200
2020-08-20 00:00:00+00:00,25.6,A,,,25.2,A,,,,,25.4,A,,,,,,,,,,,,,4.8,A,,,3.8,A,,,4.4,A,,,6.9,A,,,6.8,A,,,6.8,A,,,01467200
2020-08-21 00:00:00+00:00,25.7,A,,,25.2,A,,,,,25.5,A,,,,,,,,,,,,,4.9,A,,,3.8,A,,,4.4,A,,,6.9,A,,,6.8,A,,,6.9,A,,,01467200
2020-08-22 00:00:00+00:00,25.9,A,,,25.4,A,,,,,25.7,A,,,,,,,,,,,,,5.0,A,,,4.0,A,,,4.5,A,,,7.0,A,,,6.8,A,,,6.9,A,,,01467200
2020-08-23 00:00:00+00:00,26.0,A,,,25.7,A,,,,,25.8,A,,,,,,,,,,,,,5.0,A,,,4.1,A,,,4.5,A,,,7.0,A,,,6.8,A,,,6.9,A,,,01467200
2020-08-24 00:00:00+00:00,26.2,A,,,25.8,A,,,,,26.0,A,227.0,A,,,217.0,A,,,,,221.0,A,4.9,A,,,4.0,A,,,4.5,A,,,7.0,A,,,6.8,A,,,6.9,A,,,01467200
2020-08-25 00:00:00+00:00,26.4,A,,,26.0,A,,,,,26.3,A,230.0,A,,,221.0,A,,,,,225.0,A,5.0,A,,,4.0,A,,,4.6,A,,,7.0,A,,,6.9,A,,,6.9,A,,,01467200
2020-08-26 00:00:00+00:00,26.3,A,,,26.1,A,,,,,26.2,A,,,,,,,,,,,,,5.2,A,,,4.2,A,,,4.7,A,,,7.0,A,,,6.9,A,,,6.9,A,,,01467200
2020-08-27 00:00:00+00:00,26.4,A,,,26.0,A,,,,,26.2,A,,,,,,,,,,,,,5.5,A,,,4.3,A,,,4.9,A,,,7.0,A,,,6.9,A,,,6.9,A,,,01467200
2020-08-28 00:00:00+00:00,26.4,A,,,26.2,A,,,,,26.3,A,,,,,,,,,,,,,5.6,A,,,4.5,A,,,5.0,A,,,7.1,A,,,6.9,A,,,7.0,A,,,01467200
2020-08-29 00:00:00+00:00,26.3,A,,,26.2,A,,,,,26.2,A,,,,,,,,,,,,,5.2,A,,,4.4,A,,,4.9,A,,,7.0,A,,,6.9,A,,,7.0,A,,,01467200
2020-08-30 00:00:00+00:00,26.3,A,,,25.9,A,,,,,26.1,A,,,,,,,,,,,,,5.2,A,,,4.4,A,,,4.8,A,,,7.0,A,,,6.9,A,,,7.0,A,,,01467200
2020-08-31 00:00:00+00:00,26.0,A,,,25.7,A,,,,,25.8,A,,,,,,,,,,,,,5.2,A,,,4.4,A,,,4.8,A,,,7.0,A,,,6.9,A,,,7.0,A,,,01467200
2020-09-01 00:00:00+00:00,25.7,A,,,25.5,A,,,,,25.6,A,,,,,,,,,,,,,5.3,A,,,4.4,A,,,4.8,A,,,7.1,A,,,6.9,A,,,7.0,A,,,01467200
2020-09-02 00:00:00+00:00,25.7,A,,,25.4,A,,,,,25.6,A,,,,,,,,,,,,,5.3,A,,,4.4,A,,,4.8,A,,,7.1,A,,,6.9,A,,,7.0,A,,,01467200
2020-09-03 00:00:00+00:00,25.9,A,,,25.5,A,,,,,25.7,A,,,,,,,,,,,,,5.3,A,,,4.3,A,,,4.8,A,,,7.1,A,,,6.9,A,,,7.0,A,,,01467200
2020-09-04 00:00:00+00:00,26.0,A,,,25.7,A,,,,,25.8,A,262.0,A,,,252.0,A,,,,,256.0,A,5.4,A,,,4.2,A,,,4.8,A,,,7.1,A,,,7.0,A,,,7.0,A,,,01467200
2020-09-05 00:00:00+00:00,25.9,A,,,25.6,A,,,,,25.7,A,260.0,A,,,253.0,A,,,,,258.0,A,5.5,A,,,4.4,A,,,5.0,A,,,7.1,A,,,7.0,A,,,7.0,A,,,01467200
2020-09-06 00:00:00+00:00,25.8,A,,,25.5,A,,,,,25.7,A,263.0,A,,,257.0,A,,,,,260.0,A,5.6,A,,,4.6,A,,,5.1,A,,,7.1,A,,,7.0,A,,,7.0,A,,,01467200
2020-09-07 00:00:00+00:00,25.8,A,,,25.5,A,,,,,25.6,A,267.0,A,,,258.0,A,,,,,263.0,A,5.5,A,,,4.7,A,,,5.2,A,,,7.1,A,,,7.0,A,,,7.1,A,,,01467200
2020-09-08 00:00:00+00:00,25.9,A,,,25.5,A,,,,,25.7,A,276.0,A,,,261.0,A,,,,,267.0,A,5.6,A,,,4.8,A,,,5.2,A,,,7.1,A,,,7.0,A,,,7.1,A,,,01467200
2020-09-09 00:00:00+00:00,25.7,A,,,25.6,A,,,,,25.6,A,274.0,A,,,267.0,A,,,,,271.0,A,5.5,A,,,4.7,A,,,5.1,A,,,7.1,A,,,7.0,A,,,7.1,A,,,01467200
2020-09-10 00:00:00+00:00,25.7,A,,,25.5,A,,,,,25.6,A,276.0,A,,,268.0,A,,,,,272.0,A,5.4,A,,,4.4,A,,,5.0,A,,,7.1,A,,,7.0,A,,,7.0,A,,,01467200
2020-09-11 00:00:00+00:00,25.6,A,,,25.5,A,,,,,25.6,A,283.0,A,,,270.0,A,,,,,276.0,A,5.3,A,,,4.4,A,,,4.9,A,,,7.1,A,,,7.0,A,,,7.0,A,,,01467200
2020-09-12 00:00:00+00:00,25.5,A,,,25.2,A,,,,,25.3,A,286.0,A,,,273.0,A,,,,,279.0,A,5.5,A,,,4.8,A,,,5.1,A,,,7.1,A,,,7.0,A,,,7.1,A,,,01467200
2020-09-13 00:00:00+00:00,25.3,A,,,24.9,A,,,,,25.1,A,292.0,A,,,272.0,A,,,,,280.0,A,5.6,A,,,4.8,A,,,5.2,A,,,7.1,A,,,7.1,A,,,7.1,A,,,01467200
2020-09-14 00:00:00+00:00,25.1,A,,,24.7,A,,,,,24.9,A,291.0,A,,,270.0,A,,,,,280.0,A,5.7,A,,,4.8,A,,,5.3,A,,,7.1,A,,,7.1,A,,,7.1,A,,,01467200
2020-09-15 00:00:00+00:00,24.7,A,,,24.1,A,,,,,24.3,A,292.0,A,,,264.0,A,,,,,280.0,A,6.0,A,,,5.1,A,,,5.5,A,,,7.2,A,,,7.1,A,,,7.1,A,,,01467200
2020-09-16 00:00:00+00:00,24.2,A,,,23.8,A,,,,,24.0,A,296.0,A,,,269.0,A,,,,,283.0,A,6.0,A,,,5.2,A,,,5.5,A,,,7.2,A,,,7.1,A,,,7.1,A,,,01467200
2020-09-17 00:00:00+00:00,24.0,A,,,23.6,A,,,,,23.8,A,297.0,A,,,267.0,A,,,,,283.0,A,5.8,A,,,5.1,A,,,5.5,A,,,7.2,A,,,7.1,A,,,7.1,A,,,01467200
2020-09-18 00:00:00+00:00,23.8,A,,,23.2,A,,,,,23.6,A,298.0,A,,,268.0,A,,,,,283.0,A,5.9,A,,,5.0,A,,,5.5,A,,,7.2,A,,,7.1,A,,,7.1,A,,,01467200
2020-09-19 00:00:00+00:00,23.2,A,,,22.5,A,,,,,22.9,A,298.0,A,,,267.0,A,,,,,284.0,A,6.2,A,,,5.4,A,,,5.8,A,,,7.2,A,,,7.1,A,,,7.2,A,,,01467200
2020-09-20 00:00:00+00:00,22.6,A,,,21.9,A,,,,,22.3,A,299.0,A,,,268.0,A,,,,,286.0,A,6.4,A,,,5.7,A,,,6.0,A,,,7.2,A,,,7.1,A,,,7.2,A,,,01467200
2020-09-21 00:00:00+00:00,22.0,A,,,21.5,A,,,,,21.8,A,300.0,A,,,269.0,A,,,,,287.0,A,6.5,A,,,6.0,A,,,6.2,A,,,7.2,A,,,7.2,A,,,7.2,A,,,01467200
2020-09-22 00:00:00+00:00,21.6,A,,,21.3,A,,,,,21.5,A,300.0,A,,,274.0,A,,,,,288.0,A,6.5,A,,,6.0,A,,,6.3,A,,,7.2,A,,,7.2,A,,,7.2,A,,,01467200
2020-09-23 00:00:00+00:00,21.4,A,,,21.2,A,,,,,21.3,A,303.0,A,,,274.0,A,,,,,288.0,A,6.6,A,,,6.0,A,,,6.3,A,,,7.2,A,,,7.2,A,,,7.2,A,,,01467200
2020-09-24 00:00:00+00:00,21.3,A,,,21.1,A,,,,,21.2,A,301.0,A,,,273.0,A,,,,,287.0,A,6.6,A,,,6.0,A,,,6.3,A,,,7.2,A,,,7.1,A,,,7.2,A,,,01467200
2020-09-25 00:00:00+00:00,21.3,A,,,21.0,A,,,,,21.2,A,302.0,A,,,275.0,A,,,,,287.0,A,6.6,A,,,5.9,A,,,6.2,A,,,7.2,A,,,7.1,A,,,7.2,A,,,01467200
2020-09-26 00:00:00+00:00,21.3,A,,,21.0,A,,,,,21.2,A,306.0,A,,,274.0,A,,,,,288.0,A,6.6,A,,,5.8,A,,,6.2,A,,,7.2,A,,,7.1,A,,,7.2,A,,,01467200
2020-09-27 00:00:00+00:00,21.5,A,,,21.1,A,,,,,21.3,A,312.0,A,,,278.0,A,,,,,291.0,A,6.5,A,,,5.7,A,,,6.1,A,,,7.2,A,,,7.1,A,,,7.1,A,,,01467200
2020-09-28 00:00:00+00:00,21.8,A,,,21.3,A,,,,,21.5,A,312.0,A,,,278.0,A,,,,,293.0,A,6.5,A,,,5.6,A,,,6.0,A,,,7.2,A,,,7.1,A,,,7.1,A,,,01467200
2020-09-29 00:00:00+00:00,21.7,A,,,21.5,A,,,,,21.6,A,312.0,A,,,272.0,A,,,,,290.0,A,6.4,A,,,5.6,A,,,6.0,A,,,7.2,A,,,7.1,A,,,7.1,A,,,01467200
2020-09-30 00:00:00+00:00,21.7,A,,,21.2,A,,,,,21.4,A,306.0,A,,,257.0,A,,,,,276.0,A,6.5,A,,,5.5,A,,,6.0,A,,,7.2,A,,,7.1,A,,,7.1,A,,,01467200
2020-10-01 00:00:00+00:00,21.4,A,,,21.0,A,,,,,21.2,A,291.0,A,,,260.0,A,,,,,270.0,A,6.6,A,,,5.7,A,,,6.2,A,,,7.2,A,,,7.1,A,,,7.1,A,,,01467200
2020-10-02 00:00:00+00:00,21.2,A,,,20.7,A,,,,,21.0,A,285.0,A,,,262.0,A,,,,,271.0,A,6.5,A,,,5.7,A,,,6.1,A,,,7.2,A,,,7.1,A,,,7.1,A,,,01467200
2020-10-03 00:00:00+00:00,20.8,A,,,20.3,A,,,,,20.6,A,281.0,A,,,263.0,A,,,,,271.0,A,6.6,A,,,5.7,A,,,6.2,A,,,7.2,A,,,7.1,A,,,7.1,A,,,01467200
2020-10-04 00:00:00+00:00,20.6,A,,,20.0,A,,,,,20.3,A,282.0,A,,,265.0,A,,,,,273.0,A,6.7,A,,,5.8,A,,,6.3,A,,,7.2,A,,,7.1,A,,,7.1,A,,,01467200
2020-10-05 00:00:00+00:00,20.4,A,,,19.9,A,,,,,20.2,A,284.0,A,,,268.0,A,,,,,277.0,A,6.6,A,,,5.8,A,,,6.2,A,,,7.2,A,,,7.1,A,,,7.1,A,,,01467200
2020-10-06 00:00:00+00:00,20.3,A,,,19.8,A,,,,,20.0,A,290.0,A,,,274.0,A,,,,,281.0,A,6.6,A,,,5.8,A,,,6.2,A,,,7.2,A,,,7.1,A,,,7.1,A,,,01467200
2020-10-07 00:00:00+00:00,20.1,A,,,19.7,A,,,,,19.9,A,291.0,A,,,279.0,A,,,,,285.0,A,6.7,A,,,5.8,A,,,6.3,A,,,7.2,A,,,7.1,A,,,7.2,A,,,01467200
2020-10-08 00:00:00+00:00,19.8,A,,,19.4,A,,,,,19.6,A,292.0,A,,,285.0,A,,,,,288.0,A,6.8,A,,,6.1,A,,,6.5,A,,,7.2,A,,,7.1,A,,,7.2,A,,,01467200
2020-10-09 00:00:00+00:00,19.6,A,,,19.3,A,,,,,19.5,A,298.0,A,,,288.0,A,,,,,292.0,A,6.9,A,,,6.1,A,,,6.5,A,,,7.3,A,,,7.2,A,,,7.2,A,,,01467200
2020-10-10 00:00:00+00:00,19.5,A,,,19.2,A,,,,,19.3,A,299.0,A,,,290.0,A,,,,,294.0,A,7.1,A,,,6.2,A,,,6.6,A,,,7.3,A,,,7.2,A,,,7.2,A,,,01467200
2020-10-11 00:00:00+00:00,19.3,A,,,19.1,A,,,,,19.2,A,305.0,A,,,293.0,A,,,,,298.0,A,7.2,A,,,6.3,A,,,6.7,A,,,7.3,A,,,7.2,A,,,7.2,A,,,01467200
2020-10-12 00:00:00+00:00,19.2,A,,,18.7,A,,,,,18.9,A,313.0,A,,,295.0,A,,,,,302.0,A,7.2,A,,,6.5,A,,,6.9,A,,,7.3,A,,,7.2,A,,,7.2,A,,,01467200
2020-10-13 00:00:00+00:00,18.9,A,,,18.4,A,,,,,18.6,A,311.0,A,,,296.0,A,,,,,302.0,A,7.3,A,,,6.5,A,,,6.9,A,,,7.3,A,,,7.2,A,,,7.2,A,,,01467200
2020-10-14 00:00:00+00:00,18.6,A,,,18.2,A,,,,,18.4,A,311.0,A,,,297.0,A,,,,,303.0,A,7.4,A,,,6.5,A,,,6.9,A,,,7.3,A,,,7.2,A,,,7.2,A,,,01467200
2020-10-15 00:00:00+00:00,18.6,A,,,18.0,A,,,,,18.3,A,315.0,A,,,294.0,A,,,,,304.0,A,7.6,A,,,6.5,A,,,7.0,A,,,7.3,A,,,7.2,A,,,7.2,A,,,01467200
2020-10-16 00:00:00+00:00,18.5,A,,,17.8,A,,,,,18.2,A,316.0,A,,,291.0,A,,,,,305.0,A,7.4,A,,,6.6,A,,,7.0,A,,,7.3,A,,,7.2,A,,,7.2,A,,,01467200
2020-10-17 00:00:00+00:00,18.1,A,,,17.5,A,,,,,17.8,A,315.0,A,,,285.0,A,,,,,300.0,A,7.4,A,,,6.6,A,,,6.9,A,,,7.3,A,,,7.2,A,,,7.2,A,,,01467200
2020-10-18 00:00:00+00:00,17.8,A,,,17.2,A,,,,,17.5,A,316.0,A,,,282.0,A,,,,,300.0,A,7.4,A,,,6.5,A,,,6.9,A,,,7.3,A,,,7.2,A,,,7.2,A,,,01467200
2020-10-19 00:00:00+00:00,17.7,A,,,17.2,A,,,,,17.4,A,319.0,A,,,283.0,A,,,,,301.0,A,7.3,A,,,6.6,A,,,6.9,A,,,7.3,A,,,7.2,A,,,7.2,A,,,01467200
2020-10-20 00:00:00+00:00,17.7,A,,,17.2,A,,,,,17.4,A,320.0,A,,,287.0,A,,,,,303.0,A,7.2,A,,,6.4,A,,,6.8,A,,,7.2,A,,,7.2,A,,,7.2,A,,,01467200
2020-10-21 00:00:00+00:00,17.7,A,,,17.2,A,,,,,17.5,A,322.0,A,,,288.0,A,,,,,304.0,A,7.1,A,,,6.3,A,,,6.7,A,,,7.2,A,,,7.1,A,,,7.2,A,,,01467200
2020-10-22 00:00:00+00:00,17.9,A,,,17.4,A,,,,,17.6,A,323.0,A,,,290.0,A,,,,,304.0,A,7.0,A,,,6.2,A,,,6.6,A,,,7.2,A,,,7.1,A,,,7.1,A,,,01467200
2020-10-23 00:00:00+00:00,18.0,A,,,17.5,A,,,,,17.7,A,326.0,A,,,290.0,A,,,,,305.0,A,6.9,A,,,6.1,A,,,6.5,A,,,7.2,A,,,7.1,A,,,7.1,A,,,01467200
2020-10-24 00:00:00+00:00,17.9,A,,,17.6,A,,,,,17.8,A,325.0,A,,,295.0,A,,,,,308.0,A,6.8,A,,,6.1,A,,,6.5,A,,,7.2,A,,,7.1,A,,,7.1,A,,,01467200
2020-10-25 00:00:00+00:00,17.7,A,,,17.1,A,,,,,17.4,A,326.0,A,,,294.0,A,,,,,309.0,A,7.1,A,,,6.3,A,,,6.7,A,,,7.2,A,,,7.1,A,,,7.2,A,,,01467200
2020-10-26 00:00:00+00:00,17.3,A,,,16.9,A,,,,,17.1,A,326.0,A,,,298.0,A,,,,,312.0,A,7.1,A,,,6.3,A,,,6.7,A,,,7.2,A,,,7.1,A,,,7.2,A,,,01467200
2020-10-27 00:00:00+00:00,17.2,A,,,16.9,A,,,,,17.0,A,325.0,A,,,299.0,A,,,,,310.0,A,7.2,A,,,6.3,A,,,6.8,A,,,7.2,A,,,7.1,A,,,7.2,A,,,01467200
2020-10-28 00:00:00+00:00,17.2,A,,,16.7,A,,,,,16.9,A,325.0,A,,,297.0,A,,,,,310.0,A,7.2,A,,,6.3,A,,,6.7,A,,,7.2,A,,,7.1,A,,,7.1,A,,,01467200
2020-10-29 00:00:00+00:00,17.1,A,,,16.4,A,,,,,16.7,A,329.0,A,,,292.0,A,,,,,310.0,A,7.2,A,,,6.2,A,,,6.7,A,,,7.2,A,,,7.1,A,,,7.1,A,,,01467200
2020-10-30 00:00:00+00:00,16.6,A,,,15.6,A,,,,,16.1,A,318.0,A,,,282.0,A,,,,,299.0,A,7.5,A,,,6.6,A,,,7.0,A,,,7.2,A,,,7.1,A,,,7.2,A,,,01467200
2020-10-31 00:00:00+00:00,15.9,A,,,14.8,A,,,,,15.3,A,305.0,A,,,275.0,A,,,,,287.0,A,8.0,A,,,6.9,A,,,7.5,A,,,7.2,A,,,7.1,A,,,7.2,A,,,01467200
2020-11-01 00:00:00+00:00,15.2,A,,,14.3,A,,,,,14.8,A,290.0,A,,,276.0,A,,,,,283.0,A,8.1,A,,,7.3,A,,,7.8,A,,,7.3,A,,,7.2,A,,,7.2,A,,,01467200
2020-11-02 00:00:00+00:00,14.4,A,,,12.8,A,,,,,13.7,A,282.0,A,,,271.0,A,,,,,277.0,A,8.9,A,,,7.9,A,,,8.4,A,,,7.3,A,,,7.3,A,,,7.3,A,,,01467200
2020-11-03 00:00:00+00:00,13.3,A,,,11.7,A,,,,,12.6,A,281.0,A,,,264.0,A,,,,,275.0,A,9.4,A,,,8.5,A,,,9.0,A,,,7.4,A,,,7.3,A,,,7.4,A,,,01467200
2020-11-04 00:00:00+00:00,12.7,A,,,11.5,A,,,,,12.2,A,288.0,A,,,263.0,A,,,,,276.0,A,9.5,A,,,8.8,A,,,9.1,A,,,7.4,A,,,7.3,A,,,7.3,A,,,01467200
2020-11-05 00:00:00+00:00,12.5,A,,,11.2,A,,,,,11.9,A,286.0,A,,,258.0,A,,,,,273.0,A,9.5,A,,,8.8,A,,,9.1,A,,,7.4,A,,,7.3,A,,,7.3,A,,,01467200
2020-11-06 00:00:00+00:00,12.3,A,,,11.0,A,,,,,11.6,A,281.0,A,,,247.0,A,,,,,265.0,A,9.6,A,,,8.8,A,,,9.2,A,,,7.3,A,,,7.2,A,,,7.3,A,,,01467200
2020-11-07 00:00:00+00:00,12.2,A,,,11.0,A,,,,,11.5,A,278.0,A,,,239.0,A,,,,,258.0,A,9.6,A,,,8.8,A,,,9.2,A,,,7.3,A,,,7.2,A,,,7.3,A,,,01467200
2020-11-08 00:00:00+00:00,12.2,A,,,10.9,A,,,,,11.5,A,276.0,A,,,235.0,A,,,,,254.0,A,9.6,A,,,8.7,A,,,9.2,A,,,7.3,A,,,7.2,A,,,7.2,A,,,01467200
2020-11-09 00:00:00+00:00,12.2,A,,,11.0,A,,,,,11.5,A,274.0,A,,,234.0,A,,,,,252.0,A,9.4,A,,,8.6,A,,,9.1,A,,,7.2,A,,,7.2,A,,,7.2,A,,,01467200
2020-11-10 00:00:00+00:00,12.2,A,,,11.1,A,,,,,11.6,A,267.0,A,,,230.0,A,,,,,248.0,A,9.4,A,,,8.6,A,,,9.1,A,,,7.2,A,,,7.1,A,,,7.2,A,,,01467200
2020-11-11 00:00:00+00:00,12.5,A,,,11.3,A,,,,,11.8,A,266.0,A,,,231.0,A,,,,,247.0,A,9.4,A,,,8.6,A,,,9.0,A,,,7.2,A,,,7.1,A,,,7.2,A,,,01467200
2020-11-12 00:00:00+00:00,12.5,A,,,11.7,A,,,,,12.0,A,265.0,A,,,223.0,A,,,,,238.0,A,9.3,A,,,8.6,A,,,8.9,A,,,7.2,A,,,7.1,A,,,7.1,A,,,01467200
2020-11-13 00:00:00+00:00,12.4,A,,,11.6,A,,,,,11.9,A,252.0,A,,,221.0,A,,,,,233.0,A,9.3,A,,,8.6,A,,,9.0,A,,,7.2,A,,,7.1,A,,,7.1,A,,,01467200
2020-11-14 00:00:00+00:00,12.1,A,,,11.5,A,,,,,11.8,A,246.0,A,,,220.0,A,,,,,230.0,A,9.3,A,,,8.6,A,,,9.0,A,,,7.2,A,,,7.1,A,,,7.1,A,,,01467200
2020-11-15 00:00:00+00:00,12.0,A,,,11.5,A,,,,,11.7,A,254.0,A,,,218.0,A,,,,,232.0,A,9.3,A,,,8.5,A,,,8.9,A,,,7.2,A,,,7.1,A,,,7.1,A,,,01467200
2020-11-16 00:00:00+00:00,11.9,A,,,11.6,A,,,,,11.7,A,242.0,A,,,224.0,A,,,,,230.0,A,9.2,A,,,8.7,A,,,9.0,A,,,7.2,A,,,7.1,A,,,7.1,A,,,01467200
2020-11-17 00:00:00+00:00,11.6,A,,,11.4,A,,,,,11.5,A,236.0,A,,,224.0,A,,,,,229.0,A,9.1,A,,,8.7,A,,,8.9,A,,,7.2,A,,,7.1,A,,,7.1,A,,,01467200
2020-11-18 00:00:00+00:00,11.4,A,,,10.9,A,,,,,11.1,A,234.0,A,,,225.0,A,,,,,229.0,A,9.1,A,,,8.9,A,,,9.1,A,,,7.2,A,,,7.1,A,,,7.2,A,,,01467200
2020-11-19 00:00:00+00:00,10.9,A,,,10.6,A,,,,,10.7,A,240.0,A,,,227.0,A,,,,,233.0,A,9.3,A,,,8.9,A,,,9.1,A,,,7.2,A,,,7.1,A,,,7.2,A,,,01467200
2020-11-20 00:00:00+00:00,10.6,A,,,10.4,A,,,,,10.5,A,238.0,A,,,231.0,A,,,,,234.0,A,9.4,A,,,9.0,A,,,9.2,A,,,7.2,A,,,7.2,A,,,7.2,A,,,01467200
2020-11-21 00:00:00+00:00,10.6,A,,,10.3,A,,,,,10.5,A,242.0,A,,,233.0,A,,,,,237.0,A,9.3,A,,,8.9,A,,,9.2,A,,,7.2,A,,,7.2,A,,,7.2,A,,,01467200
2020-11-22 00:00:00+00:00,10.5,A,,,10.2,A,,,,,10.4,A,244.0,A,,,236.0,A,,,,,240.0,A,9.4,A,,,8.9,A,,,9.2,A,,,7.2,A,,,7.2,A,,,7.2,A,,,01467200
2020-11-23 00:00:00+00:00,10.5,A,,,10.2,A,,,,,10.4,A,249.0,A,,,240.0,A,,,,,244.0,A,9.4,A,,,8.9,A,,,9.2,A,,,7.2,A,,,7.2,A,,,7.2,A,,,01467200
2020-11-24 00:00:00+00:00,10.3,A,,,9.8,A,,,,,10.0,A,247.0,A,,,241.0,A,,,,,243.0,A,9.7,A,,,9.1,A,,,9.4,A,,,7.2,A,,,7.2,A,,,7.2,A,,,01467200
2020-11-25 00:00:00+00:00,10.2,A,,,9.6,A,,,,,9.9,A,251.0,A,,,243.0,A,,,,,247.0,A,9.9,A,,,9.1,A,,,9.5,A,,,7.2,A,,,7.2,A,,,7.2,A,,,01467200
2020-11-26 00:00:00+00:00,10.2,A,,,9.5,A,,,,,9.9,A,254.0,A,,,243.0,A,,,,,248.0,A,10.0,A,,,9.1,A,,,9.5,A,,,7.2,A,,,7.2,A,,,7.2,A,,,01467200
2020-11-27 00:00:00+00:00,10.1,A,,,9.2,A,,,,,9.7,A,253.0,A,,,241.0,A,,,,,247.0,A,10.1,A,,,9.1,A,,,9.7,A,,,7.2,A,,,7.2,A,,,7.2,A,,,01467200
2020-11-28 00:00:00+00:00,10.0,A,,,9.0,A,,,,,9.5,A,256.0,A,,,240.0,A,,,,,247.0,A,10.2,A,,,9.1,A,,,9.8,A,,,7.2,A,,,7.2,A,,,7.2,A,,,01467200
2020-11-29 00:00:00+00:00,9.8,A,,,8.7,A,,,,,9.2,A,255.0,A,,,239.0,A,,,,,246.0,A,10.4,A,,,9.3,A,,,9.9,A,,,7.2,A,,,7.2,A,,,7.2,A,,,01467200
2020-11-30 00:00:00+00:00,10.0,A,,,8.6,A,,,,,9.3,A,263.0,A,,,235.0,A,,,,,247.0,A,10.5,A,,,9.3,A,,,9.9,A,,,7.3,A,,,7.2,A,,,7.2,A,,,01467200
2020-12-01 00:00:00+00:00,9.4,A,,,9.0,A,,,,,9.1,A,242.0,A,,,213.0,A,,,,,228.0,A,10.7,A,,,9.9,A,,,10.4,A,,,7.3,A,,,7.2,A,,,7.3,A,,,01467200
2020-12-02 00:00:00+00:00,9.0,A,,,8.6,A,,,,,8.8,A,221.0,A,229.0,A,175.0,A,173.0,A,214.0,A,207.0,A,10.9,A,,,10.5,A,,,10.7,A,11.2,A,7.4,A,,,7.2,A,,,7.3,A,7.6,A,01467200
2020-12-03 00:00:00+00:00,,,8.8,A,,,8.5,A,8.7,A,,,,,206.0,A,,,171.0,A,187.0,A,,,,,11.2,A,,,10.6,A,,,11.0,A,,,7.6,A,,,7.4,A,,,7.5,A,01467200
2020-12-04 00:00:00+00:00,,,8.7,A,,,8.1,A,8.6,A,,,,,187.0,A,,,169.0,A,177.0,A,,,,,10.9,A,,,10.6,A,,,10.8,A,,,7.5,A,,,7.3,A,,,7.4,A,01467200
2020-12-05 00:00:00+00:00,,,8.5,A,,,7.4,A,8.1,A,,,,,180.0,A,,,157.0,A,170.0,A,,,,,11.3,A,,,10.6,A,,,10.8,A,,,7.4,A,,,7.3,A,,,7.4,A,01467200
2020-12-06 00:00:00+00:00,,,7.6,A,,,6.8,A,7.2,A,,,,,163.0,A,,,153.0,A,157.0,A,,,,,11.7,A,,,11.0,A,,,11.4,A,,,7.4,A,,,7.3,A,,,7.4,A,01467200
2020-12-07 00:00:00+00:00,,,7.0,A,,,6.4,A,6.7,A,,,,,168.0,A,,,157.0,A,162.0,A,,,,,11.9,A,,,11.3,A,,,11.6,A,,,7.4,A,,,7.3,A,,,7.4,A,01467200
2020-12-08 00:00:00+00:00,,,6.5,A,,,6.1,A,6.3,A,,,,,173.0,A,,,165.0,A,169.0,A,,,,,11.9,A,,,11.4,A,,,11.7,A,,,7.4,A,,,7.3,A,,,7.4,A,01467200
2020-12-09 00:00:00+00:00,,,6.2,A,,,5.8,A,6.0,A,,,,,177.0,A,,,169.0,A,174.0,A,,,,,12.0,A,,,11.6,A,,,11.8,A,,,7.4,A,,,7.3,A,,,7.4,A,01467200
2020-12-10 00:00:00+00:00,,,6.0,A,,,5.7,A,5.8,A,,,,,180.0,A,,,174.0,A,178.0,A,,,,,12.0,A,,,11.7,A,,,11.8,A,,,7.5,A,,,7.3,A,,,7.5,A,01467200
2020-12-11 00:00:00+00:00,,,5.9,A,,,5.5,A,5.8,A,,,,,186.0,A,,,176.0,A,181.0,A,,,,,12.0,A,,,11.7,A,,,11.8,A,,,7.6,A,,,7.4,A,,,7.5,A,01467200
2020-12-12 00:00:00+00:00,,,6.0,A,,,5.6,A,5.8,A,,,,,188.0,A,,,181.0,A,186.0,A,,,,,12.0,A,,,11.6,A,,,11.8,A,,,7.6,A,,,7.3,A,,,7.4,A,01467200
2020-12-13 00:00:00+00:00,,,6.1,A,,,5.6,A,5.9,A,,,,,196.0,A,,,185.0,A,191.0,A,,,,,12.1,A,,,11.6,A,,,11.8,A,,,7.4,A,,,7.3,A,,,7.3,A,01467200
2020-12-14 00:00:00+00:00,,,6.0,A,,,5.5,A,5.9,A,,,,,205.0,A,,,190.0,A,197.0,A,,,,,12.1,A,,,11.5,A,,,11.8,A,,,7.5,A,,,7.3,A,,,7.4,A,01467200
2020-12-15 00:00:00+00:00,,,5.9,A,,,5.0,A,5.6,A,,,,,208.0,A,,,198.0,A,202.0,A,,,,,12.4,A,,,11.6,A,,,11.9,A,,,7.5,A,,,7.3,A,,,7.4,A,01467200
2020-12-16 00:00:00+00:00,,,5.6,A,,,4.4,A,5.1,A,,,,,213.0,A,,,201.0,A,207.0,A,,,,,12.6,A,,,11.8,A,,,12.1,A,,,7.5,A,,,7.3,A,,,7.4,A,01467200
2020-12-17 00:00:00+00:00,,,5.0,A,,,4.2,A,4.7,A,,,,,247.0,A,,,207.0,A,222.0,A,,,,,12.7,A,,,12.0,A,,,12.3,A,,,7.6,A,,,7.4,A,,,7.5,A,01467200
2020-12-18 00:00:00+00:00,,,4.6,A,,,4.0,A,4.3,A,,,,,274.0,A,,,232.0,A,254.0,A,,,,,12.8,A,,,12.1,A,,,12.4,A,,,7.6,A,,,7.4,A,,,7.5,A,01467200
2020-12-19 00:00:00+00:00,,,4.3,A,,,3.7,A,4.0,A,,,,,277.0,A,,,256.0,A,266.0,A,,,,,12.9,A,,,12.2,A,,,12.6,A,,,7.6,A,,,7.4,A,,,7.5,A,01467200
2020-12-20 00:00:00+00:00,,,4.1,A,,,3.6,A,3.9,A,,,,,276.0,A,,,263.0,A,270.0,A,,,,,12.9,A,,,12.3,A,,,12.6,A,,,7.6,A,,,7.4,A,,,7.5,A,01467200
2020-12-21 00:00:00+00:00,,,4.0,A,,,3.6,A,3.8,A,,,,,287.0,A,,,271.0,A,276.0,A,,,,,12.9,A,,,12.3,A,,,12.6,A,,,7.6,A,,,7.4,A,,,7.5,A,01467200
2020-12-22 00:00:00+00:00,,,4.0,A,,,3.7,A,3.9,A,,,,,296.0,A,,,280.0,A,288.0,A,,,,,12.7,A,,,12.3,A,,,12.5,A,,,7.5,A,,,7.4,A,,,7.5,A,01467200
2020-12-23 00:00:00+00:00,,,3.9,A,,,3.5,A,3.8,A,,,,,301.0,A,,,289.0,A,295.0,A,,,,,12.9,A,,,12.4,A,,,12.6,A,,,7.6,A,,,7.4,A,,,7.5,A,01467200
2020-12-24 00:00:00+00:00,,,5.4,A,,,3.4,A,3.9,A,,,,,307.0,A,,,290.0,A,302.0,A,,,,,13.0,A,,,12.3,A,,,12.7,A,,,7.6,A,,,7.4,A,,,7.5,A,01467200
2020-12-25 00:00:00+00:00,,,5.1,A,,,4.3,A,4.7,A,,,,,321.0,A,,,299.0,A,308.0,A,,,,,13.4,A,,,12.5,A,,,12.8,A,,,7.6,A,,,7.3,A,,,7.5,A,01467200
2020-12-26 00:00:00+00:00,,,6.9,A,,,4.2,A,5.7,A,,,,,303.0,A,,,176.0,A,245.0,A,,,,,13.5,A,,,11.8,A,,,12.5,A,,,7.7,A,,,7.4,A,,,7.5,A,01467200
2020-12-27 00:00:00+00:00,,,6.2,A,,,4.1,A,5.1,A,,,,,186.0,A,,,115.0,A,143.0,A,,,,,12.5,A,,,11.8,A,,,12.1,A,,,7.4,A,,,7.1,A,,,7.2,A,01467200
2020-12-28 00:00:00+00:00,,,4.6,A,,,3.7,A,4.0,A,,,,,130.0,A,,,111.0,A,116.0,A,,,,,13.0,A,,,12.1,A,,,12.6,A,,,7.2,A,,,7.0,A,,,7.1,A,01467200
2020-12-29 00:00:00+00:00,,,3.9,A,,,3.1,A,3.6,A,,,,,127.0,A,,,112.0,A,119.0,A,,,,,13.6,A,,,12.7,A,,,13.1,A,,,7.3,A,,,7.1,A,,,7.2,A,01467200
2020-12-30 00:00:00+00:00,,,3.5,A,,,3.1,A,3.3,A,,,,,136.0,A,,,121.0,A,128.0,A,,,,,13.7,A,,,13.2,A,,,13.4,A,,,7.3,A,,,7.2,A,,,7.2,A,01467200
2020-12-31 00:00:00+00:00,,,3.5,A,,,3.2,A,3.4,A,,,,,147.0,A,,,132.0,A,139.0,A,,,,,13.8,A,,,13.4,A,,,13.6,A,,,7.4,A,,,7.2,A,,,7.3,A,01467200
2021-01-01 00:00:00+00:00,,,3.6,A,,,3.3,A,3.4,A,,,,,153.0,A,,,140.0,A,145.0,A,,,,,13.7,A,,,13.5,A,,,13.5,A,,,7.4,A,,,7.2,A,,,7.3,A,01467200
2021-01-02 00:00:00+00:00,,,3.9,A,,,3.5,A,3.7,A,,,,,163.0,A,,,147.0,A,154.0,A,,,,,13.6,A,,,13.2,A,,,13.4,A,,,7.4,A,,,7.2,A,,,7.3,A,01467200
2021-01-03 00:00:00+00:00,,,3.8,A,,,3.6,A,3.7,A,,,,,177.0,A,,,155.0,A,163.0,A,,,,,13.6,A,,,13.3,A,,,13.4,A,,,7.4,A,,,7.3,A,,,7.3,A,01467200
2021-01-04 00:00:00+00:00,,,3.9,A,,,3.7,A,3.8,A,,,,,183.0,A,,,168.0,A,174.0,A,,,,,13.4,A,,,13.2,A,,,13.3,A,,,7.4,A,,,7.3,A,,,7.3,A,01467200
2021-01-05 00:00:00+00:00,,,3.9,A,,,3.7,A,3.8,A,,,,,190.0,A,,,178.0,A,183.0,A,,,,,13.5,A,,,13.2,A,,,13.3,A,,,7.5,A,,,7.3,A,,,7.4,A,01467200
2021-01-06 00:00:00+00:00,,,4.1,A,,,3.8,A,4.0,A,,,,,201.0,A,,,186.0,A,191.0,A,,,,,13.2,A,,,13.1,A,,,13.2,A,,,7.5,A,,,7.3,A,,,7.4,A,01467200
2021-01-07 00:00:00+00:00,,,4.1,A,,,3.9,A,4.0,A,,,,,209.0,A,,,194.0,A,202.0,A,,,,,13.2,A,,,13.0,A,,,13.1,A,,,7.6,A,,,7.4,A,,,7.4,A,01467200
2021-01-08 00:00:00+00:00,,,4.0,A,,,3.9,A,3.9,A,,,,,217.0,A,,,202.0,A,211.0,A,,,,,13.2,A,,,12.9,A,,,13.1,A,,,7.5,A,,,7.4,A,,,7.5,A,01467200
2021-01-09 00:00:00+00:00,,,3.9,A,,,3.7,A,3.8,A,,,,,221.0,A,,,210.0,A,217.0,A,,,,,13.2,A,,,13.0,A,,,13.1,A,,,7.5,A,,,7.4,A,,,7.5,A,01467200
2021-01-10 00:00:00+00:00,,,3.9,A,,,3.7,A,3.8,A,,,,,223.0,A,,,216.0,A,220.0,A,,,,,13.2,A,,,12.9,A,,,13.1,A,,,7.6,A,,,7.4,A,,,7.5,A,01467200
2021-01-11 00:00:00+00:00,,,3.8,A,,,3.7,A,3.7,A,,,,,226.0,A,,,217.0,A,222.0,A,,,,,13.1,A,,,13.0,A,,,13.0,A,,,7.6,A,,,7.4,A,,,7.5,A,01467200
2021-01-12 00:00:00+00:00,,,3.8,A,,,3.5,A,3.7,A,,,,,228.0,A,,,217.0,A,223.0,A,,,,,13.2,A,,,12.8,A,,,13.0,A,,,7.5,A,,,7.4,A,,,7.5,A,01467200
2021-01-13 00:00:00+00:00,,,3.8,A,,,3.5,A,3.7,A,,,,,230.0,A,,,218.0,A,224.0,A,,,,,13.1,A,,,12.9,A,,,13.0,A,,,7.5,A,,,7.4,A,,,7.5,A,01467200
2021-01-14 00:00:00+00:00,,,3.8,A,,,3.3,A,3.6,A,,,,,233.0,A,,,217.0,A,225.0,A,,,,,13.2,A,,,12.8,A,,,13.0,A,,,7.5,A,,,7.4,A,,,7.4,A,01467200
2021-01-15 00:00:00+00:00,,,3.8,A,,,3.2,A,3.6,A,,,,,240.0,A,,,220.0,A,228.0,A,,,,,13.2,A,,,12.8,A,,,13.0,A,,,7.5,A,,,7.3,A,,,7.4,A,01467200
2021-01-16 00:00:00+00:00,,,4.0,A,,,3.4,A,3.7,A,,,,,240.0,A,,,223.0,A,233.0,A,,,,,13.2,A,,,12.6,A,,,12.9,A,,,7.5,A,,,7.3,A,,,7.4,A,01467200
2021-01-17 00:00:00+00:00,,,3.8,A,,,3.2,A,3.5,A,,,,,236.0,A,,,228.0,A,232.0,A,,,,,13.4,A,,,12.8,A,,,13.1,A,,,7.5,A,,,7.4,A,,,7.4,A,01467200
2021-01-18 00:00:00+00:00,,,3.6,A,,,3.1,A,3.4,A,,,,,236.0,A,,,229.0,A,233.0,A,,,,,13.6,A,,,12.9,A,,,13.3,A,,,7.6,A,,,7.4,A,,,7.5,A,01467200
2021-01-19 00:00:00+00:00,,,3.4,A,,,3.1,A,3.2,A,,,,,240.0,A,,,233.0,A,236.0,A,,,,,13.6,A,,,13.0,A,,,13.4,A,,,7.6,A,,,7.4,A,,,7.5,A,01467200
2021-01-20 00:00:00+00:00,,,3.3,A,,,3.0,A,3.2,A,,,,,244.0,A,,,236.0,A,239.0,A,,,,,13.6,A,,,13.1,A,,,13.4,A,,,7.6,A,,,7.5,A,,,7.6,A,01467200
2021-01-21 00:00:00+00:00,,,3.2,A,,,3.0,A,3.1,A,,,,,247.0,A,,,237.0,A,242.0,A,,,,,13.5,A,,,13.1,A,,,13.4,A,,,7.6,A,,,7.5,A,,,7.6,A,01467200
2021-01-22 00:00:00+00:00,,,3.4,A,,,3.1,A,3.2,A,,,,,248.0,A,,,241.0,A,245.0,A,,,,,13.4,A,,,13.1,A,,,13.3,A,,,7.6,A,,,7.5,A,,,7.6,A,01467200
2021-01-23 00:00:00+00:00,,,3.4,A,,,3.1,A,3.3,A,,,,,253.0,A,,,243.0,A,249.0,A,,,,,13.3,A,,,12.9,A,,,13.2,A,,,7.7,A,,,7.5,A,,,7.6,A,01467200
2021-01-24 00:00:00+00:00,,,3.3,A,,,2.9,A,3.1,A,,,,,253.0,A,,,245.0,A,249.0,A,,,,,13.3,A,,,13.0,A,,,13.2,A,,,7.7,A,,,7.5,A,,,7.6,A,01467200
2021-01-25 00:00:00+00:00,,,3.2,A,,,2.9,A,3.1,A,,,,,261.0,A,,,242.0,A,252.0,A,,,,,13.3,A,,,13.1,A,,,13.2,A,,,7.7,A,,,7.5,A,,,7.6,A,01467200
2021-01-26 00:00:00+00:00,,,3.2,A,,,2.9,A,3.1,A,,,,,269.0,A,,,244.0,A,257.0,A,,,,,13.3,A,,,12.8,A,,,13.2,A,,,7.7,A,,,7.5,A,,,7.6,A,01467200
2021-01-27 00:00:00+00:00,,,3.2,A,,,2.9,A,3.1,A,,,,,268.0,A,,,242.0,A,258.0,A,,,,,13.4,A,,,13.0,A,,,13.1,A,,,7.6,A,,,7.5,A,,,7.6,A,01467200
2021-01-28 00:00:00+00:00,,,3.1,A,,,2.5,A,2.9,A,,,,,264.0,A,,,241.0,A,254.0,A,,,,,13.6,A,,,13.0,A,,,13.3,A,,,7.7,A,,,7.5,A,,,7.6,A,01467200
2021-01-29 00:00:00+00:00,,,2.7,A,,,1.9,A,2.4,A,,,,,261.0,A,,,242.0,A,251.0,A,,,,,13.9,A,,,13.3,A,,,13.5,A,,,7.7,A,,,7.5,A,,,7.6,A,01467200
2021-01-30 00:00:00+00:00,,,2.2,A,,,1.8,A,2.1,A,,,,,276.0,A,,,244.0,A,258.0,A,,,,,13.8,A,,,13.4,A,,,13.6,A,,,7.7,A,,,7.5,A,,,7.6,A,01467200
2021-01-31 00:00:00+00:00,,,2.1,A,,,1.5,A,1.9,A,,,,,279.0,A,,,246.0,A,262.0,A,,,,,13.9,A,,,13.4,A,,,13.7,A,,,7.7,A,,,7.5,A,,,7.6,A,01467200
2021-02-01 00:00:00+00:00,,,1.8,A,,,1.3,A,1.6,A,,,,,279.0,A,,,249.0,A,267.0,A,,,,,14.0,A,,,13.7,A,,,13.8,A,,,7.7,A,,,7.5,A,,,7.6,A,01467200
2021-02-02 00:00:00+00:00,,,1.7,A,,,1.1,A,1.5,A,,,,,316.0,A,,,260.0,A,291.0,A,,,,,14.1,A,,,13.7,A,,,13.8,A,,,7.7,A,,,7.5,A,,,7.6,A,01467200
2021-02-03 00:00:00+00:00,,,1.5,A,,,1.0,A,1.3,A,,,,,338.0,A,,,292.0,A,321.0,A,,,,,14.1,A,,,13.6,A,,,13.9,A,,,7.7,A,,,7.5,A,,,7.6,A,01467200
2021-02-04 00:00:00+00:00,,,1.5,A,,,0.8,A,1.2,A,,,,,333.0,A,,,307.0,A,322.0,A,,,,,14.3,A,,,13.5,A,,,14.0,A,,,7.7,A,,,7.5,A,,,7.6,A,01467200
2021-02-05 00:00:00+00:00,,,1.6,A,,,0.9,A,1.3,A,,,,,335.0,A,,,304.0,A,321.0,A,,,,,14.3,A,,,13.6,A,,,14.0,A,,,7.7,A,,,7.5,A,,,7.6,A,01467200
2021-02-06 00:00:00+00:00,,,1.6,A,,,1.1,A,1.4,A,,,,,335.0,A,,,313.0,A,323.0,A,,,,,14.2,A,,,13.6,A,,,14.0,A,,,7.6,A,,,7.5,A,,,7.6,A,01467200
2021-02-07 00:00:00+00:00,,,1.6,A,,,1.1,A,1.4,A,,,,,353.0,A,,,314.0,A,331.0,A,,,,,14.3,A,,,13.7,A,,,14.0,A,,,7.7,A,,,7.5,A,,,7.6,A,01467200
2021-02-08 00:00:00+00:00,,,1.5,A,,,1.0,A,1.3,A,,,,,372.0,A,,,340.0,A,360.0,A,,,,,14.2,A,,,13.5,A,,,14.0,A,,,7.6,A,,,7.5,A,,,7.6,A,01467200
2021-02-09 00:00:00+00:00,,,1.4,A,,,1.0,A,1.3,A,,,,,380.0,A,,,358.0,A,372.0,A,,,,,14.2,A,,,13.5,A,,,14.0,A,,,7.6,A,,,7.5,A,,,7.6,A,01467200
2021-02-10 00:00:00+00:00,,,1.4,A,,,1.0,A,1.3,A,,,,,388.0,A,,,374.0,A,382.0,A,,,,,14.2,A,,,13.7,A,,,14.0,A,,,7.6,A,,,7.5,A,,,7.6,A,01467200
2021-02-11 00:00:00+00:00,,,1.5,A,,,1.1,A,1.3,A,,,,,418.0,A,,,384.0,A,396.0,A,,,,,14.2,A,,,13.7,A,,,13.9,A,,,7.6,A,,,7.5,A,,,7.6,A,01467200
2021-02-12 00:00:00+00:00,,,1.4,A,,,1.0,A,1.2,A,,,,,430.0,A,,,409.0,A,419.0,A,,,,,14.2,A,,,13.7,A,,,13.9,A,,,7.6,A,,,7.5,A,,,7.6,A,01467200
2021-02-13 00:00:00+00:00,,,1.3,A,,,0.9,A,1.1,A,,,,,430.0,A,,,413.0,A,424.0,A,,,,,14.2,A,,,13.6,A,,,13.9,A,,,7.6,A,,,7.5,A,,,7.6,A,01467200
2021-02-14 00:00:00+00:00,,,1.3,A,,,0.9,A,1.1,A,,,,,439.0,A,,,415.0,A,429.0,A,,,,,14.1,A,,,13.7,A,,,13.9,A,,,7.6,A,,,7.5,A,,,7.6,A,01467200
2021-02-15 00:00:00+00:00,,,1.4,A,,,1.0,A,1.2,A,,,,,448.0,A,,,412.0,A,433.0,A,,,,,14.1,A,,,13.6,A,,,13.9,A,,,7.6,A,,,7.5,A,,,7.5,A,01467200
2021-02-16 00:00:00+00:00,,,1.7,A,,,1.1,A,1.5,A,,,,,475.0,A,,,413.0,A,454.0,A,,,,,14.0,A,,,13.4,A,,,13.7,A,,,7.6,A,,,7.4,A,,,7.5,A,01467200
2021-02-17 00:00:00+00:00,,,1.7,A,,,1.3,A,1.5,A,,,,,471.0,A,,,434.0,A,450.0,A,,,,,14.1,A,,,13.4,A,,,13.8,A,,,7.6,A,,,7.5,A,,,7.5,A,01467200
2021-02-18 00:00:00+00:00,,,1.6,A,,,1.3,A,1.4,A,,,,,479.0,A,,,447.0,A,467.0,A,,,,,14.2,A,,,13.6,A,,,13.9,A,,,7.6,A,,,7.5,A,,,7.6,A,01467200
2021-02-19 00:00:00+00:00,,,1.4,A,,,1.3,A,1.4,A,,,,,505.0,A,,,444.0,A,481.0,A,,,,,14.2,A,,,13.7,A,,,13.9,A,,,7.6,A,,,7.5,A,,,7.6,A,01467200
2021-02-20 00:00:00+00:00,,,1.6,A,,,1.4,A,1.5,A,,,,,516.0,A,,,471.0,A,500.0,A,,,,,14.2,A,,,13.6,A,,,14.0,A,,,7.7,A,,,7.6,A,,,7.6,A,01467200
2021-02-21 00:00:00+00:00,,,1.7,A,,,1.4,A,1.5,A,,,,,508.0,A,,,446.0,A,486.0,A,,,,,14.3,A,,,13.6,A,,,14.0,A,,,7.7,A,,,7.6,A,,,7.6,A,01467200
2021-02-22 00:00:00+00:00,,,1.7,A,,,1.5,A,1.6,A,,,,,510.0,A,,,455.0,A,482.0,A,,,,,14.2,A,,,13.1,A,,,13.9,A,,,7.6,A,,,7.5,A,,,7.6,A,01467200
2021-02-23 00:00:00+00:00,,,2.1,A,,,1.6,A,1.8,A,,,,,503.0,A,,,464.0,A,480.0,A,,,,,14.0,A,,,13.2,A,,,13.8,A,,,7.6,A,,,7.5,A,,,7.6,A,01467200
2021-02-24 00:00:00+00:00,,,2.4,A,,,2.0,A,2.2,A,,,,,501.0,A,,,471.0,A,488.0,A,,,,,13.8,A,,,13.3,A,,,13.6,A,,,7.6,A,,,7.5,A,,,7.6,A,01467200
2021-02-25 00:00:00+00:00,,,2.7,A,,,2.3,A,2.5,A,,,,,513.0,A,,,491.0,A,500.0,A,,,,,13.9,A,,,13.3,A,,,13.6,A,,,7.6,A,,,7.5,A,,,7.6,A,01467200
2021-02-26 00:00:00+00:00,,,2.9,A,,,2.6,A,2.7,A,,,,,515.0,A,,,494.0,A,505.0,A,,,,,14.0,A,,,13.1,A,,,13.6,A,,,7.6,A,,,7.5,A,,,7.5,A,01467200
2021-02-27 00:00:00+00:00,,,3.4,A,,,2.8,A,3.1,A,,,,,532.0,A,,,492.0,A,508.0,A,,,,,14.0,A,,,13.0,A,,,13.6,A,,,7.6,A,,,7.5,A,,,7.5,A,01467200
2021-02-28 00:00:00+00:00,,,3.8,A,,,3.2,A,3.4,A,,,,,520.0,A,,,482.0,A,502.0,A,,,,,13.9,A,,,12.7,A,,,13.5,A,,,7.6,A,,,7.4,A,,,7.5,A,01467200
2021-03-01 00:00:00+00:00,,,4.5,A,,,3.6,A,3.9,A,,,,,509.0,A,,,437.0,A,483.0,A,,,,,13.7,A,,,12.5,A,,,13.3,A,,,7.6,A,,,7.4,A,,,7.5,A,01467200
2021-03-02 00:00:00+00:00,,,4.7,A,,,4.0,A,4.4,A,,,,,464.0,A,,,382.0,A,427.0,A,,,,,13.5,A,,,13.0,A,,,13.3,A,,,7.8,A,,,7.5,A,,,7.6,A,01467200
2021-03-03 00:00:00+00:00,,,4.7,A,,,4.4,A,4.6,A,,,,,424.0,A,,,347.0,A,385.0,A,,,,,13.4,A,,,12.6,A,,,13.1,A,,,7.7,A,,,7.6,A,,,7.6,A,01467200
2021-03-04 00:00:00+00:00,,,4.8,A,,,4.4,A,4.6,A,,,,,388.0,A,,,328.0,A,355.0,A,,,,,13.1,A,,,12.6,A,,,12.9,A,,,7.6,A,,,7.5,A,,,7.6,A,01467200
2021-03-05 00:00:00+00:00,,,4.4,A,,,4.0,A,4.2,A,,,,,346.0,A,,,310.0,A,326.0,A,,,,,13.2,A,,,12.6,A,,,13.0,A,,,7.6,A,,,7.5,A,,,7.6,A,01467200
2021-03-06 00:00:00+00:00,,,4.0,A,,,3.7,A,3.9,A,,,,,330.0,A,,,302.0,A,315.0,A,,,,,13.3,A,,,12.4,A,,,13.0,A,,,7.6,A,,,7.5,A,,,7.5,A,01467200
2021-03-07 00:00:00+00:00,,,4.0,A,,,3.6,A,3.9,A,,,,,322.0,A,,,294.0,A,308.0,A,,,,,13.3,A,,,12.7,A,,,13.1,A,,,7.6,A,,,7.5,A,,,7.5,A,01467200
2021-03-08 00:00:00+00:00,,,4.1,A,,,3.7,A,3.9,A,,,,,315.0,A,,,286.0,A,301.0,A,,,,,13.3,A,,,12.4,A,,,13.1,A,,,7.6,A,,,7.4,A,,,7.5,A,01467200
2021-03-09 00:00:00+00:00,,,4.4,A,,,3.9,A,4.1,A,,,,,309.0,A,,,279.0,A,296.0,A,,,,,13.2,A,,,12.6,A,,,13.0,A,,,7.5,A,,,7.5,A,,,7.5,A,01467200
2021-03-10 00:00:00+00:00,,,4.7,A,,,4.2,A,4.5,A,,,,,307.0,A,,,276.0,A,290.0,A,,,,,13.2,A,,,12.4,A,,,13.0,A,,,7.6,A,,,7.4,A,,,7.5,A,01467200
2021-03-11 00:00:00+00:00,,,5.2,A,,,4.6,A,4.9,A,,,,,300.0,A,,,276.0,A,288.0,A,,,,,13.2,A,,,12.2,A,,,12.9,A,,,7.6,A,,,7.4,A,,,7.5,A,01467200
2021-03-12 00:00:00+00:00,,,5.8,A,,,5.1,A,5.4,A,,,,,294.0,A,,,276.0,A,286.0,A,,,,,13.1,A,,,12.3,A,,,12.8,A,,,7.6,A,,,7.4,A,,,7.5,A,01467200
2021-03-13 00:00:00+00:00,,,6.5,A,,,5.5,A,5.9,A,,,,,290.0,A,,,279.0,A,285.0,A,,,,,13.2,A,,,12.5,A,,,12.9,A,,,7.8,A,,,7.5,A,,,7.6,A,01467200
2021-03-14 00:00:00+00:00,,,8.0,A,,,6.0,A,6.8,A,,,,,290.0,A,,,255.0,A,278.0,A,,,,,13.1,A,,,12.2,A,,,12.7,A,,,8.0,A,,,7.6,A,,,7.7,A,01467200
2021-03-15 00:00:00+00:00,,,8.0,A,,,7.0,A,7.7,A,,,,,276.0,A,,,230.0,A,258.0,A,,,,,12.7,A,,,11.6,A,,,12.2,A,,,7.9,A,,,7.7,A,,,7.8,A,01467200
2021-03-16 00:00:00+00:00,,,7.9,A,,,7.0,A,7.5,A,,,,,266.0,A,,,199.0,A,241.0,A,,,,,12.3,A,,,11.6,A,,,12.0,A,,,7.8,A,,,7.5,A,,,7.7,A,01467200
2021-03-17 00:00:00+00:00,,,7.5,A,,,6.5,A,7.2,A,,,,,253.0,A,,,188.0,A,219.0,A,,,,,12.0,A,,,11.4,A,,,11.8,A,,,7.7,A,,,7.4,A,,,7.6,A,01467200
2021-03-18 00:00:00+00:00,,,7.3,A,,,6.1,A,6.7,A,,,,,232.0,A,,,179.0,A,202.0,A,,,,,12.1,A,,,11.1,A,,,11.7,A,,,7.6,A,,,7.2,A,,,7.5,A,01467200
2021-03-19 00:00:00+00:00,,,6.7,A,,,5.7,A,6.2,A,,,,,203.0,A,,,177.0,A,188.0,A,,,,,12.1,A,,,11.3,A,,,11.7,A,,,7.4,A,,,7.2,A,,,7.3,A,01467200
2021-03-20 00:00:00+00:00,,,6.0,A,,,5.3,A,5.6,A,,,,,199.0,A,,,178.0,A,185.0,A,,,,,12.6,A,,,11.5,A,,,12.1,A,,,7.5,A,,,7.2,A,,,7.4,A,01467200
2021-03-21 00:00:00+00:00,,,6.2,A,,,5.3,A,5.6,A,,,,,210.0,A,,,192.0,A,202.0,A,,,,,12.7,A,,,12.0,A,,,12.4,A,,,7.5,A,,,7.4,A,,,7.5,A,01467200
2021-03-22 00:00:00+00:00,,,6.8,A,,,5.8,A,6.2,A,,,,,217.0,A,,,205.0,A,211.0,A,,,,,12.5,A,,,11.7,A,,,12.2,A,,,7.5,A,,,7.4,A,,,7.4,A,01467200
2021-03-23 00:00:00+00:00,,,7.4,A,,,6.4,A,6.9,A,,,,,218.0,A,,,194.0,A,210.0,A,,,,,12.2,A,,,11.5,A,,,12.0,A,,,7.5,A,,,7.4,A,,,7.4,A,01467200
2021-03-24 00:00:00+00:00,,,8.1,A,,,7.1,A,7.5,A,,,,,212.0,A,,,189.0,A,201.0,A,,,,,12.2,A,,,10.9,A,,,11.7,A,,,7.4,A,,,7.3,A,,,7.3,A,01467200
2021-03-25 00:00:00+00:00,,,8.6,A,,,7.7,A,8.1,A,,,,,205.0,A,,,184.0,A,192.0,A,,,,,11.5,A,,,10.6,A,,,11.2,A,,,7.4,A,,,7.2,A,,,7.3,A,01467200
2021-03-26 00:00:00+00:00,,,9.9,A,,,8.2,A,9.0,A,,,,,205.0,A,,,189.0,A,199.0,A,,,,,11.4,A,,,10.9,A,,,11.2,A,,,7.4,A,,,7.3,A,,,7.4,A,01467200
2021-03-27 00:00:00+00:00,,,10.8,A,,,9.5,A,10.2,A,,,,,203.0,A,,,192.0,A,199.0,A,,,,,11.1,A,,,10.4,A,,,10.7,A,,,7.4,A,,,7.4,A,,,7.4,A,01467200
2021-03-28 00:00:00+00:00,,,11.3,A,,,10.3,A,10.8,A,,,,,207.0,A,,,194.0,A,201.0,A,,,,,10.6,A,,,10.0,A,,,10.3,A,,,7.4,A,,,7.3,A,,,7.3,A,01467200
2021-03-29 00:00:00+00:00,,,11.6,A,,,10.9,A,11.3,A,,,,,210.0,A,,,198.0,A,204.0,A,,,,,10.2,A,,,9.8,A,,,10.0,A,,,7.4,A,,,7.3,A,,,7.3,A,01467200
2021-03-30 00:00:00+00:00,,,12.0,A,,,11.2,A,11.6,A,,,,,206.0,A,,,189.0,A,200.0,A,,,,,10.1,A,,,9.8,A,,,9.9,A,,,7.4,A,,,7.3,A,,,7.4,A,01467200
2021-03-31 00:00:00+00:00,,,12.2,A,,,11.7,A,11.9,A,,,,,207.0,A,,,188.0,A,198.0,A,,,,,10.0,A,,,9.6,A,,,9.8,A,,,7.4,A,,,7.3,A,,,7.4,A,01467200
2021-04-01 00:00:00+00:00,,,12.0,A,,,11.3,A,11.8,A,,,,,200.0,A,,,192.0,A,196.0,A,,,,,10.0,A,,,9.5,A,,,9.7,A,,,7.4,A,,,7.3,A,,,7.3,A,01467200
2021-04-02 00:00:00+00:00,,,11.4,A,,,10.5,A,11.0,A,,,,,201.0,A,,,195.0,A,198.0,A,,,,,10.4,A,,,9.7,A,,,10.0,A,,,7.4,A,,,7.3,A,,,7.4,A,01467200
2021-04-03 00:00:00+00:00,,,10.8,A,,,10.2,A,10.5,A,,,,,204.0,A,,,195.0,A,200.0,A,,,,,10.4,A,,,9.9,A,,,10.2,A,,,7.4,A,,,7.4,A,,,7.4,A,01467200
2021-04-04 00:00:00+00:00,,,10.6,A,,,10.0,A,10.3,A,,,,,205.0,A,,,198.0,A,201.0,A,,,,,10.4,A,,,10.1,A,,,10.2,A,,,7.4,A,,,7.3,A,,,7.4,A,01467200
2021-04-05 00:00:00+00:00,,,10.5,A,,,10.0,A,10.3,A,,,,,207.0,A,,,201.0,A,204.0,A,,,,,10.5,A,,,10.1,A,,,10.3,A,,,7.4,A,,,7.3,A,,,7.4,A,01467200
2021-04-06 00:00:00+00:00,,,10.7,A,,,9.9,A,10.4,A,,,,,211.0,A,,,202.0,A,207.0,A,,,,,10.6,A,,,10.1,A,,,10.3,A,,,7.4,A,,,7.3,A,,,7.4,A,01467200
2021-04-07 00:00:00+00:00,,,10.9,A,,,10.1,A,10.5,A,,,,,217.0,A,,,204.0,A,210.0,A,,,,,10.8,A,,,10.1,A,,,10.4,A,,,7.4,A,,,7.3,A,,,7.4,A,01467200
2021-04-08 00:00:00+00:00,,,11.1,A,,,10.3,A,10.8,A,,,,,218.0,A,,,206.0,A,213.0,A,,,,,10.9,A,,,10.1,A,,,10.4,A,,,7.4,A,,,7.3,A,,,7.3,A,01467200
2021-04-09 00:00:00+00:00,,,11.4,A,,,10.9,A,11.1,A,,,,,222.0,A,,,207.0,A,214.0,A,,,,,10.8,A,,,10.1,A,,,10.4,A,,,7.4,A,,,7.3,A,,,7.3,A,01467200
2021-04-10 00:00:00+00:00,,,11.8,A,,,11.1,A,11.4,A,,,,,223.0,A,,,212.0,A,218.0,A,,,,,10.7,A,,,10.1,A,,,10.3,A,,,7.4,A,,,7.3,A,,,7.3,A,01467200
2021-04-11 00:00:00+00:00,,,12.2,A,,,11.6,A,11.8,A,,,,,229.0,A,,,216.0,A,221.0,A,,,,,10.4,A,,,9.9,A,,,10.1,A,,,7.4,A,,,7.3,A,,,7.3,A,01467200
2021-04-12 00:00:00+00:00,,,12.3,A,,,11.8,A,12.0,A,,,,,229.0,A,,,221.0,A,225.0,A,,,,,10.1,A,,,9.8,A,,,9.9,A,,,7.4,A,,,7.3,A,,,7.3,A,01467200
2021-04-13 00:00:00+00:00,,,12.9,A,,,12.0,A,12.4,A,,,,,231.0,A,,,224.0,A,228.0,A,,,,,9.9,A,,,9.6,A,,,9.7,A,,,7.4,A,,,7.3,A,,,7.4,A,01467200
2021-04-14 00:00:00+00:00,,,13.4,A,,,12.4,A,12.9,A,,,,,238.0,A,,,228.0,A,233.0,A,,,,,9.7,A,,,9.4,A,,,9.5,A,,,7.5,A,,,7.3,A,,,7.4,A,01467200
2021-04-15 00:00:00+00:00,,,13.6,A,,,12.9,A,13.2,A,,,,,247.0,A,,,234.0,A,240.0,A,,,,,9.5,A,,,9.2,A,,,9.3,A,,,7.5,A,,,7.3,A,,,7.4,A,01467200
2021-04-16 00:00:00+00:00,,,13.6,A,,,13.1,A,13.3,A,,,,,251.0,A,,,242.0,A,247.0,A,,,,,9.3,A,,,9.0,A,,,9.1,A,,,7.5,A,,,7.3,A,,,7.4,A,01467200
2021-04-17 00:00:00+00:00,,,13.4,A,,,13.1,A,13.3,A,,,,,254.0,A,,,247.0,A,251.0,A,,,,,9.1,A,,,8.8,A,,,8.9,A,,,7.4,A,,,7.3,A,,,7.4,A,01467200
2021-04-18 00:00:00+00:00,,,13.6,A,,,13.2,A,13.3,A,,,,,255.0,A,,,248.0,A,252.0,A,,,,,9.1,A,,,8.7,A,,,8.9,A,,,7.4,A,,,7.3,A,,,7.4,A,01467200
2021-04-19 00:00:00+00:00,,,13.5,A,,,13.3,A,13.4,A,,,,,256.0,A,,,242.0,A,251.0,A,,,,,9.2,A,,,8.6,A,,,8.9,A,,,7.4,A,,,7.3,A,,,7.4,A,01467200
2021-04-20 00:00:00+00:00,,,13.9,A,,,13.3,A,13.5,A,,,,,257.0,A,,,240.0,A,249.0,A,,,,,9.1,A,,,8.6,A,,,8.9,A,,,7.4,A,,,7.3,A,,,7.4,A,01467200
2021-04-21 00:00:00+00:00,,,13.8,A,,,13.4,A,13.6,A,,,,,256.0,A,,,235.0,A,245.0,A,,,,,9.2,A,,,8.8,A,,,9.0,A,,,7.4,A,,,7.3,A,,,7.4,A,01467200
2021-04-22 00:00:00+00:00,,,13.4,A,,,13.0,A,13.2,A,,,,,254.0,A,,,234.0,A,242.0,A,,,,,9.5,A,,,9.0,A,,,9.1,A,,,7.4,A,,,7.3,A,,,7.4,A,01467200
2021-04-23 00:00:00+00:00,,,13.0,A,,,12.6,A,12.8,A,,,,,252.0,A,,,236.0,A,242.0,A,,,,,9.6,A,,,9.1,A,,,9.3,A,,,7.4,A,,,7.3,A,,,7.4,A,01467200
2021-04-24 00:00:00+00:00,,,13.1,A,,,12.6,A,12.9,A,,,,,256.0,A,,,239.0,A,246.0,A,,,,,9.7,A,,,9.3,A,,,9.4,A,,,7.4,A,,,7.3,A,,,7.4,A,01467200
2021-04-25 00:00:00+00:00,,,13.2,A,,,12.8,A,13.0,A,,,,,258.0,A,,,242.0,A,250.0,A,,,,,9.6,A,,,9.2,A,,,9.4,A,,,7.4,A,,,7.3,A,,,7.4,A,01467200
2021-04-26 00:00:00+00:00,,,13.2,A,,,12.8,A,13.0,A,,,,,259.0,A,,,243.0,A,249.0,A,,,,,9.6,A,,,9.2,A,,,9.4,A,,,7.4,A,,,7.3,A,,,7.4,A,01467200
2021-04-27 00:00:00+00:00,,,13.6,A,,,13.0,A,13.3,A,,,,,260.0,A,,,244.0,A,252.0,A,,,,,9.8,A,,,9.3,A,,,9.5,A,,,7.5,A,,,7.3,A,,,7.4,A,01467200
2021-04-28 00:00:00+00:00,,,14.1,A,,,13.5,A,13.8,A,,,,,262.0,A,,,249.0,A,255.0,A,,,,,9.7,A,,,9.4,A,,,9.6,A,,,7.4,A,,,7.3,A,,,7.4,A,01467200
2021-04-29 00:00:00+00:00,,,14.7,A,,,14.0,A,14.3,A,,,,,268.0,A,,,250.0,A,258.0,A,,,,,9.7,A,,,9.3,A,,,9.5,A,,,7.4,A,,,7.3,A,,,7.4,A,01467200
2021-04-30 00:00:00+00:00,,,14.9,A,,,14.6,A,14.7,A,,,,,270.0,A,,,252.0,A,261.0,A,,,,,9.5,A,,,9.1,A,,,9.3,A,,,7.4,A,,,7.3,A,,,7.4,A,01467200
2021-05-01 00:00:00+00:00,,,15.1,A,,,14.4,A,14.6,A,,,,,264.0,A,,,254.0,A,259.0,A,,,,,9.6,A,,,8.9,A,,,9.4,A,,,7.5,A,,,7.3,A,,,7.4,A,01467200
2021-05-02 00:00:00+00:00,,,15.5,A,,,14.6,A,14.8,A,,,,,275.0,A,,,258.0,A,265.0,A,,,,,9.6,A,,,9.2,A,,,9.4,A,,,7.5,A,,,7.4,A,,,7.5,A,01467200
2021-05-03 00:00:00+00:00,,,15.3,A,,,15.0,A,15.1,A,,,,,273.0,A,,,260.0,A,268.0,A,,,,,9.6,A,,,9.0,A,,,9.3,A,,,7.5,A,,,7.3,A,,,7.4,A,01467200
2021-05-04 00:00:00+00:00,,,16.0,A,,,15.2,A,15.5,A,,,,,279.0,A,,,266.0,A,272.0,A,,,,,9.4,A,,,8.6,A,,,9.0,A,,,7.5,A,,,7.3,A,,,7.4,A,01467200
2021-05-05 00:00:00+00:00,,,16.4,A,,,15.7,A,16.0,A,,,,,279.0,A,,,267.0,A,273.0,A,,,,,9.1,A,,,8.5,A,,,8.8,A,,,7.5,A,,,7.3,A,,,7.4,A,01467200
2021-05-06 00:00:00+00:00,,,17.0,A,,,16.0,A,16.4,A,,,,,276.0,A,,,270.0,A,273.0,A,,,,,8.5,A,,,8.2,A,,,8.4,A,,,7.5,A,,,7.3,A,,,7.4,A,01467200
2021-05-07 00:00:00+00:00,,,17.3,A,,,16.5,A,16.9,A,,,,,277.0,A,,,260.0,A,273.0,A,,,,,8.3,A,,,7.9,A,,,8.1,A,,,7.5,A,,,7.3,A,,,7.4,A,01467200
2021-05-08 00:00:00+00:00,,,17.1,A,,,16.8,A,17.0,A,,,,,276.0,A,,,232.0,A,256.0,A,,,,,7.9,A,,,7.6,A,,,7.7,A,,,7.4,A,,,7.2,A,,,7.3,A,01467200
2021-05-09 00:00:00+00:00,,,16.9,A,,,15.9,A,16.5,A,,,,,259.0,A,,,196.0,A,231.0,A,,,,,8.1,A,,,7.5,A,,,7.7,A,,,7.3,A,,,7.1,A,,,7.3,A,01467200
2021-05-10 00:00:00+00:00,,,16.6,A,,,15.4,A,15.9,A,,,,,254.0,A,,,172.0,A,204.0,A,,,,,8.0,A,,,7.4,A,,,7.8,A,,,7.3,A,,,7.0,A,,,7.2,A,01467200
2021-05-11 00:00:00+00:00,,,16.1,A,,,15.1,A,15.5,A,,,,,225.0,A,,,167.0,A,188.0,A,,,,,8.1,A,,,7.6,A,,,7.8,A,,,7.2,A,,,7.0,A,,,7.1,A,01467200
2021-05-12 00:00:00+00:00,,,15.6,A,,,14.6,A,15.0,A,,,,,197.0,A,,,167.0,A,175.0,A,,,,,8.5,A,,,7.7,A,,,8.1,A,,,7.2,A,,,6.9,A,,,7.1,A,01467200
2021-05-13 00:00:00+00:00,,,15.4,A,,,14.4,A,14.9,A,,,,,185.0,A,,,171.0,A,176.0,A,,,,,8.8,A,,,7.9,A,,,8.4,A,,,7.1,A,,,6.9,A,,,7.1,A,01467200
2021-05-14 00:00:00+00:00,,,15.4,A,,,14.5,A,14.9,A,,,,,188.0,A,,,177.0,A,182.0,A,,,,,9.0,A,,,8.0,A,,,8.5,A,,,7.1,A,,,7.0,A,,,7.1,A,01467200
2021-05-15 00:00:00+00:00,,,15.5,A,,,14.8,A,15.1,A,,,,,191.0,A,,,184.0,A,187.0,A,,,,,9.1,A,,,8.2,A,,,8.7,A,,,7.2,A,,,6.9,A,,,7.1,A,01467200
2021-05-16 00:00:00+00:00,,,15.6,A,,,15.1,A,15.3,A,,,,,195.0,A,,,184.0,A,189.0,A,,,,,9.0,A,,,8.4,A,,,8.7,A,,,7.2,A,,,7.1,A,,,7.1,A,01467200
2021-05-17 00:00:00+00:00,,,16.0,A,,,15.2,A,15.5,A,,,,,198.0,A,,,183.0,A,189.0,A,,,,,9.1,A,,,8.5,A,,,8.8,A,,,7.1,A,,,7.0,A,,,7.1,A,01467200
2021-05-18 00:00:00+00:00,,,16.6,A,,,15.7,A,16.0,A,,,,,201.0,A,,,185.0,A,191.0,A,,,,,9.0,A,,,8.5,A,,,8.8,A,,,7.1,A,,,7.0,A,,,7.1,A,01467200
2021-05-19 00:00:00+00:00,,,17.3,A,,,16.1,A,16.6,A,,,,,204.0,A,,,190.0,A,197.0,A,,,,,9.2,A,,,8.6,A,,,8.8,A,,,7.2,A,,,7.0,A,,,7.1,A,01467200
2021-05-20 00:00:00+00:00,,,17.8,A,,,16.8,A,17.2,A,,,,,209.0,A,,,196.0,A,202.0,A,,,,,9.4,A,,,8.6,A,,,9.0,A,,,7.2,A,,,7.0,A,,,7.1,A,01467200
2021-05-21 00:00:00+00:00,,,18.3,A,,,17.3,A,17.7,A,,,,,213.0,A,,,198.0,A,205.0,A,,,,,9.8,A,,,8.7,A,,,9.1,A,,,7.3,A,,,7.1,A,,,7.2,A,01467200
2021-05-22 00:00:00+00:00,,,18.8,A,,,17.8,A,18.2,A,,,,,216.0,A,,,201.0,A,208.0,A,,,,,9.6,A,,,8.9,A,,,9.2,A,,,7.2,A,,,7.1,A,,,7.2,A,01467200
2021-05-23 00:00:00+00:00,,,19.6,A,,,18.4,A,18.8,A,,,,,222.0,A,,,204.0,A,212.0,A,,,,,10.0,A,,,8.8,A,,,9.4,A,,,7.4,A,,,7.1,A,,,7.2,A,01467200
2021-05-24 00:00:00+00:00,,,19.5,A,,,19.1,A,19.3,A,,,,,227.0,A,,,208.0,A,217.0,A,,,,,9.9,A,,,9.2,A,,,9.6,A,,,7.4,A,,,7.1,A,,,7.3,A,01467200
2021-05-25 00:00:00+00:00,,,19.9,A,,,19.1,A,19.4,A,,,,,229.0,A,,,214.0,A,222.0,A,,,,,10.1,A,,,9.1,A,,,9.5,A,,,7.5,A,,,7.2,A,,,7.3,A,01467200
2021-05-26 00:00:00+00:00,,,20.5,A,,,19.4,A,19.8,A,,,,,233.0,A,,,219.0,A,225.0,A,,,,,10.0,A,,,9.0,A,,,9.4,A,,,7.6,A,,,7.1,A,,,7.3,A,01467200
2021-05-27 00:00:00+00:00,,,21.1,A,,,20.0,A,20.5,A,,,,,236.0,A,,,225.0,A,230.0,A,,,,,9.5,A,,,8.5,A,,,8.9,A,,,7.4,A,,,7.2,A,,,7.2,A,01467200
2021-05-28 00:00:00+00:00,,,21.0,A,,,20.4,A,20.6,A,,,,,244.0,A,,,228.0,A,236.0,A,,,,,9.2,A,,,8.0,A,,,8.4,A,,,7.4,A,,,7.1,A,,,7.2,A,01467200
2021-05-29 00:00:00+00:00,,,20.5,A,,,19.7,A,19.9,A,,,,,249.0,A,,,233.0,A,240.0,A,,,,,8.4,A,,,7.5,A,,,7.8,A,,,7.3,A,,,7.0,A,,,7.1,A,01467200
2021-05-30 00:00:00+00:00,,,19.7,A,,,19.1,A,19.3,A,,,,,254.0,A,,,234.0,A,242.0,A,,,,,7.9,A,,,7.0,A,,,7.4,A,,,7.2,A,,,6.9,A,,,7.1,A,01467200
2021-05-31 00:00:00+00:00,,,19.5,A,,,18.9,A,19.2,A,,,,,250.0,A,,,239.0,A,244.0,A,,,,,7.9,A,,,6.7,A,,,7.3,A,,,7.3,A,,,6.9,A,,,7.1,A,01467200
2021-06-01 00:00:00+00:00,,,19.8,A,,,19.0,A,19.3,A,,,,,262.0,A,,,246.0,A,253.0,A,,,,,8.1,A,,,6.7,A,,,7.4,A,,,7.3,A,,,6.9,A,,,7.2,A,01467200
2021-06-02 00:00:00+00:00,,,20.1,A,,,19.3,A,19.6,A,,,,,269.0,A,,,253.0,A,261.0,A,,,,,8.4,A,,,6.7,A,,,7.4,A,,,7.4,A,,,7.0,A,,,7.2,A,01467200
2021-06-03 00:00:00+00:00,,,20.2,A,,,19.7,A,19.9,A,,,,,273.0,A,,,261.0,A,267.0,A,,,,,8.3,A,,,6.6,A,,,7.4,A,,,7.3,A,,,6.9,A,,,7.2,A,01467200
2021-06-04 00:00:00+00:00,,,20.2,A,,,19.8,A,20.0,A,,,,,278.0,A,,,265.0,A,271.0,A,,,,,8.2,A,,,6.4,A,,,7.2,A,,,7.3,A,,,6.9,A,,,7.2,A,01467200
2021-06-05 00:00:00+00:00,,,20.7,A,,,19.5,A,20.1,A,,,,,276.0,A,,,266.0,A,270.0,A,,,,,7.8,A,,,6.5,A,,,7.1,A,,,7.3,A,,,6.9,A,,,7.2,A,01467200
2021-06-06 00:00:00+00:00,,,21.1,A,,,19.8,A,20.5,A,,,,,280.0,A,,,263.0,A,271.0,A,,,,,7.4,A,,,6.2,A,,,6.9,A,,,7.2,A,,,7.0,A,,,7.1,A,01467200
2021-06-07 00:00:00+00:00,,,21.6,A,,,20.5,A,21.0,A,,,,,281.0,A,,,263.0,A,272.0,A,,,,,7.0,A,,,6.0,A,,,6.5,A,,,7.2,A,,,7.0,A,,,7.1,A,01467200
2021-06-08 00:00:00+00:00,,,21.8,A,,,21.2,A,21.5,A,,,,,282.0,A,,,258.0,A,271.0,A,,,,,6.6,A,,,5.6,A,,,6.2,A,,,7.1,A,,,7.0,A,,,7.1,A,01467200
2021-06-09 00:00:00+00:00,,,22.2,A,,,21.6,A,21.9,A,,,,,281.0,A,,,255.0,A,268.0,A,,,,,6.2,A,,,5.3,A,,,5.7,A,,,7.0,A,,,6.9,A,,,7.0,A,01467200
2021-06-10 00:00:00+00:00,,,22.6,A,,,22.0,A,22.3,A,,,,,281.0,A,,,251.0,A,265.0,A,,,,,6.2,A,,,5.1,A,,,5.6,A,,,7.1,A,,,6.9,A,,,7.0,A,01467200
2021-06-11 00:00:00+00:00,,,22.5,A,,,22.2,A,22.3,A,,,,,282.0,A,,,253.0,A,266.0,A,,,,,6.0,A,,,5.3,A,,,5.6,A,,,7.1,A,,,6.9,A,,,7.0,A,01467200
2021-06-12 00:00:00+00:00,,,22.8,A,,,22.2,A,22.4,A,,,,,277.0,A,,,255.0,A,264.0,A,,,,,6.0,A,,,5.0,A,,,5.4,A,,,7.1,A,,,6.9,A,,,7.0,A,01467200
2021-06-13 00:00:00+00:00,,,23.2,A,,,22.3,A,22.7,A,,,,,274.0,A,,,258.0,A,265.0,A,,,,,5.8,A,,,4.7,A,,,5.2,A,,,7.1,A,,,6.9,A,,,7.0,A,01467200
2021-06-14 00:00:00+00:00,,,23.4,A,,,22.5,A,22.9,A,,,,,274.0,A,,,227.0,A,266.0,A,,,,,5.7,A,,,4.6,A,,,5.0,A,,,7.1,A,,,6.9,A,,,7.0,A,01467200
2021-06-15 00:00:00+00:00,,,23.8,A,,,22.8,A,23.3,A,,,,,272.0,A,,,263.0,A,268.0,A,,,,,5.3,A,,,4.4,A,,,4.7,A,,,7.1,A,,,6.9,A,,,7.0,A,01467200
2021-06-16 00:00:00+00:00,,,24.0,A,,,23.1,A,23.5,A,,,,,274.0,A,,,267.0,A,271.0,A,,,,,4.9,A,,,4.3,A,,,4.6,A,,,7.0,A,,,6.9,A,,,7.0,A,01467200
2021-06-17 00:00:00+00:00,,,24.1,A,,,23.2,A,23.5,A,,,,,276.0,A,,,266.0,A,273.0,A,,,,,5.4,A,,,4.4,A,,,4.8,A,,,7.1,A,,,6.9,A,,,7.0,A,01467200
2021-06-18 00:00:00+00:00,,,24.2,A,,,23.3,A,23.6,A,,,,,279.0,A,,,267.0,A,274.0,A,,,,,6.1,A,,,4.7,A,,,5.3,A,,,7.1,A,,,7.0,A,,,7.0,A,01467200
2021-06-19 00:00:00+00:00,,,23.9,A,,,23.5,A,23.7,A,,,,,282.0,A,,,266.0,A,276.0,A,,,,,6.3,A,,,5.2,A,,,5.7,A,,,7.1,A,,,7.0,A,,,7.1,A,01467200
2021-06-20 00:00:00+00:00,,,24.4,A,,,23.7,A,24.0,A,,,,,285.0,A,,,268.0,A,277.0,A,,,,,6.9,A,,,5.4,A,,,6.1,A,,,7.2,A,,,7.0,A,,,7.1,A,01467200
2021-06-21 00:00:00+00:00,,,24.6,A,,,24.1,A,24.3,A,,,,,287.0,A,,,269.0,A,278.0,A,,,,,7.5,A,,,5.9,A,,,6.5,A,,,7.3,A,,,7.0,A,,,7.1,A,01467200
2021-06-22 00:00:00+00:00,,,24.5,A,,,24.2,A,24.4,A,,,,,288.0,A,,,271.0,A,280.0,A,,,,,7.1,A,,,6.0,A,,,6.5,A,,,7.2,A,,,7.1,A,,,7.1,A,01467200
2021-06-23 00:00:00+00:00,,,24.3,A,,,24.0,A,24.1,A,,,,,290.0,A,,,272.0,A,281.0,A,,,,,7.3,A,,,5.9,A,,,6.4,A,,,7.2,A,,,7.1,A,,,7.1,A,01467200
2021-06-24 00:00:00+00:00,,,24.4,A,,,24.0,A,24.2,A,,,,,296.0,A,,,273.0,A,284.0,A,,,,,7.9,A,,,6.0,A,,,6.7,A,,,7.3,A,,,7.0,A,,,7.1,A,01467200
2021-06-25 00:00:00+00:00,,,24.4,A,,,24.0,A,24.2,A,,,,,297.0,A,,,279.0,A,287.0,A,,,,,8.0,A,,,6.1,A,,,6.8,A,,,7.3,A,,,7.1,A,,,7.1,A,01467200
2021-06-26 00:00:00+00:00,,,24.6,A,,,24.2,A,24.4,A,,,,,299.0,A,,,282.0,A,289.0,A,,,,,7.8,A,,,6.0,A,,,6.7,A,,,7.3,A,,,7.1,A,,,7.1,A,01467200
2021-06-27 00:00:00+00:00,,,25.1,A,,,24.5,A,24.7,A,,,,,299.0,A,,,284.0,A,291.0,A,,,,,7.6,A,,,5.8,A,,,6.6,A,,,7.3,A,,,7.1,A,,,7.1,A,01467200
2021-06-28 00:00:00+00:00,,,25.6,A,,,24.8,A,25.1,A,,,,,301.0,A,,,285.0,A,293.0,A,,,,,7.5,A,,,5.7,A,,,6.5,A,,,7.3,A,,,7.1,A,,,7.1,A,01467200
2021-06-29 00:00:00+00:00,,,26.1,A,,,25.2,A,25.6,A,,,,,303.0,A,,,287.0,A,294.0,A,,,,,7.6,A,,,5.7,A,,,6.4,A,,,7.3,A,,,7.1,A,,,7.1,A,01467200
2021-06-30 00:00:00+00:00,,,26.6,A,,,25.7,A,26.1,A,,,,,304.0,A,,,290.0,A,297.0,A,,,,,7.3,A,,,5.5,A,,,6.2,A,,,7.3,A,,,7.0,A,,,7.1,A,01467200
2021-07-01 00:00:00+00:00,,,26.9,A,,,26.1,A,26.4,A,,,,,308.0,A,,,292.0,A,301.0,A,,,,,6.9,A,,,4.9,A,,,5.8,A,,,7.2,A,,,7.0,A,,,7.1,A,01467200
2021-07-02 00:00:00+00:00,,,26.5,A,,,26.2,A,26.3,A,,,,,307.0,A,,,293.0,A,299.0,A,,,,,6.1,A,,,4.4,A,,,5.1,A,,,7.2,A,,,7.0,A,,,7.0,A,01467200
2021-07-03 00:00:00+00:00,,,26.2,A,,,26.0,A,26.1,A,,,,,310.0,A,,,292.0,A,300.0,A,,,,,5.4,A,,,3.8,A,,,4.5,A,,,7.1,A,,,6.9,A,,,7.0,A,01467200
2021-07-04 00:00:00+00:00,,,26.1,A,,,25.8,A,26.0,A,,,,,309.0,A,,,291.0,A,301.0,A,,,,,4.8,A,,,3.5,A,,,4.0,A,,,7.0,A,,,6.8,A,,,6.9,A,01467200
2021-07-05 00:00:00+00:00,,,26.4,A,,,25.9,A,26.1,A,,,,,307.0,A,,,293.0,A,299.0,A,,,,,4.9,A,,,3.4,A,,,4.0,A,,,7.1,A,,,6.9,A,,,7.0,A,01467200
2021-07-06 00:00:00+00:00,,,26.6,A,,,26.1,A,26.3,A,,,,,306.0,A,,,291.0,A,298.0,A,,,,,5.5,A,,,3.5,A,,,4.4,A,,,7.1,A,,,6.9,A,,,7.0,A,01467200
2021-07-07 00:00:00+00:00,,,27.1,A,,,26.4,A,26.7,A,,,,,303.0,A,,,293.0,A,297.0,A,,,,,5.5,A,,,3.9,A,,,4.6,A,,,7.1,A,,,7.0,A,,,7.0,A,01467200
2021-07-08 00:00:00+00:00,,,27.2,A,,,26.8,A,27.0,A,,,,,303.0,A,,,291.0,A,297.0,A,,,,,5.3,A,,,4.0,A,,,4.6,A,,,7.1,A,,,7.0,A,,,7.0,A,01467200
2021-07-09 00:00:00+00:00,,,27.4,A,,,26.9,A,27.1,A,,,,,302.0,A,,,257.0,A,293.0,A,,,,,5.3,A,,,4.1,A,,,4.6,A,,,7.1,A,,,6.9,A,,,7.0,A,01467200
2021-07-10 00:00:00+00:00,,,27.4,A,,,26.9,A,27.1,A,,,,,300.0,A,,,257.0,A,288.0,A,,,,,5.3,A,,,4.0,A,,,4.6,A,,,7.1,A,,,7.0,A,,,7.0,A,01467200
2021-07-11 00:00:00+00:00,,,27.4,A,,,27.0,A,27.2,A,,,,,296.0,A,,,266.0,A,283.0,A,,,,,5.6,A,,,4.0,A,,,4.7,A,,,7.1,A,,,7.0,A,,,7.0,A,01467200
2021-07-12 00:00:00+00:00,,,27.5,A,,,27.1,A,27.2,"A, [4]",,,,,293.0,A,,,228.0,A,269.0,"A, [4]",,,,,5.6,A,,,4.2,A,,,,,,,7.1,A,,,7.0,A,,,7.0,"A, [4]",01467200
2021-07-13 00:00:00+00:00,,,27.5,A,,,26.9,A,27.2,A,,,,,277.0,A,,,217.0,A,246.0,A,,,,,5.4,A,,,4.6,A,,,4.9,A,,,7.0,A,,,6.9,A,,,7.0,A,01467200
2021-07-14 00:00:00+00:00,,,27.5,A,,,26.7,A,27.1,A,,,,,267.0,A,,,211.0,A,234.0,A,,,,,5.1,A,,,4.2,A,,,4.6,A,,,7.0,A,,,6.9,A,,,6.9,A,01467200
2021-07-15 00:00:00+00:00,,,27.4,A,,,26.5,A,,,,,,,246.0,A,,,198.0,A,,,,,,,5.1,A,,,4.2,A,,,,,,,7.0,A,,,6.8,A,,,,,01467200
2021-07-16 00:00:00+00:00,,,27.4,A,,,26.3,A,26.8,A,,,,,231.0,A,,,193.0,A,207.0,A,,,,,5.3,A,,,4.4,A,,,4.9,A,,,7.0,A,,,6.8,A,,,6.9,A,01467200
2021-07-17 00:00:00+00:00,,,27.5,A,,,26.3,A,26.8,A,,,,,219.0,A,,,190.0,A,204.0,A,,,,,5.6,A,,,4.6,A,,,5.1,A,,,6.9,A,,,6.8,A,,,6.9,A,01467200
2021-07-18 00:00:00+00:00,,,26.8,A,,,26.1,A,26.4,A,,,,,207.0,A,,,183.0,A,198.0,A,,,,,6.0,A,,,4.8,A,,,5.3,A,,,6.9,A,,,6.8,A,,,6.9,A,01467200
2021-07-19 00:00:00+00:00,,,26.4,A,,,25.8,A,26.0,A,,,,,200.0,A,,,175.0,A,187.0,A,,,,,6.0,A,,,5.0,A,,,5.5,A,,,6.9,A,,,6.8,A,,,6.9,A,01467200
2021-07-20 00:00:00+00:00,,,26.2,A,,,25.6,A,25.9,A,,,,,190.0,A,,,168.0,A,179.0,A,,,,,5.9,A,,,5.2,A,,,5.6,A,,,6.9,A,,,6.8,A,,,6.9,A,01467200
2021-07-21 00:00:00+00:00,,,26.2,A,,,25.8,A,26.0,A,,,,,187.0,A,,,163.0,A,175.0,A,,,,,5.5,A,,,5.0,A,,,5.3,A,,,6.9,A,,,6.8,A,,,6.8,A,01467200
2021-07-22 00:00:00+00:00,,,26.1,A,,,25.5,A,25.8,A,,,,,184.0,A,,,168.0,A,174.0,A,,,,,5.3,A,,,4.8,A,,,5.0,A,,,6.9,A,,,6.8,A,,,6.8,A,01467200
2021-07-23 00:00:00+00:00,,,26.0,A,,,25.3,A,25.7,A,,,,,184.0,A,,,163.0,A,173.0,A,,,,,5.6,A,,,4.7,A,,,5.0,A,,,6.9,A,,,6.7,A,,,6.8,A,01467200
2021-07-24 00:00:00+00:00,,,26.0,A,,,25.3,A,25.6,A,,,,,184.0,A,,,158.0,A,170.0,A,,,,,5.7,A,,,4.5,A,,,5.0,A,,,6.9,A,,,6.7,A,,,6.8,A,01467200
2021-07-25 00:00:00+00:00,,,25.9,A,,,25.2,A,25.6,A,,,,,184.0,A,,,153.0,A,166.0,A,,,,,5.8,A,,,4.6,A,,,5.2,A,,,7.0,A,,,6.7,A,,,6.8,A,01467200
2021-07-26 00:00:00+00:00,,,26.1,A,,,25.2,A,25.6,A,,,,,181.0,A,,,155.0,A,167.0,A,,,,,5.7,A,,,4.7,A,,,5.2,A,,,6.9,A,,,6.7,A,,,6.8,A,01467200
2021-07-27 00:00:00+00:00,,,26.3,A,,,25.4,A,25.8,A,,,,,184.0,A,,,156.0,A,168.0,A,,,,,5.6,A,,,4.6,A,,,5.1,A,,,6.9,A,,,6.7,A,,,6.8,A,01467200
2021-07-28 00:00:00+00:00,,,26.3,A,,,25.4,A,25.9,A,,,,,182.0,A,,,156.0,A,170.0,A,,,,,6.0,A,,,4.6,A,,,5.1,A,,,6.9,A,,,6.7,A,,,6.8,A,01467200
2021-07-29 00:00:00+00:00,,,26.2,A,,,25.5,A,25.8,A,,,,,183.0,A,,,163.0,A,173.0,A,,,,,5.6,A,,,4.6,A,,,5.0,A,,,6.9,A,,,6.7,A,,,6.7,A,01467200
2021-07-30 00:00:00+00:00,,,26.0,A,,,25.4,A,25.7,A,,,,,179.0,A,,,168.0,A,173.0,A,,,,,5.9,A,,,4.7,A,,,5.3,A,,,6.9,A,,,6.7,A,,,6.8,A,01467200
2021-07-31 00:00:00+00:00,,,25.8,A,,,25.3,A,25.5,A,,,,,183.0,A,,,170.0,A,177.0,A,,,,,6.3,A,,,4.9,A,,,5.6,A,,,6.9,A,,,6.7,A,,,6.8,A,01467200
2021-08-01 00:00:00+00:00,,,25.6,A,,,25.2,A,25.4,A,,,,,189.0,A,,,179.0,A,183.0,A,,,,,6.2,A,,,4.9,A,,,5.5,A,,,7.0,A,,,6.7,A,,,6.8,A,01467200
2021-08-02 00:00:00+00:00,,,25.4,A,,,25.0,A,25.1,A,,,,,194.0,A,,,183.0,A,190.0,A,,,,,6.2,A,,,4.9,A,,,5.5,A,,,6.9,A,,,6.7,A,,,6.8,A,01467200
2021-08-03 00:00:00+00:00,,,25.2,A,,,24.9,A,25.1,A,,,,,202.0,A,,,189.0,A,196.0,A,,,,,6.3,A,,,4.9,A,,,5.6,A,,,6.9,A,,,6.7,A,,,6.8,A,01467200
2021-08-04 00:00:00+00:00,,,25.2,A,,,24.8,A,25.0,A,,,,,208.0,A,,,196.0,A,202.0,A,,,,,6.2,A,,,4.8,A,,,5.5,A,,,6.9,A,,,6.7,A,,,6.8,A,01467200
2021-08-05 00:00:00+00:00,,,25.4,A,,,24.7,A,25.0,A,,,,,212.0,A,,,202.0,A,207.0,A,,,,,6.1,A,,,4.8,A,,,5.4,A,,,6.9,A,,,6.7,A,,,6.8,A,01467200
2021-08-06 00:00:00+00:00,,,25.5,A,,,24.9,A,25.2,A,,,,,216.0,A,,,208.0,A,211.0,A,,,,,6.1,A,,,4.8,A,,,5.4,A,,,6.9,A,,,6.7,A,,,6.8,A,01467200
2021-08-07 00:00:00+00:00,,,25.5,A,,,25.2,A,25.4,A,,,,,218.0,A,,,211.0,A,215.0,A,,,,,6.2,A,,,4.9,A,,,5.5,A,,,6.9,A,,,6.8,A,,,6.8,A,01467200
2021-08-08 00:00:00+00:00,,,25.5,A,,,25.2,A,,,,,,,221.0,A,,,215.0,A,,,,,,,6.3,A,,,5.0,A,,,,,,,7.0,A,,,6.8,A,,,,,01467200
2021-08-11 00:00:00+00:00,,,26.2,A,,,25.7,A,25.9,A,,,,,234.0,A,,,224.0,A,230.0,A,,,,,5.9,A,,,4.8,A,,,5.3,A,,,7.0,A,,,6.8,A,,,6.9,A,01467200
2021-08-12 00:00:00+00:00,,,26.6,A,,,26.0,A,26.2,A,,,,,241.0,A,,,229.0,A,235.0,A,,,,,5.8,A,,,4.7,A,,,5.2,A,,,6.9,A,,,6.7,A,,,6.9,A,01467200
2021-08-13 00:00:00+00:00,,,27.0,A,,,26.4,A,26.6,A,,,,,244.0,A,,,234.0,A,239.0,A,,,,,5.9,A,,,4.6,A,,,5.2,A,,,7.0,A,,,6.7,A,,,6.8,A,01467200
2021-08-14 00:00:00+00:00,,,27.1,A,,,26.7,A,26.9,A,,,,,249.0,A,,,237.0,A,243.0,A,,,,,5.6,A,,,4.6,A,,,5.1,A,,,6.9,A,,,6.8,A,,,6.8,A,01467200
2021-08-15 00:00:00+00:00,,,27.2,A,,,26.7,A,26.8,A,,,,,252.0,A,,,236.0,A,246.0,A,,,,,5.7,A,,,4.8,A,,,5.1,A,,,7.0,A,,,6.8,A,,,6.9,A,01467200
2021-08-16 00:00:00+00:00,,,26.9,A,,,26.7,A,26.8,A,,,,,258.0,A,,,246.0,A,251.0,A,,,,,5.3,A,,,4.4,A,,,4.8,A,,,7.0,A,,,6.7,A,,,6.9,A,01467200
2021-08-17 00:00:00+00:00,,,26.9,A,,,26.6,A,26.7,A,,,,,262.0,A,,,248.0,A,254.0,A,,,,,5.0,A,,,4.1,A,,,4.5,A,,,6.9,A,,,6.8,A,,,6.8,A,01467200
2021-08-18 00:00:00+00:00,,,26.9,A,,,26.6,A,26.8,A,,,,,265.0,A,,,251.0,A,257.0,A,,,,,4.9,A,,,3.9,A,,,4.3,A,,,6.9,A,,,6.8,A,,,6.8,A,01467200
2021-08-19 00:00:00+00:00,,,26.9,A,,,26.7,A,26.8,A,,,,,270.0,A,,,249.0,A,258.0,A,,,,,4.7,A,,,4.0,A,,,4.3,A,,,6.9,A,,,6.8,A,,,6.8,A,01467200
2021-08-24 00:00:00+00:00,,,26.8,A,,,23.9,A,25.6,A,,,,,262.0,A,,,185.0,A,226.0,A,,,,,5.8,A,,,4.5,A,,,5.3,A,,,7.1,A,,,6.9,A,,,7.0,A,01467200
2021-08-25 00:00:00+00:00,,,25.0,A,,,23.3,A,24.0,A,,,,,204.0,A,,,153.0,A,178.0,A,,,,,6.0,A,,,5.5,A,,,5.7,A,,,7.0,A,,,6.8,A,,,6.9,A,01467200
2021-08-26 00:00:00+00:00,,,24.2,A,,,23.4,A,23.8,A,,,,,171.0,A,,,134.0,A,154.0,A,,,,,6.1,A,,,5.5,A,,,5.8,A,,,6.9,A,,,6.7,A,,,6.8,A,01467200
2021-08-27 00:00:00+00:00,,,24.4,A,,,23.9,A,24.1,A,,,,,158.0,A,,,143.0,A,152.0,A,,,,,6.1,A,,,5.6,A,,,5.8,A,,,6.9,A,,,6.7,A,,,6.8,A,01467200
2021-08-28 00:00:00+00:00,,,24.2,A,,,24.0,A,24.2,A,,,,,158.0,A,,,118.0,A,151.0,A,,,,,6.0,A,,,5.5,A,,,5.8,A,,,6.8,A,,,6.7,A,,,6.8,A,01467200
2021-08-29 00:00:00+00:00,,,24.2,A,,,23.9,A,,,,,,,156.0,A,,,140.0,A,,,,,,,6.2,A,,,5.4,A,,,,,,,6.8,A,,,6.7,A,,,,,01467200
2021-09-01 00:00:00+00:00,,,24.6,A,,,24.4,A,24.5,A,,,,,175.0,A,,,166.0,A,171.0,A,,,,,6.0,A,,,5.4,A,,,5.6,A,,,6.9,A,,,6.8,A,,,6.8,A,01467200
2021-09-02 00:00:00+00:00,,,24.4,A,,,21.1,A,22.6,A,,,,,169.0,A,,,102.0,A,137.0,A,,,,,6.6,A,,,5.6,A,,,6.4,A,,,7.0,A,,,6.6,A,,,6.8,A,01467200
2021-09-03 00:00:00+00:00,,,21.1,A,,,19.7,A,20.2,A,,,,,130.0,A,,,104.0,A,123.0,A,,,,,7.1,A,,,6.5,A,,,6.9,A,,,6.9,A,,,6.7,A,,,6.9,A,01467200
2021-09-04 00:00:00+00:00,,,20.0,A,,,19.5,A,19.8,A,,,,,126.0,A,,,91.0,A,120.0,A,,,,,7.2,A,,,6.8,A,,,7.0,A,,,6.8,A,,,6.7,A,,,6.8,A,01467200
2021-09-05 00:00:00+00:00,,,19.9,A,,,19.6,A,19.8,A,,,,,134.0,A,,,106.0,A,121.0,A,,,,,7.4,A,,,6.8,A,,,7.0,A,,,6.9,A,,,6.7,A,,,6.8,A,01467200
2021-09-06 00:00:00+00:00,,,20.0,A,,,19.5,A,19.8,A,,,,,143.0,A,,,115.0,A,136.0,A,,,,,7.6,A,,,6.9,A,,,7.2,A,,,6.9,A,,,6.7,A,,,6.8,A,01467200
2021-09-07 00:00:00+00:00,,,20.2,A,,,19.6,A,19.9,A,,,,,148.0,A,,,136.0,A,143.0,A,,,,,7.6,A,,,7.0,A,,,7.3,A,,,6.9,A,,,6.8,A,,,6.9,A,01467200
2021-09-08 00:00:00+00:00,,,20.5,A,,,20.0,A,20.2,A,,,,,151.0,A,,,143.0,A,147.0,A,,,,,7.5,A,,,7.1,A,,,7.3,A,,,6.9,A,,,6.8,A,,,6.9,A,01467200
2021-09-09 00:00:00+00:00,,,20.6,A,,,20.3,A,20.4,A,,,,,162.0,A,,,146.0,A,154.0,A,,,,,7.4,A,,,7.0,A,,,7.2,A,,,6.9,A,,,6.8,A,,,6.9,A,01467200
2021-09-10 00:00:00+00:00,,,20.8,A,,,20.4,A,20.5,A,,,,,170.0,A,,,155.0,A,160.0,A,,,,,7.4,A,,,7.0,A,,,7.2,A,,,7.0,A,,,6.8,A,,,6.9,A,01467200
2021-09-11 00:00:00+00:00,,,21.1,A,,,20.5,A,20.7,A,,,,,170.0,A,,,86.0,A,148.0,A,,,,,7.4,A,,,7.0,A,,,7.1,A,,,7.0,A,,,6.9,A,,,6.9,A,01467200
2021-09-12 00:00:00+00:00,,,21.2,A,,,20.7,A,20.9,A,,,,,183.0,A,,,169.0,A,174.0,A,,,,,7.3,A,,,6.9,A,,,7.1,A,,,7.0,A,,,6.9,A,,,7.0,A,01467200
2021-09-13 00:00:00+00:00,,,21.4,A,,,20.8,A,21.1,A,,,,,189.0,A,,,170.0,A,180.0,A,,,,,7.2,A,,,6.8,A,,,7.0,A,,,7.0,A,,,6.9,A,,,7.0,A,01467200
2021-09-14 00:00:00+00:00,,,21.7,A,,,21.1,A,21.4,A,,,,,197.0,A,,,186.0,A,192.0,A,,,,,7.0,A,,,6.5,A,,,6.8,A,,,7.0,A,,,6.9,A,,,7.0,A,01467200
2021-09-15 00:00:00+00:00,,,22.0,A,,,21.4,A,21.7,A,,,,,203.0,A,,,195.0,A,199.0,A,,,,,7.0,A,,,6.5,A,,,6.7,A,,,7.0,A,,,6.9,A,,,7.0,A,01467200
2021-09-16 00:00:00+00:00,,,22.2,A,,,21.7,A,21.9,A,,,,,210.0,A,,,190.0,A,204.0,A,,,,,7.0,A,,,6.5,A,,,6.7,A,,,7.1,A,,,6.9,A,,,7.0,A,01467200
2021-09-17 00:00:00+00:00,,,22.1,A,,,21.8,A,22.0,A,,,,,207.0,A,,,182.0,A,198.0,A,,,,,7.1,A,,,6.4,A,,,6.7,A,,,7.1,A,,,6.9,A,,,7.0,A,01467200
2021-09-18 00:00:00+00:00,,,22.5,A,,,21.9,A,22.1,A,,,,,195.0,A,,,168.0,A,188.0,A,,,,,7.1,A,,,6.3,A,,,6.7,A,,,7.1,A,,,6.9,A,,,7.0,A,01467200
2021-09-19 00:00:00+00:00,,,22.5,A,,,22.1,A,22.3,A,,,,,185.0,A,,,169.0,A,175.0,A,,,,,7.1,A,,,6.3,A,,,6.8,A,,,7.2,A,,,6.9,A,,,7.0,A,01467200
2021-09-20 00:00:00+00:00,,,22.6,A,,,22.2,A,22.4,A,,,,,199.0,A,,,185.0,A,191.0,A,,,,,7.0,A,,,6.3,A,,,6.7,A,,,7.1,A,,,6.9,A,,,7.0,A,01467200
2021-09-21 00:00:00+00:00,,,22.6,A,,,22.3,A,22.4,A,,,,,211.0,A,,,199.0,A,204.0,A,,,,,7.0,A,,,6.3,A,,,6.6,A,,,7.1,A,,,6.9,A,,,7.0,A,01467200
2021-09-22 00:00:00+00:00,,,22.7,A,,,22.4,A,22.5,A,,,,,219.0,A,,,210.0,A,215.0,A,,,,,7.0,A,,,6.2,A,,,6.6,A,,,7.1,A,,,7.0,A,,,7.0,A,01467200
2021-09-23 00:00:00+00:00,,,22.7,A,,,22.4,A,22.6,A,,,,,228.0,A,,,206.0,A,220.0,A,,,,,7.1,A,,,6.3,A,,,6.6,A,,,7.1,A,,,6.9,A,,,7.0,A,01467200
2021-09-24 00:00:00+00:00,,,22.5,A,,,21.9,A,22.3,A,,,,,221.0,A,,,196.0,A,206.0,A,,,,,7.0,A,,,6.2,A,,,6.7,A,,,7.1,A,,,6.9,A,,,7.0,A,01467200
2021-09-25 00:00:00+00:00,,,22.1,A,,,21.3,A,21.8,A,,,,,219.0,A,,,199.0,A,208.0,A,,,,,7.3,A,,,6.6,A,,,7.0,A,,,7.2,A,,,6.8,A,,,7.1,A,01467200
2021-09-26 00:00:00+00:00,,,21.4,A,,,20.4,A,21.1,A,,,,,213.0,A,,,188.0,A,200.0,A,,,,,7.5,A,,,7.1,A,,,7.3,A,,,7.2,A,,,7.0,A,,,7.1,A,01467200
2021-09-27 00:00:00+00:00,,,20.9,A,,,19.9,A,20.4,A,,,,,197.0,A,,,173.0,A,186.0,A,,,,,7.7,A,,,7.2,A,,,7.4,A,,,7.2,A,,,7.0,A,,,7.1,A,01467200
2021-09-28 00:00:00+00:00,,,20.3,A,,,19.5,A,19.8,A,,,,,182.0,A,,,135.0,A,167.0,A,,,,,7.7,A,,,7.3,A,,,7.5,A,,,7.1,A,,,6.8,A,,,7.0,A,01467200
2021-09-29 00:00:00+00:00,,,19.9,A,,,19.1,A,19.4,A,,,,,178.0,A,,,145.0,A,157.0,A,,,,,7.6,A,,,7.2,A,,,7.4,A,,,7.1,A,,,6.9,A,,,6.9,A,01467200
2021-09-30 00:00:00+00:00,,,19.4,A,,,18.8,A,19.1,A,,,,,165.0,A,,,146.0,A,153.0,A,,,,,7.6,A,,,7.2,A,,,7.4,A,,,7.0,A,,,6.8,A,,,6.9,A,01467200
2021-10-01 00:00:00+00:00,,,19.2,A,,,18.5,A,18.8,A,,,,,171.0,A,,,148.0,A,156.0,A,,,,,7.7,A,,,7.2,A,,,7.5,A,,,7.0,A,,,6.8,A,,,6.9,A,01467200
2021-10-02 00:00:00+00:00,,,19.0,A,,,18.4,A,18.7,A,,,,,167.0,A,,,153.0,A,159.0,A,,,,,7.8,A,,,7.2,A,,,7.5,A,,,7.0,A,,,6.8,A,,,6.9,A,01467200
2021-10-03 00:00:00+00:00,,,19.2,A,,,18.5,A,18.8,A,,,,,172.0,A,,,159.0,A,165.0,A,,,,,7.7,A,,,7.1,A,,,7.5,A,,,7.0,A,,,6.9,A,,,6.9,A,01467200
2021-10-04 00:00:00+00:00,,,19.4,A,,,18.7,A,19.0,A,,,,,178.0,A,,,166.0,A,173.0,A,,,,,7.7,A,,,7.0,A,,,7.4,A,,,7.0,A,,,6.8,A,,,6.9,A,01467200
2021-10-05 00:00:00+00:00,,,19.4,A,,,18.8,A,19.1,A,,,,,190.0,A,,,171.0,A,181.0,A,,,,,7.7,A,,,7.0,A,,,7.3,A,,,7.1,A,,,6.8,A,,,6.9,A,01467200
2021-10-06 00:00:00+00:00,,,19.3,A,,,18.5,A,18.9,A,,,,,190.0,A,,,180.0,A,185.0,A,,,,,7.9,A,,,7.0,A,,,7.4,A,,,7.1,A,,,6.8,A,,,7.0,A,01467200
2021-10-07 00:00:00+00:00,,,19.3,A,,,18.3,A,18.7,A,,,,,197.0,A,,,185.0,A,190.0,A,,,,,8.0,A,,,7.0,A,,,7.6,A,,,7.1,A,,,6.9,A,,,7.0,A,01467200
2021-10-08 00:00:00+00:00,,,19.1,A,,,18.4,A,18.7,A,,,,,201.0,A,,,191.0,A,196.0,A,,,,,8.0,A,,,7.2,A,,,7.7,A,,,7.1,A,,,6.9,A,,,7.0,A,01467200
2021-10-09 00:00:00+00:00,,,19.0,A,,,18.4,A,18.7,A,,,,,204.0,A,,,197.0,A,201.0,A,,,,,8.1,A,,,7.2,A,,,7.7,A,,,7.2,A,,,6.9,A,,,7.0,A,01467200
2021-10-10 00:00:00+00:00,,,18.9,A,,,18.3,A,18.6,A,,,,,206.0,A,,,194.0,A,202.0,A,,,,,8.2,A,,,7.4,A,,,7.8,A,,,7.2,A,,,6.9,A,,,7.0,A,01467200
2021-10-11 00:00:00+00:00,,,18.7,A,,,18.2,A,18.5,A,,,,,208.0,A,,,182.0,A,199.0,A,,,,,8.2,A,,,7.6,A,,,7.9,A,,,7.1,A,,,6.9,A,,,7.1,A,01467200
2021-10-12 00:00:00+00:00,,,18.6,A,,,18.2,A,18.4,A,,,,,207.0,A,,,173.0,A,191.0,A,,,,,8.1,A,,,7.5,A,,,7.9,A,,,7.1,A,,,6.9,A,,,7.0,A,01467200
2021-10-13 00:00:00+00:00,,,18.7,A,,,18.2,A,18.4,A,,,,,202.0,A,,,176.0,A,187.0,A,,,,,8.0,A,,,7.4,A,,,7.7,A,,,7.1,A,,,6.9,A,,,7.0,A,01467200
2021-10-14 00:00:00+00:00,,,18.8,A,,,18.3,A,18.5,A,,,,,200.0,A,,,177.0,A,186.0,A,,,,,7.8,A,,,7.2,A,,,7.6,A,,,7.1,A,,,6.9,A,,,7.0,A,01467200
2021-10-15 00:00:00+00:00,,,19.0,A,,,18.6,A,18.8,A,,,,,204.0,A,,,176.0,A,188.0,A,,,,,7.7,A,,,7.0,A,,,7.4,A,,,7.0,A,,,6.9,A,,,7.0,A,01467200
2021-10-16 00:00:00+00:00,,,19.2,A,,,18.9,A,19.0,A,,,,,201.0,A,,,181.0,A,190.0,A,,,,,7.6,A,,,7.0,A,,,7.3,A,,,7.1,A,,,6.9,A,,,7.0,A,01467200
2021-10-17 00:00:00+00:00,,,19.1,A,,,18.7,A,18.9,A,,,,,198.0,A,,,182.0,A,190.0,A,,,,,7.6,A,,,7.0,A,,,7.3,A,,,7.0,A,,,6.8,A,,,7.0,A,01467200
2021-10-18 00:00:00+00:00,,,18.7,A,,,18.2,A,18.5,A,,,,,200.0,A,,,184.0,A,192.0,A,,,,,7.7,A,,,7.0,A,,,7.3,A,,,7.1,A,,,6.8,A,,,7.0,A,01467200
2021-10-19 00:00:00+00:00,,,18.2,A,,,17.8,A,18.0,A,,,,,205.0,A,,,190.0,A,196.0,A,,,,,7.8,A,,,7.0,A,,,7.4,A,,,7.1,A,,,6.9,A,,,7.0,A,01467200
2021-10-20 00:00:00+00:00,,,18.0,A,,,17.6,A,17.8,A,,,,,203.0,A,,,194.0,A,199.0,A,,,,,7.9,A,,,7.0,A,,,7.5,A,,,7.1,A,,,6.9,A,,,7.0,A,01467200
2021-10-21 00:00:00+00:00,,,18.0,A,,,17.6,A,17.8,A,,,,,209.0,A,,,199.0,A,205.0,A,,,,,7.9,A,,,7.1,A,,,7.5,A,,,7.1,A,,,6.9,A,,,7.0,A,01467200
2021-10-22 00:00:00+00:00,,,18.0,A,,,17.6,A,17.8,A,,,,,218.0,A,,,206.0,A,211.0,A,,,,,7.9,A,,,7.0,A,,,7.5,A,,,7.2,A,,,7.0,A,,,7.0,A,01467200
2021-10-23 00:00:00+00:00,,,17.9,A,,,17.5,A,17.7,A,,,,,224.0,A,,,210.0,A,217.0,A,,,,,7.9,A,,,6.9,A,,,7.4,A,,,7.2,A,,,6.9,A,,,7.0,A,01467200
2021-10-24 00:00:00+00:00,,,17.6,A,,,17.2,A,17.5,A,,,,,226.0,A,,,218.0,A,222.0,A,,,,,7.8,A,,,7.0,A,,,7.4,A,,,7.2,A,,,6.9,A,,,7.1,A,01467200
2021-10-25 00:00:00+00:00,,,17.6,A,,,17.2,A,17.4,A,,,,,230.0,A,,,223.0,A,226.0,A,,,,,7.8,A,,,6.9,A,,,7.4,A,,,7.2,A,,,6.9,A,,,7.1,A,01467200
2021-10-26 00:00:00+00:00,,,17.5,A,,,16.7,A,17.3,A,,,,,230.0,A,,,225.0,A,227.0,A,,,,,7.8,A,,,7.1,A,,,7.4,A,,,7.2,A,,,7.0,A,,,7.1,A,01467200
2021-10-27 00:00:00+00:00,,,16.9,A,,,15.8,A,16.5,A,,,,,229.0,A,,,217.0,A,222.0,A,,,,,8.9,A,,,7.5,A,,,8.1,A,,,7.3,A,,,7.0,A,,,7.2,A,01467200
2021-10-28 00:00:00+00:00,,,15.8,A,,,14.1,A,14.9,A,,,,,227.0,A,,,132.0,A,195.0,A,,,,,9.3,A,,,8.8,A,,,9.0,A,,,7.4,A,,,7.0,A,,,7.3,"A, [4]",01467200
2021-10-29 00:00:00+00:00,,,14.4,A,,,13.7,A,13.9,A,,,,,140.0,A,,,94.0,A,113.0,A,,,,,9.1,A,,,8.7,A,,,8.8,A,,,7.0,A,,,6.7,A,,,6.9,A,01467200
2021-10-30 00:00:00+00:00,,,14.0,A,,,13.8,A,13.9,A,,,,,113.0,A,,,98.0,A,103.0,A,,,,,9.1,A,,,8.8,A,,,8.9,A,,,7.0,A,,,6.7,A,,,6.9,A,01467200
2021-10-31 00:00:00+00:00,,,13.9,A,,,13.8,A,13.9,A,,,,,125.0,A,,,100.0,A,113.0,A,,,,,9.1,A,,,8.9,A,,,9.0,A,,,7.0,A,,,6.7,A,,,6.9,A,01467200
2021-11-01 00:00:00+00:00,,,13.8,A,,,13.6,A,13.7,A,,,,,138.0,A,,,117.0,A,132.0,A,,,,,9.2,A,,,9.0,A,,,9.1,A,,,7.1,A,,,6.8,A,,,7.0,A,01467200
2021-11-02 00:00:00+00:00,,,13.7,A,,,13.3,A,13.5,A,,,,,150.0,A,,,132.0,A,142.0,A,,,,,9.1,A,,,8.8,A,,,9.0,A,,,7.1,A,,,6.9,A,,,7.0,A,01467200
2021-11-03 00:00:00+00:00,,,13.4,A,,,12.9,A,13.1,A,,,,,154.0,A,,,142.0,A,150.0,A,,,,,9.2,A,,,8.8,A,,,9.0,A,,,7.1,A,,,6.9,A,,,7.0,A,01467200
2021-11-04 00:00:00+00:00,,,13.1,A,,,12.6,A,12.8,A,,,,,162.0,A,,,151.0,A,157.0,A,,,,,9.4,A,,,8.8,A,,,9.1,A,,,7.2,A,,,6.9,A,,,7.1,A,01467200
2021-11-05 00:00:00+00:00,,,12.8,A,,,12.1,A,12.5,A,,,,,168.0,A,,,160.0,A,164.0,A,,,,,9.4,A,,,8.9,A,,,9.1,A,,,7.1,A,,,7.0,A,,,7.1,A,01467200
2021-11-06 00:00:00+00:00,,,12.5,A,,,11.7,A,12.2,A,,,,,172.0,A,,,164.0,A,168.0,A,,,,,9.6,A,,,9.0,A,,,9.2,A,,,7.1,A,,,7.0,A,,,7.1,A,01467200
2021-11-07 00:00:00+00:00,,,12.1,A,,,11.3,A,11.8,A,,,,,175.0,A,,,166.0,A,171.0,A,,,,,9.7,A,,,9.1,A,,,9.4,A,,,7.2,A,,,7.0,A,,,7.1,A,01467200
2021-11-08 00:00:00+00:00,,,11.8,A,,,11.1,A,11.5,A,,,,,177.0,A,,,170.0,A,174.0,A,,,,,9.8,A,,,9.2,A,,,9.5,A,,,7.2,A,,,6.9,A,,,7.1,A,01467200
2021-11-09 00:00:00+00:00,,,11.7,A,,,10.8,A,11.3,A,,,,,183.0,A,,,174.0,A,178.0,A,,,,,9.9,A,,,9.2,A,,,9.6,A,,,7.2,A,,,7.0,A,,,7.1,A,01467200
2021-11-10 00:00:00+00:00,,,11.4,A,,,10.6,A,11.0,A,,,,,188.0,A,,,180.0,A,183.0,A,,,,,10.1,A,,,9.4,A,,,9.7,A,,,7.2,A,,,7.0,A,,,7.1,A,01467200
2021-11-11 00:00:00+00:00,,,11.3,A,,,10.3,A,10.7,A,,,,,192.0,A,,,184.0,A,188.0,A,,,,,10.3,A,,,9.5,A,,,9.9,A,,,7.2,A,,,7.0,A,,,7.2,A,01467200
2021-11-12 00:00:00+00:00,,,11.3,A,,,10.3,A,10.7,A,,,,,199.0,A,,,190.0,A,194.0,A,,,,,10.3,A,,,9.7,A,,,10.0,A,,,7.2,A,,,7.1,A,,,7.2,A,01467200
2021-11-13 00:00:00+00:00,,,11.0,A,,,9.9,A,10.3,A,,,,,201.0,A,,,193.0,A,198.0,A,,,,,10.6,A,,,9.8,A,,,10.2,A,,,7.3,A,,,7.0,A,,,7.2,A,01467200
2021-11-14 00:00:00+00:00,,,9.9,A,,,9.6,A,9.7,A,,,,,227.0,A,,,197.0,A,206.0,A,,,,,10.8,A,,,10.4,A,,,10.6,A,,,7.3,A,,,7.2,A,,,7.3,A,01467200
2021-11-15 00:00:00+00:00,,,9.9,A,,,9.6,A,9.7,A,,,,,208.0,A,,,198.0,A,204.0,A,,,,,10.8,A,,,10.6,A,,,10.7,A,,,7.4,A,,,7.3,A,,,7.4,A,01467200
2021-11-16 00:00:00+00:00,,,9.8,A,,,9.5,A,9.7,A,,,,,204.0,A,,,186.0,A,200.0,A,,,,,10.7,A,,,10.6,A,,,10.6,A,,,7.4,A,,,7.3,A,,,7.4,A,01467200
2021-11-17 00:00:00+00:00,,,9.6,A,,,9.1,A,9.4,A,,,,,203.0,A,,,162.0,A,183.0,A,,,,,10.7,A,,,10.5,A,,,10.6,A,,,7.4,A,,,7.2,A,,,7.3,A,01467200
2021-11-18 00:00:00+00:00,,,9.5,A,,,9.0,A,9.3,A,,,,,189.0,A,,,151.0,A,168.0,A,,,,,10.7,A,,,10.4,A,,,10.6,A,,,7.4,A,,,7.1,A,,,7.3,A,01467200
2021-11-19 00:00:00+00:00,,,9.4,A,,,8.5,A,8.9,"A, [4]",,,,,168.0,A,,,147.0,A,154.0,"A, [4]",,,,,11.1,A,,,10.5,A,,,10.7,"A, [4]",,,7.3,A,,,7.1,A,,,7.2,"A, [4]",01467200
2021-11-20 00:00:00+00:00,,,8.9,A,,,8.3,A,8.5,A,,,,,167.0,A,,,147.0,A,154.0,A,,,,,11.2,A,,,10.6,A,,,10.9,A,,,7.3,A,,,7.2,A,,,7.2,A,01467200
2021-11-21 00:00:00+00:00,,,8.6,A,,,8.2,A,8.4,A,,,,,163.0,A,,,151.0,A,157.0,A,,,,,11.2,A,,,10.7,A,,,10.9,A,,,7.3,A,,,7.1,A,,,7.2,A,01467200
2021-11-22 00:00:00+00:00,,,8.5,A,,,8.1,A,8.3,A,,,,,162.0,A,,,155.0,A,160.0,A,,,,,11.2,A,,,10.8,A,,,11.0,A,,,7.3,A,,,7.1,A,,,7.2,A,01467200
2021-11-23 00:00:00+00:00,,,8.1,A,,,7.8,A,8.0,A,,,,,168.0,A,,,158.0,A,162.0,A,,,,,11.2,A,,,11.0,A,,,11.1,A,,,7.3,A,,,7.1,A,,,7.2,A,01467200
2021-11-24 00:00:00+00:00,,,7.9,A,,,7.6,A,7.8,A,,,,,174.0,A,,,164.0,A,168.0,A,,,,,11.3,A,,,11.0,A,,,11.1,A,,,7.3,A,,,7.1,A,,,7.2,A,01467200
2021-11-25 00:00:00+00:00,,,7.7,A,,,7.4,A,7.6,A,,,,,180.0,A,,,170.0,A,174.0,A,,,,,11.4,A,,,11.0,A,,,11.2,A,,,7.3,A,,,7.1,A,,,7.2,A,01467200
2021-11-26 00:00:00+00:00,,,7.6,A,,,7.2,A,7.4,A,,,,,184.0,A,,,176.0,A,179.0,A,,,,,11.4,A,,,11.1,A,,,11.3,A,,,7.4,A,,,7.2,A,,,7.3,A,01467200
2021-11-27 00:00:00+00:00,,,7.2,A,,,6.9,A,7.1,A,,,,,184.0,A,,,179.0,A,181.0,A,,,,,11.5,A,,,11.3,A,,,11.4,A,,,7.4,A,,,7.2,A,,,7.3,A,01467200
2021-11-28 00:00:00+00:00,,,7.0,A,,,6.7,A,6.9,A,,,,,188.0,A,,,182.0,A,185.0,A,,,,,11.6,A,,,11.3,A,,,11.4,A,,,7.4,A,,,7.3,A,,,7.3,A,01467200
2021-11-29 00:00:00+00:00,,,6.9,A,,,6.4,A,6.7,A,,,,,191.0,A,,,185.0,A,190.0,A,,,,,11.8,A,,,11.3,A,,,11.5,A,,,7.4,A,,,7.2,A,,,7.3,A,01467200
2021-11-30 00:00:00+00:00,,,6.7,A,,,6.1,A,6.4,A,,,,,196.0,A,,,188.0,A,193.0,A,,,,,11.8,A,,,11.3,A,,,11.5,A,,,7.4,A,,,7.2,A,,,7.3,A,01467200
2021-12-01 00:00:00+00:00,,,6.5,A,,,5.9,A,6.2,A,,,,,199.0,A,,,191.0,A,196.0,A,,,,,11.9,A,,,11.4,A,,,11.6,A,,,7.4,A,,,7.3,A,,,7.3,A,01467200
2021-12-02 00:00:00+00:00,,,6.4,A,,,5.9,A,6.2,A,,,,,203.0,A,,,193.0,A,198.0,A,,,,,11.9,A,,,11.4,A,,,11.6,A,,,7.4,A,,,7.2,A,,,7.3,A,01467200
2021-12-03 00:00:00+00:00,,,6.4,A,,,5.8,A,6.1,A,,,,,204.0,A,,,195.0,A,200.0,A,,,,,12.0,A,,,11.5,A,,,11.7,A,,,7.4,A,,,7.2,A,,,7.3,A,01467200
2021-12-04 00:00:00+00:00,,,6.3,A,,,5.7,A,6.1,A,,,,,208.0,A,,,195.0,A,202.0,A,,,,,12.1,A,,,11.5,A,,,11.7,A,,,7.4,A,,,7.2,A,,,7.3,A,01467200
2021-12-05 00:00:00+00:00,,,6.3,A,,,5.7,A,6.0,A,,,,,212.0,A,,,199.0,A,204.0,A,,,,,12.0,A,,,11.5,A,,,11.7,A,,,7.4,A,,,7.3,A,,,7.3,A,01467200
2021-12-06 00:00:00+00:00,,,6.5,A,,,5.8,A,6.2,A,,,,,218.0,A,,,199.0,A,209.0,A,,,,,12.0,A,,,11.5,A,,,11.7,A,,,7.4,A,,,7.3,A,,,7.4,A,01467200
2021-12-07 00:00:00+00:00,,,6.3,A,,,5.8,A,6.0,A,,,,,218.0,A,,,204.0,A,211.0,A,,,,,12.1,A,,,11.6,A,,,11.9,A,,,7.5,A,,,7.3,A,,,7.4,A,01467200
2021-12-08 00:00:00+00:00,,,6.1,A,,,5.7,A,5.9,A,,,,,223.0,A,,,211.0,A,216.0,A,,,,,12.2,A,,,11.6,A,,,11.8,A,,,7.5,A,,,7.3,A,,,7.4,A,01467200
2021-12-09 00:00:00+00:00,,,6.0,A,,,5.7,A,5.8,A,,,,,226.0,A,,,214.0,A,218.0,A,,,,,12.1,A,,,11.6,A,,,11.9,A,,,7.5,A,,,7.3,A,,,7.4,A,01467200
2021-12-10 00:00:00+00:00,,,5.9,A,,,5.6,A,5.8,A,,,,,226.0,A,,,216.0,A,221.0,A,,,,,12.0,A,,,11.6,A,,,11.8,A,,,7.5,A,,,7.3,A,,,7.4,A,01467200
2021-12-11 00:00:00+00:00,,,6.2,A,,,5.7,A,,,,,,,227.0,A,,,218.0,A,,,,,,,12.0,A,,,11.7,A,,,,,,,7.5,A,,,7.4,A,,,,,01467200
2021-12-14 00:00:00+00:00,,,6.3,A,,,6.1,A,6.2,A,,,,,228.0,A,,,219.0,A,224.0,A,,,,,12.1,A,,,11.7,A,,,11.9,A,,,7.5,A,,,7.4,A,,,7.5,A,01467200
2021-12-15 00:00:00+00:00,,,6.3,A,,,6.1,A,6.2,A,,,,,235.0,A,,,219.0,A,226.0,A,,,,,12.1,A,,,11.6,A,,,11.8,A,,,7.5,A,,,7.4,A,,,7.4,A,01467200
2021-12-16 00:00:00+00:00,,,6.5,A,,,6.3,A,6.4,A,,,,,233.0,A,,,224.0,A,229.0,A,,,,,12.0,A,,,11.6,A,,,11.8,A,,,7.5,A,,,7.4,A,,,7.4,A,01467200
2021-12-17 00:00:00+00:00,,,6.6,A,,,6.3,A,6.5,A,,,,,233.0,A,,,223.0,A,230.0,A,,,,,12.2,A,,,11.6,A,,,11.9,A,,,7.5,A,,,7.4,A,,,7.4,A,01467200
2021-12-18 00:00:00+00:00,,,6.7,A,,,6.4,A,6.5,A,,,,,240.0,A,,,222.0,A,231.0,A,,,,,12.2,A,,,11.6,A,,,11.8,A,,,7.5,A,,,7.4,A,,,7.4,A,01467200
2021-12-19 00:00:00+00:00,,,6.7,A,,,6.4,A,6.6,A,,,,,236.0,A,,,222.0,A,231.0,A,,,,,12.1,A,,,11.6,A,,,11.8,A,,,7.5,A,,,7.4,A,,,7.4,A,01467200
2021-12-20 00:00:00+00:00,,,6.4,A,,,6.2,A,6.3,A,,,,,244.0,A,,,223.0,A,232.0,A,,,,,12.0,A,,,11.6,A,,,11.8,A,,,7.5,A,,,7.4,A,,,7.5,A,01467200
2021-12-21 00:00:00+00:00,,,6.3,A,,,5.9,A,6.1,A,,,,,244.0,A,,,221.0,A,233.0,A,,,,,12.2,A,,,11.6,A,,,11.8,A,,,7.5,A,,,7.4,A,,,7.5,A,01467200
2021-12-22 00:00:00+00:00,,,6.2,A,,,5.7,A,6.0,A,,,,,240.0,A,,,222.0,A,232.0,A,,,,,12.2,A,,,11.6,A,,,11.9,A,,,7.5,A,,,7.4,A,,,7.5,A,01467200
2021-12-23 00:00:00+00:00,,,5.9,A,,,5.5,A,5.7,A,,,,,241.0,A,,,218.0,A,229.0,A,,,,,12.3,A,,,11.8,A,,,12.0,A,,,7.6,A,,,7.4,A,,,7.5,A,01467200
2021-12-24 00:00:00+00:00,,,5.8,A,,,5.4,A,5.6,A,,,,,241.0,A,,,218.0,A,229.0,A,,,,,12.3,A,,,11.8,A,,,12.0,A,,,7.6,A,,,7.4,A,,,7.5,A,01467200
2021-12-25 00:00:00+00:00,,,5.7,A,,,5.4,A,5.6,A,,,,,240.0,A,,,216.0,A,229.0,A,,,,,12.3,A,,,11.8,A,,,12.0,A,,,7.6,A,,,7.4,A,,,7.5,A,01467200
2021-12-30 00:00:00+00:00,,,5.8,A,,,5.0,A,5.5,A,,,,,243.0,A,,,219.0,A,231.0,A,,,,,12.5,A,,,11.7,A,,,12.0,A,,,7.6,A,,,7.4,A,,,7.5,A,01467200
2021-12-31 00:00:00+00:00,,,5.8,A,,,5.0,A,5.4,A,,,,,244.0,A,,,221.0,A,230.0,A,,,,,12.6,A,,,11.7,A,,,12.1,A,,,7.6,A,,,7.4,A,,,7.5,A,01467200
2022-01-01 00:00:00+00:00,,,5.7,A,,,4.9,A,5.4,"A, [4]",,,,,241.0,A,,,219.0,A,229.0,"A, [4]",,,,,12.8,A,,,11.8,A,,,12.2,"A, [4]",,,7.6,A,,,7.4,A,,,7.5,"A, [4]",01467200
2022-01-04 00:00:00+00:00,,,5.2,A,,,4.9,A,5.0,A,,,,,242.0,A,,,218.0,A,227.0,A,,,,,12.6,A,,,12.2,A,,,12.4,A,,,7.6,A,,,7.5,A,,,7.5,A,01467200
2022-01-05 00:00:00+00:00,,,5.1,A,,,4.8,A,4.9,A,,,,,239.0,A,,,222.0,A,231.0,A,,,,,12.5,A,,,12.1,A,,,12.3,A,,,7.6,A,,,7.5,A,,,7.5,A,01467200
2022-01-06 00:00:00+00:00,,,5.2,A,,,4.9,A,5.0,A,,,,,238.0,A,,,228.0,A,233.0,A,,,,,12.3,A,,,11.9,A,,,12.1,A,,,7.6,A,,,7.4,A,,,7.5,A,01467200
2022-01-07 00:00:00+00:00,,,5.3,A,,,4.8,A,5.0,A,,,,,245.0,A,,,224.0,A,234.0,A,,,,,12.1,A,,,11.8,A,,,12.0,A,,,7.5,A,,,7.4,A,,,7.5,A,01467200
2022-01-08 00:00:00+00:00,,,5.1,A,,,4.5,A,4.8,A,,,,,250.0,A,,,231.0,A,242.0,A,,,,,12.0,A,,,11.7,A,,,11.9,A,,,7.5,A,,,7.4,A,,,7.5,A,01467200
2022-01-09 00:00:00+00:00,,,4.8,A,,,4.5,A,4.6,A,,,,,250.0,A,,,232.0,A,243.0,A,,,,,12.0,A,,,11.7,A,,,11.8,A,,,7.5,A,,,7.4,A,,,7.5,A,01467200
2022-01-10 00:00:00+00:00,,,4.8,A,,,4.2,A,4.5,A,,,,,253.0,A,,,236.0,A,245.0,A,,,,,12.2,A,,,11.7,A,,,11.8,A,,,7.5,A,,,7.4,A,,,7.5,A,01467200
2022-01-11 00:00:00+00:00,,,4.3,A,,,3.4,A,3.9,A,,,,,257.0,A,,,235.0,A,246.0,A,,,,,12.6,A,,,11.9,A,,,12.1,A,,,7.5,A,,,7.4,A,,,7.5,A,01467200
2022-01-12 00:00:00+00:00,,,3.8,A,,,3.1,A,3.5,A,,,,,263.0,A,,,238.0,A,249.0,A,,,,,12.7,A,,,12.1,A,,,12.3,A,,,7.5,A,,,7.4,A,,,7.5,A,01467200
2022-01-13 00:00:00+00:00,,,3.5,A,,,2.6,A,3.2,A,,,,,258.0,A,,,240.0,A,248.0,A,,,,,13.0,A,,,12.1,A,,,12.5,A,,,7.6,A,,,7.4,A,,,7.5,A,01467200
2022-01-14 00:00:00+00:00,,,3.5,A,,,2.6,A,3.1,A,,,,,264.0,A,,,244.0,A,253.0,A,,,,,13.0,A,,,12.2,A,,,12.6,A,,,7.5,A,,,7.4,A,,,7.5,A,01467200
2022-01-15 00:00:00+00:00,,,3.2,A,,,1.9,A,2.6,A,,,,,264.0,A,,,249.0,A,255.0,A,,,,,13.3,A,,,12.5,A,,,12.9,A,,,7.6,A,,,7.5,A,,,7.5,A,01467200
2022-01-16 00:00:00+00:00,,,2.6,A,,,1.3,A,2.0,A,,,,,273.0,A,,,252.0,A,260.0,A,,,,,13.6,A,,,12.6,A,,,13.1,A,,,7.6,A,,,7.5,A,,,7.5,A,01467200
2022-01-17 00:00:00+00:00,,,2.4,A,,,1.0,A,2.0,A,,,,,296.0,A,,,264.0,A,283.0,A,,,,,13.8,A,,,12.8,A,,,13.1,A,,,7.6,A,,,7.5,A,,,7.5,A,01467200
2022-01-18 00:00:00+00:00,,,1.5,A,,,0.7,A,1.1,A,,,,,309.0,A,,,284.0,A,297.0,A,,,,,14.0,A,,,13.3,A,,,13.7,A,,,7.6,A,,,7.5,A,,,7.5,A,01467200
2022-01-19 00:00:00+00:00,,,1.3,A,,,0.6,A,1.0,A,,,,,314.0,A,,,303.0,A,309.0,A,,,,,14.0,A,,,13.4,A,,,13.7,A,,,7.6,A,,,7.5,A,,,7.5,A,01467200
2022-01-20 00:00:00+00:00,,,1.4,A,,,0.8,A,1.1,A,,,,,323.0,A,,,308.0,A,316.0,A,,,,,13.9,A,,,13.5,A,,,13.7,A,,,7.6,A,,,7.5,A,,,7.5,A,01467200
2022-01-21 00:00:00+00:00,,,1.0,A,,,0.6,A,0.8,A,,,,,331.0,A,,,307.0,A,319.0,A,,,,,13.9,A,,,13.6,A,,,13.8,A,,,7.5,A,,,7.4,A,,,7.5,A,01467200
2022-01-22 00:00:00+00:00,,,0.8,A,,,0.4,A,0.6,A,,,,,334.0,A,,,306.0,A,321.0,A,,,,,14.0,A,,,13.6,A,,,13.8,A,,,7.5,A,,,7.4,A,,,7.5,A,01467200
2022-01-23 00:00:00+00:00,,,0.8,A,,,0.5,A,0.6,A,,,,,336.0,A,,,308.0,A,322.0,A,,,,,13.9,A,,,13.5,A,,,13.7,A,,,7.5,A,,,7.4,A,,,7.5,A,01467200
2022-01-24 00:00:00+00:00,,,0.9,A,,,0.5,A,0.7,A,,,,,334.0,A,,,305.0,A,321.0,A,,,,,13.8,A,,,13.4,A,,,13.6,A,,,7.5,A,,,7.4,A,,,7.5,A,01467200
2022-01-25 00:00:00+00:00,,,1.0,A,,,0.6,A,0.8,A,,,,,336.0,A,,,309.0,A,322.0,A,,,,,13.7,A,,,13.4,A,,,13.5,A,,,7.5,A,,,7.4,A,,,7.5,A,01467200
2022-01-26 00:00:00+00:00,,,0.8,A,,,0.6,A,0.7,A,,,,,330.0,A,,,314.0,A,323.0,A,,,,,13.6,A,,,13.4,A,,,13.5,A,,,7.5,A,,,7.4,A,,,7.5,A,01467200
2022-01-27 00:00:00+00:00,,,0.8,A,,,0.4,A,0.6,A,,,,,338.0,A,,,322.0,A,331.0,A,,,,,13.5,A,,,13.3,A,,,13.4,A,,,7.5,A,,,7.4,A,,,7.4,A,01467200
2022-01-28 00:00:00+00:00,,,0.8,A,,,0.6,A,0.7,A,,,,,346.0,A,,,330.0,A,338.0,A,,,,,13.5,A,,,13.3,A,,,13.4,A,,,7.5,A,,,7.4,A,,,7.4,A,01467200
2022-01-29 00:00:00+00:00,,,0.7,A,,,0.4,A,0.5,A,,,,,361.0,A,,,339.0,A,350.0,A,,,,,13.6,A,,,13.3,A,,,13.4,A,,,7.5,A,,,7.4,A,,,7.5,A,01467200
2022-01-30 00:00:00+00:00,,,0.4,A,,,0.2,A,0.3,A,,,,,372.0,A,,,353.0,A,363.0,A,,,,,13.6,A,,,13.4,A,,,13.5,A,,,7.5,A,,,7.4,A,,,7.5,A,01467200
2022-01-31 00:00:00+00:00,,,0.4,A,,,0.1,A,0.3,A,,,,,382.0,A,,,362.0,A,372.0,A,,,,,13.7,A,,,13.3,A,,,13.5,A,,,7.5,A,,,7.4,A,,,7.5,A,01467200
2022-02-01 00:00:00+00:00,,,0.4,A,,,0.2,A,0.3,A,,,,,387.0,A,,,372.0,A,379.0,A,,,,,13.7,A,,,13.3,A,,,13.4,A,,,7.5,A,,,7.4,A,,,7.5,A,01467200
2022-02-02 00:00:00+00:00,,,0.5,A,,,0.2,A,0.3,A,,,,,391.0,A,,,374.0,A,384.0,A,,,,,13.6,A,,,13.2,A,,,13.4,A,,,7.5,A,,,7.4,A,,,7.5,A,01467200
2022-02-03 00:00:00+00:00,,,0.7,A,,,0.3,A,0.5,A,,,,,402.0,A,,,373.0,A,390.0,A,,,,,13.6,A,,,13.1,A,,,13.3,A,,,7.5,A,,,7.4,A,,,7.5,A,01467200
2022-02-08 00:00:00+00:00,,,1.7,A,,,1.4,A,1.6,A,,,,,361.0,A,,,297.0,A,330.0,A,,,,,13.5,A,,,13.2,A,,,13.3,A,,,7.5,A,,,7.4,A,,,7.5,A,01467200
2022-02-09 00:00:00+00:00,,,1.7,A,,,1.0,A,1.4,A,,,,,330.0,A,,,265.0,A,297.0,A,,,,,13.8,A,,,13.2,A,,,13.5,A,,,7.5,A,,,7.4,A,,,7.4,A,01467200
2022-02-10 00:00:00+00:00,,,1.7,A,,,1.1,A,1.5,A,,,,,310.0,A,,,258.0,A,281.0,A,,,,,13.9,A,,,13.2,A,,,13.6,A,,,7.4,A,,,7.3,A,,,7.4,A,01467200
2022-02-11 00:00:00+00:00,,,1.9,A,,,1.4,A,1.7,A,,,,,297.0,A,,,251.0,A,271.0,A,,,,,13.9,A,,,13.2,A,,,13.6,A,,,7.4,A,,,7.3,A,,,7.4,A,01467200
2022-02-12 00:00:00+00:00,,,2.5,A,,,1.8,A,2.1,A,,,,,285.0,A,,,252.0,A,265.0,A,,,,,13.8,A,,,13.3,A,,,13.6,A,,,7.4,A,,,7.3,A,,,7.4,A,01467200
2022-02-13 00:00:00+00:00,,,2.7,A,,,2.2,A,2.4,A,,,,,276.0,A,,,253.0,A,264.0,A,,,,,13.6,A,,,13.3,A,,,13.5,A,,,7.5,A,,,7.3,A,,,7.4,A,01467200
2022-02-14 00:00:00+00:00,,,2.8,A,,,2.3,A,2.5,A,,,,,277.0,A,,,262.0,A,269.0,A,,,,,13.4,A,,,13.2,A,,,13.3,A,,,7.5,A,,,7.3,A,,,7.4,A,01467200
2022-02-15 00:00:00+00:00,,,2.9,A,,,2.4,A,2.6,A,,,,,274.0,A,,,255.0,A,267.0,A,,,,,13.4,A,,,13.2,A,,,13.3,A,,,7.5,A,,,7.3,A,,,7.4,A,01467200
2022-02-16 00:00:00+00:00,,,3.1,A,,,2.5,A,2.7,A,,,,,279.0,A,,,257.0,A,268.0,A,,,,,13.2,A,,,13.1,A,,,13.2,A,,,7.5,A,,,7.4,A,,,7.4,A,01467200
2022-02-17 00:00:00+00:00,,,3.7,A,,,2.8,A,3.2,A,,,,,280.0,A,,,260.0,A,270.0,A,,,,,13.1,A,,,13.0,A,,,13.1,A,,,7.5,A,,,7.4,A,,,7.4,A,01467200
2022-02-18 00:00:00+00:00,,,4.4,A,,,3.5,A,4.0,A,,,,,280.0,A,,,263.0,A,273.0,A,,,,,13.1,A,,,12.7,A,,,12.9,A,,,7.6,A,,,7.4,A,,,7.5,A,01467200
2022-02-19 00:00:00+00:00,,,4.3,A,,,3.9,A,4.1,A,,,,,277.0,A,,,268.0,A,273.0,A,,,,,13.0,A,,,12.7,A,,,12.8,A,,,7.6,A,,,7.4,A,,,7.5,A,01467200
2022-02-20 00:00:00+00:00,,,4.0,A,,,3.2,A,3.7,A,,,,,278.0,A,,,270.0,A,275.0,A,,,,,13.4,A,,,12.7,A,,,13.0,A,,,7.6,A,,,7.5,A,,,7.6,A,01467200
2022-02-21 00:00:00+00:00,,,3.9,A,,,3.2,A,3.5,A,,,,,281.0,A,,,273.0,A,277.0,A,,,,,13.4,A,,,12.8,A,,,13.1,A,,,7.6,A,,,7.5,A,,,7.6,A,01467200
2022-02-22 00:00:00+00:00,,,4.6,A,,,3.6,A,4.0,A,,,,,284.0,A,,,275.0,A,280.0,A,,,,,13.1,A,,,12.7,A,,,12.9,A,,,7.6,A,,,7.5,A,,,7.5,A,01467200
2022-02-23 00:00:00+00:00,,,5.0,A,,,4.2,A,4.6,A,,,,,287.0,A,,,275.0,A,283.0,A,,,,,12.8,A,,,12.6,A,,,12.7,A,,,7.6,A,,,7.5,A,,,7.5,A,01467200
2022-02-24 00:00:00+00:00,,,4.8,A,,,4.0,A,4.5,A,,,,,287.0,A,,,236.0,A,266.0,A,,,,,13.1,A,,,12.5,A,,,12.7,A,,,7.6,A,,,7.5,A,,,7.5,A,01467200
2022-02-25 00:00:00+00:00,,,4.4,A,,,3.7,A,4.1,A,,,,,277.0,A,,,220.0,A,245.0,A,,,,,13.3,A,,,12.5,A,,,12.9,A,,,7.5,A,,,7.4,A,,,7.4,A,01467200
2022-02-26 00:00:00+00:00,,,4.1,A,,,3.6,A,3.8,A,,,,,238.0,A,,,211.0,A,222.0,A,,,,,13.2,A,,,12.8,A,,,13.1,A,,,7.5,A,,,7.3,A,,,7.4,A,01467200
2022-02-27 00:00:00+00:00,,,4.6,A,,,3.8,A,4.2,A,,,,,236.0,A,,,218.0,A,227.0,A,,,,,13.0,A,,,12.7,A,,,12.9,A,,,7.5,A,,,7.4,A,,,7.4,A,01467200
2022-02-28 00:00:00+00:00,,,4.7,A,,,4.3,A,4.5,A,,,,,240.0,A,,,228.0,A,235.0,A,,,,,12.8,A,,,12.6,A,,,12.7,A,,,7.5,A,,,7.4,A,,,7.5,A,01467200
2022-03-01 00:00:00+00:00,,,4.6,A,,,4.4,A,4.5,A,,,,,249.0,A,,,231.0,A,239.0,A,,,,,12.7,A,,,12.5,A,,,12.6,A,,,7.5,A,,,7.4,A,,,7.4,A,01467200
2022-03-02 00:00:00+00:00,,,4.9,A,,,4.3,A,4.6,A,,,,,250.0,A,,,235.0,A,243.0,A,,,,,12.8,A,,,12.4,A,,,12.6,A,,,7.5,A,,,7.3,A,,,7.4,A,01467200
2022-03-03 00:00:00+00:00,,,5.0,A,,,4.3,A,4.6,A,,,,,257.0,A,,,243.0,A,249.0,A,,,,,12.9,A,,,12.4,A,,,12.6,A,,,7.4,A,,,7.3,A,,,7.4,A,01467200
2022-03-04 00:00:00+00:00,,,4.8,A,,,4.1,A,4.5,A,,,,,257.0,A,,,248.0,A,253.0,A,,,,,13.0,A,,,12.4,A,,,12.7,A,,,7.4,A,,,7.3,A,,,7.4,A,01467200
2022-03-05 00:00:00+00:00,,,4.8,A,,,4.2,A,4.5,A,,,,,260.0,A,,,240.0,A,253.0,A,,,,,12.9,A,,,12.4,A,,,12.7,A,,,7.5,A,,,7.3,A,,,7.4,A,01467200
2022-03-06 00:00:00+00:00,,,4.9,A,,,4.4,A,4.7,A,,,,,260.0,A,,,239.0,A,251.0,A,,,,,12.9,A,,,12.4,A,,,12.6,A,,,7.5,A,,,7.3,A,,,7.4,A,01467200
2022-03-07 00:00:00+00:00,,,5.7,A,,,4.8,A,5.2,A,,,,,257.0,A,,,234.0,A,245.0,A,,,,,12.8,A,,,12.4,A,,,12.6,A,,,7.5,A,,,7.3,A,,,7.4,A,01467200
2022-03-08 00:00:00+00:00,,,6.2,A,,,5.6,A,5.8,A,,,,,245.0,A,,,235.0,A,240.0,A,,,,,12.6,A,,,12.4,A,,,12.5,A,,,7.5,A,,,7.4,A,,,7.5,A,01467200
2022-03-09 00:00:00+00:00,,,6.5,A,,,5.9,A,6.1,A,,,,,249.0,A,,,233.0,A,242.0,A,,,,,12.4,A,,,12.0,A,,,12.3,A,,,7.6,A,,,7.4,A,,,7.5,A,01467200
2022-03-10 00:00:00+00:00,,,6.7,A,,,6.1,A,6.4,A,,,,,246.0,A,,,231.0,A,240.0,A,,,,,12.2,A,,,12.0,A,,,12.1,A,,,7.6,A,,,7.4,A,,,7.5,A,01467200
2022-03-11 00:00:00+00:00,,,7.3,A,,,6.5,A,6.8,A,,,,,242.0,A,,,229.0,A,236.0,A,,,,,12.2,A,,,11.9,A,,,12.0,A,,,7.6,A,,,7.4,A,,,7.5,A,01467200
2022-03-12 00:00:00+00:00,,,7.4,A,,,6.9,A,7.2,A,,,,,241.0,A,,,229.0,A,236.0,A,,,,,12.0,A,,,11.6,A,,,11.8,A,,,7.6,A,,,7.4,A,,,7.5,A,01467200
2022-03-13 00:00:00+00:00,,,7.1,A,,,6.2,A,6.6,A,,,,,235.0,A,,,209.0,A,221.0,A,,,,,12.0,A,,,11.6,A,,,11.8,A,,,7.6,A,,,7.5,A,,,7.5,A,01467200
2022-03-14 00:00:00+00:00,,,6.6,A,,,5.8,A,6.3,A,,,,,230.0,A,,,208.0,A,216.0,A,,,,,12.2,A,,,11.6,A,,,11.9,A,,,7.6,A,,,7.4,A,,,7.5,A,01467200
2022-03-15 00:00:00+00:00,,,6.7,A,,,5.8,A,6.3,A,,,,,231.0,A,,,212.0,A,219.0,A,,,,,12.2,A,,,11.7,A,,,11.9,A,,,7.6,A,,,7.4,A,,,7.5,A,01467200
2022-03-16 00:00:00+00:00,,,6.8,A,,,6.0,A,6.4,A,,,,,231.0,A,,,218.0,A,225.0,A,,,,,12.2,A,,,11.7,A,,,12.0,A,,,7.5,A,,,7.4,A,,,7.5,A,01467200
2022-03-17 00:00:00+00:00,,,6.9,A,,,5.9,A,6.4,A,,,,,245.0,A,,,225.0,A,232.0,A,,,,,12.3,A,,,11.8,A,,,12.0,A,,,7.5,A,,,7.4,A,,,7.4,A,01467200
2022-03-18 00:00:00+00:00,,,7.1,A,,,6.2,A,6.6,A,,,,,244.0,A,,,235.0,A,240.0,A,,,,,12.5,A,,,11.7,A,,,12.0,A,,,7.5,A,,,7.4,A,,,7.4,A,01467200
2022-03-19 00:00:00+00:00,,,7.6,A,,,6.6,A,7.0,A,,,,,244.0,A,,,236.0,A,241.0,A,,,,,12.5,A,,,11.8,A,,,12.2,A,,,7.5,A,,,7.4,A,,,7.4,A,01467200
2022-03-20 00:00:00+00:00,,,8.6,A,,,7.3,A,7.8,A,,,,,246.0,A,,,230.0,A,241.0,A,,,,,12.4,A,,,11.8,A,,,12.1,A,,,7.6,A,,,7.4,A,,,7.5,A,01467200
2022-03-21 00:00:00+00:00,,,9.4,A,,,7.8,A,8.5,A,,,,,243.0,A,,,228.0,A,237.0,A,,,,,12.0,A,,,11.4,A,,,11.7,A,,,7.5,A,,,7.4,A,,,7.5,A,01467200
2022-03-22 00:00:00+00:00,,,10.2,A,,,8.6,A,9.3,A,,,,,243.0,A,,,224.0,A,234.0,A,,,,,11.6,A,,,11.1,A,,,11.3,A,,,7.5,A,,,7.4,A,,,7.5,A,01467200
2022-03-23 00:00:00+00:00,,,10.4,A,,,9.2,A,9.9,A,,,,,240.0,A,,,217.0,A,229.0,A,,,,,11.2,A,,,10.8,A,,,11.1,A,,,7.5,A,,,7.4,A,,,7.5,A,01467200
2022-03-24 00:00:00+00:00,,,10.4,A,,,9.6,A,10.1,A,,,,,240.0,A,,,214.0,A,227.0,A,,,,,10.9,A,,,10.5,A,,,10.7,A,,,7.5,A,,,7.4,A,,,7.4,A,01467200
2022-03-25 00:00:00+00:00,,,10.4,A,,,10.0,A,10.3,A,,,,,232.0,A,,,206.0,A,216.0,A,,,,,10.7,A,,,10.4,A,,,10.5,A,,,7.5,A,,,7.3,A,,,7.4,A,01467200
2022-03-26 00:00:00+00:00,,,10.4,A,,,10.2,A,10.3,A,,,,,217.0,A,,,200.0,A,207.0,A,,,,,10.8,A,,,10.4,A,,,10.6,A,,,7.4,A,,,7.4,A,,,7.4,A,01467200
2022-03-27 00:00:00+00:00,,,10.2,A,,,9.4,A,9.8,A,,,,,211.0,A,,,200.0,A,206.0,A,,,,,11.0,A,,,10.6,A,,,10.8,A,,,7.4,A,,,7.4,A,,,7.4,A,01467200
2022-03-28 00:00:00+00:00,,,9.5,A,,,8.3,A,8.8,A,,,,,212.0,A,,,203.0,A,209.0,A,,,,,11.2,A,,,10.8,A,,,11.0,A,,,7.4,A,,,7.4,A,,,7.4,A,01467200
2022-03-29 00:00:00+00:00,,,8.5,A,,,7.7,A,8.0,A,,,,,219.0,A,,,206.0,A,212.0,A,,,,,11.4,A,,,11.0,A,,,11.1,A,,,7.5,A,,,7.4,A,,,7.4,A,01467200
2022-03-30 00:00:00+00:00,,,8.1,A,,,7.4,A,7.7,A,,,,,225.0,A,,,210.0,A,216.0,A,,,,,11.5,A,,,11.0,A,,,11.2,A,,,7.5,A,,,7.4,A,,,7.4,A,01467200
2022-03-31 00:00:00+00:00,,,8.2,A,,,7.3,A,7.8,A,,,,,223.0,A,,,210.0,A,217.0,A,,,,,11.6,A,,,11.0,A,,,11.2,A,,,7.5,A,,,7.4,A,,,7.4,A,01467200
2022-04-01 00:00:00+00:00,,,8.3,A,,,7.5,A,8.0,A,,,,,223.0,A,,,213.0,A,218.0,A,,,,,11.8,A,,,11.1,A,,,11.3,A,,,7.5,A,,,7.4,A,,,7.4,A,01467200
2022-04-02 00:00:00+00:00,,,8.0,A,,,7.1,A,7.6,A,,,,,217.0,A,,,210.0,A,214.0,A,,,,,12.3,A,,,11.3,A,,,11.8,A,,,7.6,A,,,7.4,A,,,7.5,A,01467200
2022-04-03 00:00:00+00:00,,,7.8,A,,,7.0,A,7.4,A,,,,,220.0,A,,,207.0,A,213.0,A,,,,,12.5,A,,,11.6,A,,,12.1,A,,,7.6,A,,,7.5,A,,,7.5,A,01467200
2022-04-04 00:00:00+00:00,,,8.2,A,,,7.2,A,7.6,A,,,,,214.0,A,,,207.0,A,211.0,A,,,,,12.2,A,,,11.5,A,,,12.0,A,,,7.6,A,,,7.5,A,,,7.5,A,01467200
2022-04-05 00:00:00+00:00,,,8.6,A,,,7.7,A,8.2,A,,,,,214.0,A,,,188.0,A,209.0,A,,,,,11.8,A,,,11.3,A,,,11.5,A,,,7.5,A,,,7.4,A,,,7.5,A,01467200
2022-04-06 00:00:00+00:00,,,8.7,A,,,8.2,A,8.6,A,,,,,215.0,A,,,173.0,A,195.0,A,,,,,11.4,A,,,11.0,A,,,11.2,A,,,7.5,A,,,7.3,A,,,7.4,A,01467200
2022-04-07 00:00:00+00:00,,,8.8,A,,,8.4,A,8.5,A,,,,,197.0,A,,,171.0,A,182.0,A,,,,,11.5,A,,,10.9,A,,,11.2,A,,,7.4,A,,,7.3,A,,,7.3,A,01467200
2022-04-08 00:00:00+00:00,,,9.4,A,,,8.5,A,8.9,A,,,,,191.0,A,,,178.0,A,184.0,A,,,,,11.2,A,,,10.8,A,,,11.0,A,,,7.4,A,,,7.3,A,,,7.4,A,01467200
2022-04-09 00:00:00+00:00,,,9.9,A,,,9.4,A,9.5,A,,,,,180.0,A,,,136.0,A,156.0,A,,,,,10.9,A,,,10.5,A,,,10.7,A,,,7.4,A,,,7.2,A,,,7.3,A,01467200
2022-04-10 00:00:00+00:00,,,9.4,A,,,8.9,A,9.1,A,,,,,136.0,A,,,113.0,A,119.0,A,,,,,11.0,A,,,10.6,A,,,10.8,A,,,7.2,A,,,7.1,A,,,7.1,A,01467200
2022-04-11 00:00:00+00:00,,,9.1,A,,,8.6,A,8.9,A,,,,,124.0,A,,,116.0,A,121.0,A,,,,,11.1,A,,,10.8,A,,,11.0,A,,,7.2,A,,,7.1,A,,,7.2,A,01467200
2022-04-12 00:00:00+00:00,,,9.2,A,,,8.8,A,9.1,A,,,,,137.0,A,,,122.0,A,131.0,A,,,,,11.4,A,,,11.0,A,,,11.1,A,,,7.3,A,,,7.2,A,,,7.2,A,01467200
2022-04-13 00:00:00+00:00,,,9.8,A,,,9.1,A,9.5,A,,,,,148.0,A,,,132.0,A,140.0,A,,,,,11.4,A,,,11.1,A,,,11.2,A,,,7.3,A,,,7.2,A,,,7.3,A,01467200
2022-04-14 00:00:00+00:00,,,11.2,A,,,9.8,A,10.4,A,,,,,155.0,A,,,141.0,A,148.0,A,,,,,11.2,A,,,10.9,A,,,11.1,A,,,7.3,A,,,7.2,A,,,7.3,A,01467200
2022-04-15 00:00:00+00:00,,,12.2,A,,,10.7,A,11.4,A,,,,,159.0,A,,,150.0,A,155.0,A,,,,,10.9,A,,,10.6,A,,,10.8,A,,,7.3,A,,,7.2,A,,,7.3,A,01467200
2022-04-16 00:00:00+00:00,,,13.2,A,,,11.5,A,12.3,A,,,,,167.0,A,,,155.0,A,161.0,A,,,,,10.6,A,,,10.3,A,,,10.5,A,,,7.4,A,,,7.2,A,,,7.3,A,01467200
2022-04-17 00:00:00+00:00,,,13.6,A,,,12.4,A,13.0,A,,,,,174.0,A,,,163.0,A,170.0,A,,,,,10.3,A,,,9.9,A,,,10.1,A,,,7.4,A,,,7.3,A,,,7.3,A,01467200
2022-04-18 00:00:00+00:00,,,13.4,A,,,12.8,A,13.1,A,,,,,180.0,A,,,170.0,A,175.0,A,,,,,10.0,A,,,9.7,A,,,9.9,A,,,7.4,A,,,7.3,A,,,7.3,A,01467200
2022-04-19 00:00:00+00:00,,,13.1,A,,,12.1,A,12.6,A,,,,,187.0,A,,,176.0,A,181.0,A,,,,,10.0,A,,,9.5,A,,,9.7,A,,,7.4,A,,,7.3,A,,,7.3,A,01467200
2022-04-20 00:00:00+00:00,,,12.3,A,,,10.7,A,11.7,A,,,,,195.0,A,,,181.0,A,190.0,A,,,,,10.6,A,,,9.7,A,,,10.1,A,,,7.4,A,,,7.3,A,,,7.4,A,01467200
2022-04-21 00:00:00+00:00,,,11.6,A,,,10.0,A,10.7,A,,,,,193.0,A,,,183.0,A,190.0,A,,,,,10.8,A,,,10.1,A,,,10.5,A,,,7.4,A,,,7.4,A,,,7.4,A,01467200
2022-04-22 00:00:00+00:00,,,10.7,A,,,9.9,A,10.2,A,,,,,195.0,A,,,186.0,A,191.0,A,,,,,11.2,A,,,10.5,A,,,10.8,A,,,7.4,A,,,7.4,A,,,7.4,A,01467200
2022-04-23 00:00:00+00:00,,,10.5,A,,,10.1,A,10.3,A,,,,,194.0,A,,,179.0,A,188.0,A,,,,,11.2,A,,,10.7,A,,,11.0,A,,,7.4,A,,,7.3,A,,,7.4,A,01467200
2022-04-24 00:00:00+00:00,,,11.2,A,,,10.4,A,10.8,A,,,,,189.0,A,,,166.0,A,178.0,A,,,,,11.1,A,,,10.8,A,,,10.9,A,,,7.4,A,,,7.3,A,,,7.3,A,01467200
2022-04-25 00:00:00+00:00,,,11.6,A,,,11.0,A,11.3,A,,,,,182.0,A,,,169.0,A,175.0,A,,,,,11.0,A,,,10.6,A,,,10.8,A,,,7.4,A,,,7.3,A,,,7.3,A,01467200
2022-04-26 00:00:00+00:00,,,12.2,A,,,11.4,A,11.8,A,,,,,179.0,A,,,170.0,A,175.0,A,,,,,10.7,A,,,10.4,A,,,10.6,A,,,7.4,A,,,7.2,A,,,7.3,A,01467200
2022-04-27 00:00:00+00:00,,,12.6,A,,,12.0,A,12.2,A,,,,,179.0,A,,,172.0,A,176.0,A,,,,,10.5,A,,,10.2,A,,,10.3,A,,,7.4,A,,,7.3,A,,,7.3,A,01467200
2022-04-28 00:00:00+00:00,,,12.5,A,,,12.1,A,12.3,A,,,,,182.0,A,,,174.0,A,178.0,A,,,,,10.3,A,,,10.1,A,,,10.2,A,,,7.4,A,,,7.3,A,,,7.4,A,01467200
2022-04-29 00:00:00+00:00,,,12.6,A,,,12.2,A,12.4,A,,,,,186.0,A,,,177.0,A,181.0,A,,,,,10.2,A,,,10.0,A,,,10.1,A,,,7.4,A,,,7.3,A,,,7.4,A,01467200
2022-04-30 00:00:00+00:00,,,12.7,A,,,12.3,A,12.6,A,,,,,190.0,A,,,179.0,A,184.0,A,,,,,10.2,A,,,9.9,A,,,10.1,A,,,7.4,A,,,7.3,A,,,7.4,A,01467200
2022-05-01 00:00:00+00:00,,,13.2,A,,,12.6,A,12.9,A,,,,,194.0,A,,,183.0,A,188.0,A,,,,,10.1,A,,,9.8,A,,,10.0,A,,,7.4,A,,,7.3,A,,,7.4,A,01467200
2022-05-02 00:00:00+00:00,,,13.4,A,,,12.9,A,13.2,A,,,,,198.0,A,,,188.0,A,193.0,A,,,,,10.0,A,,,9.8,A,,,9.9,A,,,7.4,A,,,7.3,A,,,7.4,A,01467200
2022-05-03 00:00:00+00:00,,,13.8,A,,,13.2,A,13.5,A,,,,,204.0,A,,,191.0,A,196.0,A,,,,,10.1,A,,,9.7,A,,,9.9,A,,,7.4,A,,,7.3,A,,,7.4,A,01467200
2022-05-04 00:00:00+00:00,,,13.9,A,,,13.5,A,13.7,A,,,,,207.0,A,,,195.0,A,199.0,A,,,,,10.0,A,,,9.6,A,,,9.8,A,,,7.4,A,,,7.3,A,,,7.4,A,01467200
2022-05-05 00:00:00+00:00,,,14.6,A,,,13.8,A,14.1,A,,,,,210.0,A,,,198.0,A,202.0,A,,,,,10.0,A,,,9.6,A,,,9.8,A,,,7.4,A,,,7.3,A,,,7.4,A,01467200
2022-05-06 00:00:00+00:00,,,14.4,A,,,14.1,A,14.3,A,,,,,215.0,A,,,202.0,A,207.0,A,,,,,9.9,A,,,9.5,A,,,9.7,A,,,7.4,A,,,7.3,A,,,7.3,A,01467200
2022-05-07 00:00:00+00:00,,,14.2,A,,,13.8,A,14.1,A,,,,,213.0,A,,,204.0,A,208.0,A,,,,,9.6,A,,,9.2,A,,,9.5,A,,,7.4,A,,,7.3,A,,,7.4,A,01467200
2022-05-08 00:00:00+00:00,,,14.0,A,,,13.7,A,13.9,A,,,,,221.0,A,,,207.0,A,213.0,A,,,,,9.7,A,,,9.2,A,,,9.5,A,,,7.6,A,,,7.3,A,,,7.5,A,01467200
2022-05-09 00:00:00+00:00,,,14.3,A,,,13.3,A,13.9,A,,,,,222.0,A,,,202.0,A,213.0,A,,,,,9.7,A,,,9.4,A,,,9.6,A,,,7.5,A,,,7.4,A,,,7.5,A,01467200
2022-05-10 00:00:00+00:00,,,14.0,A,,,13.1,A,13.6,A,,,,,215.0,A,,,191.0,A,205.0,A,,,,,9.8,A,,,9.4,A,,,9.6,A,,,7.5,A,,,7.4,A,,,7.4,A,01467200
2022-05-11 00:00:00+00:00,,,13.8,A,,,13.1,A,13.5,A,,,,,206.0,A,,,192.0,A,199.0,A,,,,,9.8,A,,,9.4,A,,,9.5,A,,,7.5,A,,,7.3,A,,,7.4,A,01467200
2022-05-12 00:00:00+00:00,,,14.1,A,,,13.3,A,13.8,A,,,,,204.0,A,,,191.0,A,198.0,A,,,,,9.7,A,,,9.3,A,,,9.4,A,,,7.4,A,,,7.3,A,,,7.3,A,01467200
2022-05-13 00:00:00+00:00,,,14.8,A,,,14.0,A,14.4,A,,,,,209.0,A,,,193.0,A,201.0,A,,,,,9.6,A,,,9.1,A,,,9.3,A,,,7.4,A,,,7.3,A,,,7.3,A,01467200
2022-05-14 00:00:00+00:00,,,15.4,A,,,14.6,A,14.9,A,,,,,209.0,A,,,195.0,A,203.0,A,,,,,9.4,A,,,8.8,A,,,9.0,A,,,7.3,A,,,7.2,A,,,7.3,A,01467200
2022-05-15 00:00:00+00:00,,,16.3,A,,,15.2,A,15.7,A,,,,,211.0,A,,,198.0,A,203.0,A,,,,,9.0,A,,,8.5,A,,,8.8,A,,,7.3,A,,,7.2,A,,,7.2,A,01467200
2022-05-16 00:00:00+00:00,,,17.1,A,,,15.9,A,16.4,A,,,,,213.0,A,,,200.0,A,207.0,A,,,,,8.8,A,,,8.3,A,,,8.5,A,,,7.3,A,,,7.2,A,,,7.2,A,01467200
2022-05-17 00:00:00+00:00,,,17.8,A,,,16.4,A,17.1,A,,,,,215.0,A,,,207.0,A,210.0,A,,,,,8.6,A,,,8.3,A,,,8.4,A,,,7.3,A,,,7.2,A,,,7.2,A,01467200
2022-05-18 00:00:00+00:00,,,18.4,A,,,16.9,A,17.7,A,,,,,220.0,A,,,211.0,A,215.0,A,,,,,8.4,A,,,8.2,A,,,8.3,A,,,7.3,A,,,7.2,A,,,7.3,A,01467200
2022-05-19 00:00:00+00:00,,,18.9,A,,,17.5,A,18.3,A,,,,,226.0,A,,,215.0,A,222.0,A,,,,,8.2,A,,,7.7,A,,,7.9,A,,,7.3,A,,,7.2,A,,,7.3,A,01467200
2022-05-20 00:00:00+00:00,,,19.6,A,,,18.0,A,19.0,A,,,,,231.0,A,,,220.0,A,225.0,A,,,,,7.9,A,,,7.3,A,,,7.6,A,,,7.3,A,,,7.2,A,,,7.2,A,01467200
2022-05-21 00:00:00+00:00,,,20.8,A,,,18.8,A,19.9,A,,,,,238.0,A,,,226.0,A,232.0,A,,,,,7.9,A,,,7.1,A,,,7.4,A,,,7.4,A,,,7.2,A,,,7.3,A,01467200
2022-05-22 00:00:00+00:00,,,21.4,A,,,19.8,A,20.7,A,,,,,243.0,A,,,231.0,A,238.0,A,,,,,8.0,A,,,7.1,A,,,7.4,A,,,7.4,A,,,7.2,A,,,7.3,A,01467200
2022-05-23 00:00:00+00:00,,,21.5,A,,,20.6,A,21.1,A,,,,,243.0,A,,,228.0,A,238.0,A,,,,,8.1,A,,,7.2,A,,,7.5,A,,,7.5,A,,,7.3,A,,,7.3,A,01467200
2022-05-24 00:00:00+00:00,,,21.2,A,,,20.8,A,21.1,A,,,,,243.0,A,,,226.0,A,237.0,A,,,,,7.8,A,,,7.1,A,,,7.3,A,,,7.4,A,,,7.3,A,,,7.3,A,01467200
2022-05-25 00:00:00+00:00,,,21.2,A,,,20.8,A,21.0,A,,,,,248.0,A,,,223.0,A,237.0,A,,,,,7.5,A,,,7.1,A,,,7.2,A,,,7.3,A,,,7.3,A,,,7.3,A,01467200
2022-05-26 00:00:00+00:00,,,21.1,A,,,20.8,A,21.0,A,,,,,248.0,A,,,222.0,A,236.0,A,,,,,7.2,A,,,6.8,A,,,7.0,A,,,7.3,A,,,7.2,A,,,7.3,A,01467200
2022-05-27 00:00:00+00:00,,,21.2,A,,,21.0,A,21.1,A,,,,,247.0,A,,,223.0,A,235.0,A,,,,,7.0,A,,,6.4,A,,,6.7,A,,,7.3,A,,,7.2,A,,,7.2,A,01467200
2022-05-28 00:00:00+00:00,,,21.5,A,,,21.0,A,21.3,A,,,,,239.0,A,,,220.0,A,229.0,A,,,,,6.6,A,,,6.1,A,,,6.4,A,,,7.2,A,,,7.1,A,,,7.2,A,01467200
2022-05-29 00:00:00+00:00,,,21.8,A,,,21.3,A,21.7,A,,,,,239.0,A,,,216.0,A,227.0,A,,,,,6.8,A,,,6.1,A,,,6.4,A,,,7.2,A,,,7.1,A,,,7.2,A,01467200
2022-05-30 00:00:00+00:00,,,22.3,A,,,21.6,A,22.1,A,,,,,238.0,A,,,219.0,A,227.0,A,,,,,6.8,A,,,6.2,A,,,6.5,A,,,7.2,A,,,7.1,A,,,7.2,A,01467200
2022-05-31 00:00:00+00:00,,,22.8,A,,,22.1,A,22.5,A,,,,,239.0,A,,,219.0,A,228.0,A,,,,,7.3,A,,,6.3,A,,,6.7,A,,,7.3,A,,,7.2,A,,,7.2,A,01467200
2022-06-01 00:00:00+00:00,,,23.3,A,,,22.5,A,22.9,A,,,,,244.0,A,,,220.0,A,231.0,A,,,,,7.9,A,,,6.6,A,,,7.1,A,,,7.4,A,,,7.2,A,,,7.2,A,01467200
2022-06-02 00:00:00+00:00,,,23.4,A,,,22.8,A,23.1,A,,,,,242.0,A,,,227.0,A,233.0,A,,,,,7.7,A,,,6.5,A,,,6.9,A,,,7.3,A,,,7.2,A,,,7.2,A,01467200
2022-06-03 00:00:00+00:00,,,23.4,A,,,23.0,A,23.2,A,,,,,240.0,A,,,230.0,A,234.0,A,,,,,7.3,A,,,6.3,A,,,6.7,A,,,7.3,A,,,7.2,A,,,7.2,A,01467200
2022-06-04 00:00:00+00:00,,,23.5,A,,,23.1,A,23.2,A,,,,,242.0,A,,,232.0,A,236.0,A,,,,,7.1,A,,,6.3,A,,,6.8,A,,,7.3,A,,,7.2,A,,,7.2,A,01467200
2022-06-05 00:00:00+00:00,,,23.7,A,,,23.0,A,23.3,A,,,,,242.0,A,,,234.0,A,238.0,A,,,,,7.7,A,,,6.5,A,,,7.0,A,,,7.4,A,,,7.2,A,,,7.3,A,01467200
2022-06-06 00:00:00+00:00,,,24.0,A,,,23.2,A,23.5,A,,,,,247.0,A,,,239.0,A,243.0,A,,,,,7.7,A,,,6.7,A,,,7.2,A,,,7.4,A,,,7.2,A,,,7.3,A,01467200
2022-06-07 00:00:00+00:00,,,23.7,A,,,23.2,A,23.5,A,,,,,251.0,A,,,243.0,A,246.0,A,,,,,8.0,A,,,6.9,A,,,7.4,A,,,7.5,A,,,7.3,A,,,7.4,A,01467200
2022-06-08 00:00:00+00:00,,,24.0,A,,,23.4,A,23.7,A,,,,,252.0,A,,,238.0,A,248.0,A,,,,,7.9,A,,,6.9,A,,,7.4,A,,,7.5,A,,,7.3,A,,,7.4,A,01467200
2022-06-09 00:00:00+00:00,,,24.0,A,,,23.5,A,23.8,A,,,,,251.0,A,,,229.0,A,243.0,A,,,,,7.7,A,,,7.0,A,,,7.3,A,,,7.4,A,,,7.3,A,,,7.4,A,01467200
2022-06-10 00:00:00+00:00,,,23.9,A,,,23.5,A,23.8,A,,,,,250.0,A,,,224.0,A,238.0,A,,,,,7.9,A,,,7.1,A,,,7.5,A,,,7.4,A,,,7.3,A,,,7.4,A,01467200
2022-06-11 00:00:00+00:00,,,23.8,A,,,23.1,A,23.5,A,,,,,244.0,A,,,221.0,A,233.0,A,,,,,7.6,A,,,6.9,A,,,7.2,A,,,7.4,A,,,7.3,A,,,7.3,A,01467200
2022-06-12 00:00:00+00:00,,,23.8,A,,,22.9,A,23.2,A,,,,,241.0,A,,,220.0,A,229.0,A,,,,,7.2,A,,,6.5,A,,,7.0,A,,,7.4,A,,,7.2,A,,,7.3,A,01467200
2022-06-13 00:00:00+00:00,,,23.7,A,,,22.9,A,23.3,A,,,,,248.0,A,,,228.0,A,234.0,A,,,,,7.0,A,,,6.3,A,,,6.6,A,,,7.3,A,,,7.2,A,,,7.2,A,01467200
2022-06-14 00:00:00+00:00,,,24.0,A,,,23.1,A,23.5,A,,,,,248.0,A,,,236.0,A,240.0,A,,,,,6.9,A,,,5.9,A,,,6.5,A,,,7.3,A,,,7.2,A,,,7.2,A,01467200
2022-06-15 00:00:00+00:00,,,24.0,A,,,23.4,A,23.7,A,,,,,251.0,A,,,230.0,A,241.0,A,,,,,6.9,A,,,6.0,A,,,6.4,A,,,7.3,A,,,7.2,A,,,7.2,A,01467200
2022-06-16 00:00:00+00:00,,,23.9,A,,,23.5,A,23.7,A,,,,,248.0,A,,,225.0,A,240.0,A,,,,,6.6,A,,,5.6,A,,,6.2,A,,,7.2,A,,,7.1,A,,,7.2,A,01467200
2022-06-17 00:00:00+00:00,,,24.1,A,,,23.4,A,23.7,A,,,,,247.0,A,,,214.0,A,231.0,A,,,,,6.5,A,,,5.7,A,,,6.1,A,,,7.2,A,,,7.1,A,,,7.2,A,01467200
2022-06-18 00:00:00+00:00,,,23.9,A,,,22.8,A,23.3,A,,,,,246.0,A,,,211.0,A,223.0,A,,,,,6.7,A,,,5.7,A,,,6.3,A,,,7.2,A,,,7.1,A,,,7.2,A,01467200
2022-06-19 00:00:00+00:00,,,23.2,A,,,22.4,A,22.8,A,,,,,244.0,A,,,212.0,A,221.0,A,,,,,6.9,A,,,6.0,A,,,6.5,A,,,7.2,A,,,7.2,A,,,7.2,A,01467200
2022-06-20 00:00:00+00:00,,,22.9,A,,,22.4,A,22.6,A,,,,,237.0,A,,,216.0,A,224.0,A,,,,,7.1,A,,,6.3,A,,,6.7,A,,,7.3,A,,,7.2,A,,,7.2,A,01467200
2022-06-21 00:00:00+00:00,,,22.9,A,,,22.5,A,22.7,A,,,,,235.0,A,,,220.0,A,227.0,A,,,,,7.2,A,,,6.4,A,,,6.8,A,,,7.3,A,,,7.2,A,,,7.2,A,01467200
2022-06-22 00:00:00+00:00,,,22.9,A,,,22.4,A,22.6,A,,,,,241.0,A,,,222.0,A,231.0,A,,,,,7.3,A,,,6.4,A,,,6.7,A,,,7.3,A,,,7.2,A,,,7.2,A,01467200
2022-06-23 00:00:00+00:00,,,22.6,A,,,22.4,A,22.5,A,,,,,243.0,A,,,225.0,A,234.0,A,,,,,7.1,A,,,6.2,A,,,6.5,A,,,7.3,A,,,7.2,A,,,7.2,A,01467200
2022-06-24 00:00:00+00:00,,,22.9,A,,,22.4,A,22.7,A,,,,,248.0,A,,,228.0,A,237.0,A,,,,,7.2,A,,,6.0,A,,,6.5,A,,,7.3,A,,,7.1,A,,,7.2,A,01467200
2022-06-25 00:00:00+00:00,,,23.4,A,,,22.7,A,23.1,A,,,,,249.0,A,,,225.0,A,235.0,A,,,,,7.9,A,,,6.3,A,,,7.0,A,,,7.4,A,,,7.2,A,,,7.3,A,01467200
2022-06-26 00:00:00+00:00,,,23.7,A,,,23.0,A,23.4,A,,,,,248.0,A,,,220.0,A,231.0,A,,,,,8.5,A,,,6.9,A,,,7.6,A,,,7.5,A,,,7.3,A,,,7.3,A,01467200
2022-06-27 00:00:00+00:00,,,23.6,A,,,23.2,A,23.4,A,,,,,241.0,A,,,220.0,A,230.0,A,,,,,8.2,A,,,7.0,A,,,7.7,A,,,7.4,A,,,7.3,A,,,7.4,A,01467200
2022-06-28 00:00:00+00:00,,,23.7,A,,,23.1,A,23.4,A,,,,,246.0,A,,,226.0,A,233.0,A,,,,,8.4,A,,,7.0,A,,,7.7,A,,,7.5,A,,,7.3,A,,,7.3,A,01467200
2022-06-29 00:00:00+00:00,,,23.9,A,,,23.2,A,23.6,A,,,,,248.0,A,,,236.0,A,240.0,A,,,,,8.6,A,,,7.0,A,,,7.7,A,,,7.5,A,,,7.3,A,,,7.4,A,01467200
2022-06-30 00:00:00+00:00,,,24.2,A,,,23.5,A,23.9,A,,,,,253.0,A,,,241.0,A,245.0,A,,,,,8.9,A,,,7.0,A,,,7.9,A,,,7.6,A,,,7.3,A,,,7.4,A,01467200
2022-07-01 00:00:00+00:00,,,24.5,A,,,23.9,A,24.2,A,,,,,254.0,A,,,238.0,A,246.0,A,,,,,9.0,A,,,6.9,A,,,7.9,A,,,7.6,A,,,7.3,A,,,7.4,A,01467200
2022-07-02 00:00:00+00:00,,,24.8,A,,,24.2,A,24.5,A,,,,,258.0,A,,,231.0,A,246.0,A,,,,,8.7,A,,,6.7,A,,,7.7,A,,,7.5,A,,,7.2,A,,,7.4,A,01467200
2022-07-03 00:00:00+00:00,,,25.2,A,,,24.5,A,24.7,A,,,,,262.0,A,,,222.0,A,242.0,A,,,,,8.6,A,,,6.4,A,,,7.6,A,,,7.6,A,,,7.2,A,,,7.3,A,01467200
2022-07-04 00:00:00+00:00,,,25.3,A,,,24.7,A,24.9,A,,,,,262.0,A,,,218.0,A,241.0,A,,,,,8.2,A,,,6.1,A,,,7.3,A,,,7.5,A,,,7.2,A,,,7.3,A,01467200
2022-07-05 00:00:00+00:00,,,25.3,A,,,25.0,A,25.1,A,,,,,260.0,A,,,218.0,A,240.0,A,,,,,8.0,A,,,6.1,A,,,7.0,A,,,7.4,A,,,7.2,A,,,7.3,A,01467200
2022-07-06 00:00:00+00:00,,,25.6,A,,,25.1,A,25.3,A,,,,,255.0,A,,,214.0,A,236.0,A,,,,,7.7,A,,,6.0,A,,,6.8,A,,,7.4,A,,,7.2,A,,,7.2,A,01467200
2022-07-07 00:00:00+00:00,,,25.7,A,,,25.2,A,25.4,A,,,,,258.0,A,,,214.0,A,237.0,A,,,,,7.4,A,,,5.6,A,,,6.3,A,,,7.4,A,,,7.1,A,,,7.2,A,01467200
2022-07-08 00:00:00+00:00,,,26.0,A,,,25.3,A,25.7,A,,,,,256.0,A,,,219.0,A,238.0,A,,,,,7.0,A,,,5.3,A,,,5.9,A,,,7.3,A,,,7.1,A,,,7.1,A,01467200
2022-07-09 00:00:00+00:00,,,25.9,A,,,25.6,A,25.7,A,,,,,261.0,A,,,220.0,A,239.0,A,,,,,6.6,A,,,4.9,A,,,5.6,A,,,7.3,A,,,7.1,A,,,7.1,A,01467200
2022-07-10 00:00:00+00:00,,,26.1,A,,,25.6,A,25.8,A,,,,,263.0,A,,,222.0,A,242.0,A,,,,,6.3,A,,,4.6,A,,,5.3,A,,,7.2,A,,,7.0,A,,,7.1,A,01467200
2022-07-11 00:00:00+00:00,,,26.2,A,,,25.7,A,25.9,A,,,,,264.0,A,,,226.0,A,245.0,A,,,,,6.1,A,,,4.6,A,,,5.2,A,,,7.2,A,,,7.0,A,,,7.1,A,01467200
2022-07-12 00:00:00+00:00,,,26.4,A,,,25.8,A,26.1,A,,,,,265.0,A,,,230.0,A,247.0,A,,,,,6.1,A,,,4.6,A,,,5.2,A,,,7.2,A,,,7.0,A,,,7.1,A,01467200
2022-07-13 00:00:00+00:00,,,26.6,A,,,26.0,A,26.3,A,,,,,270.0,A,,,235.0,A,250.0,A,,,,,6.0,A,,,4.6,A,,,5.1,A,,,7.2,A,,,7.1,A,,,7.1,A,01467200
2022-07-14 00:00:00+00:00,,,26.8,A,,,26.2,A,26.5,A,,,,,273.0,A,,,242.0,A,255.0,A,,,,,5.6,A,,,4.5,A,,,4.9,A,,,7.2,A,,,7.1,A,,,7.1,A,01467200
2022-07-15 00:00:00+00:00,,,26.9,A,,,26.4,A,26.7,A,,,,,273.0,A,,,244.0,A,258.0,A,,,,,5.6,A,,,4.4,A,,,4.9,A,,,7.2,A,,,7.0,A,,,7.1,A,01467200
2022-07-16 00:00:00+00:00,,,27.1,A,,,26.6,A,26.8,A,,,,,275.0,A,,,250.0,A,261.0,A,,,,,5.3,A,,,4.2,A,,,4.7,A,,,7.2,A,,,7.0,A,,,7.1,A,01467200
2022-07-17 00:00:00+00:00,,,27.2,A,,,26.8,A,27.0,A,,,,,276.0,A,,,254.0,A,264.0,A,,,,,5.2,A,,,4.1,A,,,4.6,A,,,7.2,A,,,7.1,A,,,,,01467200
2022-07-18 00:00:00+00:00,,,27.7,A,,,27.0,A,27.2,A,,,,,277.0,A,,,257.0,A,266.0,A,,,,,5.3,A,,,4.2,A,,,4.7,A,,,7.2,A,,,7.1,A,,,,,01467200
2022-07-19 00:00:00+00:00,,,27.7,A,,,27.1,A,27.3,A,,,,,280.0,A,,,262.0,A,269.0,A,,,,,5.4,A,,,4.4,A,,,4.8,A,,,7.2,A,,,7.1,A,,,7.1,A,01467200
2022-07-20 00:00:00+00:00,,,28.0,A,,,27.2,A,27.5,A,,,,,286.0,A,,,264.0,A,273.0,A,,,,,5.5,A,,,4.5,A,,,4.9,A,,,7.2,A,,,7.1,A,,,7.1,A,01467200
2022-07-21 00:00:00+00:00,,,28.1,A,,,27.5,A,27.8,A,,,,,290.0,A,,,267.0,A,277.0,A,,,,,5.6,A,,,4.6,A,,,5.0,A,,,7.3,A,,,7.1,A,,,7.2,A,01467200
2022-07-22 00:00:00+00:00,,,28.3,A,,,27.7,A,28.0,A,,,,,293.0,A,,,268.0,A,280.0,A,,,,,5.7,A,,,4.7,A,,,5.1,A,,,7.3,A,,,7.1,A,,,7.2,A,01467200
2022-07-23 00:00:00+00:00,,,28.5,A,,,27.9,A,28.2,A,,,,,296.0,A,,,268.0,A,283.0,A,,,,,5.9,A,,,4.8,A,,,5.2,A,,,7.3,A,,,7.1,A,,,7.2,A,01467200
2022-07-24 00:00:00+00:00,,,28.7,A,,,28.2,A,28.4,A,,,,,297.0,A,,,272.0,A,284.0,A,,,,,6.0,A,,,4.8,A,,,5.2,A,,,7.3,A,,,7.1,A,,,7.2,A,01467200
2022-07-25 00:00:00+00:00,,,28.6,A,,,28.3,A,28.4,A,,,,,295.0,A,,,274.0,A,284.0,A,,,,,6.0,A,,,4.6,A,,,5.2,A,,,7.3,A,,,7.1,A,,,7.2,A,01467200
2022-07-26 00:00:00+00:00,,,28.4,A,,,28.0,A,28.2,A,,,,,299.0,A,,,275.0,A,286.0,A,,,,,5.6,A,,,4.3,A,,,4.9,A,,,7.3,A,,,7.1,A,,,7.2,A,01467200
2022-07-27 00:00:00+00:00,,,28.3,A,,,28.0,A,28.2,A,,,,,304.0,A,,,279.0,A,290.0,A,,,,,5.1,A,,,4.0,A,,,4.5,A,,,7.2,A,,,7.1,A,,,7.1,A,01467200
2022-07-28 00:00:00+00:00,,,28.4,A,,,28.1,A,28.2,A,,,,,309.0,A,,,280.0,A,293.0,A,,,,,5.0,A,,,4.0,A,,,4.4,A,,,7.2,A,,,7.1,A,,,7.1,A,01467200
2022-07-29 00:00:00+00:00,,,28.3,A,,,28.1,A,28.2,A,,,,,309.0,A,,,284.0,A,294.0,A,,,,,4.7,A,,,3.9,A,,,4.3,A,,,7.2,A,,,7.1,A,,,7.1,A,01467200
2022-07-30 00:00:00+00:00,,,28.3,A,,,28.0,A,28.1,A,,,,,308.0,A,,,286.0,A,295.0,A,,,,,4.7,A,,,3.7,A,,,4.1,A,,,7.2,A,,,7.1,A,,,7.1,A,01467200
2022-07-31 00:00:00+00:00,,,28.4,A,,,28.0,A,28.1,A,,,,,311.0,A,,,288.0,A,298.0,A,,,,,4.8,A,,,3.8,A,,,4.2,A,,,7.2,A,,,7.1,A,,,7.1,A,01467200
2022-08-01 00:00:00+00:00,,,28.1,A,,,27.8,A,27.9,A,,,,,314.0,A,,,291.0,A,301.0,A,,,,,4.6,A,,,3.8,A,,,4.2,A,,,7.2,A,,,7.1,A,,,7.1,A,01467200
2022-08-02 00:00:00+00:00,,,28.1,A,,,27.7,A,27.8,A,,,,,317.0,A,,,292.0,A,304.0,A,,,,,4.5,A,,,3.6,A,,,4.0,A,,,7.2,A,,,7.1,A,,,7.1,A,01467200
2022-08-03 00:00:00+00:00,,,28.2,A,,,27.7,A,27.9,A,,,,,319.0,A,,,294.0,A,307.0,A,,,,,4.6,A,,,3.8,A,,,4.2,A,,,7.2,A,,,7.1,A,,,7.1,A,01467200
2022-08-04 00:00:00+00:00,,,28.5,A,,,27.8,A,28.0,A,,,,,321.0,A,,,297.0,A,309.0,A,,,,,4.9,A,,,3.9,A,,,4.4,A,,,7.2,A,,,7.1,A,,,7.1,A,01467200
2022-08-05 00:00:00+00:00,,,28.5,A,,,28.0,A,28.1,A,,,,,325.0,A,,,300.0,A,312.0,A,,,,,5.2,A,,,4.1,A,,,4.5,A,,,7.2,A,,,7.1,A,,,7.1,A,01467200
2022-08-06 00:00:00+00:00,,,28.6,A,,,28.1,A,28.2,A,,,,,327.0,A,,,302.0,A,313.0,A,,,,,5.4,A,,,4.2,A,,,4.7,A,,,7.3,A,,,7.1,A,,,7.1,A,01467200
2022-08-07 00:00:00+00:00,,,28.8,A,,,28.2,A,28.4,A,,,,,327.0,A,,,303.0,A,315.0,A,,,,,5.8,A,,,4.4,A,,,4.9,A,,,7.3,A,,,7.1,A,,,7.2,A,01467200
2022-08-08 00:00:00+00:00,,,28.7,A,,,28.3,A,28.5,A,,,,,330.0,A,,,304.0,A,316.0,A,,,,,5.9,A,,,4.7,A,,,5.2,A,,,7.3,A,,,7.2,A,,,7.2,A,01467200
2022-08-09 00:00:00+00:00,,,28.9,A,,,28.5,A,28.7,A,,,,,332.0,A,,,305.0,A,318.0,A,,,,,5.9,A,,,4.8,A,,,5.2,A,,,7.3,A,,,7.2,A,,,7.2,A,01467200
2022-08-10 00:00:00+00:00,,,29.0,A,,,28.7,A,28.8,A,,,,,335.0,A,,,306.0,A,320.0,A,,,,,5.7,A,,,4.7,A,,,5.1,A,,,7.3,A,,,7.2,A,,,7.2,A,01467200
2022-08-11 00:00:00+00:00,,,29.2,A,,,28.7,A,28.9,A,,,,,338.0,A,,,307.0,A,322.0,A,,,,,5.3,A,,,4.6,A,,,4.9,A,,,7.3,A,,,7.1,A,,,7.2,A,01467200
2022-08-12 00:00:00+00:00,,,28.8,A,,,28.4,A,28.6,A,,,,,338.0,A,,,305.0,A,321.0,A,,,,,5.2,A,,,4.6,A,,,4.8,A,,,7.3,A,,,7.1,A,,,7.2,A,01467200
2022-08-13 00:00:00+00:00,,,28.4,A,,,28.0,A,28.2,A,,,,,340.0,A,,,305.0,A,323.0,A,,,,,5.2,A,,,4.6,A,,,4.8,A,,,7.3,A,,,7.1,A,,,7.2,A,01467200
2022-08-14 00:00:00+00:00,,,28.1,A,,,27.8,A,27.9,A,,,,,341.0,A,,,308.0,A,326.0,A,,,,,5.4,A,,,4.7,A,,,4.9,A,,,7.3,A,,,7.1,A,,,7.2,A,01467200
2022-08-15 00:00:00+00:00,,,27.8,A,,,27.5,A,27.7,A,,,,,343.0,A,,,308.0,A,327.0,A,,,,,5.5,A,,,4.7,A,,,5.0,A,,,7.2,A,,,7.1,A,,,7.2,A,01467200
2022-08-16 00:00:00+00:00,,,27.7,A,,,27.2,A,27.4,A,,,,,352.0,A,,,309.0,A,332.0,A,,,,,5.6,A,,,4.6,A,,,5.0,A,,,7.3,A,,,7.1,A,,,7.2,A,01467200
2022-08-17 00:00:00+00:00,,,27.5,A,,,27.2,A,27.3,A,,,,,352.0,A,,,313.0,A,335.0,A,,,,,5.6,A,,,4.7,A,,,5.0,A,,,7.3,A,,,7.1,A,,,7.2,A,01467200
2022-08-18 00:00:00+00:00,,,27.4,A,,,27.0,A,27.2,A,,,,,350.0,A,,,317.0,A,334.0,A,,,,,5.5,A,,,4.6,A,,,5.0,A,,,7.3,A,,,7.1,A,,,7.2,A,01467200
2022-08-19 00:00:00+00:00,,,27.5,A,,,26.9,A,27.1,A,,,,,353.0,A,,,313.0,A,333.0,A,,,,,5.6,A,,,4.6,A,,,5.0,A,,,7.3,A,,,7.1,A,,,7.2,A,01467200
2022-08-20 00:00:00+00:00,,,27.6,A,,,27.0,A,27.2,A,,,,,359.0,A,,,316.0,A,336.0,A,,,,,5.7,A,,,4.7,A,,,5.1,A,,,7.3,A,,,7.1,A,,,7.2,A,01467200
2022-08-21 00:00:00+00:00,,,27.3,A,,,27.1,A,27.2,A,,,,,367.0,A,,,314.0,A,337.0,A,,,,,5.7,A,,,4.6,A,,,5.1,A,,,7.3,A,,,7.1,A,,,7.2,A,01467200
2022-08-22 00:00:00+00:00,,,27.4,A,,,27.1,A,27.2,A,,,,,364.0,A,,,316.0,A,338.0,A,,,,,5.4,A,,,4.4,A,,,4.8,A,,,7.2,A,,,7.1,A,,,7.2,A,01467200
2022-08-23 00:00:00+00:00,,,27.3,A,,,27.1,A,27.2,A,,,,,356.0,A,,,302.0,A,328.0,A,,,,,5.2,A,,,4.1,A,,,4.6,A,,,7.2,A,,,7.1,A,,,7.1,A,01467200
2022-08-24 00:00:00+00:00,,,27.3,A,,,27.1,A,27.2,A,,,,,357.0,A,,,302.0,A,327.0,A,,,,,5.1,A,,,4.1,A,,,4.5,A,,,7.2,A,,,7.1,A,,,7.1,A,01467200
2022-08-25 00:00:00+00:00,,,27.4,A,,,27.1,A,27.3,A,,,,,359.0,A,,,299.0,A,328.0,A,,,,,5.1,A,,,4.0,A,,,4.5,A,,,7.2,A,,,7.1,A,,,7.1,A,01467200
2022-08-26 00:00:00+00:00,,,27.5,A,,,27.2,A,27.4,A,,,,,361.0,A,,,306.0,A,332.0,A,,,,,5.2,A,,,4.1,A,,,4.5,A,,,7.2,A,,,7.1,A,,,7.1,A,01467200
2022-08-27 00:00:00+00:00,,,27.6,A,,,27.2,A,27.4,A,,,,,366.0,A,,,306.0,A,332.0,A,,,,,5.3,A,,,4.2,A,,,4.7,A,,,7.2,A,,,7.1,A,,,7.2,A,01467200
2022-08-28 00:00:00+00:00,,,27.7,A,,,27.4,A,27.5,A,,,,,370.0,A,,,309.0,A,338.0,A,,,,,5.4,A,,,4.2,A,,,4.7,A,,,7.2,A,,,7.1,A,,,7.2,A,01467200
2022-08-29 00:00:00+00:00,,,27.8,A,,,27.4,A,27.6,A,,,,,374.0,A,,,314.0,A,342.0,A,,,,,5.3,A,,,4.2,A,,,4.7,A,,,7.2,A,,,7.1,A,,,7.1,A,01467200
2022-08-30 00:00:00+00:00,,,28.0,A,,,27.5,A,27.7,A,,,,,376.0,A,,,318.0,A,346.0,A,,,,,5.2,A,,,4.2,A,,,4.6,A,,,7.2,A,,,7.1,A,,,7.1,A,01467200
2022-08-31 00:00:00+00:00,,,27.7,A,,,27.4,A,27.6,A,,,,,371.0,A,,,313.0,A,342.0,A,,,,,5.2,A,,,4.1,A,,,4.6,A,,,7.2,A,,,7.1,A,,,7.1,A,01467200
2022-09-01 00:00:00+00:00,,,27.7,A,,,27.2,A,27.4,A,,,,,373.0,A,,,315.0,A,343.0,A,,,,,5.1,A,,,4.1,A,,,4.6,A,,,7.2,A,,,7.1,A,,,7.1,A,01467200
2022-09-02 00:00:00+00:00,,,27.4,A,,,26.9,A,27.0,A,,,,,380.0,A,,,313.0,A,346.0,A,,,,,5.4,A,,,4.4,A,,,4.8,A,,,7.3,A,,,7.1,A,,,7.2,A,01467200
2022-09-03 00:00:00+00:00,,,27.1,A,,,26.8,A,26.9,A,,,,,387.0,A,,,316.0,A,350.0,A,,,,,5.4,A,,,4.4,A,,,4.9,A,,,7.3,A,,,7.1,A,,,7.2,A,01467200
2022-09-04 00:00:00+00:00,,,27.4,A,,,26.8,A,27.0,A,,,,,386.0,A,,,318.0,A,352.0,A,,,,,5.6,A,,,4.5,A,,,4.9,A,,,7.3,A,,,7.1,A,,,7.2,A,01467200
2022-09-05 00:00:00+00:00,,,27.1,A,,,26.8,A,27.0,A,,,,,398.0,A,,,318.0,A,354.0,A,,,,,5.8,A,,,4.5,A,,,5.0,A,,,7.3,A,,,7.1,A,,,7.2,A,01467200
2022-09-06 00:00:00+00:00,,,27.0,A,,,26.5,A,26.8,A,,,,,395.0,A,,,312.0,A,351.0,A,,,,,5.6,A,,,4.6,A,,,5.0,A,,,7.3,A,,,7.1,A,,,7.2,A,01467200
2022-09-07 00:00:00+00:00,,,26.7,A,,,26.2,A,26.3,A,,,,,388.0,A,,,306.0,A,342.0,A,,,,,5.3,A,,,4.4,A,,,4.8,A,,,7.2,A,,,7.1,A,,,7.2,A,01467200
2022-09-08 00:00:00+00:00,,,26.2,A,,,25.9,A,26.0,A,,,,,391.0,A,,,294.0,A,335.0,A,,,,,5.5,A,,,4.4,A,,,4.8,A,,,7.3,A,,,7.1,A,,,7.2,A,01467200
2022-09-09 00:00:00+00:00,,,26.0,A,,,25.6,A,25.8,A,,,,,366.0,A,,,288.0,A,316.0,A,,,,,5.7,A,,,4.3,A,,,5.1,A,,,7.3,A,,,7.1,A,,,7.2,A,01467200
2022-09-10 00:00:00+00:00,,,25.8,A,,,25.5,A,25.7,A,,,,,341.0,A,,,294.0,A,309.0,A,,,,,5.6,A,,,4.6,A,,,5.2,A,,,7.3,A,,,7.2,A,,,7.2,A,01467200
2022-09-11 00:00:00+00:00,,,25.7,A,,,25.4,A,25.6,A,,,,,327.0,A,,,297.0,A,309.0,A,,,,,5.3,A,,,4.7,A,,,5.0,A,,,7.3,A,,,7.2,A,,,7.2,A,01467200
2022-09-14 00:00:00+00:00,,,25.4,A,,,24.7,A,25.2,A,,,,,318.0,A,,,280.0,A,300.0,A,,,,,5.4,A,,,4.4,A,,,5.0,A,,,7.2,A,,,7.1,A,,,7.2,A,01467200
2022-09-15 00:00:00+00:00,,,25.1,A,,,24.3,A,24.8,A,,,,,314.0,A,,,267.0,A,293.0,A,,,,,5.8,A,,,4.7,A,,,5.2,A,,,7.3,A,,,7.2,A,,,7.2,A,01467200
2022-09-16 00:00:00+00:00,,,24.8,A,,,23.9,A,24.4,A,,,,,313.0,A,,,251.0,A,286.0,A,,,,,6.0,A,,,4.9,A,,,5.5,A,,,7.2,A,,,7.2,A,,,7.2,A,01467200
2022-09-17 00:00:00+00:00,,,24.6,A,,,23.8,A,24.2,A,,,,,311.0,A,,,239.0,A,276.0,A,,,,,6.2,A,,,5.2,A,,,5.6,A,,,7.2,A,,,7.2,A,,,7.2,A,01467200
2022-09-18 00:00:00+00:00,,,24.4,A,,,23.7,A,24.0,A,,,,,306.0,A,,,234.0,A,270.0,A,,,,,6.3,A,,,5.2,A,,,5.8,A,,,7.2,A,,,7.2,A,,,7.2,A,01467200
2022-09-19 00:00:00+00:00,,,24.5,A,,,23.5,A,24.0,A,,,,,309.0,A,,,227.0,A,262.0,A,,,,,6.3,A,,,5.5,A,,,5.9,A,,,7.2,A,,,7.2,A,,,7.2,A,01467200
2022-09-20 00:00:00+00:00,,,24.3,A,,,23.6,A,24.0,A,,,,,303.0,A,,,229.0,A,259.0,A,,,,,6.2,A,,,5.4,A,,,5.8,A,,,7.2,A,,,7.1,A,,,7.2,A,01467200
2022-09-21 00:00:00+00:00,,,24.4,A,,,23.6,A,24.0,A,,,,,308.0,A,,,227.0,A,263.0,A,,,,,6.1,A,,,5.3,A,,,5.7,A,,,7.2,A,,,7.1,A,,,7.1,A,01467200
2022-09-22 00:00:00+00:00,,,24.3,A,,,23.6,A,23.9,A,,,,,306.0,A,,,225.0,A,257.0,A,,,,,6.0,A,,,5.3,A,,,5.7,A,,,7.2,A,,,7.1,A,,,7.1,A,01467200
2022-09-23 00:00:00+00:00,,,23.7,A,,,22.7,A,23.1,"A, [4]",,,,,281.0,A,,,215.0,A,243.0,"A, [4]",,,,,6.3,A,,,5.4,A,,,5.9,"A, [4]",,,7.2,A,,,7.1,A,,,7.1,"A, [4]",01467200
2022-10-06 00:00:00+00:00,,,17.1,A,,,16.4,A,16.8,A,,,,,250.0,A,,,234.0,A,243.0,A,,,,,7.8,A,,,6.9,A,,,7.3,A,,,7.2,A,,,7.1,A,,,7.2,A,01467200
2022-10-07 00:00:00+00:00,,,17.0,A,,,16.3,A,16.6,A,,,,,250.0,A,,,244.0,A,246.0,A,,,,,7.8,A,,,7.2,A,,,7.5,A,,,7.2,A,,,7.1,A,,,7.2,A,01467200
2022-10-08 00:00:00+00:00,,,16.9,A,,,16.0,A,16.4,A,,,,,250.0,A,,,243.0,A,247.0,A,,,,,7.9,A,,,7.2,A,,,7.6,A,,,7.2,A,,,7.1,A,,,7.2,A,01467200
2022-10-09 00:00:00+00:00,,,16.5,A,,,15.6,A,16.1,A,,,,,258.0,A,,,242.0,A,249.0,A,,,,,8.0,A,,,7.4,A,,,7.7,A,,,7.2,A,,,7.2,A,,,7.2,A,01467200
2022-10-10 00:00:00+00:00,,,16.3,A,,,15.4,A,15.9,A,,,,,255.0,A,,,242.0,A,249.0,A,,,,,8.0,A,,,7.4,A,,,7.7,A,,,7.2,A,,,7.2,A,,,7.2,A,01467200
2022-10-11 00:00:00+00:00,,,16.2,A,,,15.3,A,15.8,A,,,,,255.0,A,,,245.0,A,251.0,A,,,,,8.0,A,,,7.3,A,,,7.6,A,,,7.2,A,,,7.1,A,,,7.2,A,01467200
2022-10-12 00:00:00+00:00,,,16.2,A,,,15.4,A,15.8,"A, [4]",,,,,257.0,A,,,247.0,A,253.0,"A, [4]",,,,,8.0,A,,,7.2,A,,,7.6,"A, [4]",,,7.2,A,,,7.1,A,,,7.1,"A, [4]",01467200
2022-10-13 00:00:00+00:00,,,16.3,A,,,15.6,A,15.9,A,,,,,262.0,A,,,249.0,A,256.0,A,,,,,7.9,A,,,7.1,A,,,7.4,A,,,7.2,A,,,7.1,A,,,7.1,A,01467200
2022-10-14 00:00:00+00:00,,,16.3,A,,,15.7,A,16.0,A,,,,,261.0,A,,,244.0,A,254.0,A,,,,,7.8,A,,,7.0,A,,,7.4,A,,,7.2,A,,,7.1,A,,,7.1,A,01467200
2022-10-15 00:00:00+00:00,,,16.2,A,,,15.7,A,15.9,A,,,,,261.0,A,,,233.0,A,248.0,A,,,,,7.8,A,,,7.0,A,,,7.5,A,,,7.2,A,,,7.1,A,,,7.1,A,01467200
2022-10-16 00:00:00+00:00,,,16.0,A,,,15.8,A,15.9,A,,,,,250.0,A,,,217.0,A,234.0,A,,,,,7.9,A,,,7.3,A,,,7.6,A,,,7.1,A,,,7.1,A,,,7.1,A,01467200
2022-10-17 00:00:00+00:00,,,16.2,A,,,15.8,A,15.9,A,,,,,243.0,A,,,214.0,A,228.0,A,,,,,7.9,A,,,7.2,A,,,7.6,A,,,7.1,A,,,7.1,A,,,7.1,A,01467200
2022-10-18 00:00:00+00:00,,,16.0,A,,,15.7,A,15.8,A,,,,,234.0,A,,,212.0,A,223.0,A,,,,,7.8,A,,,7.3,A,,,7.5,A,,,7.1,A,,,7.1,A,,,7.1,A,01467200
2022-10-19 00:00:00+00:00,,,15.7,A,,,15.3,A,15.5,A,,,,,233.0,A,,,213.0,A,222.0,A,,,,,8.0,A,,,7.3,A,,,7.6,A,,,7.1,A,,,7.1,A,,,7.1,A,01467200
2022-10-20 00:00:00+00:00,,,15.4,A,,,15.0,A,15.1,A,,,,,231.0,A,,,218.0,A,224.0,A,,,,,8.3,A,,,7.4,A,,,7.8,A,,,7.2,A,,,7.1,A,,,7.1,A,01467200
2022-10-21 00:00:00+00:00,,,15.2,A,,,14.7,A,14.9,"A, [4]",,,,,236.0,A,,,223.0,A,227.0,"A, [4]",,,,,8.3,A,,,7.4,A,,,7.9,"A, [4]",,,7.2,A,,,7.1,A,,,7.1,"A, [4]",01467200
2022-10-22 00:00:00+00:00,,,15.2,A,,,14.6,A,14.9,A,,,,,236.0,A,,,226.0,A,230.0,A,,,,,8.2,A,,,7.3,A,,,7.8,A,,,7.2,A,,,7.1,A,,,7.1,A,01467200
2022-10-23 00:00:00+00:00,,,15.1,A,,,14.7,A,14.9,A,,,,,240.0,A,,,227.0,A,233.0,A,,,,,8.2,A,,,7.3,A,,,7.7,A,,,7.2,A,,,7.0,A,,,7.1,A,01467200
2022-10-24 00:00:00+00:00,,,15.0,A,,,14.7,A,14.9,A,,,,,243.0,A,,,228.0,A,235.0,A,,,,,8.1,A,,,7.3,A,,,7.7,A,,,7.2,A,,,7.1,A,,,7.1,A,01467200
2022-10-25 00:00:00+00:00,,,15.2,A,,,14.7,A,14.9,A,,,,,244.0,A,,,228.0,A,235.0,A,,,,,8.0,A,,,7.0,A,,,7.6,A,,,7.2,A,,,7.0,A,,,7.1,A,01467200
2022-10-26 00:00:00+00:00,,,15.3,A,,,14.8,A,,,,,,,246.0,A,,,228.0,A,,,,,,,7.9,A,,,6.8,A,,,,,,,7.1,A,,,7.0,A,,,,,01467200
2022-10-27 00:00:00+00:00,,,15.3,A,,,14.7,A,,,,,,,246.0,A,,,226.0,A,,,,,,,8.0,A,,,6.9,A,,,,,,,7.1,A,,,7.0,A,,,,,01467200
2022-10-28 00:00:00+00:00,,,15.0,A,,,14.5,A,,,,,,,254.0,A,,,225.0,A,,,,,,,8.2,A,,,7.0,A,,,,,,,7.2,A,,,7.0,A,,,,,01467200
2022-10-29 00:00:00+00:00,,,14.8,A,,,14.4,A,14.6,A,,,,,252.0,A,,,228.0,A,240.0,A,,,,,8.2,A,,,6.9,A,,,7.5,A,,,7.2,A,,,7.0,A,,,7.1,A,01467200
2022-10-30 00:00:00+00:00,,,14.7,A,,,14.2,A,14.5,A,,,,,256.0,A,,,234.0,A,243.0,A,,,,,8.0,A,,,6.8,A,,,7.4,A,,,7.1,A,,,7.0,A,,,7.0,A,01467200
2022-10-31 00:00:00+00:00,,,14.7,A,,,14.2,A,14.4,A,,,,,262.0,A,,,236.0,A,247.0,A,,,,,8.0,A,,,6.8,A,,,7.4,A,,,7.1,A,,,7.0,A,,,7.0,A,01467200
2022-11-01 00:00:00+00:00,,,14.8,A,,,14.2,A,14.5,A,,,,,264.0,A,,,243.0,A,252.0,A,,,,,7.9,A,,,6.7,A,,,7.3,A,,,7.1,A,,,7.0,A,,,7.0,A,01467200
2022-11-02 00:00:00+00:00,,,14.8,A,,,14.2,A,14.5,A,,,,,267.0,A,,,244.0,A,253.0,A,,,,,8.0,A,,,6.7,A,,,7.4,A,,,7.1,A,,,7.0,A,,,7.0,A,01467200
2022-11-03 00:00:00+00:00,,,14.8,A,,,14.2,A,14.5,A,,,,,270.0,A,,,248.0,A,258.0,A,,,,,7.9,A,,,6.6,A,,,7.2,A,,,7.1,A,,,7.0,A,,,7.0,A,01467200
2022-11-04 00:00:00+00:00,,,14.8,A,,,14.2,A,14.6,A,,,,,273.0,A,,,251.0,A,260.0,A,,,,,7.8,A,,,6.5,A,,,7.2,A,,,7.1,A,,,7.0,A,,,7.0,A,01467200
2022-11-05 00:00:00+00:00,,,15.0,A,,,14.4,A,14.7,A,,,,,272.0,A,,,256.0,A,263.0,A,,,,,7.9,A,,,6.5,A,,,7.2,A,,,7.1,A,,,7.0,A,,,7.0,A,01467200
2022-11-06 00:00:00+00:00,,,15.2,A,,,14.7,A,15.0,A,,,,,274.0,A,,,260.0,A,266.0,A,,,,,7.9,A,,,6.7,A,,,7.3,A,,,7.1,A,,,7.0,A,,,7.1,A,01467200
2022-11-07 00:00:00+00:00,,,15.5,A,,,15.0,A,15.2,A,,,,,276.0,A,,,264.0,A,269.0,A,,,,,8.0,A,,,6.8,A,,,7.4,A,,,7.2,A,,,7.0,A,,,7.1,A,01467200
2022-11-08 00:00:00+00:00,,,15.3,A,,,14.8,A,15.0,A,,,,,279.0,A,,,266.0,A,272.0,A,,,,,8.2,A,,,6.9,A,,,7.6,A,,,7.2,A,,,7.0,A,,,7.1,A,01467200
2022-11-11 00:00:00+00:00,,,15.0,A,,,14.4,A,14.7,A,,,,,290.0,A,,,274.0,A,282.0,A,,,,,8.2,A,,,7.0,A,,,7.5,A,,,7.2,A,,,7.1,A,,,7.1,A,01467200
2022-11-12 00:00:00+00:00,,,15.1,A,,,14.8,A,15.0,A,,,,,289.0,A,,,276.0,A,284.0,A,,,,,8.0,A,,,7.1,A,,,7.5,A,,,7.2,A,,,7.1,A,,,7.1,A,01467200
2022-11-13 00:00:00+00:00,,,15.0,A,,,14.4,A,14.8,A,,,,,287.0,A,,,275.0,A,280.0,A,,,,,8.4,A,,,7.2,A,,,7.8,A,,,7.2,A,,,7.1,A,,,7.2,A,01467200
2022-11-14 00:00:00+00:00,,,14.4,A,,,13.8,A,14.2,A,,,,,285.0,A,,,274.0,A,279.0,A,,,,,8.6,A,,,7.6,A,,,8.1,A,,,7.3,A,,,7.1,A,,,7.2,A,01467200
2022-11-15 00:00:00+00:00,,,13.9,A,,,13.2,A,13.6,A,,,,,286.0,A,,,271.0,A,278.0,A,,,,,8.9,A,,,7.9,A,,,8.4,A,,,7.3,A,,,7.2,A,,,7.3,A,01467200
2022-11-16 00:00:00+00:00,,,13.3,A,,,12.7,A,13.0,A,,,,,282.0,A,,,269.0,A,274.0,A,,,,,8.9,A,,,8.2,A,,,8.6,A,,,7.3,A,,,7.2,A,,,7.3,A,01467200
2022-11-17 00:00:00+00:00,,,12.7,A,,,11.9,A,12.3,A,,,,,273.0,A,,,268.0,A,270.0,A,,,,,9.3,A,,,8.6,A,,,8.9,A,,,7.4,A,,,7.3,A,,,7.3,A,01467200
2022-11-18 00:00:00+00:00,,,11.9,A,,,11.1,A,11.5,A,,,,,275.0,A,,,265.0,A,270.0,A,,,,,9.7,A,,,9.0,A,,,9.3,A,,,7.5,A,,,7.3,A,,,7.4,A,01467200
2022-11-19 00:00:00+00:00,,,11.4,A,,,10.2,A,10.8,A,,,,,276.0,A,,,252.0,A,268.0,A,,,,,10.0,A,,,9.2,A,,,9.6,A,,,7.4,A,,,7.4,A,,,7.4,A,01467200
2022-11-20 00:00:00+00:00,,,10.7,A,,,8.7,A,9.8,A,,,,,273.0,A,,,214.0,A,249.0,A,,,,,10.5,A,,,9.4,A,,,10.0,A,,,7.4,A,,,7.3,A,,,7.4,A,01467200
2022-11-21 00:00:00+00:00,,,9.7,A,,,8.1,A,8.9,A,,,,,266.0,A,,,210.0,A,238.0,A,,,,,10.7,A,,,9.8,A,,,10.2,A,,,7.4,A,,,7.3,A,,,7.4,A,01467200
2022-11-22 00:00:00+00:00,,,9.2,A,,,7.7,A,8.4,A,,,,,260.0,A,,,203.0,A,227.0,A,,,,,10.7,A,,,9.9,A,,,10.4,A,,,7.4,A,,,7.3,A,,,7.3,A,01467200
2022-11-23 00:00:00+00:00,,,8.7,A,,,7.3,A,8.0,A,,,,,250.0,A,,,200.0,A,222.0,A,,,,,10.8,A,,,10.0,A,,,10.4,A,,,7.3,A,,,7.2,A,,,7.3,A,01467200
2022-11-24 00:00:00+00:00,,,8.5,A,,,7.0,A,7.9,A,,,,,246.0,A,,,197.0,A,222.0,A,,,,,10.9,A,,,9.9,A,,,10.4,A,,,7.3,A,,,7.2,A,,,7.3,A,01467200
2022-11-25 00:00:00+00:00,,,8.3,A,,,7.0,A,7.7,A,,,,,244.0,A,,,203.0,A,221.0,A,,,,,10.9,A,,,10.0,A,,,10.4,A,,,7.3,A,,,7.2,A,,,7.2,A,01467200
2022-11-26 00:00:00+00:00,,,8.0,A,,,6.7,A,7.3,A,,,,,233.0,A,,,202.0,A,214.0,A,,,,,11.1,A,,,10.2,A,,,10.7,A,,,7.3,A,,,7.2,A,,,7.2,A,01467200
2022-11-27 00:00:00+00:00,,,7.8,A,,,6.6,A,7.3,A,,,,,236.0,A,,,204.0,A,218.0,A,,,,,11.2,A,,,10.2,A,,,10.6,A,,,7.3,A,,,7.2,A,,,7.2,A,01467200
2022-11-28 00:00:00+00:00,,,7.7,A,,,6.7,A,7.2,A,,,,,228.0,A,,,209.0,A,217.0,A,,,,,11.2,A,,,10.3,A,,,10.7,A,,,7.3,A,,,7.2,A,,,7.2,A,01467200
2022-11-29 00:00:00+00:00,,,7.6,A,,,6.3,A,7.0,A,,,,,234.0,A,,,208.0,A,219.0,A,,,,,11.5,A,,,10.3,A,,,10.9,A,,,7.3,A,,,7.2,A,,,7.2,A,01467200
2022-11-30 00:00:00+00:00,,,7.4,A,,,6.2,A,6.9,A,,,,,230.0,A,,,213.0,A,222.0,A,,,,,11.5,A,,,10.4,A,,,10.9,A,,,7.3,A,,,7.2,A,,,7.2,A,01467200
2022-12-01 00:00:00+00:00,,,6.8,A,,,5.6,A,6.1,A,,,,,224.0,A,,,214.0,A,219.0,A,,,,,12.0,A,,,11.0,A,,,11.5,A,,,7.3,A,,,7.2,A,,,7.3,A,01467200
2022-12-02 00:00:00+00:00,,,6.1,A,,,5.3,A,5.7,A,,,,,226.0,A,,,214.0,A,218.0,A,,,,,12.2,A,,,11.3,A,,,11.8,A,,,7.4,A,,,7.3,A,,,7.3,A,01467200
2022-12-03 00:00:00+00:00,,,6.0,A,,,5.4,A,5.8,A,,,,,225.0,A,,,217.0,A,222.0,A,,,,,12.1,A,,,11.5,A,,,11.8,A,,,7.4,A,,,7.3,A,,,7.3,A,01467200
2022-12-04 00:00:00+00:00,,,6.0,A,,,5.7,A,5.9,A,,,,,225.0,A,,,220.0,A,222.0,A,,,,,12.0,A,,,11.6,A,,,11.9,A,,,7.4,A,,,7.3,A,,,7.4,A,01467200
2022-12-05 00:00:00+00:00,,,6.0,A,,,5.8,A,5.9,A,,,,,233.0,A,,,222.0,A,226.0,A,,,,,12.0,A,,,11.6,A,,,11.8,A,,,7.4,A,,,7.3,A,,,7.4,A,01467200
2022-12-06 00:00:00+00:00,,,6.2,A,,,5.8,A,6.0,A,,,,,234.0,A,,,217.0,A,227.0,A,,,,,11.9,A,,,11.5,A,,,11.7,A,,,7.4,A,,,7.3,A,,,7.4,A,01467200
2022-12-07 00:00:00+00:00,,,6.3,A,,,6.0,A,6.2,A,,,,,234.0,A,,,205.0,A,222.0,A,,,,,11.8,A,,,11.4,A,,,11.6,A,,,7.4,A,,,7.3,A,,,7.3,A,01467200
2022-12-08 00:00:00+00:00,,,6.3,A,,,5.8,A,6.1,A,,,,,222.0,A,,,193.0,A,207.0,A,,,,,12.1,A,,,11.4,A,,,11.8,A,,,7.4,A,,,7.3,A,,,7.3,A,01467200
2022-12-09 00:00:00+00:00,,,6.0,A,,,5.6,A,5.9,A,,,,,209.0,A,,,194.0,A,201.0,A,,,,,12.4,A,,,11.8,A,,,12.0,A,,,7.4,A,,,7.3,A,,,7.3,A,01467200
2022-12-10 00:00:00+00:00,,,5.9,A,,,5.4,A,5.7,A,,,,,207.0,A,,,197.0,A,203.0,A,,,,,12.4,A,,,11.9,A,,,12.1,A,,,7.4,A,,,7.3,A,,,7.3,A,01467200
2022-12-11 00:00:00+00:00,,,5.8,A,,,5.5,A,5.7,A,,,,,208.0,A,,,193.0,A,203.0,A,,,,,12.3,A,,,11.9,A,,,12.1,A,,,7.4,A,,,7.3,A,,,7.3,A,01467200
2022-12-12 00:00:00+00:00,,,5.9,A,,,5.6,A,5.8,A,,,,,206.0,A,,,190.0,A,199.0,A,,,,,12.1,A,,,11.8,A,,,11.9,A,,,7.3,A,,,7.3,A,,,7.3,A,01467200
2022-12-13 00:00:00+00:00,,,5.9,A,,,5.6,A,5.8,A,,,,,202.0,A,,,187.0,A,196.0,A,,,,,11.9,A,,,11.7,A,,,11.8,A,,,7.3,A,,,7.3,A,,,7.3,A,01467200
2022-12-14 00:00:00+00:00,,,5.8,A,,,5.6,A,5.7,A,,,,,201.0,A,,,178.0,A,191.0,A,,,,,11.8,A,,,11.6,A,,,11.7,A,,,7.3,A,,,7.3,A,,,7.3,A,01467200
2022-12-15 00:00:00+00:00,,,6.1,A,,,5.4,A,5.5,A,,,,,209.0,A,,,173.0,A,190.0,A,,,,,11.9,A,,,11.5,A,,,11.7,A,,,7.3,A,,,7.2,A,,,7.3,A,01467200
2022-12-16 00:00:00+00:00,,,5.8,A,,,5.5,A,5.7,A,,,,,198.0,A,,,178.0,A,187.0,A,,,,,11.8,A,,,11.4,A,,,11.6,A,,,7.3,A,,,7.2,A,,,7.2,A,01467200
2022-12-17 00:00:00+00:00,,,5.6,A,,,5.1,A,5.4,A,,,,,187.0,A,,,178.0,A,183.0,A,,,,,12.2,A,,,11.5,A,,,11.8,A,,,7.3,A,,,7.2,A,,,7.3,A,01467200
2022-12-18 00:00:00+00:00,,,5.2,A,,,4.6,A,5.0,A,,,,,205.0,A,,,183.0,A,195.0,A,,,,,12.4,A,,,11.8,A,,,12.1,A,,,7.4,A,,,7.3,A,,,7.3,A,01467200
2022-12-19 00:00:00+00:00,,,4.9,A,,,3.9,A,4.4,A,,,,,208.0,A,,,196.0,A,204.0,A,,,,,12.7,A,,,12.1,A,,,12.4,A,,,7.4,A,,,7.3,A,,,7.3,A,01467200
2022-12-20 00:00:00+00:00,,,4.3,A,,,3.7,A,3.9,A,,,,,210.0,A,,,204.0,A,207.0,A,,,,,12.7,A,,,12.3,A,,,12.5,A,,,7.4,A,,,7.3,A,,,7.3,A,01467200
2022-12-21 00:00:00+00:00,,,4.1,A,,,3.5,A,3.8,A,,,,,214.0,A,,,207.0,A,211.0,A,,,,,12.6,A,,,12.3,A,,,12.5,A,,,7.3,A,,,7.3,A,,,7.3,A,01467200
2022-12-22 00:00:00+00:00,,,3.9,A,,,3.5,A,3.7,A,,,,,236.0,A,,,211.0,A,219.0,A,,,,,12.6,A,,,12.3,A,,,12.4,A,,,7.3,A,,,7.3,A,,,7.3,A,01467200
2022-12-23 00:00:00+00:00,,,4.2,A,,,3.2,A,4.0,A,,,,,244.0,A,,,217.0,A,228.0,A,,,,,12.8,A,,,12.1,A,,,12.3,A,,,7.4,A,,,7.3,A,,,7.3,A,01467200
2022-12-24 00:00:00+00:00,,,3.4,A,,,1.9,A,2.7,A,,,,,241.0,A,,,230.0,A,236.0,A,,,,,13.4,A,,,12.5,A,,,12.9,A,,,7.4,A,,,7.3,A,,,7.4,A,01467200
2022-12-25 00:00:00+00:00,,,2.2,A,,,1.4,A,1.7,A,,,,,236.0,A,,,221.0,A,231.0,A,,,,,13.6,A,,,13.1,A,,,13.4,A,,,7.5,A,,,7.4,A,,,7.4,A,01467200
2022-12-26 00:00:00+00:00,,,1.5,A,,,0.9,A,1.3,A,,,,,231.0,A,,,220.0,A,225.0,A,,,,,13.5,A,,,13.3,A,,,13.4,A,,,7.5,A,,,7.4,A,,,7.4,A,01467200
2022-12-27 00:00:00+00:00,,,1.3,A,,,0.6,A,1.0,A,,,,,226.0,A,,,200.0,A,219.0,A,,,,,13.8,A,,,13.3,A,,,13.5,A,,,7.5,A,,,7.3,A,,,7.4,A,01467200
2022-12-28 00:00:00+00:00,,,1.0,A,,,0.3,A,0.7,A,,,,,219.0,A,,,181.0,A,202.0,A,,,,,14.0,A,,,13.4,A,,,13.7,A,,,7.4,A,,,7.2,A,,,7.3,A,01467200
2022-12-29 00:00:00+00:00,,,0.9,A,,,0.2,A,0.5,A,,,,,202.0,A,,,172.0,A,186.0,A,,,,,14.1,A,,,13.6,A,,,13.8,A,,,7.3,A,,,7.2,A,,,7.3,A,01467200
2022-12-30 00:00:00+00:00,,,0.8,A,,,0.2,A,0.5,A,,,,,190.0,A,,,172.0,A,180.0,A,,,,,14.1,A,,,13.6,A,,,13.9,A,,,7.3,A,,,7.2,A,,,7.2,A,01467200
2022-12-31 00:00:00+00:00,,,0.9,A,,,0.3,A,0.6,A,,,,,188.0,A,,,174.0,A,181.0,A,,,,,14.1,A,,,13.6,A,,,13.9,A,,,7.2,A,,,7.2,A,,,7.2,A,01467200
2023-01-01 00:00:00+00:00,,,1.1,A,,,0.7,A,0.9,A,,,,,190.0,A,,,181.0,A,186.0,A,,,,,13.9,A,,,13.6,A,,,13.8,A,,,7.2,A,,,7.1,A,,,7.2,A,01467200
2023-01-02 00:00:00+00:00,,,1.7,A,,,1.0,A,1.3,A,,,,,191.0,A,,,184.0,A,187.0,A,,,,,13.9,A,,,13.5,A,,,13.8,A,,,7.3,A,,,7.2,A,,,7.2,A,01467200
2023-01-03 00:00:00+00:00,,,2.3,A,,,1.4,A,1.8,A,,,,,194.0,A,,,186.0,A,190.0,A,,,,,13.8,A,,,13.4,A,,,13.6,A,,,7.3,A,,,7.2,A,,,7.2,A,01467200
2023-01-04 00:00:00+00:00,,,3.2,A,,,1.8,A,2.5,A,,,,,195.0,A,,,189.0,A,192.0,A,,,,,13.6,A,,,13.3,A,,,13.5,A,,,7.3,A,,,7.2,A,,,7.3,A,01467200
2023-01-05 00:00:00+00:00,,,4.2,A,,,2.6,A,3.3,A,,,,,201.0,A,,,192.0,A,196.0,A,,,,,13.4,A,,,12.9,A,,,13.2,A,,,7.4,A,,,7.2,A,,,7.3,A,01467200
2023-01-06 00:00:00+00:00,,,5.1,A,,,3.3,A,4.2,A,,,,,207.0,A,,,196.0,A,202.0,A,,,,,13.2,A,,,12.5,A,,,12.8,A,,,7.4,A,,,7.3,A,,,7.3,A,01467200
2023-01-07 00:00:00+00:00,,,5.6,A,,,4.4,A,5.0,A,,,,,206.0,A,,,190.0,A,201.0,A,,,,,12.7,A,,,12.2,A,,,12.5,A,,,7.4,A,,,7.3,A,,,7.3,A,01467200
2023-01-08 00:00:00+00:00,,,5.9,A,,,5.1,A,5.4,A,,,,,203.0,A,,,183.0,A,195.0,A,,,,,12.4,A,,,12.0,A,,,12.3,A,,,7.4,A,,,7.3,A,,,7.3,A,01467200
2023-01-09 00:00:00+00:00,,,6.2,A,,,5.3,A,5.8,A,,,,,201.0,A,,,178.0,A,190.0,A,,,,,12.2,A,,,11.8,A,,,12.0,A,,,7.3,A,,,7.3,A,,,7.3,A,01467200
2023-01-10 00:00:00+00:00,,,6.1,A,,,5.7,A,5.9,A,,,,,194.0,A,,,175.0,A,185.0,A,,,,,12.0,A,,,11.8,A,,,11.9,A,,,7.3,A,,,7.3,A,,,7.3,A,01467200
2023-01-11 00:00:00+00:00,,,6.1,A,,,5.8,A,5.9,A,,,,,192.0,A,,,171.0,A,182.0,A,,,,,11.9,A,,,11.7,A,,,11.8,A,,,7.3,A,,,7.2,A,,,7.3,A,01467200
2023-01-12 00:00:00+00:00,,,6.1,A,,,5.9,A,6.0,A,,,,,191.0,A,,,173.0,A,183.0,A,,,,,11.8,A,,,11.6,A,,,11.7,A,,,7.3,A,,,7.2,A,,,7.3,A,01467200
2023-01-13 00:00:00+00:00,,,6.2,A,,,6.0,A,6.1,A,,,,,191.0,A,,,179.0,A,184.0,A,,,,,11.8,A,,,11.5,A,,,11.7,A,,,7.3,A,,,7.2,A,,,7.2,A,01467200
2023-01-14 00:00:00+00:00,,,6.0,A,,,5.6,A,5.8,A,,,,,192.0,A,,,181.0,A,186.0,A,,,,,12.1,A,,,11.6,A,,,11.8,A,,,7.4,A,,,7.2,A,,,7.3,A,01467200
2023-01-15 00:00:00+00:00,,,5.6,A,,,5.2,A,5.4,A,,,,,194.0,A,,,186.0,A,190.0,A,,,,,12.3,A,,,11.9,A,,,12.0,A,,,7.4,A,,,7.3,A,,,7.3,A,01467200
2023-01-16 00:00:00+00:00,,,5.3,A,,,4.9,A,5.1,A,,,,,197.0,A,,,191.0,A,195.0,A,,,,,12.4,A,,,11.9,A,,,12.1,A,,,7.4,A,,,7.3,A,,,7.3,A,01467200
2023-01-17 00:00:00+00:00,,,5.1,A,,,4.6,A,4.8,A,,,,,202.0,A,,,194.0,A,198.0,A,,,,,12.5,A,,,11.7,A,,,12.2,A,,,7.4,A,,,7.3,A,,,7.4,A,01467200
2023-01-18 00:00:00+00:00,,,5.0,A,,,4.5,A,4.7,A,,,,,205.0,A,,,195.0,A,201.0,A,,,,,12.5,A,,,12.0,A,,,12.2,A,,,7.4,A,,,7.2,A,,,7.4,A,01467200
2023-01-19 00:00:00+00:00,,,4.9,A,,,4.5,A,4.7,A,,,,,213.0,A,,,199.0,A,205.0,A,,,,,12.3,A,,,12.0,A,,,12.2,A,,,7.4,A,,,7.3,A,,,7.3,A,01467200
2023-01-20 00:00:00+00:00,,,4.9,A,,,4.3,A,4.7,A,,,,,214.0,A,,,197.0,A,207.0,A,,,,,12.4,A,,,11.9,A,,,12.0,A,,,7.4,A,,,7.2,A,,,7.3,A,01467200
2023-01-21 00:00:00+00:00,,,4.7,A,,,3.8,A,4.2,A,,,,,209.0,A,,,191.0,A,200.0,A,,,,,12.8,A,,,12.1,A,,,12.4,A,,,7.4,A,,,7.3,A,,,7.3,A,01467200
2023-01-22 00:00:00+00:00,,,4.3,A,,,3.6,A,4.0,A,,,,,208.0,A,,,195.0,A,201.0,A,,,,,12.9,A,,,12.3,A,,,12.6,A,,,7.4,A,,,7.3,A,,,7.3,A,01467200
2023-01-23 00:00:00+00:00,,,4.1,A,,,3.7,A,3.9,A,,,,,216.0,A,,,199.0,A,206.0,A,,,,,12.8,A,,,12.4,A,,,12.5,A,,,7.4,A,,,7.3,A,,,7.3,A,01467200
2023-01-24 00:00:00+00:00,,,4.3,A,,,3.8,A,4.0,A,,,,,204.0,A,,,197.0,A,201.0,A,,,,,12.6,A,,,12.5,A,,,12.5,A,,,7.4,A,,,7.3,A,,,7.3,A,01467200
2023-01-25 00:00:00+00:00,,,4.5,A,,,4.0,A,4.2,A,,,,,207.0,A,,,194.0,A,201.0,A,,,,,12.7,A,,,12.4,A,,,12.5,A,,,7.4,A,,,7.3,A,,,7.3,A,01467200
2023-01-26 00:00:00+00:00,,,5.0,A,,,4.5,A,4.7,A,,,,,209.0,A,,,181.0,A,195.0,A,,,,,12.6,A,,,12.2,A,,,12.3,A,,,7.3,A,,,7.2,A,,,7.3,A,01467200
2023-01-27 00:00:00+00:00,,,4.8,A,,,4.6,A,4.7,A,,,,,193.0,A,,,180.0,A,186.0,A,,,,,12.6,A,,,12.3,A,,,12.5,A,,,7.4,A,,,7.2,A,,,7.3,A,01467200
2023-01-28 00:00:00+00:00,,,4.7,A,,,4.5,A,4.6,A,,,,,194.0,A,,,185.0,A,190.0,A,,,,,12.6,A,,,12.4,A,,,12.5,A,,,7.4,A,,,7.2,A,,,7.3,A,01467200
2023-01-29 00:00:00+00:00,,,4.7,A,,,4.6,A,4.6,A,,,,,194.0,A,,,182.0,A,188.0,A,,,,,12.4,A,,,12.3,A,,,12.4,A,,,7.3,A,,,7.2,A,,,7.2,A,01467200
2023-01-30 00:00:00+00:00,,,4.7,A,,,4.4,A,4.6,A,,,,,218.0,A,,,187.0,A,205.0,A,,,,,12.5,A,,,12.2,A,,,12.3,A,,,7.3,A,,,7.2,A,,,7.2,A,01467200
2023-01-31 00:00:00+00:00,,,4.6,A,,,4.2,A,4.5,A,,,,,220.0,A,,,206.0,A,214.0,A,,,,,12.7,A,,,12.2,A,,,12.4,A,,,7.3,A,,,7.2,A,,,7.3,A,01467200
2023-02-01 00:00:00+00:00,,,4.5,A,,,4.2,A,4.3,A,,,,,219.0,A,,,206.0,A,214.0,A,,,,,12.8,A,,,12.3,A,,,12.5,A,,,7.3,A,,,7.2,A,,,7.3,A,01467200
2023-02-02 00:00:00+00:00,,,4.4,A,,,4.1,A,4.3,A,,,,,217.0,A,,,207.0,A,213.0,A,,,,,12.8,A,,,12.4,A,,,12.6,A,,,7.3,A,,,7.2,A,,,7.3,A,01467200
2023-02-03 00:00:00+00:00,,,4.3,A,,,3.9,A,4.1,A,,,,,217.0,A,,,207.0,A,212.0,A,,,,,12.9,A,,,12.4,A,,,12.7,A,,,7.4,A,,,7.2,A,,,7.3,A,01467200
2023-02-04 00:00:00+00:00,,,3.9,A,,,3.5,A,3.6,A,,,,,216.0,A,,,208.0,A,212.0,A,,,,,13.0,A,,,12.8,A,,,12.8,A,,,7.4,A,,,7.3,A,,,7.3,A,01467200
2023-02-05 00:00:00+00:00,,,3.6,A,,,3.4,A,3.5,A,,,,,225.0,A,,,211.0,A,217.0,A,,,,,12.9,A,,,12.8,A,,,12.8,A,,,7.4,A,,,7.3,A,,,7.3,A,01467200
2023-02-06 00:00:00+00:00,,,3.7,A,,,3.5,A,3.6,A,,,,,225.0,A,,,219.0,A,222.0,A,,,,,12.9,A,,,12.7,A,,,12.7,A,,,7.4,A,,,7.3,A,,,7.3,A,01467200
2023-02-07 00:00:00+00:00,,,3.7,A,,,3.5,A,3.6,A,,,,,236.0,A,,,216.0,A,225.0,A,,,,,12.9,A,,,12.6,A,,,12.7,A,,,7.4,A,,,7.2,A,,,7.3,A,01467200
2023-02-08 00:00:00+00:00,,,3.9,A,,,3.5,A,3.7,A,,,,,230.0,A,,,218.0,A,226.0,A,,,,,12.9,A,,,12.6,A,,,12.7,A,,,7.4,A,,,7.2,A,,,7.3,A,01467200
2023-02-09 00:00:00+00:00,,,4.0,A,,,3.3,A,3.7,A,,,,,230.0,A,,,216.0,A,224.0,A,,,,,13.1,A,,,12.5,A,,,12.7,A,,,7.4,A,,,7.2,A,,,7.3,A,01467200
2023-02-10 00:00:00+00:00,,,4.2,A,,,3.4,A,3.9,A,,,,,230.0,A,,,217.0,A,225.0,A,,,,,13.3,A,,,12.5,A,,,12.8,A,,,7.4,A,,,7.2,A,,,7.3,A,01467200
2023-02-11 00:00:00+00:00,,,4.1,A,,,3.3,A,3.7,A,,,,,229.0,A,,,222.0,A,226.0,A,,,,,13.5,A,,,12.7,A,,,13.0,A,,,7.4,A,,,7.3,A,,,7.3,A,01467200
2023-02-12 00:00:00+00:00,,,4.1,A,,,3.3,A,3.7,A,,,,,232.0,A,,,224.0,A,228.0,A,,,,,13.5,A,,,12.7,A,,,13.1,A,,,7.4,A,,,7.2,A,,,7.3,A,01467200
2023-02-13 00:00:00+00:00,,,4.2,A,,,3.4,A,3.8,A,,,,,237.0,A,,,226.0,A,232.0,A,,,,,13.4,A,,,12.7,A,,,13.0,A,,,7.4,A,,,7.2,A,,,7.3,A,01467200
2023-02-14 00:00:00+00:00,,,4.2,A,,,3.7,A,4.0,A,,,,,238.0,A,,,231.0,A,235.0,A,,,,,13.2,A,,,12.7,A,,,13.0,A,,,7.4,A,,,7.3,A,,,7.4,A,01467200
2023-02-15 00:00:00+00:00,,,4.6,A,,,4.0,A,4.3,A,,,,,242.0,A,,,232.0,A,237.0,A,,,,,13.1,A,,,12.7,A,,,12.9,A,,,7.4,A,,,7.3,A,,,7.4,A,01467200
2023-02-16 00:00:00+00:00,,,5.1,A,,,4.5,A,4.8,A,,,,,244.0,A,,,231.0,A,238.0,A,,,,,12.9,A,,,12.5,A,,,12.7,A,,,7.4,A,,,7.3,A,,,7.4,A,01467200
2023-02-17 00:00:00+00:00,,,5.8,A,,,4.8,A,5.3,A,,,,,249.0,A,,,230.0,A,238.0,A,,,,,12.6,A,,,12.1,A,,,12.4,A,,,7.4,A,,,7.3,A,,,7.3,A,01467200
2023-02-18 00:00:00+00:00,,,5.9,A,,,5.3,A,5.6,A,,,,,243.0,A,,,224.0,A,232.0,A,,,,,12.3,A,,,12.2,A,,,12.3,A,,,7.4,A,,,7.3,A,,,7.4,A,01467200
2023-02-19 00:00:00+00:00,,,6.0,A,,,5.4,A,5.7,A,,,,,247.0,A,,,228.0,A,236.0,A,,,,,12.2,A,,,12.0,A,,,12.1,A,,,7.4,A,,,7.3,A,,,7.3,A,01467200
2023-02-20 00:00:00+00:00,,,6.3,A,,,5.6,A,5.9,A,,,,,246.0,A,,,229.0,A,238.0,A,,,,,12.1,A,,,11.8,A,,,12.0,A,,,7.4,A,,,7.3,A,,,7.3,A,01467200
2023-02-21 00:00:00+00:00,,,6.5,A,,,6.0,A,6.3,A,,,,,248.0,A,,,233.0,A,241.0,A,,,,,11.9,A,,,11.6,A,,,11.8,A,,,7.4,A,,,7.2,A,,,7.3,A,01467200
2023-02-22 00:00:00+00:00,,,6.7,A,,,6.2,A,6.4,A,,,,,252.0,A,,,236.0,A,244.0,A,,,,,11.8,A,,,11.5,A,,,11.6,A,,,7.4,A,,,7.2,A,,,7.3,A,01467200
2023-02-23 00:00:00+00:00,,,6.9,A,,,6.4,A,6.6,A,,,,,254.0,A,,,238.0,A,247.0,A,,,,,11.7,A,,,11.4,A,,,11.5,A,,,7.4,A,,,7.2,A,,,7.3,A,01467200
2023-02-24 00:00:00+00:00,,,7.2,A,,,6.7,A,7.0,A,,,,,256.0,A,,,240.0,A,249.0,A,,,,,11.6,A,,,11.2,A,,,11.4,A,,,7.4,A,,,7.2,A,,,7.3,A,01467200
2023-02-25 00:00:00+00:00,,,7.1,A,,,6.7,A,6.9,A,,,,,259.0,A,,,239.0,A,250.0,A,,,,,11.6,A,,,11.2,A,,,11.4,A,,,7.4,A,,,7.3,A,,,7.3,A,01467200
2023-02-26 00:00:00+00:00,,,6.9,A,,,6.6,A,6.8,A,,,,,259.0,A,,,242.0,A,252.0,A,,,,,11.5,A,,,11.2,A,,,11.3,A,,,7.4,A,,,7.3,A,,,7.4,A,01467200
2023-02-27 00:00:00+00:00,,,7.0,A,,,6.7,A,6.9,A,,,,,261.0,A,,,244.0,A,252.0,A,,,,,11.5,A,,,11.2,A,,,11.3,A,,,7.4,A,,,7.3,A,,,7.4,A,01467200
2023-02-28 00:00:00+00:00,,,6.9,A,,,6.8,A,6.9,A,,,,,267.0,A,,,246.0,A,256.0,A,,,,,11.4,A,,,11.0,A,,,11.2,A,,,7.4,A,,,7.3,A,,,7.3,A,01467200
2023-03-01 00:00:00+00:00,,,7.0,A,,,6.6,A,6.8,A,,,,,264.0,A,,,249.0,A,256.0,A,,,,,11.5,A,,,11.0,A,,,11.2,A,,,7.4,A,,,7.2,A,,,7.4,A,01467200
2023-03-02 00:00:00+00:00,,,7.0,A,,,6.7,A,6.9,A,,,,,266.0,A,,,249.0,A,258.0,A,,,,,11.6,A,,,11.0,A,,,11.3,A,,,7.4,A,,,7.3,A,,,7.4,A,01467200
2023-03-03 00:00:00+00:00,,,7.0,A,,,6.6,A,6.8,A,,,,,267.0,A,,,246.0,A,257.0,A,,,,,11.8,A,,,11.1,A,,,11.4,A,,,7.5,A,,,7.3,A,,,7.4,A,01467200
2023-03-04 00:00:00+00:00,,,7.1,A,,,6.3,A,6.8,A,,,,,268.0,A,,,236.0,A,256.0,A,,,,,12.2,A,,,11.0,A,,,11.4,A,,,7.5,A,,,7.3,A,,,7.4,A,01467200
2023-03-05 00:00:00+00:00,,,6.8,A,,,6.0,A,6.5,A,,,,,254.0,A,,,232.0,A,243.0,A,,,,,12.5,A,,,11.4,A,,,11.9,A,,,7.5,A,,,7.4,A,,,7.4,A,01467200
2023-03-06 00:00:00+00:00,,,6.6,A,,,5.7,A,6.2,A,,,,,249.0,A,,,236.0,A,242.0,A,,,,,12.6,A,,,11.8,A,,,12.3,A,,,7.6,A,,,7.4,A,,,7.5,A,01467200
2023-03-07 00:00:00+00:00,,,6.4,A,,,6.0,A,6.2,A,,,,,254.0,A,,,241.0,A,248.0,A,,,,,12.6,A,,,12.1,A,,,12.4,A,,,7.6,A,,,7.4,A,,,7.5,A,01467200
2023-03-08 00:00:00+00:00,,,6.4,A,,,6.0,A,6.2,A,,,,,255.0,A,,,242.0,A,251.0,A,,,,,12.4,A,,,12.1,A,,,12.3,A,,,7.6,A,,,7.4,A,,,7.5,A,01467200
2023-03-09 00:00:00+00:00,,,6.5,A,,,6.2,A,6.4,A,,,,,254.0,A,,,236.0,A,249.0,A,,,,,12.2,A,,,12.0,A,,,12.1,A,,,7.5,A,,,7.4,A,,,7.4,A,01467200
2023-03-10 00:00:00+00:00,,,6.5,A,,,6.3,A,6.4,A,,,,,256.0,A,,,233.0,A,247.0,A,,,,,12.0,A,,,11.7,A,,,11.9,A,,,7.5,A,,,7.4,A,,,7.4,A,01467200
2023-03-11 00:00:00+00:00,,,6.6,A,,,6.4,A,6.5,A,,,,,254.0,A,,,228.0,A,241.0,A,,,,,11.9,A,,,11.6,A,,,11.7,A,,,7.4,A,,,7.3,A,,,7.4,A,01467200
2023-03-12 00:00:00+00:00,,,6.6,A,,,6.3,A,6.5,A,,,,,246.0,A,,,225.0,A,237.0,A,,,,,11.9,A,,,11.6,A,,,11.7,A,,,7.4,A,,,7.3,A,,,7.3,A,01467200
2023-03-13 00:00:00+00:00,,,6.6,A,,,6.4,A,6.5,A,,,,,246.0,A,,,225.0,A,236.0,A,,,,,11.9,A,,,11.5,A,,,11.6,A,,,7.4,A,,,7.3,A,,,7.3,A,01467200
2023-03-14 00:00:00+00:00,,,6.5,A,,,6.2,A,6.4,A,,,,,240.0,A,,,228.0,A,234.0,A,,,,,12.1,A,,,11.5,A,,,11.8,A,,,7.5,A,,,7.3,A,,,7.4,A,01467200
2023-03-15 00:00:00+00:00,,,6.2,A,,,6.0,A,6.1,A,,,,,238.0,A,,,228.0,A,232.0,A,,,,,12.3,A,,,12.0,A,,,12.1,A,,,7.5,A,,,7.4,A,,,7.5,A,01467200
2023-03-16 00:00:00+00:00,,,6.3,A,,,5.9,A,6.1,A,,,,,243.0,A,,,229.0,A,236.0,A,,,,,12.2,A,,,11.9,A,,,12.0,A,,,7.5,A,,,7.3,A,,,7.4,A,01467200
2023-03-17 00:00:00+00:00,,,6.4,A,,,5.9,A,6.2,A,,,,,246.0,A,,,232.0,A,238.0,A,,,,,12.2,A,,,11.8,A,,,12.0,A,,,7.5,A,,,7.3,A,,,7.4,A,01467200
2023-03-18 00:00:00+00:00,,,6.5,A,,,6.1,A,6.3,A,,,,,242.0,A,,,234.0,A,239.0,A,,,,,12.3,A,,,11.8,A,,,12.0,A,,,7.5,A,,,7.3,A,,,7.4,A,01467200
2023-03-19 00:00:00+00:00,,,6.5,A,,,6.0,A,6.2,A,,,,,242.0,A,,,236.0,A,240.0,A,,,,,12.4,A,,,11.8,A,,,12.1,A,,,7.5,A,,,7.3,A,,,7.4,A,01467200
2023-03-20 00:00:00+00:00,,,6.4,A,,,5.8,A,6.1,A,,,,,244.0,A,,,236.0,A,240.0,A,,,,,12.5,A,,,12.0,A,,,12.2,A,,,7.5,A,,,7.3,A,,,7.4,A,01467200
2023-03-21 00:00:00+00:00,,,6.5,A,,,6.0,A,6.3,A,,,,,244.0,A,,,236.0,A,240.0,A,,,,,12.5,A,,,12.0,A,,,12.2,A,,,7.5,A,,,7.3,A,,,7.4,A,01467200
2023-03-22 00:00:00+00:00,,,7.0,A,,,6.3,A,6.6,A,,,,,245.0,A,,,238.0,A,242.0,A,,,,,12.6,A,,,12.0,A,,,12.2,A,,,7.6,A,,,7.3,A,,,7.4,A,01467200
2023-03-23 00:00:00+00:00,,,7.6,A,,,6.8,A,7.1,A,,,,,247.0,A,,,240.0,A,244.0,A,,,,,12.3,A,,,11.9,A,,,12.0,A,,,7.6,A,,,7.3,A,,,7.4,A,01467200
2023-03-24 00:00:00+00:00,,,7.9,A,,,7.2,A,7.5,A,,,,,249.0,A,,,236.0,A,244.0,A,,,,,12.1,A,,,11.7,A,,,11.8,A,,,7.5,A,,,7.3,A,,,7.4,A,01467200
2023-03-25 00:00:00+00:00,,,7.9,A,,,7.5,A,7.7,A,,,,,251.0,A,,,231.0,A,241.0,A,,,,,12.0,A,,,11.5,A,,,11.7,A,,,7.5,A,,,7.3,A,,,7.4,A,01467200
2023-03-26 00:00:00+00:00,,,8.3,A,,,7.7,A,8.0,A,,,,,247.0,A,,,224.0,A,237.0,A,,,,,12.0,A,,,11.4,A,,,11.6,A,,,7.5,A,,,7.3,A,,,7.4,A,01467200
2023-03-27 00:00:00+00:00,,,8.7,A,,,8.1,A,8.3,A,,,,,239.0,A,,,221.0,A,229.0,A,,,,,12.1,A,,,11.4,A,,,11.8,A,,,7.5,A,,,7.3,A,,,7.4,A,01467200
2023-03-28 00:00:00+00:00,,,8.7,A,,,8.4,A,8.5,A,,,,,234.0,A,,,219.0,A,227.0,A,,,,,11.9,A,,,11.5,A,,,11.7,A,,,7.5,A,,,7.3,A,,,7.4,A,01467200
2023-03-29 00:00:00+00:00,,,9.3,A,,,8.4,A,8.8,A,,,,,231.0,A,,,212.0,A,223.0,A,,,,,11.6,A,,,11.3,A,,,11.4,A,,,7.5,A,,,7.3,A,,,7.4,A,01467200
2023-03-30 00:00:00+00:00,,,9.3,A,,,8.8,A,9.0,A,,,,,224.0,A,,,197.0,A,214.0,A,,,,,11.4,A,,,11.1,A,,,11.2,A,,,7.4,A,,,7.3,A,,,7.4,A,01467200
2023-03-31 00:00:00+00:00,,,9.2,A,,,8.9,A,9.0,A,,,,,222.0,A,,,187.0,A,204.0,A,,,,,11.4,A,,,11.0,A,,,11.2,A,,,7.4,A,,,7.3,A,,,7.3,A,01467200
2023-04-01 00:00:00+00:00,,,9.6,A,,,9.1,A,9.3,A,,,,,209.0,A,,,182.0,A,195.0,A,,,,,11.4,A,,,10.9,A,,,11.1,A,,,7.4,A,,,7.3,A,,,7.3,A,01467200
2023-04-02 00:00:00+00:00,,,9.6,A,,,9.3,A,9.5,A,,,,,197.0,A,,,170.0,A,180.0,A,,,,,11.2,A,,,10.9,A,,,11.0,A,,,7.4,A,,,7.2,A,,,7.3,A,01467200
2023-04-03 00:00:00+00:00,,,9.8,A,,,9.4,A,9.6,A,,,,,192.0,A,,,168.0,A,180.0,A,,,,,11.2,A,,,10.7,A,,,10.9,A,,,7.4,A,,,7.2,A,,,7.3,A,01467200
2023-04-04 00:00:00+00:00,,,10.4,A,,,9.8,A,10.1,A,,,,,191.0,A,,,171.0,A,178.0,A,,,,,11.1,A,,,10.7,A,,,10.9,A,,,7.4,A,,,7.2,A,,,7.3,A,01467200
2023-04-05 00:00:00+00:00,,,10.9,A,,,10.3,A,10.6,A,,,,,192.0,A,,,173.0,A,179.0,A,,,,,11.1,A,,,10.6,A,,,10.8,A,,,7.4,A,,,7.2,A,,,7.3,A,01467200
2023-04-06 00:00:00+00:00,,,11.5,A,,,10.8,A,11.1,A,,,,,186.0,A,,,176.0,A,181.0,A,,,,,10.8,A,,,10.5,A,,,10.6,A,,,7.4,A,,,7.2,A,,,7.2,A,01467200
2023-04-07 00:00:00+00:00,,,11.5,A,,,11.4,A,11.4,A,,,,,190.0,A,,,182.0,A,186.0,A,,,,,10.7,A,,,10.3,A,,,10.4,A,,,7.3,A,,,7.1,A,,,7.2,A,01467200
2023-04-08 00:00:00+00:00,,,11.5,A,,,11.3,A,11.4,A,,,,,192.0,A,,,186.0,A,189.0,A,,,,,10.7,A,,,10.2,A,,,10.4,A,,,7.4,A,,,7.1,A,,,7.2,A,01467200
2023-04-09 00:00:00+00:00,,,11.7,A,,,11.3,A,11.5,A,,,,,195.0,A,,,186.0,A,191.0,A,,,,,10.5,A,,,10.0,A,,,10.3,A,,,7.4,A,,,7.1,A,,,7.2,A,01467200
2023-04-10 00:00:00+00:00,,,12.1,A,,,11.5,A,11.7,A,,,,,199.0,A,,,183.0,A,191.0,A,,,,,10.4,A,,,10.0,A,,,10.2,A,,,7.3,A,,,7.1,A,,,7.2,A,01467200
2023-04-11 00:00:00+00:00,,,12.6,A,,,11.7,A,12.0,A,,,,,198.0,A,,,183.0,A,190.0,A,,,,,10.2,A,,,9.9,A,,,10.0,A,,,7.3,A,,,7.1,A,,,7.2,A,01467200
2023-04-12 00:00:00+00:00,,,13.1,A,,,12.1,A,12.5,A,,,,,196.0,A,,,183.0,A,190.0,A,,,,,10.0,A,,,9.8,A,,,9.9,A,,,7.3,A,,,7.1,A,,,7.2,A,01467200
2023-04-13 00:00:00+00:00,,,13.8,A,,,12.6,A,13.0,A,,,,,200.0,A,,,181.0,A,192.0,A,,,,,9.9,A,,,9.6,A,,,9.7,A,,,7.3,A,,,7.1,A,,,7.2,A,01467200
2023-04-14 00:00:00+00:00,,,14.2,A,,,13.3,A,13.6,A,,,,,202.0,A,,,185.0,A,194.0,A,,,,,9.9,A,,,9.5,A,,,9.6,A,,,7.3,A,,,7.1,A,,,7.2,A,01467200
2023-04-15 00:00:00+00:00,,,14.5,A,,,13.8,A,14.1,A,,,,,204.0,A,,,187.0,A,196.0,A,,,,,9.7,A,,,9.4,A,,,9.5,A,,,7.3,A,,,7.1,A,,,7.2,A,01467200
2023-04-16 00:00:00+00:00,,,14.9,A,,,14.2,A,14.6,A,,,,,206.0,A,,,190.0,A,197.0,A,,,,,9.7,A,,,9.2,A,,,9.5,A,,,7.3,A,,,7.1,A,,,7.2,A,01467200
2023-04-17 00:00:00+00:00,,,15.3,A,,,14.7,A,14.9,A,,,,,206.0,A,,,192.0,A,199.0,A,,,,,9.5,A,,,9.2,A,,,9.4,A,,,7.3,A,,,7.1,A,,,7.2,A,01467200
2023-04-18 00:00:00+00:00,,,15.4,A,,,14.9,A,15.1,A,,,,,205.0,A,,,194.0,A,200.0,A,,,,,9.8,A,,,9.2,A,,,9.4,A,,,7.4,A,,,7.2,A,,,7.3,A,01467200
2023-04-19 00:00:00+00:00,,,15.7,A,,,14.9,A,15.2,A,,,,,211.0,A,,,198.0,A,204.0,A,,,,,10.1,A,,,9.2,A,,,9.6,A,,,7.4,A,,,7.2,A,,,7.3,A,01467200
2023-04-20 00:00:00+00:00,,,16.1,A,,,15.1,A,15.5,A,,,,,213.0,A,,,202.0,A,208.0,A,,,,,10.5,A,,,9.3,A,,,9.8,A,,,7.4,A,,,7.2,A,,,7.3,A,01467200
2023-04-21 00:00:00+00:00,,,16.7,A,,,15.5,A,16.0,A,,,,,221.0,A,,,207.0,A,212.0,A,,,,,10.7,A,,,9.5,A,,,10.0,A,,,7.5,A,,,7.3,A,,,7.4,A,01467200
2023-04-22 00:00:00+00:00,,,17.0,A,,,16.0,A,16.4,A,,,,,223.0,A,,,211.0,A,216.0,A,,,,,10.4,A,,,9.8,A,,,10.1,A,,,7.5,A,,,7.3,A,,,7.4,A,01467200
2023-04-23 00:00:00+00:00,,,17.4,A,,,16.4,A,16.8,A,,,,,226.0,A,,,214.0,A,219.0,A,,,,,10.0,A,,,9.3,A,,,9.7,A,,,7.5,A,,,7.3,A,,,7.4,A,01467200
2023-04-24 00:00:00+00:00,,,17.5,A,,,16.5,A,16.9,A,,,,,223.0,A,,,214.0,A,219.0,A,,,,,9.5,A,,,9.0,A,,,9.3,A,,,7.4,A,,,7.3,A,,,7.3,A,01467200
2023-04-25 00:00:00+00:00,,,17.4,A,,,16.6,A,17.0,A,,,,,226.0,A,,,217.0,A,223.0,A,,,,,9.0,A,,,8.7,A,,,8.9,A,,,7.3,A,,,7.2,A,,,7.3,A,01467200
2023-04-26 00:00:00+00:00,,,17.3,A,,,16.7,A,16.9,A,,,,,233.0,A,,,223.0,A,228.0,A,,,,,8.8,A,,,8.3,A,,,8.5,A,,,7.3,A,,,7.2,A,,,7.2,A,01467200
2023-04-27 00:00:00+00:00,,,17.0,A,,,16.7,A,16.8,A,,,,,237.0,A,,,231.0,A,234.0,A,,,,,8.7,A,,,8.0,A,,,8.3,A,,,7.3,A,,,7.1,A,,,7.2,A,01467200
2023-04-28 00:00:00+00:00,,,16.7,A,,,16.3,A,16.5,A,,,,,245.0,A,,,235.0,A,238.0,A,,,,,8.6,A,,,7.8,A,,,8.2,A,,,7.3,A,,,7.1,A,,,7.2,A,01467200
2023-04-29 00:00:00+00:00,,,16.3,A,,,15.9,A,16.1,A,,,,,247.0,A,,,237.0,A,240.0,A,,,,,8.4,A,,,8.0,A,,,8.2,A,,,7.3,A,,,7.2,A,,,7.2,A,01467200
2023-04-30 00:00:00+00:00,,,16.0,A,,,15.5,A,15.8,A,,,,,243.0,A,,,222.0,A,239.0,A,,,,,8.4,A,,,7.8,A,,,8.1,A,,,7.3,A,,,7.2,A,,,7.2,A,01467200
2023-05-01 00:00:00+00:00,,,15.8,A,,,13.8,A,14.7,A,,,,,239.0,A,,,201.0,A,217.0,A,,,,,9.2,A,,,7.8,A,,,8.5,A,,,7.3,A,,,7.2,A,,,7.2,A,01467200
2023-05-02 00:00:00+00:00,,,14.1,A,,,12.7,A,13.1,A,,,,,207.0,A,,,166.0,A,184.0,A,,,,,9.5,A,,,8.9,A,,,9.2,A,,,7.2,A,,,7.2,A,,,7.2,A,01467200
2023-05-03 00:00:00+00:00,,,12.8,A,,,11.8,A,12.3,A,,,,,179.0,A,,,145.0,A,166.0,A,,,,,9.6,A,,,9.2,A,,,9.4,A,,,7.2,A,,,7.1,A,,,7.2,A,01467200
2023-05-04 00:00:00+00:00,,,12.1,A,,,11.5,A,11.7,A,,,,,159.0,A,,,121.0,A,135.0,A,,,,,10.0,A,,,9.2,A,,,9.6,A,,,7.2,A,,,7.0,A,,,7.1,A,01467200
2023-05-05 00:00:00+00:00,,,11.9,A,,,11.6,A,11.8,A,,,,,139.0,A,,,122.0,A,127.0,A,,,,,10.1,A,,,9.4,A,,,9.8,A,,,7.1,A,,,7.0,A,,,7.0,A,01467200
2023-05-06 00:00:00+00:00,,,12.4,A,,,11.8,A,12.1,A,,,,,135.0,A,,,126.0,A,131.0,A,,,,,10.1,A,,,9.3,A,,,9.8,A,,,7.1,A,,,7.0,A,,,7.0,A,01467200
2023-05-07 00:00:00+00:00,,,13.0,A,,,12.2,A,12.6,A,,,,,140.0,A,,,131.0,A,135.0,A,,,,,10.1,A,,,9.4,A,,,9.8,A,,,7.1,A,,,7.0,A,,,7.1,A,01467200
2023-05-08 00:00:00+00:00,,,13.8,A,,,12.8,A,13.3,A,,,,,145.0,A,,,134.0,A,141.0,A,,,,,10.0,A,,,8.9,A,,,9.7,A,,,7.1,A,,,7.0,A,,,7.1,A,01467200
2023-05-09 00:00:00+00:00,,,14.5,A,,,13.5,A,13.9,A,,,,,149.0,A,,,141.0,A,145.0,A,,,,,9.9,A,,,8.6,A,,,9.5,A,,,7.1,A,,,7.0,A,,,7.1,A,01467200
2023-05-10 00:00:00+00:00,,,15.2,A,,,13.9,A,14.5,A,,,,,153.0,A,,,146.0,A,150.0,A,,,,,9.7,A,,,8.9,A,,,9.4,A,,,7.1,A,,,7.0,A,,,7.1,A,01467200
2023-05-11 00:00:00+00:00,,,16.1,A,,,14.6,A,15.3,A,,,,,160.0,A,,,151.0,A,155.0,A,,,,,9.4,A,,,9.0,A,,,9.2,A,,,7.1,A,,,7.0,A,,,7.0,A,01467200
2023-05-12 00:00:00+00:00,,,16.8,A,,,15.4,A,16.0,A,,,,,165.0,A,,,157.0,A,161.0,A,,,,,9.1,A,,,8.6,A,,,8.9,A,,,7.1,A,,,7.0,A,,,7.0,A,01467200
2023-05-13 00:00:00+00:00,,,17.3,A,,,16.2,A,16.7,A,,,,,169.0,A,,,162.0,A,166.0,A,,,,,8.8,A,,,8.1,A,,,8.5,A,,,7.1,A,,,7.0,A,,,7.0,A,01467200
2023-05-14 00:00:00+00:00,,,17.8,A,,,16.6,A,17.1,A,,,,,174.0,A,,,166.0,A,170.0,A,,,,,8.4,A,,,8.0,A,,,8.2,A,,,7.1,A,,,7.0,A,,,7.0,A,01467200
2023-05-15 00:00:00+00:00,,,18.2,A,,,17.0,A,17.5,A,,,,,178.0,A,,,170.0,A,175.0,A,,,,,8.2,A,,,7.6,A,,,8.0,A,,,7.1,A,,,7.0,A,,,7.1,A,01467200
2023-05-16 00:00:00+00:00,,,18.6,A,,,17.4,A,18.0,A,,,,,182.0,A,,,175.0,A,179.0,A,,,,,8.2,A,,,7.4,A,,,7.9,A,,,7.2,A,,,7.0,A,,,7.1,A,01467200
2023-05-17 00:00:00+00:00,,,18.7,A,,,17.9,A,18.3,A,,,,,188.0,A,,,179.0,A,183.0,A,,,,,8.0,A,,,7.5,A,,,7.8,A,,,7.5,A,,,7.1,A,,,7.1,A,01467200
2023-05-18 00:00:00+00:00,,,18.6,A,,,17.9,A,18.2,A,,,,,191.0,A,,,184.0,A,188.0,A,,,,,8.1,A,,,7.3,A,,,7.8,A,,,7.2,A,,,7.1,A,,,7.1,A,01467200
2023-05-19 00:00:00+00:00,,,18.8,A,,,18.0,A,18.4,A,,,,,194.0,A,,,187.0,A,191.0,A,,,,,8.1,A,,,7.2,A,,,7.7,A,,,7.2,A,,,7.1,A,,,7.1,A,01467200
2023-05-20 00:00:00+00:00,,,18.9,A,,,18.3,A,18.5,A,,,,,200.0,A,,,190.0,A,195.0,A,,,,,7.9,A,,,7.2,A,,,7.5,A,,,7.2,A,,,7.1,A,,,7.1,A,01467200
2023-05-21 00:00:00+00:00,,,19.0,A,,,18.4,A,18.7,A,,,,,200.0,A,,,196.0,A,198.0,A,,,,,7.8,A,,,7.0,A,,,7.4,A,,,7.2,A,,,7.1,A,,,7.1,A,01467200
2023-05-22 00:00:00+00:00,,,19.7,A,,,18.6,A,19.0,A,,,,,204.0,A,,,196.0,A,201.0,A,,,,,8.7,A,,,7.2,A,,,7.8,A,,,7.3,A,,,7.1,A,,,7.2,A,01467200
2023-05-23 00:00:00+00:00,,,19.8,A,,,18.9,A,19.2,A,,,,,209.0,A,,,200.0,A,205.0,A,,,,,9.4,A,,,7.8,A,,,8.4,A,,,7.4,A,,,7.1,A,,,7.2,A,01467200
2023-05-24 00:00:00+00:00,,,20.0,A,,,19.0,A,19.4,A,,,,,212.0,A,,,205.0,A,209.0,A,,,,,9.9,A,,,8.3,A,,,9.0,A,,,7.5,A,,,7.2,A,,,7.3,A,01467200
2023-05-25 00:00:00+00:00,,,20.0,A,,,19.2,A,19.5,A,,,,,216.0,A,,,207.0,A,212.0,A,,,,,10.7,A,,,8.8,A,,,9.5,A,,,7.8,A,,,7.3,A,,,7.4,A,01467200
2023-05-26 00:00:00+00:00,,,20.2,A,,,19.3,A,19.7,A,,,,,221.0,A,,,213.0,A,216.0,A,,,,,10.7,A,,,9.3,A,,,9.8,A,,,7.8,A,,,7.4,A,,,7.5,A,01467200
2023-05-27 00:00:00+00:00,,,20.5,A,,,19.6,A,19.9,A,,,,,222.0,A,,,216.0,A,220.0,A,,,,,10.6,A,,,9.2,A,,,9.7,A,,,7.8,A,,,7.4,A,,,7.4,A,01467200
2023-05-28 00:00:00+00:00,,,20.4,A,,,19.8,A,20.1,A,,,,,226.0,A,,,221.0,A,224.0,A,,,,,10.1,A,,,8.7,A,,,9.3,A,,,7.6,A,,,7.3,A,,,7.4,A,01467200
2023-05-29 00:00:00+00:00,,,20.6,A,,,20.1,A,20.3,A,,,,,236.0,A,,,224.0,A,230.0,A,,,,,9.6,A,,,8.3,A,,,8.9,A,,,7.5,A,,,7.2,A,,,7.3,A,01467200
2023-05-30 00:00:00+00:00,,,20.6,A,,,20.1,A,20.3,A,,,,,242.0,A,,,230.0,A,237.0,A,,,,,9.1,A,,,8.0,A,,,8.6,A,,,7.4,A,,,7.2,A,,,7.3,A,01467200
2023-05-31 00:00:00+00:00,,,20.7,A,,,20.2,A,20.5,A,,,,,245.0,A,,,237.0,A,241.0,A,,,,,9.0,A,,,7.8,A,,,8.3,A,,,7.4,A,,,7.2,A,,,7.3,A,01467200
2023-06-01 00:00:00+00:00,,,21.2,A,,,20.5,A,20.8,A,,,,,247.0,A,,,241.0,A,244.0,A,,,,,8.7,A,,,7.4,A,,,8.0,A,,,7.4,A,,,7.2,A,,,7.3,A,01467200
2023-06-02 00:00:00+00:00,,,21.6,A,,,20.9,A,21.2,A,,,,,252.0,A,,,244.0,A,248.0,A,,,,,8.3,A,,,7.2,A,,,7.7,A,,,7.4,A,,,7.1,A,,,7.2,A,01467200
2023-06-03 00:00:00+00:00,,,21.6,A,,,21.3,A,21.5,A,,,,,255.0,A,,,247.0,A,252.0,A,,,,,8.0,A,,,6.9,A,,,7.4,A,,,7.3,A,,,7.1,A,,,7.2,A,01467200
2023-06-04 00:00:00+00:00,,,21.5,A,,,21.2,A,21.4,A,,,,,258.0,A,,,253.0,A,256.0,A,,,,,7.5,A,,,6.6,A,,,7.0,A,,,7.3,A,,,7.1,A,,,7.2,A,01467200
2023-06-05 00:00:00+00:00,,,21.6,A,,,21.2,A,21.4,A,,,,,265.0,A,,,257.0,A,260.0,A,,,,,7.2,A,,,6.3,A,,,6.7,A,,,7.2,A,,,7.1,A,,,7.1,A,01467200
2023-06-06 00:00:00+00:00,,,21.7,A,,,21.3,A,21.4,A,,,,,265.0,A,,,261.0,A,263.0,A,,,,,6.9,A,,,5.9,A,,,6.2,A,,,7.2,A,,,7.0,A,,,7.1,A,01467200
2023-06-07 00:00:00+00:00,,,21.6,A,,,21.2,A,21.3,A,,,,,269.0,A,,,262.0,A,266.0,A,,,,,6.6,A,,,5.5,A,,,5.9,A,,,7.2,A,,,7.0,A,,,7.1,A,01467200
2023-06-08 00:00:00+00:00,,,21.6,A,,,21.1,A,21.3,A,,,,,271.0,A,,,264.0,A,268.0,A,,,,,6.5,A,,,5.2,A,,,5.6,A,,,7.2,A,,,7.0,A,,,7.0,A,01467200
2023-06-09 00:00:00+00:00,,,21.6,A,,,21.1,A,21.3,A,,,,,274.0,A,,,267.0,A,270.0,A,,,,,6.3,A,,,5.0,A,,,5.5,A,,,7.2,A,,,7.0,A,,,7.0,A,01467200
2023-06-10 00:00:00+00:00,,,21.8,A,,,21.1,A,21.4,A,,,,,276.0,A,,,269.0,A,273.0,A,,,,,6.4,A,,,5.0,A,,,5.5,A,,,7.2,A,,,7.0,A,,,7.0,A,01467200
2023-06-11 00:00:00+00:00,,,22.0,A,,,21.3,A,21.6,A,,,,,279.0,A,,,270.0,A,275.0,A,,,,,6.6,A,,,5.0,A,,,5.6,A,,,7.2,A,,,7.0,A,,,7.0,A,01467200
2023-06-12 00:00:00+00:00,,,22.0,A,,,21.6,A,21.8,A,,,,,284.0,A,,,272.0,A,278.0,A,,,,,6.6,A,,,5.1,A,,,5.7,A,,,7.2,A,,,7.0,A,,,7.1,A,01467200
2023-06-13 00:00:00+00:00,,,22.1,A,,,21.7,A,21.9,A,,,,,285.0,A,,,271.0,A,278.0,A,,,,,6.5,A,,,5.0,A,,,5.4,A,,,7.2,A,,,7.0,A,,,7.1,A,01467200
2023-06-14 00:00:00+00:00,,,22.0,A,,,21.8,A,21.9,A,,,,,291.0,A,,,272.0,A,280.0,A,,,,,6.4,A,,,4.8,A,,,5.4,A,,,7.2,A,,,7.0,A,,,7.1,A,01467200
2023-06-15 00:00:00+00:00,,,22.1,A,,,21.7,A,21.9,A,,,,,294.0,A,,,274.0,A,282.0,A,,,,,6.2,A,,,4.8,A,,,5.3,A,,,7.2,A,,,7.0,A,,,7.1,A,01467200
2023-06-16 00:00:00+00:00,,,22.1,A,,,21.8,A,21.9,A,,,,,299.0,A,,,270.0,A,283.0,A,,,,,6.2,A,,,4.7,A,,,5.3,A,,,7.2,A,,,7.0,A,,,7.1,A,01467200
2023-06-17 00:00:00+00:00,,,22.2,A,,,21.8,A,22.0,A,,,,,297.0,A,,,271.0,A,283.0,A,,,,,6.2,A,,,4.6,A,,,5.1,A,,,7.2,A,,,7.0,A,,,7.1,A,01467200
2023-06-18 00:00:00+00:00,,,22.3,A,,,21.9,A,22.1,A,,,,,299.0,A,,,276.0,A,286.0,A,,,,,6.3,A,,,4.5,A,,,5.2,A,,,7.2,A,,,7.0,A,,,7.1,A,01467200
2023-06-19 00:00:00+00:00,,,22.9,A,,,22.1,A,22.4,A,,,,,300.0,A,,,278.0,A,288.0,A,,,,,6.7,A,,,4.6,A,,,5.4,A,,,7.2,A,,,7.0,A,,,7.1,A,01467200
2023-06-20 00:00:00+00:00,,,22.7,A,,,22.4,A,22.6,A,,,,,303.0,A,,,280.0,A,291.0,A,,,,,7.0,A,,,4.8,A,,,5.8,A,,,7.3,A,,,7.0,A,,,7.1,A,01467200
2023-06-21 00:00:00+00:00,,,22.6,A,,,22.2,A,22.4,A,,,,,305.0,A,,,284.0,A,294.0,A,,,,,7.0,A,,,5.2,A,,,6.1,A,,,7.3,A,,,7.1,A,,,7.2,A,01467200
2023-06-22 00:00:00+00:00,,,22.2,A,,,21.8,A,22.0,A,,,,,306.0,A,,,286.0,A,296.0,A,,,,,7.1,A,,,5.6,A,,,6.2,A,,,7.3,A,,,7.1,A,,,7.2,A,01467200
2023-06-23 00:00:00+00:00,,,21.9,A,,,21.7,A,21.8,A,,,,,305.0,A,,,288.0,A,296.0,A,,,,,6.9,A,,,5.5,A,,,5.9,A,,,7.3,A,,,7.1,A,,,7.1,A,01467200
2023-06-24 00:00:00+00:00,,,22.2,A,,,21.8,A,,,,,,,303.0,A,,,286.0,A,,,,,,,6.4,A,,,5.0,A,,,,,,,7.2,A,,,7.1,A,,,,,01467200
2023-06-25 00:00:00+00:00,,,22.9,A,,,22.0,A,22.3,A,,,,,304.0,A,,,287.0,A,296.0,A,,,,,6.3,A,,,4.7,A,,,5.2,A,,,7.2,A,,,7.0,A,,,7.1,A,01467200
2023-06-26 00:00:00+00:00,,,23.0,A,,,22.5,A,22.7,A,,,,,304.0,A,,,285.0,A,296.0,A,,,,,5.9,A,,,4.4,A,,,5.0,A,,,7.2,A,,,7.0,A,,,7.1,A,01467200
2023-06-27 00:00:00+00:00,,,23.1,A,,,22.7,A,22.9,A,,,,,302.0,A,,,270.0,A,289.0,A,,,,,5.7,A,,,4.5,A,,,5.0,A,,,7.2,A,,,7.0,A,,,7.1,A,01467200
2023-06-28 00:00:00+00:00,,,23.2,A,,,22.8,A,22.9,A,,,,,280.0,A,,,249.0,A,264.0,A,,,,,5.9,A,,,4.7,A,,,5.3,A,,,7.2,A,,,7.1,A,,,7.1,A,01467200
2023-06-29 00:00:00+00:00,,,23.5,A,,,22.9,A,23.1,A,,,,,269.0,A,,,252.0,A,261.0,A,,,,,6.0,A,,,4.8,A,,,5.3,A,,,7.2,A,,,7.1,A,,,7.1,A,01467200
2023-06-30 00:00:00+00:00,,,23.8,A,,,23.2,A,23.5,A,,,,,268.0,A,,,261.0,A,265.0,A,,,,,5.8,A,,,4.8,A,,,5.2,A,,,7.2,A,,,7.1,A,,,7.1,A,01467200
2023-07-01 00:00:00+00:00,,,24.1,A,,,23.5,A,23.8,A,,,,,270.0,A,,,265.0,A,268.0,A,,,,,5.8,A,,,4.7,A,,,5.1,A,,,7.2,A,,,7.1,A,,,7.1,A,01467200
2023-07-02 00:00:00+00:00,,,24.4,A,,,23.8,A,24.1,A,,,,,273.0,A,,,265.0,A,270.0,A,,,,,5.6,A,,,4.6,A,,,5.1,A,,,7.2,A,,,7.1,A,,,7.1,A,01467200
2023-07-03 00:00:00+00:00,,,24.8,A,,,24.2,A,24.5,A,,,,,273.0,A,,,257.0,A,269.0,A,,,,,5.6,A,,,4.5,A,,,4.9,A,,,7.2,A,,,7.1,A,,,7.1,A,01467200
2023-07-04 00:00:00+00:00,,,25.0,A,,,24.5,A,24.8,A,,,,,274.0,A,,,248.0,A,266.0,A,,,,,5.7,A,,,4.6,A,,,5.0,A,,,7.2,A,,,7.1,A,,,7.1,A,01467200
2023-07-05 00:00:00+00:00,,,25.9,A,,,24.9,A,25.2,A,,,,,275.0,A,,,240.0,A,261.0,A,,,,,5.9,A,,,4.5,A,,,5.0,A,,,7.2,A,,,7.1,A,,,7.1,A,01467200
2023-07-06 00:00:00+00:00,,,26.0,A,,,25.3,A,25.7,A,,,,,271.0,A,,,233.0,A,256.0,A,,,,,5.8,A,,,4.3,A,,,5.0,A,,,7.2,A,,,7.0,A,,,7.1,A,01467200
2023-07-07 00:00:00+00:00,,,26.6,A,,,25.8,A,26.0,A,,,,,269.0,A,,,230.0,A,251.0,A,,,,,6.0,A,,,4.4,A,,,5.0,A,,,7.1,A,,,7.0,A,,,7.1,A,01467200
2023-07-08 00:00:00+00:00,,,26.5,A,,,26.1,A,26.3,A,,,,,266.0,A,,,231.0,A,249.0,A,,,,,5.7,A,,,4.3,A,,,4.9,A,,,7.1,A,,,7.0,A,,,7.0,A,01467200
2023-07-09 00:00:00+00:00,,,26.7,A,,,26.3,A,26.4,A,,,,,264.0,A,,,230.0,A,246.0,A,,,,,5.5,A,,,3.9,A,,,4.7,A,,,7.0,A,,,7.0,A,,,7.0,A,01467200
2023-07-10 00:00:00+00:00,,,26.9,A,,,26.2,A,26.5,A,,,,,250.0,A,,,228.0,A,236.0,A,,,,,5.5,A,,,3.8,A,,,4.7,A,,,7.1,A,,,6.9,A,,,7.0,A,01467200
2023-07-11 00:00:00+00:00,,,27.4,A,,,26.5,A,26.9,A,,,,,241.0,A,,,235.0,A,237.0,A,,,,,5.6,A,,,4.2,A,,,5.1,A,,,7.2,A,,,7.0,A,,,7.1,A,01467200
2023-07-12 00:00:00+00:00,,,27.5,A,,,26.9,A,27.2,A,,,,,241.0,A,,,223.0,A,234.0,A,,,,,5.6,A,,,4.3,A,,,5.1,A,,,7.2,A,,,7.0,A,,,7.1,A,01467200
2023-07-13 00:00:00+00:00,,,27.6,A,,,27.1,A,27.3,A,,,,,239.0,A,,,212.0,A,228.0,A,,,,,6.1,A,,,4.7,A,,,5.4,A,,,7.2,A,,,7.1,A,,,7.1,A,01467200
2023-07-14 00:00:00+00:00,,,27.7,A,,,26.7,A,27.2,A,,,,,238.0,A,,,207.0,A,223.0,A,,,,,6.1,A,,,5.1,A,,,5.6,A,,,7.2,A,,,7.1,A,,,7.1,A,01467200
2023-07-15 00:00:00+00:00,,,27.7,A,,,26.6,A,27.1,A,,,,,235.0,A,,,200.0,A,217.0,A,,,,,6.2,A,,,4.9,A,,,5.7,A,,,7.2,A,,,7.1,A,,,7.1,A,01467200
2023-07-16 00:00:00+00:00,,,27.5,A,,,25.8,A,26.5,A,,,,,227.0,A,,,189.0,A,202.0,A,,,,,6.1,A,,,5.2,A,,,5.8,A,,,7.2,A,,,7.1,A,,,7.1,A,01467200
2023-07-17 00:00:00+00:00,,,26.4,A,,,25.7,A,26.0,A,,,,,203.0,A,,,190.0,A,196.0,A,,,,,6.2,A,,,5.3,A,,,5.9,A,,,7.2,A,,,7.1,A,,,7.1,A,01467200
2023-07-18 00:00:00+00:00,,,26.3,A,,,25.3,A,25.9,A,,,,,200.0,A,,,176.0,A,191.0,A,,,,,6.0,A,,,4.8,A,,,5.7,A,,,7.2,A,,,7.1,A,,,7.1,A,01467200
2023-07-19 00:00:00+00:00,,,26.2,A,,,24.7,A,25.5,A,,,,,198.0,A,,,169.0,A,183.0,A,,,,,6.0,A,,,4.2,A,,,5.6,A,,,7.2,A,,,7.1,A,,,7.2,A,01467200
2023-07-20 00:00:00+00:00,,,25.8,A,,,24.7,A,25.2,A,,,,,193.0,A,,,169.0,A,178.0,A,,,,,6.0,A,,,5.2,A,,,5.5,A,,,7.2,A,,,7.1,A,,,7.1,A,01467200
2023-07-21 00:00:00+00:00,,,25.6,A,,,24.7,A,25.1,A,,,,,187.0,A,,,171.0,A,178.0,A,,,,,6.0,A,,,5.2,A,,,5.5,A,,,7.2,A,,,7.1,A,,,7.1,A,01467200
2023-07-22 00:00:00+00:00,,,25.4,A,,,24.8,A,25.0,A,,,,,185.0,A,,,175.0,A,179.0,A,,,,,6.0,A,,,5.1,A,,,5.6,A,,,7.2,A,,,7.1,A,,,7.1,A,01467200
2023-07-23 00:00:00+00:00,,,25.5,A,,,24.9,A,25.1,A,,,,,188.0,A,,,180.0,A,183.0,A,,,,,6.0,A,,,5.0,A,,,5.5,A,,,7.2,A,,,7.1,A,,,7.1,A,01467200
2023-07-24 00:00:00+00:00,,,25.6,A,,,25.0,A,25.3,A,,,,,192.0,A,,,183.0,A,188.0,A,,,,,6.1,A,,,5.0,A,,,5.5,A,,,7.2,A,,,7.1,A,,,7.1,A,01467200
2023-07-25 00:00:00+00:00,,,25.6,A,,,25.2,A,25.4,A,,,,,198.0,A,,,188.0,A,192.0,A,,,,,6.1,A,,,5.0,A,,,5.5,A,,,7.2,A,,,7.1,A,,,7.1,A,01467200
2023-07-26 00:00:00+00:00,,,25.9,A,,,25.2,A,25.5,A,,,,,208.0,A,,,193.0,A,197.0,A,,,,,5.9,A,,,4.8,A,,,5.3,A,,,7.2,A,,,7.1,A,,,7.1,A,01467200
2023-07-27 00:00:00+00:00,,,26.2,A,,,25.6,A,25.8,A,,,,,208.0,A,,,196.0,A,200.0,A,,,,,6.1,A,,,4.8,A,,,5.4,A,,,7.2,A,,,7.1,A,,,7.1,A,01467200
2023-07-28 00:00:00+00:00,,,26.5,A,,,26.0,A,26.2,A,,,,,215.0,A,,,201.0,A,207.0,A,,,,,6.2,A,,,4.7,A,,,5.6,A,,,7.3,A,,,7.1,A,,,7.2,A,01467200
2023-07-29 00:00:00+00:00,,,26.8,A,,,26.3,A,26.6,A,,,,,213.0,A,,,205.0,A,211.0,A,,,,,6.3,A,,,4.9,A,,,5.5,A,,,7.3,A,,,7.1,A,,,7.2,A,01467200
2023-07-30 00:00:00+00:00,,,26.7,A,,,26.4,A,26.5,A,,,,,219.0,A,,,210.0,A,215.0,A,,,,,6.6,A,,,5.0,A,,,5.7,A,,,7.4,A,,,7.1,A,,,7.2,A,01467200
2023-07-31 00:00:00+00:00,,,26.6,A,,,26.4,A,26.5,A,,,,,225.0,A,,,212.0,A,218.0,A,,,,,6.5,A,,,5.0,A,,,5.6,A,,,7.4,A,,,7.1,A,,,7.2,A,01467200
2023-08-01 00:00:00+00:00,,,26.5,A,,,26.3,A,26.4,A,,,,,230.0,A,,,217.0,A,223.0,A,,,,,6.6,A,,,5.0,A,,,5.8,A,,,7.4,A,,,7.1,A,,,7.2,A,01467200
2023-08-02 00:00:00+00:00,,,26.6,A,,,26.2,A,26.3,A,,,,,235.0,A,,,222.0,A,228.0,A,,,,,6.8,A,,,5.0,A,,,5.8,A,,,7.4,A,,,7.1,A,,,7.2,A,01467200
2023-08-03 00:00:00+00:00,,,26.3,A,,,26.1,A,26.2,A,,,,,240.0,A,,,226.0,A,233.0,A,,,,,6.7,A,,,4.9,A,,,5.8,A,,,7.4,A,,,7.0,A,,,7.2,A,01467200
2023-08-04 00:00:00+00:00,,,26.1,A,,,25.8,A,25.9,A,,,,,244.0,A,,,235.0,A,239.0,A,,,,,6.5,A,,,5.3,A,,,5.8,A,,,7.2,A,,,7.0,A,,,7.1,A,01467200
2023-08-05 00:00:00+00:00,,,26.2,A,,,25.8,A,25.9,A,,,,,247.0,A,,,241.0,A,244.0,A,,,,,6.4,A,,,5.3,A,,,5.8,A,,,7.2,A,,,7.0,A,,,7.1,A,01467200
2023-08-06 00:00:00+00:00,,,26.2,A,,,25.9,A,26.0,A,,,,,250.0,A,,,244.0,A,247.0,A,,,,,6.3,A,,,5.2,A,,,5.7,A,,,7.2,A,,,7.0,A,,,7.1,A,01467200
2023-08-07 00:00:00+00:00,,,26.2,A,,,26.0,A,26.1,A,,,,,254.0,A,,,245.0,A,250.0,A,,,,,6.3,A,,,5.2,A,,,5.7,A,,,7.2,A,,,7.0,A,,,7.1,A,01467200
2023-08-08 00:00:00+00:00,,,26.1,A,,,25.8,A,26.0,A,,,,,255.0,A,,,244.0,A,250.0,A,,,,,6.1,A,,,5.2,A,,,5.7,A,,,7.2,A,,,7.0,A,,,7.1,A,01467200
2023-08-09 00:00:00+00:00,,,26.0,A,,,25.6,A,25.8,A,,,,,258.0,A,,,244.0,A,250.0,A,,,,,6.2,A,,,5.3,A,,,5.8,A,,,7.2,A,,,7.0,A,,,7.1,A,01467200
2023-08-10 00:00:00+00:00,,,25.8,A,,,25.5,A,25.7,A,,,,,258.0,A,,,228.0,A,250.0,A,,,,,6.2,A,,,5.3,A,,,5.8,A,,,7.2,A,,,7.0,A,,,7.1,A,01467200
2023-08-11 00:00:00+00:00,,,25.7,A,,,25.2,A,25.5,A,,,,,258.0,A,,,235.0,A,244.0,A,,,,,6.0,A,,,5.1,A,,,5.7,A,,,7.2,A,,,7.0,A,,,7.1,A,01467200
2023-08-12 00:00:00+00:00,,,25.8,A,,,25.2,A,25.5,A,,,,,258.0,A,,,238.0,A,244.0,A,,,,,6.0,A,,,5.1,A,,,5.5,A,,,7.2,A,,,7.0,A,,,7.1,A,01467200
2023-08-13 00:00:00+00:00,,,25.9,A,,,25.3,A,25.6,A,,,,,258.0,A,,,242.0,A,247.0,A,,,,,6.0,A,,,5.0,A,,,5.5,A,,,7.2,A,,,7.0,A,,,7.1,A,01467200
2023-08-14 00:00:00+00:00,,,26.0,A,,,25.5,A,25.8,A,,,,,260.0,A,,,246.0,A,250.0,A,,,,,6.0,A,,,5.0,A,,,5.4,A,,,7.2,A,,,7.0,A,,,7.1,A,01467200
2023-08-15 00:00:00+00:00,,,26.2,A,,,25.7,A,25.9,A,,,,,262.0,A,,,245.0,A,253.0,A,,,,,6.0,A,,,4.6,A,,,5.4,A,,,7.2,A,,,7.0,A,,,7.1,A,01467200
2023-08-16 00:00:00+00:00,,,26.3,A,,,25.7,A,26.0,A,,,,,261.0,A,,,235.0,A,250.0,A,,,,,5.8,A,,,4.8,A,,,5.3,A,,,7.2,A,,,7.0,A,,,7.1,A,01467200
2023-08-17 00:00:00+00:00,,,26.3,A,,,25.7,A,26.0,A,,,,,261.0,A,,,214.0,A,240.0,A,,,,,5.7,A,,,4.7,A,,,5.3,A,,,7.1,A,,,7.0,A,,,7.1,A,01467200
2023-08-18 00:00:00+00:00,,,26.3,A,,,25.5,A,25.9,A,,,,,258.0,A,,,207.0,A,227.0,A,,,,,5.8,A,,,4.6,A,,,5.3,A,,,7.1,A,,,7.0,A,,,7.1,A,01467200
2023-08-19 00:00:00+00:00,,,25.8,A,,,25.3,A,25.5,A,,,,,241.0,A,,,206.0,A,217.0,A,,,,,5.8,A,,,4.9,A,,,5.5,A,,,7.1,A,,,7.0,A,,,7.1,A,01467200
2023-08-20 00:00:00+00:00,,,25.6,A,,,25.2,A,25.3,A,,,,,227.0,A,,,204.0,A,212.0,A,,,,,5.9,A,,,5.2,A,,,5.6,A,,,7.1,A,,,7.0,A,,,7.1,A,01467200
2023-08-21 00:00:00+00:00,,,25.6,A,,,25.0,A,25.3,A,,,,,216.0,A,,,196.0,A,207.0,A,,,,,6.1,A,,,5.2,A,,,5.7,A,,,7.1,A,,,7.0,A,,,7.1,A,01467200
2023-08-22 00:00:00+00:00,,,25.5,A,,,24.8,A,25.2,A,,,,,216.0,A,,,188.0,A,203.0,A,,,,,6.1,A,,,5.5,A,,,5.7,A,,,7.1,A,,,7.0,A,,,7.1,A,01467200
2023-08-23 00:00:00+00:00,,,25.3,A,,,24.6,A,24.9,A,,,,,214.0,A,,,185.0,A,200.0,A,,,,,6.1,A,,,5.3,A,,,5.6,A,,,7.1,A,,,7.0,A,,,7.0,A,01467200
2023-08-24 00:00:00+00:00,,,25.0,A,,,24.2,A,24.6,A,,,,,214.0,A,,,186.0,A,198.0,A,,,,,5.8,A,,,5.0,A,,,5.4,A,,,7.0,A,,,7.0,A,,,7.0,A,01467200
2023-08-25 00:00:00+00:00,,,24.9,A,,,24.0,A,24.4,A,,,,,213.0,A,,,182.0,A,196.0,A,,,,,5.7,A,,,4.7,A,,,5.2,A,,,7.0,A,,,7.0,A,,,7.0,A,01467200
2023-08-26 00:00:00+00:00,,,25.0,A,,,23.9,A,24.4,A,,,,,216.0,A,,,173.0,A,192.0,A,,,,,5.6,A,,,4.5,A,,,5.0,A,,,7.0,A,,,6.8,A,,,7.0,A,01467200
2023-08-27 00:00:00+00:00,,,25.1,A,,,24.0,A,24.5,A,,,,,218.0,A,,,166.0,A,185.0,A,,,,,5.7,A,,,4.3,A,,,5.0,A,,,7.0,A,,,6.9,A,,,6.9,A,01467200
2023-08-28 00:00:00+00:00,,,25.0,A,,,24.0,A,24.4,A,,,,,212.0,A,,,162.0,A,179.0,A,,,,,5.7,A,,,4.6,A,,,5.1,A,,,7.0,A,,,6.9,A,,,6.9,A,01467200
2023-08-29 00:00:00+00:00,,,24.9,A,,,24.0,A,24.3,A,,,,,208.0,A,,,166.0,A,179.0,A,,,,,5.7,A,,,4.7,A,,,5.2,A,,,7.0,A,,,6.8,A,,,6.9,A,01467200
2023-08-30 00:00:00+00:00,,,24.7,A,,,24.0,A,24.3,A,,,,,206.0,A,,,175.0,A,184.0,A,,,,,6.1,A,,,4.4,A,,,5.4,A,,,7.0,A,,,6.8,A,,,6.9,A,01467200
2023-08-31 00:00:00+00:00,,,24.5,A,,,23.7,A,24.1,A,,,,,201.0,A,,,182.0,A,187.0,A,,,,,6.3,A,,,5.1,A,,,5.7,A,,,7.0,A,,,6.8,A,,,6.9,A,01467200
2023-09-01 00:00:00+00:00,,,24.3,A,,,23.5,A,23.8,A,,,,,199.0,A,,,186.0,A,192.0,A,,,,,6.4,A,,,5.2,A,,,5.8,A,,,7.1,A,,,6.8,A,,,6.9,A,01467200
2023-09-02 00:00:00+00:00,,,24.1,A,,,23.4,A,23.7,A,,,,,200.0,A,,,192.0,A,196.0,A,,,,,6.5,A,,,5.3,A,,,5.9,A,,,7.1,A,,,6.9,A,,,7.0,A,01467200
2023-09-03 00:00:00+00:00,,,24.2,A,,,23.5,A,23.8,A,,,,,202.0,A,,,197.0,A,199.0,A,,,,,6.5,A,,,5.4,A,,,6.0,A,,,7.1,A,,,6.9,A,,,7.0,A,01467200
2023-09-04 00:00:00+00:00,,,24.4,A,,,23.7,A,24.0,A,,,,,208.0,A,,,197.0,A,202.0,A,,,,,6.4,A,,,5.4,A,,,5.9,A,,,7.1,A,,,6.9,A,,,7.0,A,01467200
2023-09-05 00:00:00+00:00,,,24.7,A,,,24.0,A,24.4,A,,,,,210.0,A,,,197.0,A,204.0,A,,,,,6.4,A,,,5.3,A,,,5.8,A,,,7.1,A,,,6.9,A,,,7.0,A,01467200
2023-09-06 00:00:00+00:00,,,25.1,A,,,24.4,A,24.7,A,,,,,216.0,A,,,200.0,A,207.0,A,,,,,6.1,A,,,5.2,A,,,5.7,A,,,7.0,A,,,6.9,A,,,7.0,A,01467200
2023-09-07 00:00:00+00:00,,,25.4,A,,,24.8,A,25.1,A,,,,,220.0,A,,,200.0,A,210.0,A,,,,,6.2,A,,,5.1,A,,,5.5,A,,,7.0,A,,,6.9,A,,,7.0,A,01467200
2023-09-08 00:00:00+00:00,,,25.7,A,,,25.1,A,25.3,A,,,,,220.0,A,,,203.0,A,211.0,A,,,,,6.0,A,,,5.0,A,,,5.5,A,,,7.0,A,,,6.9,A,,,7.0,A,01467200
2023-09-09 00:00:00+00:00,,,25.6,A,,,25.3,A,25.4,A,,,,,222.0,A,,,199.0,A,211.0,A,,,,,6.2,A,,,5.0,A,,,5.6,A,,,7.1,A,,,6.9,A,,,7.0,A,01467200
2023-09-10 00:00:00+00:00,,,25.6,A,,,25.4,A,25.5,A,,,,,222.0,A,,,197.0,A,208.0,A,,,,,5.9,A,,,4.9,A,,,5.4,A,,,7.0,A,,,6.9,A,,,7.0,A,01467200
2023-09-11 00:00:00+00:00,,,25.8,A,,,25.3,A,25.4,A,,,,,222.0,A,,,189.0,A,198.0,A,,,,,5.6,A,,,4.4,A,,,5.2,A,,,7.0,A,,,6.9,A,,,6.9,A,01467200
2023-09-12 00:00:00+00:00,,,25.7,A,,,25.4,A,25.5,A,,,,,216.0,A,,,191.0,A,198.0,A,,,,,5.3,A,,,4.4,A,,,4.9,A,,,7.0,A,,,6.9,A,,,6.9,A,01467200
2023-09-13 00:00:00+00:00,,,25.8,A,,,25.5,A,25.6,A,,,,,220.0,A,,,199.0,A,205.0,A,,,,,5.2,A,,,4.2,A,,,4.7,A,,,7.1,A,,,6.9,A,,,6.9,A,01467200
2023-09-14 00:00:00+00:00,,,25.6,A,,,25.2,A,25.5,A,,,,,214.0,A,,,202.0,A,210.0,A,,,,,5.2,A,,,4.1,A,,,4.7,A,,,7.1,A,,,6.9,A,,,7.0,A,01467200
2023-09-15 00:00:00+00:00,,,25.2,A,,,24.8,A,25.0,A,,,,,217.0,A,,,206.0,A,214.0,A,,,,,5.3,A,,,4.5,A,,,4.9,A,,,7.1,A,,,6.9,A,,,7.0,A,01467200
2023-09-16 00:00:00+00:00,,,24.8,A,,,24.4,A,24.6,A,,,,,219.0,A,,,213.0,A,217.0,A,,,,,5.3,A,,,4.5,A,,,4.9,A,,,7.1,A,,,6.9,A,,,7.0,A,01467200
2023-09-17 00:00:00+00:00,,,24.4,A,,,24.1,A,24.3,A,,,,,222.0,A,,,216.0,A,220.0,A,,,,,5.5,A,,,4.3,A,,,4.9,A,,,7.1,A,,,6.9,A,,,7.0,A,01467200
2023-09-18 00:00:00+00:00,,,24.3,A,,,23.6,A,24.0,A,,,,,225.0,A,,,210.0,A,219.0,A,,,,,5.1,A,,,4.2,A,,,4.6,A,,,7.0,A,,,6.9,A,,,6.9,A,01467200
2023-09-19 00:00:00+00:00,,,23.8,A,,,23.2,A,23.6,A,,,,,222.0,A,,,208.0,A,216.0,A,,,,,5.1,A,,,3.8,A,,,4.6,A,,,7.0,A,,,6.9,A,,,6.9,A,01467200
2023-09-20 00:00:00+00:00,,,23.5,A,,,23.0,A,23.3,A,,,,,226.0,A,,,207.0,A,216.0,A,,,,,5.4,A,,,4.4,A,,,4.8,A,,,7.0,A,,,6.9,A,,,6.9,A,01467200
2023-09-21 00:00:00+00:00,,,23.3,A,,,22.8,A,23.1,A,,,,,226.0,A,,,207.0,A,216.0,A,,,,,5.6,A,,,4.3,A,,,4.9,A,,,7.0,A,,,6.9,A,,,6.9,A,01467200
2023-09-22 00:00:00+00:00,,,23.0,A,,,22.4,A,22.8,A,,,,,232.0,A,,,206.0,A,219.0,A,,,,,6.0,A,,,4.6,A,,,5.2,A,,,7.1,A,,,6.9,A,,,7.0,A,01467200
2023-09-23 00:00:00+00:00,,,22.4,A,,,21.7,A,22.1,A,,,,,232.0,A,,,211.0,A,220.0,A,,,,,6.5,A,,,5.5,A,,,5.9,A,,,7.1,A,,,6.9,A,,,7.0,A,01467200
2023-09-24 00:00:00+00:00,,,21.9,A,,,21.1,A,21.5,A,,,,,225.0,A,,,211.0,A,218.0,A,,,,,6.9,A,,,5.9,A,,,6.3,A,,,7.1,A,,,7.0,A,,,7.0,A,01467200
2023-09-25 00:00:00+00:00,,,21.4,A,,,20.3,A,20.9,A,,,,,221.0,A,,,210.0,A,214.0,A,,,,,7.3,A,,,6.1,A,,,6.5,A,,,7.2,A,,,7.0,A,,,7.0,A,01467200
2023-09-26 00:00:00+00:00,,,20.8,A,,,19.2,A,20.0,A,,,,,227.0,A,,,213.0,A,219.0,A,,,,,7.8,A,,,6.3,A,,,7.1,A,,,7.3,A,,,7.0,A,,,7.1,A,01467200
2023-09-27 00:00:00+00:00,,,20.0,A,,,18.0,A,18.9,A,,,,,233.0,A,,,217.0,A,229.0,A,,,,,8.3,A,,,7.0,A,,,7.9,A,,,7.4,A,,,7.1,A,,,7.3,A,01467200
2023-09-28 00:00:00+00:00,,,19.1,A,,,17.2,A,18.0,A,,,,,232.0,A,,,208.0,A,226.0,A,,,,,8.5,A,,,7.7,A,,,8.2,A,,,7.4,A,,,7.2,A,,,7.3,A,01467200
2023-09-29 00:00:00+00:00,,,18.3,A,,,16.7,A,17.4,A,,,,,230.0,A,,,165.0,A,210.0,A,,,,,8.5,A,,,8.0,A,,,8.2,A,,,7.4,A,,,7.1,A,,,7.3,A,01467200
2023-09-30 00:00:00+00:00,,,17.8,A,,,16.6,A,17.0,A,,,,,221.0,A,,,153.0,A,184.0,A,,,,,8.5,A,,,8.1,A,,,8.3,A,,,7.3,A,,,7.0,A,,,7.2,A,01467200
2023-10-01 00:00:00+00:00,,,17.5,A,,,16.6,A,17.0,A,,,,,203.0,A,,,149.0,A,170.0,A,,,,,8.4,A,,,8.0,A,,,8.2,A,,,7.2,A,,,7.0,A,,,7.1,A,01467200
2023-10-02 00:00:00+00:00,,,17.6,A,,,16.9,A,17.2,A,,,,,181.0,A,,,153.0,A,163.0,A,,,,,8.3,A,,,7.9,A,,,8.1,A,,,7.1,A,,,7.0,A,,,7.0,A,01467200
2023-10-03 00:00:00+00:00,,,17.8,A,,,17.2,A,17.4,A,,,,,174.0,A,,,155.0,A,163.0,A,,,,,8.2,A,,,7.7,A,,,7.9,A,,,7.1,A,,,6.9,A,,,7.0,A,01467200
2023-10-04 00:00:00+00:00,,,18.0,A,,,17.5,A,17.7,A,,,,,180.0,A,,,158.0,A,167.0,A,,,,,8.0,A,,,7.5,A,,,7.7,A,,,7.0,A,,,6.9,A,,,7.0,A,01467200
2023-10-05 00:00:00+00:00,,,18.4,A,,,17.8,A,18.0,A,,,,,180.0,A,,,166.0,A,173.0,A,,,,,7.7,A,,,7.3,A,,,7.5,A,,,7.1,A,,,6.9,A,,,7.0,A,01467200
2023-10-06 00:00:00+00:00,,,18.6,A,,,18.2,A,18.3,A,,,,,184.0,A,,,171.0,A,177.0,A,,,,,7.6,A,,,7.1,A,,,7.3,A,,,7.1,A,,,7.0,A,,,7.0,A,01467200
2023-10-07 00:00:00+00:00,,,18.7,A,,,18.4,A,18.6,A,,,,,185.0,A,,,177.0,A,181.0,A,,,,,7.5,A,,,7.0,A,,,7.2,A,,,7.1,A,,,7.0,A,,,7.0,A,01467200
2023-10-08 00:00:00+00:00,,,18.6,A,,,18.1,A,18.3,A,,,,,190.0,A,,,182.0,A,187.0,A,,,,,7.6,A,,,7.1,A,,,7.3,A,,,7.2,A,,,7.0,A,,,7.1,A,01467200
2023-10-09 00:00:00+00:00,,,18.2,A,,,17.9,A,18.1,A,,,,,195.0,A,,,186.0,A,192.0,A,,,,,7.8,A,,,7.2,A,,,7.4,A,,,7.2,A,,,7.0,A,,,7.1,A,01467200
2023-10-10 00:00:00+00:00,,,18.2,A,,,17.9,A,18.0,A,,,,,203.0,A,,,192.0,A,198.0,A,,,,,7.8,A,,,7.2,A,,,7.5,A,,,7.2,A,,,7.0,A,,,7.1,A,01467200
2023-10-11 00:00:00+00:00,,,18.3,A,,,17.9,A,18.1,A,,,,,210.0,A,,,197.0,A,205.0,A,,,,,7.8,A,,,7.1,A,,,7.5,A,,,7.3,A,,,7.1,A,,,7.2,A,01467200
2023-10-12 00:00:00+00:00,,,18.4,A,,,18.0,A,18.2,A,,,,,216.0,A,,,204.0,A,211.0,A,,,,,7.7,A,,,7.0,A,,,7.3,A,,,7.3,A,,,7.1,A,,,7.2,A,01467200
2023-10-13 00:00:00+00:00,,,18.3,A,,,18.1,A,18.2,A,,,,,222.0,A,,,210.0,A,217.0,A,,,,,7.6,A,,,6.9,A,,,7.3,A,,,7.3,A,,,7.1,A,,,7.2,A,01467200
2023-10-14 00:00:00+00:00,,,18.1,A,,,17.7,A,17.9,A,,,,,230.0,A,,,216.0,A,222.0,A,,,,,7.6,A,,,6.9,A,,,7.2,A,,,7.3,A,,,7.1,A,,,7.2,A,01467200
2023-10-15 00:00:00+00:00,,,17.7,A,,,17.1,A,17.5,A,,,,,231.0,A,,,221.0,A,226.0,A,,,,,7.6,A,,,6.9,A,,,7.2,A,,,7.2,A,,,7.1,A,,,7.2,A,01467200
2023-10-16 00:00:00+00:00,,,17.4,A,,,16.4,A,17.0,A,,,,,230.0,A,,,216.0,A,224.0,A,,,,,7.9,A,,,6.9,A,,,7.3,A,,,7.2,A,,,7.0,A,,,7.2,A,01467200
2023-10-17 00:00:00+00:00,,,17.0,A,,,16.1,A,16.7,A,,,,,232.0,A,,,212.0,A,222.0,A,,,,,8.0,A,,,6.9,A,,,7.4,A,,,7.2,A,,,7.0,A,,,7.1,A,01467200
2023-10-18 00:00:00+00:00,,,16.8,A,,,15.9,A,16.4,A,,,,,231.0,A,,,208.0,A,220.0,A,,,,,8.1,A,,,7.0,A,,,7.5,A,,,7.2,A,,,7.0,A,,,7.1,A,01467200
2023-10-19 00:00:00+00:00,,,16.6,A,,,15.7,A,16.2,A,,,,,234.0,A,,,206.0,A,218.0,A,,,,,8.1,A,,,7.0,A,,,7.6,A,,,7.2,A,,,7.0,A,,,7.1,A,01467200
2023-10-20 00:00:00+00:00,,,16.5,A,,,15.7,A,16.1,A,,,,,232.0,A,,,207.0,A,217.0,A,,,,,8.1,A,,,7.0,A,,,7.6,A,,,7.2,A,,,7.0,A,,,7.1,A,01467200
2023-10-21 00:00:00+00:00,,,16.2,A,,,15.5,A,15.9,A,,,,,229.0,A,,,207.0,A,216.0,A,,,,,8.2,A,,,7.2,A,,,7.7,A,,,7.2,A,,,7.0,A,,,7.1,A,01467200
2023-10-22 00:00:00+00:00,,,15.7,A,,,14.9,A,15.3,A,,,,,219.0,A,,,210.0,A,214.0,A,,,,,8.6,A,,,7.6,A,,,8.1,A,,,7.2,A,,,7.0,A,,,7.1,A,01467200
2023-10-23 00:00:00+00:00,,,15.3,A,,,14.6,A,14.9,A,,,,,230.0,A,,,213.0,A,217.0,A,,,,,8.7,A,,,7.7,A,,,8.2,A,,,7.3,A,,,7.1,A,,,7.2,A,01467200
2023-10-24 00:00:00+00:00,,,15.3,A,,,14.4,A,14.9,A,,,,,234.0,A,,,216.0,A,223.0,A,,,,,8.6,A,,,7.5,A,,,8.0,A,,,7.3,A,,,7.1,A,,,7.2,A,01467200
2023-10-25 00:00:00+00:00,,,15.2,A,,,14.4,A,14.8,A,,,,,234.0,A,,,220.0,A,225.0,A,,,,,8.6,A,,,7.5,A,,,8.1,A,,,7.3,A,,,7.1,A,,,7.2,A,01467200
2023-10-26 00:00:00+00:00,,,15.3,A,,,14.4,A,14.8,A,,,,,235.0,A,,,223.0,A,228.0,A,,,,,8.6,A,,,7.5,A,,,8.1,A,,,7.3,A,,,7.1,A,,,7.2,A,01467200
2023-10-27 00:00:00+00:00,,,15.3,A,,,14.6,A,14.9,A,,,,,238.0,A,,,225.0,A,231.0,A,,,,,8.6,A,,,7.4,A,,,8.0,A,,,7.2,A,,,7.0,A,,,7.1,A,01467200
2023-10-28 00:00:00+00:00,,,15.6,A,,,14.7,A,15.1,A,,,,,240.0,A,,,227.0,A,233.0,A,,,,,8.4,A,,,7.3,A,,,7.9,A,,,7.2,A,,,7.0,A,,,7.1,A,01467200
2023-10-29 00:00:00+00:00,,,15.6,A,,,15.0,A,15.2,A,,,,,246.0,A,,,225.0,A,235.0,A,,,,,8.5,A,,,7.2,A,,,7.8,A,,,7.2,A,,,7.0,A,,,7.1,A,01467200
2023-10-30 00:00:00+00:00,,,15.6,A,,,15.0,A,15.3,A,,,,,249.0,A,,,230.0,A,239.0,A,,,,,8.3,A,,,7.1,A,,,7.7,A,,,7.2,A,,,7.0,A,,,7.1,A,01467200
2023-10-31 00:00:00+00:00,,,15.3,A,,,14.8,A,15.1,A,,,,,251.0,A,,,228.0,A,238.0,A,,,,,8.4,A,,,7.3,A,,,7.8,A,,,7.2,A,,,7.0,A,,,7.1,A,01467200
2023-11-01 00:00:00+00:00,,,15.1,A,,,14.3,A,14.8,A,,,,,246.0,A,,,231.0,A,240.0,A,,,,,8.5,A,,,7.3,A,,,7.9,A,,,7.3,A,,,7.0,A,,,7.2,A,01467200
2023-11-02 00:00:00+00:00,,,14.5,A,,,14.0,A,14.3,A,,,,,245.0,A,,,233.0,A,238.0,A,,,,,8.6,A,,,7.5,A,,,8.1,A,,,7.3,A,,,7.1,A,,,7.2,A,01467200
2023-11-03 00:00:00+00:00,,,14.1,A,,,13.7,A,13.9,A,,,,,244.0,A,,,235.0,A,239.0,A,,,,,8.7,A,,,7.7,A,,,8.2,A,,,7.4,A,,,7.1,A,,,7.2,A,01467200
2023-11-04 00:00:00+00:00,,,13.8,A,,,13.5,A,13.7,A,,,,,246.0,A,,,239.0,A,242.0,A,,,,,8.8,A,,,7.9,A,,,8.4,A,,,7.4,A,,,7.2,A,,,7.3,A,01467200
2023-11-05 00:00:00+00:00,,,13.7,A,,,13.4,A,13.6,A,,,,,250.0,A,,,243.0,A,246.0,A,,,,,8.8,A,,,7.9,A,,,8.4,A,,,7.4,A,,,7.2,A,,,7.3,A,01467200
2023-11-06 00:00:00+00:00,,,13.6,A,,,13.3,A,13.5,A,,,,,255.0,A,,,246.0,A,250.0,A,,,,,8.8,A,,,7.8,A,,,8.4,A,,,7.4,A,,,7.2,A,,,7.3,A,01467200
2023-11-07 00:00:00+00:00,,,13.5,A,,,13.3,A,13.4,A,,,,,257.0,A,,,249.0,A,255.0,A,,,,,8.7,A,,,7.9,A,,,8.3,A,,,7.4,A,,,7.1,A,,,7.2,A,01467200
2023-11-08 00:00:00+00:00,,,13.4,A,,,12.9,A,13.2,A,,,,,260.0,A,,,254.0,A,257.0,A,,,,,8.9,A,,,8.0,A,,,8.5,A,,,7.4,A,,,7.2,A,,,7.3,A,01467200
2023-11-09 00:00:00+00:00,,,13.3,A,,,12.7,A,13.1,A,,,,,261.0,A,,,252.0,A,258.0,A,,,,,9.0,A,,,7.9,A,,,8.4,A,,,7.4,A,,,7.2,A,,,7.2,A,01467200
2023-11-10 00:00:00+00:00,,,13.2,A,,,12.3,A,12.8,A,,,,,266.0,A,,,248.0,A,257.0,A,,,,,9.1,A,,,7.9,A,,,8.5,A,,,7.4,A,,,7.2,A,,,7.2,A,01467200
2023-11-11 00:00:00+00:00,,,12.9,A,,,11.8,A,12.4,A,,,,,264.0,A,,,239.0,A,254.0,A,,,,,9.3,A,,,8.1,A,,,8.7,A,,,7.3,A,,,7.2,A,,,7.2,A,01467200
2023-11-12 00:00:00+00:00,,,12.6,A,,,11.4,A,12.0,A,,,,,272.0,A,,,237.0,A,253.0,A,,,,,9.3,A,,,8.1,A,,,8.7,A,,,7.3,A,,,7.2,A,,,7.2,A,01467200
2023-11-13 00:00:00+00:00,,,12.2,A,,,11.1,A,11.7,A,,,,,272.0,A,,,235.0,A,253.0,A,,,,,9.3,A,,,8.0,A,,,8.7,A,,,7.3,A,,,7.1,A,,,7.2,A,01467200
2023-11-14 00:00:00+00:00,,,11.9,A,,,10.7,A,11.3,A,,,,,270.0,A,,,231.0,A,249.0,A,,,,,9.5,A,,,8.2,A,,,8.9,A,,,7.3,A,,,7.1,A,,,7.2,A,01467200
2023-11-15 00:00:00+00:00,,,11.6,A,,,10.5,A,11.1,A,,,,,272.0,A,,,232.0,A,251.0,A,,,,,9.4,A,,,8.2,A,,,8.8,A,,,7.3,A,,,7.1,A,,,7.2,A,01467200
2023-11-16 00:00:00+00:00,,,11.4,A,,,10.4,A,10.9,A,,,,,269.0,A,,,233.0,A,250.0,A,,,,,9.5,A,,,8.2,A,,,8.9,A,,,7.3,A,,,7.1,A,,,7.2,A,01467200
2023-11-17 00:00:00+00:00,,,11.4,A,,,10.4,A,10.9,A,,,,,273.0,A,,,231.0,A,249.0,A,,,,,9.5,A,,,8.2,A,,,8.9,A,,,7.3,A,,,7.1,A,,,7.2,A,01467200
2023-11-18 00:00:00+00:00,,,11.3,A,,,10.4,A,10.9,A,,,,,265.0,A,,,235.0,A,250.0,A,,,,,9.4,A,,,8.2,A,,,8.8,A,,,7.3,A,,,7.1,A,,,7.2,A,01467200
2023-11-19 00:00:00+00:00,,,11.1,A,,,10.2,A,10.7,A,,,,,271.0,A,,,231.0,A,250.0,A,,,,,9.6,A,,,8.3,A,,,8.9,A,,,7.3,A,,,7.1,A,,,7.2,A,01467200
2023-11-20 00:00:00+00:00,,,10.7,A,,,10.0,A,10.4,A,,,,,269.0,A,,,233.0,A,249.0,A,,,,,9.6,A,,,8.5,A,,,9.0,A,,,7.3,A,,,7.1,A,,,7.2,A,01467200
2023-11-21 00:00:00+00:00,,,10.5,A,,,9.7,A,10.2,A,,,,,285.0,A,,,232.0,A,255.0,A,,,,,9.7,A,,,8.5,A,,,9.1,A,,,7.4,A,,,7.1,A,,,7.2,A,01467200
2023-11-22 00:00:00+00:00,,,10.5,A,,,9.8,A,10.2,A,,,,,270.0,A,,,233.0,A,252.0,A,,,,,9.5,A,,,8.7,A,,,9.0,A,,,7.3,A,,,7.1,A,,,7.2,A,01467200
2023-11-23 00:00:00+00:00,,,10.2,A,,,9.2,A,9.7,A,,,,,254.0,A,,,225.0,A,235.0,A,,,,,10.2,A,,,8.9,A,,,9.5,A,,,7.4,A,,,7.1,A,,,7.3,A,01467200
2023-11-24 00:00:00+00:00,,,9.8,A,,,8.9,A,9.3,A,,,,,254.0,A,,,228.0,A,235.0,A,,,,,10.3,A,,,9.2,A,,,9.8,A,,,7.4,A,,,7.2,A,,,7.3,A,01467200
2023-11-25 00:00:00+00:00,,,9.4,A,,,8.3,A,8.8,A,,,,,250.0,A,,,233.0,A,240.0,A,,,,,10.6,A,,,9.5,A,,,10.1,A,,,7.4,A,,,7.2,A,,,7.3,A,01467200
2023-11-26 00:00:00+00:00,,,9.0,A,,,8.1,A,8.5,A,,,,,249.0,A,,,239.0,A,244.0,A,,,,,10.6,A,,,9.6,A,,,10.1,A,,,7.5,A,,,7.2,A,,,7.3,A,01467200
2023-11-27 00:00:00+00:00,,,8.8,A,,,7.8,A,8.4,A,,,,,247.0,A,,,243.0,A,245.0,A,,,,,10.5,A,,,9.6,A,,,10.0,A,,,7.4,A,,,7.2,A,,,7.3,A,01467200
2023-11-28 00:00:00+00:00,,,8.2,A,,,7.1,A,7.7,A,,,,,246.0,A,,,233.0,A,243.0,A,,,,,10.5,A,,,10.0,A,,,10.3,A,,,7.4,A,,,7.3,A,,,7.4,A,01467200
2023-11-29 00:00:00+00:00,,,7.2,A,,,6.4,A,6.9,A,,,,,245.0,A,,,220.0,A,235.0,A,,,,,10.8,A,,,10.3,A,,,10.5,A,,,7.4,A,,,7.3,A,,,7.4,A,01467200
2023-11-30 00:00:00+00:00,,,6.8,A,,,6.0,A,6.5,A,,,,,239.0,A,,,209.0,A,226.0,A,,,,,11.2,A,,,10.4,A,,,10.7,A,,,7.4,A,,,7.2,A,,,7.4,A,01467200
2023-12-01 00:00:00+00:00,,,6.5,A,,,5.7,A,6.1,A,,,,,228.0,A,,,200.0,A,216.0,A,,,,,11.3,A,,,10.6,A,,,10.9,A,,,7.4,A,,,7.2,A,,,7.3,A,01467200
2023-12-02 00:00:00+00:00,,,6.3,A,,,5.7,A,6.0,A,,,,,222.0,A,,,199.0,A,210.0,A,,,,,11.1,A,,,10.6,A,,,10.9,A,,,7.4,A,,,7.2,A,,,7.3,A,01467200
2023-12-03 00:00:00+00:00,,,6.3,A,,,5.6,A,6.0,A,,,,,216.0,A,,,198.0,A,206.0,A,,,,,11.2,A,,,10.5,A,,,10.8,A,,,7.3,A,,,7.2,A,,,7.3,A,01467200
2023-12-04 00:00:00+00:00,,,6.1,A,,,5.5,A,5.8,A,,,,,210.0,A,,,184.0,A,198.0,A,,,,,11.4,A,,,10.6,A,,,10.9,A,,,7.3,A,,,7.1,A,,,7.2,A,01467200
2023-12-05 00:00:00+00:00,,,5.7,A,,,5.0,A,5.4,A,,,,,198.0,A,,,175.0,A,188.0,A,,,,,11.9,A,,,10.9,A,,,11.4,A,,,7.3,A,,,7.1,A,,,7.2,A,01467200
2023-12-06 00:00:00+00:00,,,5.5,A,,,4.9,A,5.1,A,,,,,192.0,A,,,177.0,A,184.0,A,,,,,12.0,A,,,11.2,A,,,11.7,A,,,7.3,A,,,7.2,A,,,7.2,A,01467200
2023-12-07 00:00:00+00:00,,,5.1,A,,,4.9,A,5.0,A,,,,,188.0,A,,,180.0,A,185.0,A,,,,,12.0,A,,,11.4,A,,,11.8,A,,,7.3,A,,,7.2,A,,,7.2,A,01467200
2023-12-08 00:00:00+00:00,,,5.4,A,,,4.9,A,5.1,A,,,,,192.0,A,,,183.0,A,187.0,A,,,,,11.9,A,,,11.4,A,,,11.7,A,,,7.3,A,,,7.1,A,,,7.2,A,01467200
2023-12-09 00:00:00+00:00,,,5.8,A,,,5.1,A,5.4,A,,,,,194.0,A,,,187.0,A,191.0,A,,,,,11.7,A,,,11.4,A,,,11.5,A,,,7.4,A,,,7.2,A,,,7.2,A,01467200
2023-12-10 00:00:00+00:00,,,6.2,A,,,5.4,A,5.8,A,,,,,201.0,A,,,190.0,A,195.0,A,,,,,11.5,A,,,11.2,A,,,11.4,A,,,7.4,A,,,7.2,A,,,7.2,A,01467200
2023-12-11 00:00:00+00:00,,,6.6,A,,,6.0,A,6.3,A,,,,,200.0,A,,,177.0,A,189.0,A,,,,,11.7,A,,,11.0,A,,,11.3,A,,,7.3,A,,,7.2,A,,,7.2,A,01467200
2023-12-12 00:00:00+00:00,,,6.2,A,,,5.9,A,6.0,A,,,,,186.0,A,,,175.0,A,182.0,A,,,,,11.8,A,,,11.4,A,,,11.6,A,,,7.4,A,,,7.2,A,,,7.3,A,01467200
2023-12-13 00:00:00+00:00,,,6.8,A,,,6.1,A,,,,,,,182.0,A,,,158.0,A,,,,,,,11.6,A,,,10.9,A,,,,,,,7.3,A,,,7.1,A,,,,,01467200
2023-12-14 00:00:00+00:00,,,6.7,A,,,6.1,A,6.5,A,,,,,168.0,A,,,159.0,A,165.0,A,,,,,11.3,A,,,10.9,A,,,11.1,A,,,7.3,A,,,7.1,A,,,7.2,A,01467200
2023-12-15 00:00:00+00:00,,,6.4,A,,,5.7,A,6.1,A,,,,,170.0,A,,,158.0,A,165.0,A,,,,,11.5,A,,,10.9,A,,,11.2,A,,,7.2,A,,,7.1,A,,,7.2,A,01467200
2023-12-16 00:00:00+00:00,,,6.0,A,,,5.4,A,5.8,A,,,,,166.0,A,,,151.0,A,159.0,A,,,,,11.8,A,,,11.1,A,,,11.4,A,,,7.2,A,,,7.1,A,,,7.1,A,01467200
2023-12-17 00:00:00+00:00,,,5.9,A,,,5.2,A,5.6,A,,,,,165.0,A,,,152.0,A,159.0,A,,,,,11.9,A,,,11.1,A,,,11.5,A,,,7.2,A,,,7.1,A,,,7.1,A,01467200
2023-12-18 00:00:00+00:00,,,6.7,A,,,5.4,A,6.1,A,,,,,167.0,A,,,148.0,A,156.0,A,,,,,12.3,A,,,11.1,A,,,11.6,A,,,7.3,A,,,7.1,A,,,7.2,A,01467200
2023-12-19 00:00:00+00:00,,,8.2,A,,,6.1,A,7.4,A,,,,,155.0,A,,,121.0,A,137.0,A,,,,,12.0,A,,,10.4,A,,,11.1,A,,,7.3,A,,,7.0,A,,,7.2,A,01467200
2023-12-20 00:00:00+00:00,,,7.8,A,,,6.6,A,7.1,A,,,,,122.0,A,,,98.0,A,108.0,A,,,,,11.0,A,,,10.4,A,,,10.7,A,,,7.2,A,,,6.9,A,,,7.0,A,01467200
2023-12-21 00:00:00+00:00,,,6.6,A,,,6.0,A,6.3,A,,,,,102.0,A,,,95.0,A,97.0,A,,,,,11.5,A,,,10.9,A,,,11.1,A,,,7.1,A,,,6.9,A,,,7.0,A,01467200
2023-12-22 00:00:00+00:00,,,6.0,A,,,5.1,A,5.6,A,,,,,107.0,A,,,95.0,A,101.0,A,,,,,12.1,A,,,11.3,A,,,11.7,A,,,7.1,A,,,6.9,A,,,7.1,A,01467200
2023-12-23 00:00:00+00:00,,,5.4,A,,,4.7,A,5.0,A,,,,,116.0,A,,,102.0,A,111.0,A,,,,,12.4,A,,,11.7,A,,,12.1,A,,,7.2,A,,,7.0,A,,,7.1,A,01467200
2023-12-24 00:00:00+00:00,,,5.0,A,,,4.6,A,4.8,A,,,,,125.0,A,,,111.0,A,118.0,A,,,,,12.5,A,,,12.0,A,,,12.2,A,,,7.2,A,,,7.0,A,,,7.1,A,01467200
2023-12-25 00:00:00+00:00,,,4.9,A,,,4.5,A,4.7,A,,,,,135.0,A,,,119.0,A,127.0,A,,,,,12.5,A,,,12.2,A,,,12.3,A,,,7.2,A,,,7.0,A,,,7.1,A,01467200
2023-12-26 00:00:00+00:00,,,4.9,A,,,4.6,A,4.8,A,,,,,139.0,A,,,128.0,A,134.0,A,,,,,12.5,A,,,12.2,A,,,12.3,A,,,7.2,A,,,7.1,A,,,7.2,A,01467200
2023-12-27 00:00:00+00:00,,,5.0,A,,,4.8,A,4.9,A,,,,,149.0,A,,,135.0,A,141.0,A,,,,,12.5,A,,,12.1,A,,,12.3,A,,,7.3,A,,,7.1,A,,,7.2,A,01467200
2023-12-28 00:00:00+00:00,,,6.3,A,,,5.0,A,5.5,A,,,,,163.0,A,,,142.0,A,151.0,A,,,,,12.3,A,,,11.9,A,,,12.1,A,,,7.3,A,,,7.1,A,,,7.2,A,01467200
2023-12-29 00:00:00+00:00,,,7.6,A,,,5.9,A,6.7,A,,,,,166.0,A,,,133.0,A,158.0,A,,,,,12.0,A,,,11.3,A,,,11.7,A,,,7.4,A,,,7.2,A,,,7.3,A,01467200
2023-12-30 00:00:00+00:00,,,7.7,A,,,7.2,A,7.5,A,,,,,147.0,A,,,133.0,A,139.0,A,,,,,11.4,A,,,11.0,A,,,11.2,A,,,7.3,A,,,7.1,A,,,7.2,A,01467200
2023-12-31 00:00:00+00:00,,,7.7,A,,,7.5,A,7.6,A,,,,,147.0,A,,,139.0,A,142.0,A,,,,,11.1,A,,,10.9,A,,,11.0,A,,,7.3,A,,,7.1,A,,,7.2,A,01467200
2024-01-01 00:00:00+00:00,,,7.5,A,,,7.2,A,7.4,A,,,,,158.0,A,,,142.0,A,149.0,A,,,,,11.1,A,,,10.8,A,,,10.9,A,,,7.3,A,,,7.1,A,,,7.2,A,01467200
2024-01-02 00:00:00+00:00,,,7.2,A,,,6.8,A,7.1,A,,,,,157.0,A,,,152.0,A,154.0,A,,,,,11.1,A,,,10.9,A,,,11.0,A,,,7.3,A,,,7.1,A,,,7.2,A,01467200
2024-01-03 00:00:00+00:00,,,6.9,A,,,6.6,A,6.7,A,,,,,159.0,A,,,153.0,A,156.0,A,,,,,11.3,A,,,11.0,A,,,11.1,A,,,7.3,A,,,7.1,A,,,7.2,A,01467200
2024-01-04 00:00:00+00:00,,,6.7,A,,,6.3,A,6.5,A,,,,,164.0,A,,,155.0,A,159.0,A,,,,,11.4,A,,,11.1,A,,,11.3,A,,,7.3,A,,,7.2,A,,,7.2,A,01467200
2024-01-05 00:00:00+00:00,,,6.3,A,,,5.9,A,6.0,A,,,,,166.0,A,,,159.0,A,163.0,A,,,,,11.6,A,,,11.3,A,,,11.4,A,,,7.3,A,,,7.2,A,,,7.3,A,01467200
2024-01-06 00:00:00+00:00,,,5.9,A,,,5.2,A,5.6,A,,,,,174.0,A,,,163.0,A,168.0,A,,,,,11.9,A,,,11.4,A,,,11.6,A,,,7.4,A,,,7.2,A,,,7.3,A,01467200
2024-01-07 00:00:00+00:00,,,5.6,A,,,4.9,A,5.3,A,,,,,199.0,A,,,169.0,A,184.0,A,,,,,11.8,A,,,11.4,A,,,11.6,A,,,7.4,A,,,7.2,A,,,7.3,A,01467200
2024-01-08 00:00:00+00:00,,,5.1,A,,,4.3,A,4.8,A,,,,,196.0,A,,,179.0,A,188.0,A,,,,,12.2,A,,,11.6,A,,,11.9,A,,,7.4,A,,,7.2,A,,,7.3,A,01467200
2024-01-09 00:00:00+00:00,,,5.1,A,,,4.0,A,4.6,A,,,,,199.0,A,,,185.0,A,193.0,A,,,,,12.4,A,,,11.7,A,,,12.0,A,,,7.4,A,,,7.3,A,,,7.3,A,01467200
2024-01-10 00:00:00+00:00,,,5.4,A,,,4.4,A,4.8,A,,,,,197.0,A,,,178.0,A,192.0,A,,,,,12.4,A,,,11.7,A,,,12.1,A,,,7.4,A,,,7.3,A,,,7.3,A,01467200
2024-01-11 00:00:00+00:00,,,5.6,A,,,4.8,A,5.4,A,,,,,184.0,A,,,148.0,A,157.0,A,,,,,12.3,A,,,11.8,A,,,11.9,A,,,7.4,A,,,7.2,A,,,7.3,A,01467200
2024-01-12 00:00:00+00:00,,,5.1,A,,,4.5,A,4.7,A,,,,,153.0,A,,,129.0,A,143.0,A,,,,,12.3,A,,,11.9,A,,,12.1,A,,,7.3,A,,,7.1,A,,,7.2,A,01467200
2024-01-13 00:00:00+00:00,,,5.1,A,,,4.6,A,4.9,A,,,,,145.0,A,,,134.0,A,139.0,A,,,,,12.3,A,,,12.0,A,,,12.1,A,,,7.2,A,,,7.1,A,,,7.2,A,01467200
2024-01-14 00:00:00+00:00,,,5.0,A,,,4.7,A,4.8,A,,,,,143.0,A,,,137.0,A,140.0,A,,,,,12.4,A,,,12.1,A,,,12.3,A,,,7.3,A,,,7.1,A,,,7.2,A,01467200
2024-01-15 00:00:00+00:00,,,4.9,A,,,4.5,A,4.8,A,,,,,143.0,A,,,128.0,A,136.0,A,,,,,12.2,A,,,12.0,A,,,12.1,A,,,7.3,A,,,7.1,A,,,7.2,A,01467200
2024-01-16 00:00:00+00:00,,,4.6,A,,,3.5,A,4.2,A,,,,,166.0,A,,,122.0,A,133.0,A,,,,,12.5,A,,,12.0,A,,,12.2,A,,,7.3,A,,,7.1,A,,,7.2,A,01467200
2024-01-17 00:00:00+00:00,,,3.6,A,,,2.6,A,3.2,A,,,,,167.0,A,,,145.0,A,157.0,A,,,,,12.9,A,,,12.4,A,,,12.6,A,,,7.3,A,,,7.1,A,,,7.2,A,01467200
2024-01-18 00:00:00+00:00,,,2.6,A,,,1.9,A,2.3,A,,,,,170.0,A,,,147.0,A,157.0,A,,,,,13.2,A,,,12.8,A,,,13.0,A,,,7.3,A,,,7.2,A,,,7.2,A,01467200
2024-01-19 00:00:00+00:00,,,2.1,A,,,1.4,A,1.8,A,,,,,184.0,A,,,161.0,A,175.0,A,,,,,13.4,A,,,13.0,A,,,13.2,A,,,7.3,A,,,7.2,A,,,7.2,A,01467200
2024-01-20 00:00:00+00:00,,,1.5,A,,,1.0,A,1.3,A,,,,,216.0,A,,,179.0,A,206.0,A,,,,,13.6,A,,,13.1,A,,,13.3,A,,,7.3,A,,,7.2,A,,,7.2,A,01467200
2024-01-21 00:00:00+00:00,,,1.1,A,,,0.7,A,0.9,A,,,,,211.0,A,,,197.0,A,205.0,A,,,,,13.8,A,,,13.4,A,,,13.6,A,,,7.4,A,,,7.2,A,,,7.3,A,01467200
2024-01-22 00:00:00+00:00,,,0.9,A,,,0.6,A,0.8,A,,,,,216.0,A,,,201.0,A,209.0,A,,,,,13.8,A,,,13.5,A,,,13.7,A,,,7.4,A,,,7.2,A,,,7.3,A,01467200
2024-01-23 00:00:00+00:00,,,1.0,A,,,0.6,A,0.8,A,,,,,229.0,A,,,210.0,A,220.0,A,,,,,13.8,A,,,13.6,A,,,13.7,A,,,7.4,A,,,7.3,A,,,7.3,A,01467200
2024-01-24 00:00:00+00:00,,,1.1,A,,,0.8,A,1.0,A,,,,,240.0,A,,,224.0,A,232.0,A,,,,,13.8,A,,,13.6,A,,,13.7,A,,,7.4,A,,,7.3,A,,,7.3,A,01467200
2024-01-25 00:00:00+00:00,,,1.4,A,,,1.1,A,1.2,A,,,,,256.0,A,,,236.0,A,243.0,A,,,,,13.7,A,,,13.5,A,,,13.6,A,,,7.4,A,,,7.3,A,,,7.3,A,01467200
2024-01-26 00:00:00+00:00,,,1.9,A,,,1.3,A,1.5,A,,,,,260.0,A,,,242.0,A,251.0,A,,,,,13.7,A,,,13.5,A,,,13.6,A,,,7.4,A,,,7.3,A,,,7.3,A,01467200
2024-01-27 00:00:00+00:00,,,3.3,A,,,1.7,A,2.2,A,,,,,266.0,A,,,245.0,A,255.0,A,,,,,13.6,A,,,13.2,A,,,13.5,A,,,7.4,A,,,7.3,A,,,7.4,A,01467200
2024-01-28 00:00:00+00:00,,,4.7,A,,,2.5,A,3.5,A,,,,,277.0,A,,,258.0,A,268.0,A,,,,,13.4,A,,,12.3,A,,,13.0,A,,,7.4,A,,,7.4,A,,,7.4,A,01467200
2024-01-29 00:00:00+00:00,,,5.0,A,,,4.3,A,4.8,A,,,,,270.0,A,,,220.0,A,250.0,A,,,,,12.5,A,,,12.2,A,,,12.4,A,,,7.4,A,,,7.3,A,,,7.4,A,01467200
2024-01-30 00:00:00+00:00,,,4.9,A,,,4.8,A,4.9,A,,,,,236.0,A,,,199.0,A,219.0,A,,,,,12.4,A,,,12.2,A,,,12.3,A,,,7.4,A,,,7.3,A,,,7.3,A,01467200
2024-01-31 00:00:00+00:00,,,5.0,A,,,4.8,A,4.9,A,,,,,214.0,A,,,190.0,A,200.0,A,,,,,12.3,A,,,12.1,A,,,12.2,A,,,7.4,A,,,7.3,A,,,7.3,A,01467200
2024-02-01 00:00:00+00:00,,,5.0,A,,,4.8,A,4.9,A,,,,,199.0,A,,,180.0,A,188.0,A,,,,,12.3,A,,,12.1,A,,,12.2,A,,,7.3,A,,,7.3,A,,,7.3,A,01467200
2024-02-02 00:00:00+00:00,,,4.9,A,,,4.6,A,4.7,A,,,,,189.0,A,,,176.0,A,183.0,A,,,,,12.5,A,,,12.2,A,,,12.3,A,,,7.3,A,,,7.3,A,,,7.3,A,01467200
2024-02-03 00:00:00+00:00,,,4.8,A,,,4.5,A,4.6,A,,,,,188.0,A,,,178.0,A,184.0,A,,,,,12.5,A,,,12.2,A,,,12.3,A,,,7.3,A,,,7.3,A,,,7.3,A,01467200
2024-02-04 00:00:00+00:00,,,4.8,A,,,4.4,A,4.6,A,,,,,192.0,A,,,184.0,A,189.0,A,,,,,12.5,A,,,12.2,A,,,12.3,A,,,7.3,A,,,7.3,A,,,7.3,A,01467200
2024-02-05 00:00:00+00:00,,,4.8,A,,,4.5,A,4.7,A,,,,,197.0,A,,,187.0,A,193.0,A,,,,,12.5,A,,,12.2,A,,,12.3,A,,,7.4,A,,,7.3,A,,,7.3,A,01467200
2024-02-06 00:00:00+00:00,,,4.9,A,,,4.6,A,4.7,A,,,,,202.0,A,,,192.0,A,197.0,A,,,,,12.4,A,,,12.2,A,,,12.3,A,,,7.4,A,,,7.3,A,,,7.3,A,01467200
2024-02-07 00:00:00+00:00,,,5.1,A,,,4.7,A,4.9,A,,,,,204.0,A,,,195.0,A,200.0,A,,,,,12.3,A,,,12.1,A,,,12.2,A,,,7.4,A,,,7.3,A,,,7.3,A,01467200
2024-02-08 00:00:00+00:00,,,5.3,A,,,4.9,A,5.0,A,,,,,207.0,A,,,198.0,A,202.0,A,,,,,12.2,A,,,12.0,A,,,12.1,A,,,7.4,A,,,7.3,A,,,7.3,A,01467200
2024-02-09 00:00:00+00:00,,,5.4,A,,,5.1,A,5.2,A,,,,,211.0,A,,,200.0,A,205.0,A,,,,,12.2,A,,,12.0,A,,,12.0,A,,,7.4,A,,,7.3,A,,,7.4,A,01467200
2024-02-10 00:00:00+00:00,,,5.5,A,,,5.3,A,5.4,A,,,,,213.0,A,,,204.0,A,209.0,A,,,,,12.1,A,,,11.9,A,,,12.0,A,,,7.4,A,,,7.3,A,,,7.4,A,01467200
2024-02-11 00:00:00+00:00,,,5.5,A,,,5.2,A,5.4,A,,,,,217.0,A,,,208.0,A,212.0,A,,,,,12.2,A,,,11.8,A,,,11.9,A,,,7.4,A,,,7.3,A,,,7.4,A,01467200
2024-02-12 00:00:00+00:00,,,5.6,A,,,5.2,A,5.4,A,,,,,220.0,A,,,210.0,A,215.0,A,,,,,12.2,A,,,11.8,A,,,11.9,A,,,7.4,A,,,7.3,A,,,7.4,A,01467200
2024-02-13 00:00:00+00:00,,,5.6,A,,,5.2,A,5.4,A,,,,,241.0,A,,,210.0,A,223.0,A,,,,,12.2,A,,,11.7,A,,,11.9,A,,,7.4,A,,,7.3,A,,,7.4,A,01467200
2024-02-14 00:00:00+00:00,,,5.4,A,,,5.2,A,5.3,A,,,,,243.0,A,,,230.0,A,236.0,A,,,,,12.0,A,,,11.7,A,,,11.8,A,,,7.4,A,,,7.3,A,,,7.4,A,01467200
2024-02-15 00:00:00+00:00,,,5.4,A,,,5.1,A,5.3,A,,,,,246.0,A,,,234.0,A,240.0,A,,,,,11.9,A,,,11.8,A,,,11.8,A,,,7.4,A,,,7.4,A,,,7.4,A,01467200
2024-02-16 00:00:00+00:00,,,5.5,A,,,5.2,A,5.3,A,,,,,254.0,A,,,242.0,A,248.0,A,,,,,11.8,A,,,11.7,A,,,11.8,A,,,7.4,A,,,7.4,A,,,7.4,A,01467200
2024-02-17 00:00:00+00:00,,,5.5,A,,,5.2,A,5.3,A,,,,,270.0,A,,,250.0,A,259.0,A,,,,,11.9,A,,,11.6,A,,,11.7,A,,,7.5,A,,,7.4,A,,,7.4,A,01467200
2024-02-18 00:00:00+00:00,,,5.3,A,,,5.0,A,5.2,A,,,,,297.0,A,,,262.0,A,280.0,A,,,,,11.9,A,,,11.6,A,,,11.7,A,,,7.5,A,,,7.4,A,,,7.4,A,01467200
2024-02-19 00:00:00+00:00,,,5.1,A,,,4.7,A,5.0,A,,,,,284.0,A,,,271.0,A,280.0,A,,,,,12.1,A,,,11.7,A,,,11.9,A,,,7.5,A,,,7.4,A,,,7.4,A,01467200
2024-02-20 00:00:00+00:00,,,5.1,A,,,4.4,A,4.8,A,,,,,290.0,A,,,271.0,A,280.0,A,,,,,12.2,A,,,11.8,A,,,11.9,A,,,7.5,A,,,7.4,A,,,7.4,A,01467200
2024-02-21 00:00:00+00:00,,,5.0,A,,,4.4,A,4.7,A,,,,,291.0,A,,,276.0,A,282.0,A,,,,,12.3,A,,,11.8,A,,,12.0,A,,,7.5,A,,,7.4,A,,,7.4,A,01467200
2024-02-22 00:00:00+00:00,,,5.0,A,,,4.3,A,4.7,A,,,,,296.0,A,,,277.0,A,286.0,A,,,,,12.3,A,,,11.8,A,,,12.0,A,,,7.5,A,,,7.4,A,,,7.4,A,01467200
2024-02-23 00:00:00+00:00,,,5.0,A,,,4.4,A,4.8,A,,,,,299.0,A,,,279.0,A,290.0,A,,,,,12.3,A,,,11.7,A,,,11.9,A,,,7.5,A,,,7.4,A,,,7.4,A,01467200
2024-02-24 00:00:00+00:00,,,5.0,A,,,4.5,A,4.7,A,,,,,300.0,A,,,284.0,A,293.0,A,,,,,12.3,A,,,11.8,A,,,12.0,A,,,7.5,A,,,7.4,A,,,7.4,A,01467200
2024-02-25 00:00:00+00:00,,,4.8,A,,,4.3,A,4.6,A,,,,,304.0,A,,,285.0,A,293.0,A,,,,,12.4,A,,,11.8,A,,,12.1,A,,,7.5,A,,,7.4,A,,,7.4,A,01467200
2024-02-26 00:00:00+00:00,,,4.9,A,,,4.4,A,4.6,A,,,,,302.0,A,,,289.0,A,295.0,A,,,,,12.4,A,,,11.9,A,,,12.1,A,,,7.5,A,,,7.4,A,,,7.4,A,01467200
2024-02-27 00:00:00+00:00,,,5.1,A,,,4.6,A,4.8,A,,,,,302.0,A,,,287.0,A,296.0,A,,,,,12.4,A,,,11.9,A,,,12.1,A,,,7.5,A,,,7.4,A,,,7.4,A,01467200
2024-02-28 00:00:00+00:00,,,5.5,A,,,4.9,A,5.3,A,,,,,307.0,A,,,286.0,A,298.0,A,,,,,12.3,A,,,11.8,A,,,12.0,A,,,7.5,A,,,7.4,A,,,7.4,A,01467200
2024-02-29 00:00:00+00:00,,,5.8,A,,,5.3,A,5.5,A,,,,,299.0,A,,,279.0,A,289.0,A,,,,,12.2,A,,,12.0,A,,,12.1,A,,,7.6,A,,,7.5,A,,,7.5,A,01467200
2024-03-01 00:00:00+00:00,,,6.1,A,,,5.4,A,5.8,A,,,,,293.0,A,,,273.0,A,283.0,A,,,,,12.0,A,,,11.9,A,,,12.0,A,,,7.6,A,,,7.5,A,,,7.5,A,01467200
2024-03-02 00:00:00+00:00,,,6.6,A,,,5.8,A,6.1,A,,,,,288.0,A,,,268.0,A,278.0,A,,,,,12.0,A,,,11.5,A,,,11.8,A,,,7.6,A,,,7.5,A,,,7.5,A,01467200
2024-03-03 00:00:00+00:00,,,7.6,A,,,6.4,A,7.0,A,,,,,273.0,A,,,262.0,A,269.0,A,,,,,11.6,A,,,11.4,A,,,11.5,A,,,7.6,A,,,7.5,A,,,7.5,A,01467200
2024-03-04 00:00:00+00:00,,,7.9,A,,,7.3,A,7.5,A,,,,,270.0,A,,,246.0,A,263.0,A,,,,,11.7,A,,,11.4,A,,,11.5,A,,,7.6,A,,,7.5,A,,,7.5,A,01467200
2024-03-05 00:00:00+00:00,,,7.8,A,,,7.6,A,7.7,A,,,,,263.0,A,,,220.0,A,243.0,A,,,,,11.8,A,,,11.4,A,,,11.5,A,,,7.5,A,,,7.4,A,,,7.4,A,01467200
2024-03-06 00:00:00+00:00,,,8.4,A,,,7.7,A,7.9,A,,,,,239.0,A,,,206.0,A,221.0,A,,,,,11.4,A,,,11.1,A,,,11.3,A,,,7.4,A,,,7.3,A,,,7.3,A,01467200
2024-03-07 00:00:00+00:00,,,8.6,A,,,8.0,A,8.4,A,,,,,220.0,A,,,197.0,A,208.0,A,,,,,11.2,A,,,11.0,A,,,11.1,A,,,7.4,A,,,7.3,A,,,7.3,A,01467200
2024-03-08 00:00:00+00:00,,,8.9,A,,,8.5,A,8.7,A,,,,,204.0,A,,,190.0,A,200.0,A,,,,,11.1,A,,,10.9,A,,,11.0,A,,,7.4,A,,,7.3,A,,,7.3,A,01467200
2024-03-09 00:00:00+00:00,,,8.9,A,,,8.7,A,8.8,A,,,,,203.0,A,,,174.0,A,190.0,A,,,,,10.9,A,,,10.6,A,,,10.8,A,,,7.4,A,,,7.3,A,,,7.3,A,01467200
2024-03-10 00:00:00+00:00,,,9.0,A,,,8.3,A,8.8,A,,,,,194.0,A,,,158.0,A,173.0,A,,,,,11.1,A,,,10.4,A,,,10.7,A,,,7.3,A,,,7.2,A,,,7.3,A,01467200
2024-03-11 00:00:00+00:00,,,8.4,A,,,7.5,A,8.0,A,,,,,160.0,A,,,144.0,A,153.0,A,,,,,11.2,A,,,10.8,A,,,11.0,A,,,7.4,A,,,7.2,A,,,7.3,A,01467200
2024-03-12 00:00:00+00:00,,,7.7,A,,,7.1,A,7.4,A,,,,,152.0,A,,,134.0,A,147.0,A,,,,,11.4,A,,,11.0,A,,,11.2,A,,,7.4,A,,,7.3,A,,,7.3,A,01467200
2024-03-13 00:00:00+00:00,,,7.5,A,,,7.1,A,7.3,A,,,,,143.0,A,,,129.0,A,135.0,A,,,,,11.5,A,,,11.2,A,,,11.3,A,,,7.3,A,,,7.2,A,,,7.2,A,01467200
2024-03-14 00:00:00+00:00,,,7.8,A,,,7.1,A,7.4,A,,,,,139.0,A,,,129.0,A,133.0,A,,,,,11.6,A,,,11.3,A,,,11.4,A,,,7.3,A,,,7.2,A,,,7.2,A,01467200
2024-03-15 00:00:00+00:00,,,8.4,A,,,7.7,A,7.9,A,,,,,148.0,A,,,133.0,A,139.0,A,,,,,11.5,A,,,11.3,A,,,11.4,A,,,7.3,A,,,7.2,A,,,7.2,A,01467200
2024-03-16 00:00:00+00:00,,,9.0,A,,,8.2,A,8.5,A,,,,,156.0,A,,,142.0,A,148.0,A,,,,,11.4,A,,,11.1,A,,,11.2,A,,,7.3,A,,,7.2,A,,,7.3,A,01467200
2024-03-17 00:00:00+00:00,,,9.8,A,,,8.7,A,9.2,A,,,,,161.0,A,,,150.0,A,155.0,A,,,,,11.2,A,,,10.9,A,,,11.0,A,,,7.4,A,,,7.2,A,,,7.3,A,01467200
2024-03-18 00:00:00+00:00,,,10.3,A,,,9.4,A,9.8,A,,,,,165.0,A,,,157.0,A,161.0,A,,,,,10.9,A,,,10.6,A,,,10.7,A,,,7.4,A,,,7.2,A,,,7.3,A,01467200
2024-03-19 00:00:00+00:00,,,10.4,A,,,9.7,A,10.1,A,,,,,172.0,A,,,160.0,A,167.0,A,,,,,10.6,A,,,10.4,A,,,10.5,A,,,7.4,A,,,7.3,A,,,7.3,A,01467200
2024-03-20 00:00:00+00:00,,,10.3,A,,,9.9,A,10.1,A,,,,,176.0,A,,,165.0,A,172.0,A,,,,,10.5,A,,,10.3,A,,,10.4,A,,,7.4,A,,,7.3,A,,,7.4,A,01467200
2024-03-21 00:00:00+00:00,,,10.1,A,,,9.7,A,9.9,A,,,,,182.0,A,,,172.0,A,178.0,A,,,,,10.5,A,,,10.3,A,,,10.4,A,,,7.4,A,,,7.4,A,,,7.4,A,01467200
2024-03-22 00:00:00+00:00,,,9.8,A,,,9.3,A,9.6,A,,,,,187.0,A,,,177.0,A,183.0,A,,,,,10.7,A,,,10.3,A,,,10.4,A,,,7.5,A,,,7.3,A,,,7.4,A,01467200
2024-03-23 00:00:00+00:00,,,9.6,A,,,8.2,A,9.2,A,,,,,194.0,A,,,160.0,A,186.0,A,,,,,11.0,A,,,10.3,A,,,10.5,A,,,7.5,A,,,7.3,A,,,7.4,A,01467200
2024-03-24 00:00:00+00:00,,,8.3,A,,,7.1,A,7.6,A,,,,,193.0,A,,,182.0,A,188.0,A,,,,,11.5,A,,,10.7,A,,,11.2,A,,,7.5,A,,,7.4,A,,,7.4,A,01467200
2024-03-30 00:00:00+00:00,,,8.2,A,,,7.3,A,7.7,A,,,,,186.0,A,,,167.0,A,178.0,A,,,,,11.8,A,,,11.5,A,,,11.6,A,,,7.1,A,,,6.8,A,,,7.0,A,01467200
2024-03-31 00:00:00+00:00,,,8.7,A,,,7.9,A,8.3,A,,,,,188.0,A,,,180.0,A,184.0,A,,,,,11.6,A,,,11.3,A,,,11.5,A,,,7.2,A,,,6.9,A,,,7.0,A,01467200
2024-04-01 00:00:00+00:00,,,9.0,A,,,8.4,A,8.7,A,,,,,193.0,A,,,182.0,A,187.0,A,,,,,11.4,A,,,11.1,A,,,11.3,A,,,7.2,A,,,6.9,A,,,7.0,A,01467200
2024-04-02 00:00:00+00:00,,,9.2,A,,,8.7,A,9.0,A,,,,,195.0,A,,,185.0,A,189.0,A,,,,,11.3,A,,,10.9,A,,,11.1,A,,,7.2,A,,,6.9,A,,,7.0,A,01467200
2024-04-03 00:00:00+00:00,,,9.3,A,,,9.0,A,9.2,A,,,,,192.0,A,,,182.0,A,186.0,A,,,,,11.4,A,,,10.9,A,,,11.1,A,,,7.2,A,,,6.9,A,,,7.1,A,01467200
2024-04-04 00:00:00+00:00,,,9.3,A,,,8.5,A,9.0,A,,,,,196.0,A,,,171.0,A,185.0,A,,,,,11.4,A,,,10.9,A,,,11.2,A,,,7.3,A,,,7.1,A,,,7.2,A,01467200
2024-04-05 00:00:00+00:00,,,8.5,A,,,8.0,A,8.2,A,,,,,174.0,A,,,148.0,A,159.0,A,,,,,11.6,A,,,11.2,A,,,11.4,A,,,7.2,A,,,7.0,A,,,7.1,A,01467200
2024-04-12 00:00:00+00:00,,,12.1,A,,,10.6,A,11.2,A,,,,,183.0,A,,,169.0,A,176.0,A,,,,,11.2,A,,,10.6,A,,,10.9,A,,,7.2,A,,,7.1,A,,,7.2,A,01467200
2024-04-16 00:00:00+00:00,,,13.5,A,,,13.0,A,13.3,A,,,,,179.0,A,,,154.0,A,168.0,A,,,,,10.3,A,,,9.8,A,,,10.0,A,,,7.3,A,,,7.1,A,,,7.2,A,01467200
2024-04-17 00:00:00+00:00,,,13.4,A,,,12.9,A,13.1,A,,,,,162.0,A,,,145.0,A,153.0,A,,,,,10.4,A,,,10.0,A,,,10.2,A,,,7.2,A,,,7.0,A,,,7.1,A,01467200
2024-04-18 00:00:00+00:00,,,13.1,A,,,12.9,A,13.0,A,,,,,157.0,A,,,145.0,A,152.0,A,,,,,10.4,A,,,10.0,A,,,10.1,A,,,7.2,A,,,7.0,A,,,7.1,A,01467200
2024-04-19 00:00:00+00:00,,,13.0,A,,,12.7,A,12.9,A,,,,,159.0,A,,,149.0,A,154.0,A,,,,,10.2,A,,,9.8,A,,,10.0,A,,,7.2,A,,,7.0,A,,,7.1,A,01467200
2024-04-20 00:00:00+00:00,,,13.1,A,,,12.7,A,12.9,A,,,,,162.0,A,,,152.0,A,157.0,A,,,,,10.1,A,,,9.8,A,,,9.9,A,,,7.2,A,,,7.0,A,,,7.1,A,01467200
2024-04-21 00:00:00+00:00,,,13.0,A,,,12.6,A,12.7,A,,,,,167.0,A,,,155.0,A,161.0,A,,,,,10.0,A,,,9.7,A,,,9.8,A,,,7.2,A,,,7.0,A,,,7.1,A,01467200
2024-04-22 00:00:00+00:00,,,12.9,A,,,12.3,A,12.6,A,,,,,174.0,A,,,160.0,A,167.0,A,,,,,10.1,A,,,9.6,A,,,9.8,A,,,7.2,A,,,7.0,A,,,7.2,A,01467200
2024-04-23 00:00:00+00:00,,,13.0,A,,,12.4,A,12.7,A,,,,,178.0,A,,,166.0,A,173.0,A,,,,,10.1,A,,,9.6,A,,,9.8,A,,,7.2,A,,,7.1,A,,,7.1,A,01467200
2024-04-24 00:00:00+00:00,,,13.1,A,,,12.7,A,12.9,A,,,,,184.0,A,,,173.0,A,179.0,A,,,,,10.0,A,,,9.6,A,,,9.7,A,,,7.3,A,,,7.1,A,,,7.2,A,01467200
2024-04-25 00:00:00+00:00,,,13.3,A,,,12.9,A,13.1,A,,,,,186.0,A,,,177.0,A,182.0,A,,,,,10.1,A,,,9.6,A,,,9.8,A,,,7.3,A,,,7.1,A,,,7.2,A,01467200
2024-04-26 00:00:00+00:00,,,13.5,A,,,13.1,A,13.3,A,,,,,191.0,A,,,180.0,A,185.0,A,,,,,10.0,A,,,9.4,A,,,9.7,A,,,7.3,A,,,7.1,A,,,7.2,A,01467200
2024-04-27 00:00:00+00:00,,,13.4,A,,,13.2,A,13.3,A,,,,,193.0,A,,,184.0,A,188.0,A,,,,,10.0,A,,,9.4,A,,,9.7,A,,,7.3,A,,,7.1,A,,,7.2,A,01467200
2024-04-28 00:00:00+00:00,,,14.0,A,,,13.2,A,13.5,A,,,,,195.0,A,,,186.0,A,192.0,A,,,,,9.9,A,,,9.4,A,,,9.6,A,,,7.3,A,,,7.1,A,,,7.2,A,01467200
2024-04-29 00:00:00+00:00,,,14.7,A,,,13.7,A,14.1,A,,,,,199.0,A,,,192.0,A,196.0,A,,,,,9.7,A,,,9.2,A,,,9.4,A,,,7.2,A,,,7.1,A,,,7.2,A,01467200
2024-04-30 00:00:00+00:00,,,15.3,A,,,14.3,A,14.7,A,,,,,204.0,A,,,195.0,A,199.0,A,,,,,9.5,A,,,9.0,A,,,9.3,A,,,7.3,A,,,7.0,A,,,7.1,A,01467200
2024-05-01 00:00:00+00:00,,,15.8,A,,,15.0,A,15.3,A,,,,,207.0,A,,,198.0,A,204.0,A,,,,,9.4,A,,,8.8,A,,,9.0,A,,,7.3,A,,,7.1,A,,,7.2,A,01467200
2024-05-02 00:00:00+00:00,,,16.6,A,,,15.5,A,16.0,A,,,,,214.0,A,,,203.0,A,208.0,A,,,,,9.2,A,,,8.5,A,,,8.8,A,,,7.2,A,,,7.0,A,,,7.2,A,01467200
2024-05-03 00:00:00+00:00,,,16.8,A,,,16.1,A,16.4,A,,,,,219.0,A,,,206.0,A,211.0,A,,,,,9.0,A,,,8.4,A,,,8.7,A,,,7.3,A,,,7.1,A,,,7.2,A,01467200
2024-05-04 00:00:00+00:00,,,16.7,A,,,16.3,A,16.5,A,,,,,221.0,A,,,209.0,A,215.0,A,,,,,8.8,A,,,8.2,A,,,8.5,A,,,7.3,A,,,7.1,A,,,7.2,A,01467200
2024-05-05 00:00:00+00:00,,,16.7,A,,,16.2,A,16.4,A,,,,,223.0,A,,,214.0,A,219.0,A,,,,,8.6,A,,,7.8,A,,,8.2,A,,,7.3,A,,,7.1,A,,,7.1,A,01467200
2024-05-08 00:00:00+00:00,,,18.6,A,,,17.3,A,17.9,A,,,,,236.0,A,,,229.0,A,233.0,A,,,,,7.4,A,,,7.1,A,,,7.2,A,,,7.3,A,,,7.1,A,,,7.1,A,01467200
2024-05-09 00:00:00+00:00,,,18.8,A,,,17.9,A,18.3,"A, [4]",,,,,247.0,A,,,234.0,A,240.0,"A, [4]",,,,,7.1,A,,,6.7,A,,,6.9,"A, [4]",,,7.2,A,,,7.0,A,,,7.1,"A, [4]",01467200
2024-05-14 00:00:00+00:00,,,17.8,A,,,17.4,A,17.6,A,,,,,253.0,A,,,234.0,A,245.0,A,,,,,7.4,A,,,6.6,A,,,7.0,A,,,7.3,A,,,7.2,A,,,7.3,A,01467200
2024-05-15 00:00:00+00:00,,,17.7,A,,,17.6,A,17.6,A,,,,,253.0,A,,,228.0,A,242.0,A,,,,,7.4,A,,,6.7,A,,,7.1,A,,,7.3,A,,,7.2,A,,,7.3,A,01467200
2024-05-16 00:00:00+00:00,,,17.6,A,,,17.5,A,17.6,A,,,,,248.0,A,,,224.0,A,237.0,A,,,,,7.5,A,,,6.9,A,,,7.2,A,,,7.3,A,,,7.3,A,,,7.3,A,01467200
2024-05-17 00:00:00+00:00,,,17.7,A,,,17.3,A,17.5,A,,,,,249.0,A,,,223.0,A,235.0,A,,,,,7.6,A,,,7.0,A,,,7.3,A,,,7.3,A,,,7.3,A,,,7.3,A,01467200
2024-05-18 00:00:00+00:00,,,17.6,A,,,17.0,A,17.3,A,,,,,242.0,A,,,223.0,A,232.0,A,,,,,7.8,A,,,6.9,A,,,7.3,A,,,7.3,A,,,7.3,A,,,7.3,A,01467200
2024-05-19 00:00:00+00:00,,,18.3,A,,,16.9,A,17.4,A,,,,,244.0,A,,,223.0,A,231.0,A,,,,,8.0,A,,,7.0,A,,,7.4,A,,,7.3,A,,,7.2,A,,,7.3,A,01467200
2024-05-20 00:00:00+00:00,,,18.1,A,,,17.1,A,17.6,A,,,,,245.0,A,,,225.0,A,232.0,A,,,,,8.1,A,,,7.0,A,,,7.5,A,,,7.3,A,,,7.2,A,,,7.3,A,01467200
2024-05-21 00:00:00+00:00,,,18.3,A,,,17.5,A,18.0,A,,,,,245.0,A,,,224.0,A,232.0,A,,,,,8.2,A,,,7.0,A,,,7.7,A,,,7.3,A,,,7.2,A,,,7.3,A,01467200
2024-05-22 00:00:00+00:00,,,18.8,A,,,18.1,A,18.5,A,,,,,245.0,A,,,217.0,A,231.0,A,,,,,8.6,A,,,7.2,A,,,7.8,A,,,7.4,A,,,7.2,A,,,7.3,A,01467200
2024-05-23 00:00:00+00:00,,,19.4,A,,,18.8,A,19.0,A,,,,,249.0,A,,,216.0,A,231.0,A,,,,,8.6,A,,,7.3,A,,,8.0,A,,,7.4,A,,,7.2,A,,,7.3,A,01467200
2024-05-24 00:00:00+00:00,,,20.0,A,,,19.1,A,19.5,A,,,,,252.0,A,,,214.0,A,229.0,A,,,,,8.9,A,,,7.4,A,,,8.0,A,,,7.4,A,,,7.2,A,,,7.3,A,01467200
2024-05-25 00:00:00+00:00,,,20.6,A,,,19.6,A,20.1,A,,,,,248.0,A,,,211.0,A,228.0,A,,,,,9.4,A,,,7.2,A,,,8.2,A,,,7.5,A,,,7.2,A,,,7.3,A,01467200
2024-05-26 00:00:00+00:00,,,21.3,A,,,20.2,A,20.7,A,,,,,249.0,A,,,209.0,A,228.0,A,,,,,9.5,A,,,7.3,A,,,8.3,A,,,7.5,A,,,7.2,A,,,7.3,A,01467200
2024-05-27 00:00:00+00:00,,,21.8,A,,,20.9,A,21.2,A,,,,,254.0,A,,,212.0,A,231.0,A,,,,,9.2,A,,,7.3,A,,,8.1,A,,,7.5,A,,,7.2,A,,,7.3,A,01467200
2024-05-28 00:00:00+00:00,,,22.3,A,,,21.2,A,21.6,A,,,,,239.0,A,,,214.0,A,226.0,A,,,,,8.8,A,,,6.9,A,,,7.7,A,,,7.4,A,,,7.2,A,,,7.2,A,01467200
2024-05-29 00:00:00+00:00,,,23.0,A,,,21.5,A,22.1,A,,,,,236.0,A,,,218.0,A,226.0,A,,,,,8.3,A,,,6.9,A,,,7.4,A,,,7.4,A,,,7.2,A,,,7.2,A,01467200
2024-05-30 00:00:00+00:00,,,23.3,A,,,21.9,A,22.5,A,,,,,234.0,A,,,222.0,A,227.0,A,,,,,7.6,A,,,6.6,A,,,7.1,A,,,7.4,A,,,7.2,A,,,7.2,A,01467200
2024-05-31 00:00:00+00:00,,,23.4,A,,,22.0,A,22.7,A,,,,,238.0,A,,,225.0,A,229.0,A,,,,,7.3,A,,,6.5,A,,,6.8,A,,,7.4,A,,,7.2,A,,,7.2,A,01467200
2024-06-01 00:00:00+00:00,,,23.6,A,,,22.4,A,23.0,A,,,,,239.0,A,,,226.0,A,233.0,A,,,,,7.1,A,,,6.2,A,,,6.6,A,,,7.3,A,,,7.2,A,,,7.2,A,01467200
2024-06-02 00:00:00+00:00,,,23.6,A,,,22.7,A,23.1,A,,,,,246.0,A,,,225.0,A,235.0,A,,,,,7.0,A,,,6.0,A,,,6.4,A,,,7.3,A,,,7.1,A,,,7.2,A,01467200
2024-06-03 00:00:00+00:00,,,23.8,A,,,23.0,A,23.4,A,,,,,244.0,A,,,228.0,A,236.0,A,,,,,6.9,A,,,5.6,A,,,6.2,A,,,7.3,A,,,7.1,A,,,7.2,A,01467200
2024-06-04 00:00:00+00:00,,,24.1,A,,,23.4,A,23.7,A,,,,,248.0,A,,,228.0,A,238.0,A,,,,,6.9,A,,,5.6,A,,,6.1,A,,,7.3,A,,,7.1,A,,,7.2,A,01467200
2024-06-05 00:00:00+00:00,,,24.1,A,,,23.7,A,23.9,A,,,,,249.0,A,,,228.0,A,239.0,A,,,,,6.9,A,,,5.5,A,,,6.0,A,,,7.2,A,,,7.1,A,,,7.2,A,01467200
2024-06-06 00:00:00+00:00,,,24.2,A,,,23.9,A,24.0,A,,,,,248.0,A,,,223.0,A,237.0,A,,,,,6.6,A,,,5.3,A,,,5.8,A,,,7.2,A,,,7.1,A,,,7.1,A,01467200
2024-06-07 00:00:00+00:00,,,24.4,A,,,24.0,A,24.1,A,,,,,248.0,A,,,218.0,A,234.0,A,,,,,6.7,A,,,5.1,A,,,5.8,A,,,7.2,A,,,7.0,A,,,7.1,A,01467200
2024-06-08 00:00:00+00:00,,,24.2,A,,,23.9,A,24.0,A,,,,,249.0,A,,,216.0,A,232.0,A,,,,,6.8,A,,,5.2,A,,,5.9,A,,,7.2,A,,,7.1,A,,,7.1,A,01467200
2024-06-09 00:00:00+00:00,,,24.1,A,,,23.7,A,23.9,A,,,,,251.0,A,,,216.0,A,232.0,A,,,,,6.7,A,,,5.3,A,,,5.9,A,,,7.2,A,,,7.1,A,,,7.1,A,01467200
2024-06-10 00:00:00+00:00,,,24.0,A,,,23.5,A,23.7,A,,,,,252.0,A,,,216.0,A,230.0,A,,,,,6.7,A,,,5.3,A,,,5.9,A,,,7.2,A,,,7.0,A,,,7.1,A,01467200
2024-06-11 00:00:00+00:00,,,23.7,A,,,23.4,A,23.6,A,,,,,248.0,A,,,215.0,A,230.0,A,,,,,6.8,A,,,5.3,A,,,5.8,A,,,7.2,A,,,7.0,A,,,7.0,A,01467200
2024-06-12 00:00:00+00:00,,,23.8,A,,,23.3,A,23.5,A,,,,,246.0,A,,,218.0,A,231.0,A,,,,,6.5,A,,,5.0,A,,,5.5,A,,,7.1,A,,,6.9,A,,,7.0,A,01467200
2024-06-13 00:00:00+00:00,,,24.2,A,,,23.4,A,23.7,A,,,,,246.0,A,,,223.0,A,234.0,A,,,,,6.2,A,,,4.8,A,,,5.3,A,,,7.1,A,,,6.9,A,,,7.0,A,01467200
2024-06-14 00:00:00+00:00,,,24.4,A,,,23.7,A,23.9,A,,,,,245.0,A,,,226.0,A,236.0,A,,,,,6.2,A,,,4.8,A,,,5.3,A,,,7.1,A,,,6.9,A,,,7.0,A,01467200
2024-06-15 00:00:00+00:00,,,24.4,A,,,23.9,A,24.1,A,,,,,246.0,A,,,229.0,A,238.0,A,,,,,5.9,A,,,4.7,A,,,5.2,A,,,7.1,A,,,6.9,A,,,7.0,A,01467200
2024-06-16 00:00:00+00:00,,,24.6,A,,,23.9,A,24.2,A,,,,,253.0,A,,,229.0,A,239.0,A,,,,,5.7,A,,,4.6,A,,,5.0,A,,,7.1,A,,,6.9,A,,,7.0,A,01467200
2024-06-17 00:00:00+00:00,,,24.8,A,,,24.2,A,24.4,A,,,,,253.0,A,,,231.0,A,242.0,A,,,,,5.7,A,,,4.5,A,,,4.9,A,,,7.1,A,,,6.9,A,,,7.0,A,01467200
2024-06-18 00:00:00+00:00,,,25.1,A,,,24.5,A,24.7,A,,,,,253.0,A,,,234.0,A,243.0,A,,,,,5.6,A,,,4.5,A,,,5.0,A,,,7.1,A,,,6.9,A,,,7.0,A,01467200
2024-06-19 00:00:00+00:00,,,25.4,A,,,24.8,A,25.1,A,,,,,256.0,A,,,236.0,A,245.0,A,,,,,5.7,A,,,4.5,A,,,4.9,A,,,7.1,A,,,7.0,A,,,7.0,A,01467200
2024-06-20 00:00:00+00:00,,,25.7,A,,,25.1,A,25.4,A,,,,,264.0,A,,,238.0,A,249.0,A,,,,,5.7,A,,,4.5,A,,,4.9,A,,,7.1,A,,,6.9,A,,,7.0,A,01467200
2024-06-21 00:00:00+00:00,,,26.1,A,,,25.4,A,25.7,A,,,,,262.0,A,,,242.0,A,251.0,A,,,,,5.8,A,,,4.5,A,,,4.9,A,,,7.1,A,,,6.9,A,,,7.0,A,01467200
2024-06-22 00:00:00+00:00,,,26.4,A,,,25.8,A,26.1,A,,,,,266.0,A,,,246.0,A,255.0,A,,,,,5.7,A,,,4.5,A,,,4.9,A,,,7.1,A,,,6.9,A,,,7.0,A,01467200
2024-06-23 00:00:00+00:00,,,26.6,A,,,26.2,A,26.4,A,,,,,274.0,A,,,249.0,A,259.0,A,,,,,5.8,A,,,4.5,A,,,4.9,A,,,7.1,A,,,7.0,A,,,7.0,A,01467200
2024-06-24 00:00:00+00:00,,,26.8,A,,,26.4,A,26.5,A,,,,,276.0,A,,,251.0,A,260.0,A,,,,,5.8,A,,,4.5,A,,,5.0,A,,,7.2,A,,,7.0,A,,,7.0,A,01467200
2024-06-25 00:00:00+00:00,,,26.6,A,,,26.1,A,26.3,A,,,,,276.0,A,,,251.0,A,262.0,A,,,,,5.7,A,,,4.6,A,,,5.0,A,,,7.2,A,,,7.0,A,,,7.1,A,01467200
2024-06-26 00:00:00+00:00,,,26.6,A,,,26.1,A,26.3,A,,,,,279.0,A,,,254.0,A,267.0,A,,,,,5.6,A,,,4.6,A,,,5.0,A,,,7.2,A,,,7.0,A,,,7.1,A,01467200
2024-06-27 00:00:00+00:00,,,26.8,A,,,26.3,A,26.5,A,,,,,279.0,A,,,252.0,A,268.0,A,,,,,5.6,A,,,4.6,A,,,4.9,A,,,7.2,A,,,7.0,A,,,7.1,A,01467200
2024-06-28 00:00:00+00:00,,,26.7,A,,,26.1,A,26.3,A,,,,,283.0,A,,,259.0,A,270.0,A,,,,,5.4,A,,,4.6,A,,,4.9,A,,,7.2,A,,,7.0,A,,,7.1,A,01467200
2024-06-29 00:00:00+00:00,,,26.7,A,,,26.1,A,26.3,A,,,,,284.0,A,,,262.0,A,273.0,A,,,,,5.5,A,,,4.6,A,,,5.0,A,,,7.2,A,,,7.0,A,,,7.1,A,01467200
2024-06-30 00:00:00+00:00,,,26.7,A,,,26.3,A,26.4,A,,,,,283.0,A,,,264.0,A,274.0,A,,,,,5.4,A,,,4.6,A,,,4.9,A,,,7.2,A,,,7.1,A,,,7.1,A,01467200
2024-07-01 00:00:00+00:00,,,26.6,A,,,26.1,A,26.3,A,,,,,285.0,A,,,263.0,A,271.0,A,,,,,5.3,A,,,4.5,A,,,4.8,A,,,7.2,A,,,7.0,A,,,7.1,A,01467200
2024-07-02 00:00:00+00:00,,,26.5,A,,,26.0,A,26.2,A,,,,,292.0,A,,,265.0,A,275.0,A,,,,,5.3,A,,,4.6,A,,,4.8,A,,,7.2,A,,,7.0,A,,,7.1,A,01467200
2024-07-03 00:00:00+00:00,,,26.6,A,,,26.1,A,26.3,A,,,,,291.0,A,,,269.0,A,279.0,A,,,,,5.5,A,,,4.5,A,,,4.8,A,,,7.2,A,,,7.0,A,,,7.1,A,01467200
2024-07-04 00:00:00+00:00,,,26.8,A,,,26.2,A,26.4,A,,,,,292.0,A,,,270.0,A,281.0,A,,,,,5.6,A,,,4.7,A,,,5.0,A,,,7.2,A,,,7.1,A,,,7.1,A,01467200
2024-07-05 00:00:00+00:00,,,27.2,A,,,26.5,A,26.8,A,,,,,298.0,A,,,274.0,A,284.0,A,,,,,5.6,A,,,4.7,A,,,5.0,A,,,7.2,A,,,7.0,A,,,7.1,A,01467200
2024-07-06 00:00:00+00:00,,,27.6,A,,,26.9,A,27.2,A,,,,,302.0,A,,,275.0,A,286.0,A,,,,,5.6,A,,,4.7,A,,,5.0,A,,,7.2,A,,,7.0,A,,,7.1,A,01467200
2024-07-07 00:00:00+00:00,,,27.9,A,,,27.3,A,27.6,A,,,,,301.0,A,,,277.0,A,288.0,A,,,,,5.6,A,,,4.7,A,,,5.0,A,,,7.2,A,,,7.1,A,,,7.1,A,01467200
2024-07-08 00:00:00+00:00,,,28.5,A,,,27.6,A,27.9,A,,,,,304.0,A,,,278.0,A,290.0,A,,,,,5.5,A,,,4.6,A,,,4.9,A,,,7.2,A,,,7.0,A,,,7.1,A,01467200
2024-07-09 00:00:00+00:00,,,28.5,A,,,28.0,A,28.2,A,,,,,302.0,A,,,280.0,A,292.0,A,,,,,5.4,A,,,4.5,A,,,4.8,A,,,7.2,A,,,7.0,A,,,7.1,A,01467200
2024-07-10 00:00:00+00:00,,,28.9,A,,,28.2,A,28.5,A,,,,,305.0,A,,,281.0,A,293.0,A,,,,,5.5,A,,,4.4,A,,,4.9,A,,,7.2,A,,,7.1,A,,,7.1,A,01467200
2024-07-11 00:00:00+00:00,,,29.0,A,,,28.4,A,28.6,A,,,,,303.0,A,,,282.0,A,292.0,A,,,,,5.6,A,,,4.7,A,,,5.0,A,,,7.2,A,,,7.1,A,,,7.2,A,01467200
2024-07-12 00:00:00+00:00,,,28.7,A,,,28.4,A,28.5,A,,,,,305.0,A,,,282.0,A,292.0,A,,,,,5.4,A,,,4.3,A,,,4.7,A,,,7.2,A,,,7.0,A,,,7.1,A,01467200
2024-07-13 00:00:00+00:00,,,28.9,A,,,28.3,A,28.5,A,,,,,305.0,A,,,282.0,A,293.0,A,,,,,5.2,A,,,4.0,A,,,4.4,A,,,7.2,A,,,7.0,A,,,7.1,A,01467200
2024-07-14 00:00:00+00:00,,,28.8,A,,,28.4,A,28.6,A,,,,,309.0,A,,,284.0,A,295.0,A,,,,,4.9,A,,,3.8,A,,,4.2,A,,,7.2,A,,,7.0,A,,,7.1,A,01467200
2024-07-15 00:00:00+00:00,,,29.2,A,,,28.6,A,28.8,A,,,,,310.0,A,,,285.0,A,296.0,A,,,,,4.8,A,,,3.7,A,,,4.2,A,,,7.2,A,,,7.1,A,,,7.1,A,01467200
2024-07-16 00:00:00+00:00,,,29.5,A,,,28.8,A,29.1,A,,,,,315.0,A,,,284.0,A,297.0,A,,,,,5.2,A,,,3.8,A,,,4.3,A,,,7.2,A,,,7.1,A,,,7.1,A,01467200
2024-07-17 00:00:00+00:00,,,29.4,A,,,29.0,A,29.2,A,,,,,317.0,A,,,282.0,A,298.0,A,,,,,5.1,A,,,3.9,A,,,4.4,A,,,7.2,A,,,7.1,A,,,7.1,A,01467200
2024-07-18 00:00:00+00:00,,,29.4,A,,,29.1,A,29.2,A,,,,,313.0,A,,,274.0,A,294.0,A,,,,,5.0,A,,,3.8,A,,,4.3,A,,,7.2,A,,,7.0,A,,,7.1,A,01467200
2024-07-19 00:00:00+00:00,,,29.1,A,,,28.9,A,29.0,A,,,,,314.0,A,,,272.0,A,293.0,A,,,,,4.9,A,,,3.7,A,,,4.2,A,,,7.2,A,,,7.0,A,,,7.1,A,01467200
2024-07-20 00:00:00+00:00,,,28.9,A,,,28.6,A,28.8,A,,,,,318.0,A,,,270.0,A,293.0,A,,,,,5.0,A,,,3.9,A,,,4.3,A,,,7.2,A,,,7.0,A,,,7.1,A,01467200
2024-07-21 00:00:00+00:00,,,28.8,A,,,28.6,A,28.7,A,,,,,317.0,A,,,270.0,A,292.0,A,,,,,4.8,A,,,3.9,A,,,4.2,A,,,7.2,A,,,7.1,A,,,7.1,A,01467200
2024-07-22 00:00:00+00:00,,,28.6,A,,,28.5,A,28.6,A,,,,,314.0,A,,,268.0,A,291.0,A,,,,,4.6,A,,,3.9,A,,,4.2,A,,,7.2,A,,,7.1,A,,,7.1,A,01467200
2024-07-23 00:00:00+00:00,,,28.5,A,,,28.4,A,28.4,A,,,,,312.0,A,,,268.0,A,291.0,A,,,,,4.5,A,,,3.8,A,,,4.1,A,,,7.2,A,,,7.1,A,,,7.1,A,01467200
2024-07-24 00:00:00+00:00,,,28.4,A,,,28.2,A,28.3,A,,,,,313.0,A,,,267.0,A,292.0,A,,,,,4.3,A,,,3.7,A,,,3.9,A,,,7.1,A,,,7.0,A,,,7.1,A,01467200
2024-07-25 00:00:00+00:00,,,28.2,A,,,28.0,A,28.2,A,,,,,310.0,A,,,265.0,A,288.0,A,,,,,4.0,A,,,3.5,A,,,3.6,A,,,7.1,A,,,7.0,A,,,7.1,A,01467200
2024-07-26 00:00:00+00:00,,,28.2,A,,,27.8,A,27.9,A,,,,,304.0,A,,,265.0,A,285.0,A,,,,,4.0,A,,,3.5,A,,,3.7,A,,,7.1,A,,,7.0,A,,,7.1,A,01467200
2024-07-27 00:00:00+00:00,,,28.2,A,,,27.7,A,27.9,A,,,,,303.0,A,,,262.0,A,284.0,A,,,,,4.3,A,,,3.5,A,,,3.8,A,,,7.1,A,,,7.0,A,,,7.1,A,01467200
2024-07-28 00:00:00+00:00,,,28.2,A,,,27.7,A,27.9,A,,,,,299.0,A,,,262.0,A,281.0,A,,,,,4.9,A,,,3.6,A,,,4.1,A,,,7.2,A,,,7.1,A,,,7.1,A,01467200
2024-07-29 00:00:00+00:00,,,28.3,A,,,27.8,A,27.9,A,,,,,297.0,A,,,262.0,A,280.0,A,,,,,5.0,A,,,3.7,A,,,4.2,A,,,7.2,A,,,7.1,A,,,7.1,A,01467200
2024-07-30 00:00:00+00:00,,,27.8,A,,,27.6,A,27.8,A,,,,,316.0,A,,,262.0,A,287.0,A,,,,,5.4,A,,,4.0,A,,,4.6,A,,,7.3,A,,,7.1,A,,,7.2,A,01467200
2024-07-31 00:00:00+00:00,,,27.8,A,,,27.6,A,27.7,A,,,,,314.0,A,,,274.0,A,293.0,A,,,,,5.6,A,,,4.4,A,,,4.8,A,,,7.3,A,,,7.2,A,,,7.2,A,01467200
2024-08-01 00:00:00+00:00,,,28.0,A,,,27.6,A,27.8,A,,,,,315.0,A,,,275.0,A,293.0,A,,,,,5.6,A,,,4.4,A,,,4.8,A,,,7.3,A,,,7.1,A,,,7.2,A,01467200
2024-08-02 00:00:00+00:00,,,28.3,A,,,27.8,A,28.0,A,,,,,318.0,A,,,275.0,A,295.0,A,,,,,5.7,A,,,4.4,A,,,4.9,A,,,7.3,A,,,7.1,A,,,7.2,A,01467200
2024-08-03 00:00:00+00:00,,,28.4,A,,,28.0,A,28.2,A,,,,,318.0,A,,,274.0,A,293.0,A,,,,,5.5,A,,,4.4,A,,,4.8,A,,,7.3,A,,,7.1,A,,,7.2,A,01467200
2024-08-04 00:00:00+00:00,,,28.2,A,,,28.0,A,28.1,A,,,,,315.0,A,,,273.0,A,291.0,A,,,,,5.0,A,,,4.3,A,,,4.6,A,,,7.2,A,,,7.1,A,,,7.2,A,01467200
2024-08-05 00:00:00+00:00,,,28.3,A,,,27.9,A,28.1,A,,,,,308.0,A,,,270.0,A,287.0,A,,,,,5.0,A,,,4.0,A,,,4.4,A,,,7.2,A,,,7.1,A,,,7.2,A,01467200
2024-08-06 00:00:00+00:00,,,28.4,A,,,27.7,A,28.1,A,,,,,308.0,A,,,250.0,A,285.0,A,,,,,5.3,A,,,4.0,A,,,4.5,A,,,7.3,A,,,7.1,A,,,7.2,A,01467200
2024-08-07 00:00:00+00:00,,,28.1,A,,,27.4,A,27.8,A,,,,,299.0,A,,,248.0,A,272.0,A,,,,,5.4,A,,,4.2,A,,,4.7,A,,,7.3,A,,,7.1,A,,,7.2,A,01467200
2024-08-08 00:00:00+00:00,,,27.6,A,,,26.7,A,27.3,A,,,,,295.0,A,,,236.0,A,267.0,A,,,,,5.1,A,,,4.2,A,,,4.6,A,,,7.2,A,,,7.1,A,,,7.2,A,01467200
2024-08-09 00:00:00+00:00,,,27.2,A,,,26.6,A,26.9,A,,,,,290.0,A,,,236.0,A,259.0,A,,,,,5.2,A,,,4.2,A,,,4.7,A,,,7.2,A,,,7.1,A,,,7.2,A,01467200
2024-08-10 00:00:00+00:00,,,26.9,A,,,26.5,A,26.6,A,,,,,256.0,A,,,230.0,A,239.0,A,,,,,5.2,A,,,4.6,A,,,4.9,A,,,7.2,A,,,7.1,A,,,7.2,A,01467200
2024-08-11 00:00:00+00:00,,,26.5,A,,,25.6,A,26.3,A,,,,,237.0,A,,,223.0,A,233.0,A,,,,,5.4,A,,,4.8,A,,,5.1,A,,,7.2,A,,,7.1,A,,,7.2,A,01467200
2024-08-12 00:00:00+00:00,,,25.9,A,,,24.7,A,25.3,A,,,,,229.0,A,,,197.0,A,215.0,A,,,,,6.4,A,,,5.1,A,,,5.7,A,,,7.2,A,,,7.2,A,,,7.2,A,01467200
2024-08-13 00:00:00+00:00,,,25.3,A,,,24.0,A,24.6,A,,,,,220.0,A,,,169.0,A,199.0,A,,,,,6.4,A,,,5.6,A,,,6.0,A,,,7.2,A,,,7.2,A,,,7.2,A,01467200
2024-08-14 00:00:00+00:00,,,25.1,A,,,23.5,A,24.3,A,,,,,215.0,A,,,153.0,A,183.0,A,,,,,6.5,A,,,5.6,A,,,6.0,A,,,7.2,A,,,7.1,A,,,7.2,A,01467200
2024-08-15 00:00:00+00:00,,,25.1,A,,,23.4,A,24.1,A,,,,,213.0,A,,,139.0,A,173.0,A,,,,,6.1,A,,,5.4,A,,,5.8,A,,,7.2,A,,,7.0,A,,,7.1,A,01467200
2024-08-16 00:00:00+00:00,,,25.0,A,,,23.5,A,24.2,A,,,,,212.0,A,,,134.0,A,166.0,A,,,,,5.8,A,,,5.3,A,,,5.6,A,,,7.1,A,,,6.9,A,,,7.0,A,01467200
2024-08-17 00:00:00+00:00,,,25.1,A,,,23.7,A,24.2,A,,,,,212.0,A,,,135.0,A,165.0,A,,,,,5.6,A,,,5.0,A,,,5.3,A,,,7.1,A,,,6.9,A,,,7.0,A,01467200
2024-08-18 00:00:00+00:00,,,24.9,A,,,23.7,A,24.2,A,,,,,205.0,A,,,137.0,A,163.0,A,,,,,5.3,A,,,4.7,A,,,5.0,A,,,7.1,A,,,6.8,A,,,6.9,A,01467200
2024-08-19 00:00:00+00:00,,,24.8,A,,,23.9,A,24.3,A,,,,,196.0,A,,,137.0,A,157.0,A,,,,,5.3,A,,,4.5,A,,,4.8,A,,,7.0,A,,,6.8,A,,,6.9,A,01467200
2024-08-20 00:00:00+00:00,,,24.5,A,,,23.7,A,24.0,A,,,,,173.0,A,,,138.0,A,149.0,A,,,,,5.8,A,,,4.5,A,,,5.1,A,,,7.0,A,,,6.8,A,,,6.9,A,01467200
2024-08-21 00:00:00+00:00,,,23.9,A,,,23.4,A,23.6,A,,,,,161.0,A,,,146.0,A,152.0,A,,,,,5.9,A,,,4.9,A,,,5.4,A,,,7.0,A,,,6.9,A,,,6.9,A,01467200
2024-08-22 00:00:00+00:00,,,23.6,A,,,23.3,A,23.5,A,,,,,171.0,A,,,152.0,A,159.0,A,,,,,5.8,A,,,5.0,A,,,5.4,A,,,7.0,A,,,6.9,A,,,6.9,A,01467200
2024-08-23 00:00:00+00:00,,,23.7,A,,,23.3,A,23.5,A,,,,,181.0,A,,,159.0,A,168.0,A,,,,,5.7,A,,,5.0,A,,,5.3,A,,,7.1,A,,,6.9,A,,,7.0,A,01467200
2024-08-24 00:00:00+00:00,,,24.0,A,,,23.5,A,23.6,A,,,,,186.0,A,,,167.0,A,176.0,A,,,,,5.6,A,,,4.8,A,,,5.1,A,,,7.1,A,,,6.9,A,,,7.0,A,01467200
2024-08-25 00:00:00+00:00,,,24.3,A,,,23.6,A,23.8,A,,,,,193.0,A,,,176.0,A,183.0,A,,,,,5.6,A,,,4.7,A,,,5.1,A,,,7.1,A,,,6.9,A,,,7.0,A,01467200
2024-08-26 00:00:00+00:00,,,24.2,A,,,23.7,A,23.9,A,,,,,196.0,A,,,183.0,A,189.0,A,,,,,5.6,A,,,4.7,A,,,5.1,A,,,7.1,A,,,6.9,A,,,7.0,A,01467200
2024-08-27 00:00:00+00:00,,,24.4,A,,,23.9,A,24.1,A,,,,,200.0,A,,,188.0,A,195.0,A,,,,,5.7,A,,,4.7,A,,,5.1,A,,,7.1,A,,,6.9,A,,,7.0,A,01467200
2024-08-28 00:00:00+00:00,,,24.7,A,,,24.1,A,24.4,A,,,,,207.0,A,,,193.0,A,200.0,A,,,,,5.6,A,,,4.6,A,,,5.0,A,,,7.1,A,,,7.0,A,,,7.0,A,01467200
2024-08-29 00:00:00+00:00,,,25.0,A,,,24.4,A,24.7,A,,,,,208.0,A,,,198.0,A,204.0,A,,,,,5.9,A,,,4.7,A,,,5.3,A,,,7.1,A,,,7.0,A,,,7.0,A,01467200
2024-08-30 00:00:00+00:00,,,24.8,A,,,24.4,A,24.6,A,,,,,220.0,A,,,203.0,A,208.0,A,,,,,5.8,A,,,4.9,A,,,5.3,A,,,7.2,A,,,7.0,A,,,7.0,A,01467200
2024-08-31 00:00:00+00:00,,,24.7,A,,,24.2,A,24.5,A,,,,,216.0,A,,,209.0,A,212.0,A,,,,,5.8,A,,,4.8,A,,,5.2,A,,,7.2,A,,,7.0,A,,,7.0,A,01467200
2024-09-01 00:00:00+00:00,,,24.8,A,,,24.3,A,24.5,A,,,,,218.0,A,,,212.0,A,215.0,A,,,,,5.8,A,,,4.8,A,,,5.2,A,,,7.1,A,,,7.0,A,,,7.0,A,01467200
2024-09-02 00:00:00+00:00,,,24.7,A,,,24.2,A,24.4,A,,,,,222.0,A,,,213.0,A,218.0,A,,,,,6.3,A,,,4.8,A,,,5.4,A,,,7.2,A,,,7.0,A,,,7.1,A,01467200
2024-09-03 00:00:00+00:00,,,24.3,A,,,23.9,A,24.1,A,,,,,227.0,A,,,215.0,A,220.0,A,,,,,6.3,A,,,5.1,A,,,5.6,A,,,7.2,A,,,7.0,A,,,7.1,A,01467200
2024-09-04 00:00:00+00:00,,,24.2,A,,,23.8,A,24.0,A,,,,,229.0,A,,,217.0,A,223.0,A,,,,,6.3,A,,,5.2,A,,,5.7,A,,,7.2,A,,,7.1,A,,,7.1,A,01467200
2024-09-05 00:00:00+00:00,,,24.1,A,,,23.7,A,23.9,A,,,,,232.0,A,,,221.0,A,226.0,A,,,,,6.4,A,,,5.2,A,,,5.7,A,,,7.2,A,,,7.1,A,,,7.1,A,01467200
2024-09-06 00:00:00+00:00,,,23.9,A,,,23.6,A,23.8,A,,,,,233.0,A,,,225.0,A,230.0,A,,,,,6.2,A,,,5.3,A,,,5.6,A,,,7.2,A,,,7.1,A,,,7.1,A,01467200
2024-09-07 00:00:00+00:00,,,23.8,A,,,23.5,A,23.7,A,,,,,239.0,A,,,228.0,A,234.0,A,,,,,6.0,A,,,5.1,A,,,5.4,A,,,7.2,A,,,7.1,A,,,7.1,A,01467200
2024-09-08 00:00:00+00:00,,,23.5,A,,,23.1,A,23.4,A,,,,,241.0,A,,,234.0,A,237.0,A,,,,,6.0,A,,,5.0,A,,,5.4,A,,,7.2,A,,,7.1,A,,,7.1,A,01467200
2024-09-09 00:00:00+00:00,,,23.4,A,,,22.9,A,23.1,A,,,,,243.0,A,,,237.0,A,240.0,A,,,,,5.9,A,,,5.1,A,,,5.5,A,,,7.2,A,,,7.1,A,,,7.1,A,01467200
2024-09-10 00:00:00+00:00,,,23.3,A,,,22.8,A,22.9,A,,,,,247.0,A,,,239.0,A,243.0,A,,,,,6.2,A,,,5.2,A,,,5.6,A,,,7.3,A,,,7.1,A,,,7.2,A,01467200
2024-09-11 00:00:00+00:00,,,23.4,A,,,22.8,A,23.0,A,,,,,254.0,A,,,242.0,A,247.0,A,,,,,6.2,A,,,5.2,A,,,5.6,A,,,7.3,A,,,7.1,A,,,7.2,A,01467200
2024-09-12 00:00:00+00:00,,,23.4,A,,,22.9,A,23.1,A,,,,,257.0,A,,,245.0,A,252.0,A,,,,,6.1,A,,,5.1,A,,,5.5,A,,,7.3,A,,,7.1,A,,,7.2,A,01467200
2024-09-13 00:00:00+00:00,,,23.4,A,,,23.0,A,23.2,A,,,,,262.0,A,,,250.0,A,255.0,A,,,,,6.3,A,,,5.0,A,,,5.5,A,,,7.3,A,,,7.1,A,,,7.2,A,01467200
2024-09-14 00:00:00+00:00,,,23.5,A,,,23.1,A,23.3,A,,,,,266.0,A,,,253.0,A,258.0,A,,,,,6.2,A,,,5.0,A,,,5.5,A,,,7.3,A,,,7.1,A,,,7.2,A,01467200
2024-09-15 00:00:00+00:00,,,23.6,A,,,23.2,A,23.4,A,,,,,269.0,A,,,255.0,A,261.0,A,,,,,6.3,A,,,5.0,A,,,5.5,A,,,7.3,A,,,7.1,A,,,7.2,A,01467200
2024-09-16 00:00:00+00:00,,,23.4,A,,,23.1,A,23.2,A,,,,,271.0,A,,,258.0,A,264.0,A,,,,,6.3,A,,,5.2,A,,,5.6,A,,,7.3,A,,,7.1,A,,,7.2,A,01467200
2024-09-17 00:00:00+00:00,,,23.2,A,,,22.9,A,23.1,A,,,,,272.0,A,,,259.0,A,267.0,A,,,,,6.3,A,,,5.2,A,,,5.6,A,,,7.3,A,,,7.1,A,,,7.2,A,01467200
2024-09-18 00:00:00+00:00,,,23.1,A,,,22.8,A,23.0,A,,,,,276.0,A,,,260.0,A,270.0,A,,,,,6.3,A,,,5.2,A,,,5.6,A,,,7.3,A,,,7.1,A,,,7.2,A,01467200
2024-09-19 00:00:00+00:00,,,23.2,A,,,22.8,A,23.0,A,,,,,278.0,A,,,264.0,A,272.0,A,,,,,6.1,A,,,5.2,A,,,5.5,A,,,7.3,A,,,7.2,A,,,7.2,A,01467200
2024-09-20 00:00:00+00:00,,,23.2,A,,,22.8,A,23.0,A,,,,,283.0,A,,,266.0,A,275.0,A,,,,,6.0,A,,,5.1,A,,,5.4,A,,,7.3,A,,,7.1,A,,,7.2,A,01467200
2024-09-21 00:00:00+00:00,,,23.3,A,,,22.9,A,23.1,A,,,,,292.0,A,,,269.0,A,281.0,A,,,,,5.8,A,,,5.0,A,,,5.3,A,,,7.3,A,,,7.1,A,,,7.2,A,01467200
2024-09-22 00:00:00+00:00,,,23.2,A,,,22.9,A,23.1,A,,,,,298.0,A,,,270.0,A,285.0,A,,,,,5.9,A,,,5.0,A,,,5.3,A,,,7.3,A,,,7.1,A,,,7.2,A,01467200
2024-09-23 00:00:00+00:00,,,23.0,A,,,22.7,A,22.9,A,,,,,310.0,A,,,270.0,A,289.0,A,,,,,5.9,A,,,5.0,A,,,5.3,A,,,7.3,A,,,7.1,A,,,7.2,A,01467200
2024-09-24 00:00:00+00:00,,,22.7,A,,,22.4,A,22.6,A,,,,,308.0,A,,,274.0,A,291.0,A,,,,,6.0,A,,,5.0,A,,,5.4,A,,,7.3,A,,,7.2,A,,,7.2,A,01467200
2024-09-25 00:00:00+00:00,,,22.5,A,,,22.2,A,22.3,A,,,,,312.0,A,,,276.0,A,293.0,A,,,,,6.0,A,,,5.0,A,,,5.4,A,,,7.3,A,,,7.2,A,,,7.2,A,01467200
2024-09-26 00:00:00+00:00,,,22.4,A,,,22.1,A,22.2,A,,,,,313.0,A,,,278.0,A,293.0,A,,,,,5.8,A,,,4.8,A,,,5.2,A,,,7.3,A,,,7.2,A,,,7.2,A,01467200
2024-09-27 00:00:00+00:00,,,22.3,A,,,22.0,A,22.2,A,,,,,317.0,A,,,276.0,A,292.0,A,,,,,5.9,A,,,4.8,A,,,5.2,A,,,7.3,A,,,7.1,A,,,7.2,A,01467200
2024-09-28 00:00:00+00:00,,,22.2,A,,,21.8,A,22.0,A,,,,,318.0,A,,,277.0,A,294.0,A,,,,,6.0,A,,,4.8,A,,,5.3,A,,,7.3,A,,,7.2,A,,,7.2,A,01467200
2024-09-29 00:00:00+00:00,,,22.1,A,,,21.6,A,21.8,A,,,,,320.0,A,,,278.0,A,296.0,A,,,,,6.1,A,,,4.9,A,,,5.4,A,,,7.3,A,,,7.2,A,,,7.2,A,01467200
2024-09-30 00:00:00+00:00,,,21.8,A,,,21.4,A,21.6,A,,,,,324.0,A,,,279.0,A,298.0,A,,,,,6.2,A,,,5.1,A,,,5.5,A,,,7.3,A,,,7.2,A,,,7.2,A,01467200
2024-10-01 00:00:00+00:00,,,21.6,A,,,21.1,A,21.4,A,,,,,323.0,A,,,279.0,A,300.0,A,,,,,6.3,A,,,5.2,A,,,5.7,A,,,7.4,A,,,7.2,A,,,7.2,A,01467200
2024-10-02 00:00:00+00:00,,,21.4,A,,,21.0,A,21.2,A,,,,,329.0,A,,,282.0,A,304.0,A,,,,,6.3,A,,,5.4,A,,,5.7,A,,,7.4,A,,,7.2,A,,,7.2,A,01467200
2024-10-03 00:00:00+00:00,,,21.4,A,,,20.9,A,21.1,A,,,,,327.0,A,,,286.0,A,305.0,A,,,,,6.2,A,,,5.3,A,,,5.6,A,,,7.3,A,,,7.2,A,,,7.2,A,01467200
2024-10-04 00:00:00+00:00,,,21.3,A,,,20.9,A,21.1,A,,,,,324.0,A,,,282.0,A,304.0,A,,,,,6.2,A,,,5.2,A,,,5.6,A,,,7.3,A,,,7.2,A,,,7.2,A,01467200
2024-10-05 00:00:00+00:00,,,21.3,A,,,20.9,A,21.1,A,,,,,325.0,A,,,282.0,A,303.0,A,,,,,6.2,A,,,5.1,A,,,5.6,A,,,7.3,A,,,7.2,A,,,7.2,A,01467200
2024-10-06 00:00:00+00:00,,,21.2,A,,,20.8,A,21.0,A,,,,,330.0,A,,,282.0,A,306.0,A,,,,,6.2,A,,,5.2,A,,,5.6,A,,,7.3,A,,,7.2,A,,,7.2,A,01467200
2024-10-07 00:00:00+00:00,,,21.2,A,,,20.8,A,21.0,A,,,,,335.0,A,,,288.0,A,311.0,A,,,,,6.2,A,,,5.3,A,,,5.6,A,,,7.3,A,,,7.2,A,,,7.2,A,01467200
2024-10-08 00:00:00+00:00,,,20.9,A,,,20.6,A,20.8,A,,,,,344.0,A,,,283.0,A,311.0,A,,,,,6.3,A,,,5.4,A,,,5.7,A,,,7.3,A,,,7.2,A,,,7.2,A,01467200
2024-10-09 00:00:00+00:00,,,20.7,A,,,20.2,A,20.5,A,,,,,333.0,A,,,292.0,A,312.0,A,,,,,6.2,A,,,5.4,A,,,5.7,A,,,7.3,A,,,7.2,A,,,7.2,A,01467200
2024-10-10 00:00:00+00:00,,,20.3,A,,,19.8,A,20.1,A,,,,,342.0,A,,,290.0,A,311.0,A,,,,,6.4,A,,,5.6,A,,,6.0,A,,,7.3,A,,,7.2,A,,,7.3,A,01467200
2024-10-11 00:00:00+00:00,,,19.9,A,,,19.6,A,19.7,A,,,,,345.0,A,,,290.0,A,314.0,A,,,,,6.4,A,,,5.7,A,,,6.0,A,,,7.3,A,,,7.2,A,,,7.3,A,01467200
2024-10-12 00:00:00+00:00,,,19.6,A,,,19.3,A,19.4,A,,,,,343.0,A,,,295.0,A,313.0,A,,,,,6.6,A,,,5.8,A,,,6.2,A,,,7.3,A,,,7.2,A,,,7.3,A,01467200
2024-10-13 00:00:00+00:00,,,19.5,A,,,19.1,A,19.4,A,,,,,350.0,A,,,290.0,A,317.0,A,,,,,6.8,A,,,5.9,A,,,6.3,A,,,7.4,A,,,7.2,A,,,7.3,A,01467200
2024-10-14 00:00:00+00:00,,,19.5,A,,,19.0,A,19.2,A,,,,,347.0,A,,,296.0,A,317.0,A,,,,,7.1,A,,,6.0,A,,,6.4,A,,,7.4,A,,,7.2,A,,,7.3,A,01467200
2024-10-15 00:00:00+00:00,,,19.0,A,,,18.5,A,18.7,A,,,,,341.0,A,,,294.0,A,316.0,A,,,,,7.1,A,,,6.2,A,,,6.7,A,,,7.4,A,,,7.3,A,,,7.3,A,01467200
2024-10-16 00:00:00+00:00,,,18.6,A,,,17.8,A,18.2,A,,,,,347.0,A,,,287.0,A,315.0,A,,,,,7.4,A,,,6.4,A,,,6.8,A,,,7.5,A,,,7.2,A,,,7.4,A,01467200
2024-10-17 00:00:00+00:00,,,18.0,A,,,17.4,A,17.7,A,,,,,355.0,A,,,289.0,A,320.0,A,,,,,7.4,A,,,6.6,A,,,7.0,A,,,7.5,A,,,7.3,A,,,7.4,A,01467200
2024-10-18 00:00:00+00:00,,,17.6,A,,,17.2,A,17.4,A,,,,,365.0,A,,,293.0,A,329.0,A,,,,,7.5,A,,,6.7,A,,,7.0,A,,,7.4,A,,,7.3,A,,,7.4,A,01467200
2024-10-19 00:00:00+00:00,,,17.5,A,,,17.1,A,17.3,A,,,,,373.0,A,,,297.0,A,335.0,A,,,,,7.4,A,,,6.7,A,,,7.0,A,,,7.4,A,,,7.3,A,,,7.4,A,01467200
2024-10-20 00:00:00+00:00,,,17.4,A,,,17.1,A,17.3,A,,,,,375.0,A,,,301.0,A,336.0,A,,,,,7.3,A,,,6.6,A,,,6.9,A,,,7.4,A,,,7.3,A,,,7.3,A,01467200
2024-10-21 00:00:00+00:00,,,17.4,A,,,17.0,A,17.2,A,,,,,376.0,A,,,301.0,A,336.0,A,,,,,7.3,A,,,6.5,A,,,6.9,A,,,7.4,A,,,7.3,A,,,7.3,A,01467200
2024-10-22 00:00:00+00:00,,,17.6,A,,,17.1,A,17.3,A,,,,,381.0,A,,,302.0,A,340.0,A,,,,,7.3,A,,,6.4,A,,,6.8,A,,,7.4,A,,,7.3,A,,,7.3,A,01467200
2024-10-23 00:00:00+00:00,,,17.8,A,,,17.2,A,17.4,A,,,,,419.0,A,,,307.0,A,348.0,A,,,,,7.1,A,,,6.4,A,,,6.7,A,,,7.4,A,,,7.3,A,,,7.3,A,01467200
2024-10-24 00:00:00+00:00,,,17.5,A,,,17.2,A,17.4,A,,,,,390.0,A,,,306.0,A,348.0,A,,,,,7.2,A,,,6.4,A,,,6.8,A,,,7.4,A,,,7.3,A,,,7.3,A,01467200
2024-10-25 00:00:00+00:00,,,17.3,A,,,17.0,A,17.1,A,,,,,430.0,A,,,308.0,A,356.0,A,,,,,7.3,A,,,6.5,A,,,6.8,A,,,7.4,A,,,7.3,A,,,7.3,A,01467200
2024-10-26 00:00:00+00:00,,,17.1,A,,,16.9,A,17.0,A,,,,,401.0,A,,,316.0,A,355.0,A,,,,,7.3,A,,,6.5,A,,,6.8,A,,,7.4,A,,,7.3,A,,,7.3,A,01467200
2024-10-27 00:00:00+00:00,,,16.9,A,,,16.5,A,16.6,A,,,,,409.0,A,,,304.0,A,353.0,A,,,,,7.5,A,,,6.6,A,,,7.0,A,,,7.4,A,,,7.3,A,,,7.3,A,01467200
2024-10-28 00:00:00+00:00,,,16.6,A,,,16.2,A,16.4,A,,,,,423.0,A,,,308.0,A,356.0,A,,,,,7.6,A,,,6.6,A,,,7.0,A,,,7.4,A,,,7.3,A,,,7.3,A,01467200
2024-10-29 00:00:00+00:00,,,16.4,A,,,16.0,A,16.2,A,,,,,419.0,A,,,307.0,A,361.0,A,,,,,7.6,A,,,6.6,A,,,7.0,A,,,7.4,A,,,7.2,A,,,7.3,A,01467200
2024-10-30 00:00:00+00:00,,,16.5,A,,,16.0,A,16.3,A,,,,,414.0,A,,,322.0,A,367.0,A,,,,,7.3,A,,,6.3,A,,,6.8,A,,,7.4,A,,,7.2,A,,,7.3,A,01467200
2024-10-31 00:00:00+00:00,,,16.6,A,,,16.1,A,16.4,A,,,,,414.0,A,,,316.0,A,365.0,A,,,,,7.4,A,,,6.3,A,,,6.8,A,,,7.4,A,,,7.2,A,,,7.3,A,01467200
2024-11-01 00:00:00+00:00,,,16.7,A,,,16.3,A,16.5,A,,,,,418.0,A,,,314.0,A,364.0,A,,,,,7.6,A,,,6.4,A,,,6.9,A,,,7.4,A,,,7.2,A,,,7.3,A,01467200
2024-11-02 00:00:00+00:00,,,16.5,A,,,16.0,A,16.3,A,,,,,427.0,A,,,306.0,A,360.0,A,,,,,7.7,A,,,6.6,A,,,7.1,A,,,7.4,A,,,7.3,A,,,7.3,A,01467200
2024-11-03 00:00:00+00:00,,,16.2,A,,,15.7,A,16.0,A,,,,,454.0,A,,,315.0,A,380.0,A,,,,,7.7,A,,,6.7,A,,,7.1,A,,,7.4,A,,,7.3,A,,,7.3,A,01467200
2024-11-04 00:00:00+00:00,,,15.9,A,,,15.5,A,15.7,A,,,,,476.0,A,,,322.0,A,396.0,A,,,,,7.6,A,,,6.7,A,,,7.0,A,,,7.4,A,,,7.3,A,,,7.3,A,01467200
2024-11-05 00:00:00+00:00,,,15.9,A,,,15.5,A,15.7,A,,,,,477.0,A,,,336.0,A,397.0,A,,,,,7.4,A,,,6.6,A,,,7.0,A,,,7.4,A,,,7.2,A,,,7.3,A,01467200
2024-11-06 00:00:00+00:00,,,16.1,A,,,15.6,A,15.8,A,,,,,451.0,A,,,323.0,A,389.0,A,,,,,7.7,A,,,6.7,A,,,7.1,A,,,7.4,A,,,7.3,A,,,7.3,A,01467200
2024-11-07 00:00:00+00:00,,,16.3,A,,,15.7,A,16.0,A,,,,,458.0,A,,,327.0,A,383.0,A,,,,,7.5,A,,,6.6,A,,,7.1,A,,,7.4,A,,,7.3,A,,,7.3,A,01467200
2024-11-08 00:00:00+00:00,,,16.2,A,,,15.8,A,16.0,A,,,,,490.0,A,,,323.0,A,401.0,A,,,,,7.6,A,,,6.6,A,,,7.0,A,,,7.4,A,,,7.3,A,,,7.3,A,01467200
2024-11-09 00:00:00+00:00,,,15.8,A,,,15.5,A,15.6,A,,,,,485.0,A,,,325.0,A,382.0,A,,,,,7.7,A,,,6.8,A,,,7.2,A,,,7.4,A,,,7.3,A,,,7.3,A,01467200
2024-11-10 00:00:00+00:00,,,15.5,A,,,15.1,A,15.3,A,,,,,523.0,A,,,323.0,A,415.0,A,,,,,7.6,A,,,6.8,A,,,7.1,A,,,7.4,A,,,7.3,A,,,7.3,A,01467200
2024-11-11 00:00:00+00:00,,,15.5,A,,,15.1,A,15.3,A,,,,,493.0,A,,,339.0,A,414.0,A,,,,,7.5,A,,,6.8,A,,,7.1,A,,,7.4,A,,,7.3,A,,,7.3,A,01467200
2024-11-12 00:00:00+00:00,,,15.4,A,,,14.8,A,15.0,A,,,,,488.0,A,,,322.0,A,398.0,A,,,,,7.8,A,,,6.8,A,,,7.2,A,,,7.4,A,,,7.2,A,,,7.3,A,01467200
2024-11-13 00:00:00+00:00,,,14.9,A,,,14.3,A,14.5,A,,,,,530.0,A,,,331.0,A,424.0,A,,,,,7.8,A,,,7.1,A,,,7.4,A,,,7.4,A,,,7.3,A,,,7.3,A,01467200
2024-11-14 00:00:00+00:00,,,14.5,A,,,13.8,A,14.1,A,,,,,563.0,A,,,352.0,A,456.0,A,,,,,7.6,A,,,7.1,A,,,7.3,A,,,7.4,A,,,7.3,A,,,7.3,A,01467200
2024-11-15 00:00:00+00:00,,,14.1,A,,,13.6,A,13.8,A,,,,,613.0,A,,,358.0,A,480.0,A,,,,,7.6,A,,,7.1,A,,,7.3,A,,,7.4,A,,,7.3,A,,,7.3,A,01467200
2024-11-16 00:00:00+00:00,,,13.8,A,,,13.2,A,13.6,A,,,,,584.0,A,,,354.0,A,464.0,A,,,,,7.8,A,,,7.1,A,,,7.3,A,,,7.4,A,,,7.3,A,,,7.3,A,01467200
2024-11-17 00:00:00+00:00,,,13.5,A,,,13.0,A,13.3,A,,,,,614.0,A,,,353.0,A,472.0,A,,,,,7.8,A,,,7.2,A,,,7.4,A,,,7.4,A,,,7.3,A,,,7.4,A,01467200
2024-11-18 00:00:00+00:00,,,13.4,A,,,13.0,A,13.2,A,,,,,623.0,A,,,374.0,A,485.0,A,,,,,7.7,A,,,7.2,A,,,7.4,A,,,7.4,A,,,7.3,A,,,7.3,A,01467200
2024-11-19 00:00:00+00:00,,,13.3,A,,,12.9,A,13.1,A,,,,,640.0,A,,,358.0,A,490.0,A,,,,,7.8,A,,,7.1,A,,,7.3,A,,,7.4,A,,,7.3,A,,,7.3,A,01467200
2024-11-20 00:00:00+00:00,,,13.4,A,,,12.9,A,13.2,A,,,,,662.0,A,,,374.0,A,501.0,A,,,,,7.6,A,,,7.0,A,,,7.2,A,,,7.4,A,,,7.3,A,,,7.3,A,01467200
2024-11-21 00:00:00+00:00,,,13.3,A,,,12.8,A,13.0,A,,,,,621.0,A,,,349.0,A,470.0,A,,,,,7.5,A,,,7.0,A,,,7.2,A,,,7.4,A,,,7.2,A,,,7.3,A,01467200
2024-11-22 00:00:00+00:00,,,12.8,A,,,12.2,A,12.5,A,,,,,579.0,A,,,358.0,A,468.0,A,,,,,7.6,A,,,7.0,A,,,7.3,A,,,7.4,A,,,7.3,A,,,7.3,A,01467200
2024-11-23 00:00:00+00:00,,,12.2,A,,,11.8,A,12.0,A,,,,,530.0,A,,,347.0,A,429.0,A,,,,,7.8,A,,,7.2,A,,,7.4,A,,,7.4,A,,,7.3,A,,,7.4,A,01467200
2024-11-24 00:00:00+00:00,,,11.9,A,,,11.4,A,11.6,A,,,,,488.0,A,,,340.0,A,405.0,A,,,,,8.1,A,,,7.4,A,,,7.7,A,,,7.4,A,,,7.3,A,,,7.4,A,01467200
2024-11-25 00:00:00+00:00,,,11.6,A,,,11.1,A,11.4,A,,,,,498.0,A,,,331.0,A,401.0,A,,,,,8.3,A,,,7.5,A,,,7.8,A,,,7.5,A,,,7.3,A,,,7.4,A,01467200
2024-11-26 00:00:00+00:00,,,11.7,A,,,11.0,A,11.3,A,,,,,514.0,A,,,327.0,A,415.0,A,,,,,8.3,A,,,7.4,A,,,7.7,A,,,7.5,A,,,7.3,A,,,7.4,A,01467200
2024-11-27 00:00:00+00:00,,,11.5,A,,,10.9,A,11.2,A,,,,,499.0,A,,,343.0,A,413.0,A,,,,,8.1,A,,,7.4,A,,,7.7,A,,,7.4,A,,,7.3,A,,,7.4,A,01467200
2024-11-28 00:00:00+00:00,,,11.3,A,,,10.6,A,11.0,A,,,,,520.0,A,,,326.0,A,411.0,A,,,,,8.4,A,,,7.4,A,,,7.8,A,,,7.4,A,,,7.3,A,,,7.3,A,01467200
2024-11-29 00:00:00+00:00,,,11.0,A,,,10.1,A,10.5,A,,,,,469.0,A,,,325.0,A,379.0,A,,,,,8.5,A,,,7.5,A,,,8.0,A,,,7.4,A,,,7.3,A,,,7.4,A,01467200
2024-11-30 00:00:00+00:00,,,10.4,A,,,9.2,A,9.9,A,,,,,422.0,A,,,314.0,A,356.0,A,,,,,9.0,A,,,7.9,A,,,8.4,A,,,7.5,A,,,7.3,A,,,7.4,A,01467200
2024-12-01 00:00:00+00:00,,,9.7,A,,,8.6,A,9.2,A,,,,,426.0,A,,,317.0,A,359.0,A,,,,,9.2,A,,,8.2,A,,,8.6,A,,,7.5,A,,,7.4,A,,,7.4,A,01467200
2024-12-02 00:00:00+00:00,,,9.2,A,,,8.0,A,8.6,A,,,,,395.0,A,,,312.0,A,347.0,A,,,,,9.4,A,,,8.4,A,,,8.9,A,,,7.5,A,,,7.4,A,,,7.4,A,01467200
2024-12-03 00:00:00+00:00,,,8.6,A,,,7.5,A,8.1,A,,,,,398.0,A,,,308.0,A,340.0,A,,,,,9.6,A,,,8.6,A,,,9.1,A,,,,,,,,,,,,,01467200
2024-12-04 00:00:00+00:00,,,8.2,A,,,7.3,A,7.8,A,,,,,389.0,A,,,306.0,A,344.0,A,,,,,9.9,A,,,8.8,A,,,9.3,A,,,,,,,,,,,,,01467200
2024-12-05 00:00:00+00:00,,,7.9,A,,,6.5,A,7.4,A,,,,,368.0,A,,,298.0,A,328.0,A,,,,,10.4,A,,,9.2,A,,,9.7,A,,,7.5,A,,,7.4,A,,,7.5,A,01467200
2024-12-06 00:00:00+00:00,,,7.1,A,,,6.2,A,6.7,A,,,,,355.0,A,,,296.0,A,318.0,A,,,,,10.5,A,,,9.8,A,,,10.2,A,,,7.5,A,,,7.5,A,,,7.5,A,01467200
2024-12-07 00:00:00+00:00,,,6.7,A,,,5.9,A,6.4,A,,,,,376.0,A,,,301.0,A,334.0,A,,,,,10.6,A,,,10.0,A,,,10.2,A,,,7.5,A,,,7.5,A,,,7.5,A,01467200
2024-12-08 00:00:00+00:00,,,6.6,A,,,5.9,A,6.2,A,,,,,376.0,A,,,305.0,A,338.0,A,,,,,10.7,A,,,10.1,A,,,10.3,A,,,7.5,A,,,7.4,A,,,7.5,A,01467200
2024-12-09 00:00:00+00:00,,,6.5,A,,,5.7,A,6.1,A,,,,,384.0,A,,,301.0,A,340.0,A,,,,,10.8,A,,,10.1,A,,,10.4,A,,,7.5,A,,,7.4,A,,,7.4,A,01467200
2024-12-10 00:00:00+00:00,,,6.6,A,,,5.6,A,6.2,A,,,,,393.0,A,,,300.0,A,346.0,A,,,,,10.7,A,,,10.0,A,,,10.3,A,,,7.5,A,,,7.4,A,,,7.4,A,01467200
2024-12-11 00:00:00+00:00,,,7.0,A,,,6.0,A,6.5,A,,,,,404.0,A,,,312.0,A,353.0,A,,,,,10.5,A,,,10.0,A,,,10.2,A,,,7.4,A,,,7.4,A,,,7.4,A,01467200
2024-12-12 00:00:00+00:00,,,6.8,A,,,5.6,A,6.3,A,,,,,376.0,A,,,278.0,A,324.0,A,,,,,11.0,A,,,10.1,A,,,10.4,A,,,7.5,A,,,7.4,A,,,7.4,A,01467200
2024-12-13 00:00:00+00:00,,,6.2,A,,,3.9,A,5.0,A,,,,,331.0,A,,,234.0,A,268.0,A,,,,,12.2,A,,,10.4,A,,,11.4,A,,,7.5,A,,,7.4,A,,,7.4,A,01467200
2024-12-14 00:00:00+00:00,,,4.8,A,,,3.6,A,4.1,A,,,,,262.0,A,,,239.0,A,249.0,A,,,,,12.5,A,,,11.5,A,,,12.1,A,,,7.6,A,,,7.4,A,,,7.5,A,01467200
2024-12-15 00:00:00+00:00,,,4.3,A,,,3.8,A,4.1,A,,,,,259.0,A,,,228.0,A,250.0,A,,,,,12.2,A,,,11.9,A,,,12.0,A,,,7.5,A,,,7.4,A,,,7.5,A,01467200
2024-12-16 00:00:00+00:00,,,4.5,A,,,4.1,A,4.3,A,,,,,266.0,A,,,199.0,A,241.0,A,,,,,12.0,A,,,11.7,A,,,11.8,A,,,7.5,A,,,7.4,A,,,7.4,A,01467200
2024-12-17 00:00:00+00:00,,,4.7,A,,,4.4,A,4.6,A,,,,,252.0,A,,,166.0,A,220.0,A,,,,,11.8,A,,,11.6,A,,,11.7,A,,,7.4,A,,,7.2,A,,,7.4,A,01467200
2024-12-18 00:00:00+00:00,,,4.9,A,,,4.4,A,4.6,A,,,,,235.0,A,,,153.0,A,195.0,A,,,,,11.9,A,,,11.5,A,,,11.7,A,,,7.4,A,,,7.2,A,,,7.3,A,01467200
2024-12-19 00:00:00+00:00,,,5.0,A,,,4.4,A,4.7,A,,,,,218.0,A,,,152.0,A,181.0,A,,,,,12.0,A,,,11.4,A,,,11.7,A,,,7.3,A,,,7.1,A,,,7.2,A,01467200
2024-12-20 00:00:00+00:00,,,4.8,A,,,4.2,A,4.5,A,,,,,203.0,A,,,149.0,A,172.0,A,,,,,12.2,A,,,11.5,A,,,11.8,A,,,7.2,A,,,7.1,A,,,7.2,A,01467200
2024-12-21 00:00:00+00:00,,,4.6,A,,,3.7,A,4.2,A,,,,,192.0,A,,,155.0,A,167.0,A,,,,,12.3,A,,,11.5,A,,,11.9,A,,,7.2,A,,,7.1,A,,,7.1,A,01467200
2024-12-22 00:00:00+00:00,,,3.9,A,,,3.2,A,3.6,A,,,,,176.0,A,,,156.0,A,164.0,A,,,,,12.5,A,,,11.9,A,,,12.2,A,,,7.2,A,,,7.1,A,,,7.1,A,01467200
2024-12-23 00:00:00+00:00,,,3.4,A,,,2.9,A,3.1,A,,,,,177.0,A,,,158.0,A,169.0,A,,,,,12.6,A,,,12.0,A,,,12.3,A,,,7.2,A,,,7.1,A,,,7.2,A,01467200
2024-12-24 00:00:00+00:00,,,3.2,A,,,2.8,A,3.0,A,,,,,183.0,A,,,168.0,A,176.0,A,,,,,12.5,A,,,12.0,A,,,12.3,A,,,7.2,A,,,7.2,A,,,7.2,A,01467200
2024-12-25 00:00:00+00:00,,,3.1,A,,,2.8,A,3.0,A,,,,,190.0,A,,,176.0,A,185.0,A,,,,,12.5,A,,,12.0,A,,,12.3,A,,,7.3,A,,,7.1,A,,,7.2,A,01467200
2024-12-26 00:00:00+00:00,,,3.1,A,,,2.7,A,2.9,A,,,,,196.0,A,,,183.0,A,191.0,A,,,,,12.5,A,,,12.1,A,,,12.2,A,,,7.3,A,,,7.2,A,,,7.2,A,01467200
2024-12-27 00:00:00+00:00,,,3.1,A,,,2.7,A,2.9,A,,,,,203.0,A,,,191.0,A,198.0,A,,,,,12.4,A,,,12.0,A,,,12.2,A,,,7.3,A,,,7.2,A,,,7.2,A,01467200
2024-12-28 00:00:00+00:00,,,3.2,A,,,2.8,A,3.0,A,,,,,214.0,A,,,198.0,A,206.0,A,,,,,12.4,A,,,11.9,A,,,12.1,A,,,7.3,A,,,7.2,A,,,7.2,A,01467200
2024-12-29 00:00:00+00:00,,,3.8,A,,,2.9,A,3.3,A,,,,,218.0,A,,,205.0,A,210.0,A,,,,,12.3,A,,,11.8,A,,,12.1,A,,,7.3,A,,,7.2,A,,,7.2,A,01467200
2024-12-30 00:00:00+00:00,,,4.0,A,,,3.6,A,3.8,A,,,,,220.0,A,,,211.0,A,215.0,A,,,,,12.3,A,,,11.8,A,,,12.0,A,,,7.3,A,,,7.2,A,,,7.2,A,01467200
2024-12-31 00:00:00+00:00,,,4.2,A,,,3.4,A,3.8,A,,,,,226.0,A,,,212.0,A,218.0,A,,,,,12.6,A,,,11.9,A,,,12.1,A,,,7.3,A,,,7.2,A,,,7.2,A,01467200
2025-01-01 00:00:00+00:00,,,4.1,A,,,3.3,A,3.8,A,,,,,242.0,A,,,217.0,A,226.0,A,,,,,12.9,A,,,11.9,A,,,12.3,A,,,7.4,A,,,7.2,A,,,7.2,A,01467200
2025-01-02 00:00:00+00:00,,,3.7,A,,,3.2,A,3.4,A,,,,,260.0,A,,,228.0,A,244.0,A,,,,,13.1,A,,,12.4,A,,,12.8,A,,,7.4,A,,,7.3,A,,,7.4,A,01467200
2025-01-03 00:00:00+00:00,,,4.0,A,,,3.2,A,3.4,A,,,,,277.0,A,,,250.0,A,260.0,A,,,,,13.0,A,,,12.4,A,,,12.8,A,,,7.5,A,,,7.4,A,,,7.4,A,01467200
2025-01-04 00:00:00+00:00,,,4.1,A,,,3.4,A,3.8,A,,,,,277.0,A,,,260.0,A,269.0,A,,,,,12.6,A,,,12.3,A,,,12.4,A,,,7.5,A,,,7.4,A,,,7.5,A,01467200
2025-01-05 00:00:00+00:00,,,3.8,A,,,3.3,A,3.5,A,,,,,268.0,A,,,232.0,A,256.0,A,,,,,12.5,A,,,12.3,A,,,12.4,A,,,7.5,A,,,7.4,A,,,7.4,A,01467200
2025-01-06 00:00:00+00:00,,,3.4,A,,,3.0,A,3.2,A,,,,,268.0,A,,,220.0,A,247.0,A,,,,,12.6,A,,,12.3,A,,,12.4,A,,,7.4,A,,,7.4,A,,,7.4,A,01467200
2025-01-07 00:00:00+00:00,,,3.2,A,,,2.4,A,2.8,A,,,,,258.0,A,,,221.0,A,240.0,A,,,,,12.8,A,,,12.4,A,,,12.5,A,,,7.4,A,,,7.4,A,,,7.4,A,01467200
2025-01-08 00:00:00+00:00,,,2.6,A,,,2.1,A,2.4,A,,,,,254.0,A,,,214.0,A,234.0,A,,,,,12.9,A,,,12.5,A,,,12.7,A,,,7.4,A,,,7.4,A,,,7.4,A,01467200
2025-01-09 00:00:00+00:00,,,2.2,A,,,1.3,A,1.8,A,,,,,242.0,A,,,188.0,A,218.0,A,,,,,13.3,A,,,12.7,A,,,12.9,A,,,7.4,A,,,7.4,A,,,7.4,A,01467200
2025-01-10 00:00:00+00:00,,,1.8,A,,,1.3,A,1.6,A,,,,,248.0,A,,,195.0,A,222.0,A,,,,,13.2,A,,,12.8,A,,,12.9,A,,,7.4,A,,,7.3,A,,,7.4,A,01467200
2025-01-11 00:00:00+00:00,,,1.8,A,,,1.3,A,1.6,A,,,,,259.0,A,,,205.0,A,233.0,A,,,,,13.2,A,,,12.8,A,,,12.9,A,,,7.4,A,,,7.3,A,,,7.4,A,01467200
2025-01-12 00:00:00+00:00,,,1.7,A,,,1.1,A,1.5,A,,,,,252.0,A,,,204.0,A,227.0,A,,,,,13.2,A,,,12.8,A,,,12.9,A,,,7.4,A,,,7.3,A,,,7.3,A,01467200
2025-01-13 00:00:00+00:00,,,1.7,A,,,1.2,A,1.5,A,,,,,252.0,A,,,207.0,A,230.0,A,,,,,13.2,A,,,12.7,A,,,12.9,A,,,7.4,A,,,7.3,A,,,7.3,A,01467200
2025-01-14 00:00:00+00:00,,,1.6,A,,,0.9,A,1.3,A,,,,,244.0,A,,,207.0,A,225.0,A,,,,,13.3,A,,,12.8,A,,,13.0,A,,,7.3,A,,,7.3,A,,,7.3,A,01467200
2025-01-15 00:00:00+00:00,,,1.2,A,,,0.5,A,0.9,A,,,,,236.0,A,,,206.0,A,221.0,A,,,,,13.6,A,,,13.0,A,,,13.2,A,,,7.4,A,,,7.3,A,,,7.3,A,01467200
2025-01-16 00:00:00+00:00,,,1.0,A,,,0.4,A,0.8,A,,,,,247.0,A,,,210.0,A,229.0,A,,,,,13.5,A,,,13.1,A,,,13.2,A,,,7.4,A,,,7.3,A,,,7.3,A,01467200
2025-01-17 00:00:00+00:00,,,1.0,A,,,0.4,A,0.7,A,,,,,247.0,A,,,216.0,A,231.0,A,,,,,13.5,A,,,13.0,A,,,13.2,A,,,7.4,A,,,7.3,A,,,7.3,A,01467200
2025-01-18 00:00:00+00:00,,,0.9,A,,,0.4,A,0.7,A,,,,,249.0,A,,,219.0,A,236.0,A,,,,,13.5,A,,,13.0,A,,,13.2,A,,,7.4,A,,,7.3,A,,,7.3,A,01467200
2025-01-19 00:00:00+00:00,,,0.9,A,,,0.4,A,0.7,A,,,,,259.0,A,,,227.0,A,241.0,A,,,,,13.5,A,,,13.0,A,,,13.2,A,,,7.4,A,,,7.3,A,,,7.3,A,01467200
2025-01-20 00:00:00+00:00,,,0.6,A,,,0.3,A,0.5,A,,,,,264.0,A,,,234.0,A,248.0,A,,,,,13.5,A,,,13.1,A,,,13.3,A,,,7.4,A,,,7.3,A,,,7.3,A,01467200
2025-01-21 00:00:00+00:00,,,0.4,A,,,0.1,A,0.3,A,,,,,273.0,A,,,252.0,A,264.0,A,,,,,13.7,A,,,13.2,A,,,13.4,A,,,7.4,A,,,7.3,A,,,7.4,A,01467200
2025-01-22 00:00:00+00:00,,,0.2,A,,,0.1,A,0.2,A,,,,,277.0,A,,,260.0,A,269.0,A,,,,,13.6,A,,,13.2,A,,,13.4,A,,,7.4,A,,,7.3,A,,,7.4,A,01467200
2025-01-23 00:00:00+00:00,,,0.3,A,,,0.1,A,0.2,A,,,,,282.0,A,,,263.0,A,274.0,A,,,,,13.5,A,,,13.2,A,,,13.3,A,,,7.4,A,,,7.3,A,,,7.3,A,01467200
2025-01-24 00:00:00+00:00,,,0.4,A,,,0.1,A,0.3,A,,,,,286.0,A,,,265.0,A,276.0,A,,,,,13.5,A,,,13.1,A,,,13.3,A,,,7.4,A,,,7.3,A,,,7.3,A,01467200
2025-01-25 00:00:00+00:00,,,0.3,A,,,0.2,A,0.3,A,,,,,289.0,A,,,268.0,A,279.0,A,,,,,13.5,A,,,13.1,A,,,13.3,A,,,7.4,A,,,7.3,A,,,7.3,A,01467200
2025-01-26 00:00:00+00:00,,,0.4,A,,,0.2,A,0.3,A,,,,,291.0,A,,,270.0,A,281.0,A,,,,,13.4,A,,,13.1,A,,,13.2,A,,,7.4,A,,,7.2,A,,,7.3,A,01467200
2025-01-27 00:00:00+00:00,,,0.4,A,,,0.2,A,0.3,A,,,,,295.0,A,,,272.0,A,284.0,A,,,,,13.4,A,,,13.0,A,,,13.2,A,,,7.4,A,,,7.3,A,,,7.3,A,01467200
2025-01-28 00:00:00+00:00,,,0.5,A,,,0.3,A,0.4,A,,,,,296.0,A,,,273.0,A,286.0,A,,,,,13.4,A,,,13.0,A,,,13.2,A,,,7.4,A,,,7.3,A,,,7.3,A,01467200
2025-01-29 00:00:00+00:00,,,0.7,A,,,0.3,A,0.5,A,,,,,308.0,A,,,274.0,A,291.0,A,,,,,13.4,A,,,13.0,A,,,13.2,A,,,7.4,A,,,7.3,A,,,7.3,A,01467200
2025-01-30 00:00:00+00:00,,,0.8,A,,,0.5,A,0.7,A,,,,,307.0,A,,,278.0,A,292.0,A,,,,,13.4,A,,,13.1,A,,,13.2,A,,,7.4,A,,,7.3,A,,,7.4,A,01467200
2025-01-31 00:00:00+00:00,,,0.9,A,,,0.6,A,0.8,A,,,,,319.0,A,,,282.0,A,300.0,A,,,,,13.4,A,,,13.0,A,,,13.1,A,,,7.4,A,,,7.3,A,,,7.4,A,01467200
2025-02-01 00:00:00+00:00,,,1.2,A,,,0.8,A,1.0,A,,,,,325.0,A,,,292.0,A,311.0,A,,,,,13.3,A,,,12.9,A,,,13.1,A,,,7.4,A,,,7.3,A,,,7.4,A,01467200
2025-02-02 00:00:00+00:00,,,1.1,A,,,0.8,A,0.9,A,,,,,328.0,A,,,295.0,A,313.0,A,,,,,13.3,A,,,13.0,A,,,13.1,A,,,7.4,A,,,7.4,A,,,7.4,A,01467200
2025-02-03 00:00:00+00:00,,,1.3,A,,,0.8,A,1.1,A,,,,,328.0,A,,,301.0,A,316.0,A,,,,,13.3,A,,,12.9,A,,,13.0,A,,,7.4,A,,,7.3,A,,,7.4,A,01467200
2025-02-04 00:00:00+00:00,,,1.5,A,,,1.0,A,1.3,A,,,,,328.0,A,,,305.0,A,317.0,A,,,,,13.2,A,,,12.9,A,,,13.0,A,,,7.4,A,,,7.3,A,,,7.4,A,01467200
2025-02-05 00:00:00+00:00,,,1.5,A,,,1.1,A,1.3,A,,,,,330.0,A,,,311.0,A,321.0,A,,,,,13.3,A,,,12.8,A,,,13.0,A,,,7.4,A,,,7.4,A,,,7.4,A,01467200
2025-02-06 00:00:00+00:00,,,1.6,A,,,1.2,A,1.5,A,,,,,348.0,A,,,315.0,A,331.0,A,,,,,13.2,A,,,12.7,A,,,12.9,A,,,7.4,A,,,7.4,A,,,7.4,A,01467200
2025-02-07 00:00:00+00:00,,,1.7,A,,,1.4,A,1.6,A,,,,,350.0,A,,,334.0,A,343.0,A,,,,,13.2,A,,,12.7,A,,,12.9,A,,,7.5,A,,,7.4,A,,,7.4,A,01467200
2025-02-08 00:00:00+00:00,,,1.7,A,,,1.3,A,1.6,A,,,,,355.0,A,,,336.0,A,345.0,A,,,,,13.2,A,,,12.7,A,,,12.9,A,,,7.5,A,,,7.4,A,,,7.4,A,01467200
2025-02-09 00:00:00+00:00,,,1.8,A,,,1.6,A,1.7,A,,,,,377.0,A,,,352.0,A,365.0,A,,,,,13.1,A,,,12.6,A,,,12.8,A,,,7.5,A,,,7.4,A,,,7.4,A,01467200
2025-02-10 00:00:00+00:00,,,1.9,A,,,1.5,A,1.8,A,,,,,378.0,A,,,357.0,A,370.0,A,,,,,13.0,A,,,12.6,A,,,12.8,A,,,7.5,A,,,7.4,A,,,7.4,A,01467200
2025-02-11 00:00:00+00:00,,,1.9,A,,,1.6,A,1.8,A,,,,,382.0,A,,,357.0,A,370.0,A,,,,,13.0,A,,,12.6,A,,,12.7,A,,,7.5,A,,,7.4,A,,,7.4,A,01467200
2025-02-12 00:00:00+00:00,,,1.9,A,,,1.6,A,1.8,A,,,,,405.0,A,,,361.0,A,380.0,A,,,,,12.9,A,,,12.5,A,,,12.7,A,,,7.5,A,,,7.4,A,,,7.4,A,01467200
2025-02-13 00:00:00+00:00,,,2.3,A,,,1.8,A,2.1,A,,,,,428.0,A,,,392.0,A,414.0,A,,,,,12.8,A,,,12.5,A,,,12.6,A,,,7.4,A,,,7.3,A,,,7.4,A,01467200
2025-02-14 00:00:00+00:00,,,2.3,A,,,2.0,A,2.1,A,,,,,426.0,A,,,404.0,A,417.0,A,,,,,13.0,A,,,12.5,A,,,12.7,A,,,7.5,A,,,7.3,A,,,7.4,A,01467200
2025-02-15 00:00:00+00:00,,,2.3,A,,,2.0,A,2.2,A,,,,,439.0,A,,,406.0,A,421.0,A,,,,,13.0,A,,,12.5,A,,,12.7,A,,,7.4,A,,,7.3,A,,,7.4,A,01467200
2025-02-16 00:00:00+00:00,,,2.5,A,,,2.1,A,2.3,A,,,,,455.0,A,,,414.0,A,437.0,A,,,,,12.9,A,,,12.4,A,,,12.6,A,,,7.4,A,,,7.3,A,,,7.3,A,01467200
2025-02-17 00:00:00+00:00,,,2.4,A,,,2.2,A,2.3,A,,,,,476.0,A,,,428.0,A,445.0,A,,,,,13.1,A,,,12.5,A,,,12.8,A,,,7.5,A,,,7.3,A,,,7.4,A,01467200
2025-02-18 00:00:00+00:00,,,2.3,A,,,2.0,A,2.1,A,,,,,508.0,A,,,455.0,A,479.0,A,,,,,13.3,A,,,12.9,A,,,13.1,A,,,7.5,A,,,7.4,A,,,7.5,A,01467200
2025-02-19 00:00:00+00:00,,,2.1,A,,,1.8,A,1.9,A,,,,,538.0,A,,,486.0,A,505.0,A,,,,,13.4,A,,,13.0,A,,,13.2,A,,,7.6,A,,,7.4,A,,,7.5,A,01467200
2025-02-20 00:00:00+00:00,,,1.8,A,,,1.6,A,1.7,A,,,,,539.0,A,,,500.0,A,517.0,A,,,,,13.4,A,,,13.0,A,,,13.1,A,,,7.5,A,,,7.4,A,,,7.4,A,01467200
2025-02-21 00:00:00+00:00,,,1.7,A,,,1.4,A,1.5,A,,,,,553.0,A,,,519.0,A,539.0,A,,,,,13.5,A,,,13.1,A,,,13.3,A,,,7.6,A,,,7.4,A,,,7.5,A,01467200
2025-02-22 00:00:00+00:00,,,1.8,A,,,1.4,A,1.6,A,,,,,551.0,A,,,528.0,A,540.0,A,,,,,13.6,A,,,13.1,A,,,13.3,A,,,7.6,A,,,7.4,A,,,7.5,A,01467200
2025-02-23 00:00:00+00:00,,,1.9,A,,,1.5,A,1.7,A,,,,,547.0,A,,,530.0,A,541.0,A,,,,,13.5,A,,,13.1,A,,,13.3,A,,,7.6,A,,,7.4,A,,,7.5,A,01467200
2025-02-24 00:00:00+00:00,,,2.2,A,,,1.7,A,1.9,A,,,,,546.0,A,,,525.0,A,540.0,A,,,,,13.4,A,,,13.0,A,,,13.2,A,,,7.5,A,,,7.4,A,,,7.4,A,01467200
2025-02-25 00:00:00+00:00,,,2.4,A,,,2.0,A,2.2,A,,,,,548.0,A,,,512.0,A,537.0,A,,,,,13.3,A,,,12.9,A,,,13.1,A,,,7.5,A,,,7.4,A,,,7.4,A,01467200
2025-02-26 00:00:00+00:00,,,2.6,A,,,2.2,A,,,,,,,549.0,A,,,507.0,A,,,,,,,13.2,A,,,12.9,A,,,,,,,7.6,A,,,7.4,A,,,,,01467200
2025-02-27 00:00:00+00:00,,,2.8,A,,,2.5,A,2.7,A,,,,,546.0,A,,,492.0,A,524.0,A,,,,,13.3,A,,,12.8,A,,,13.0,A,,,7.5,A,,,7.5,A,,,7.5,A,01467200
2025-02-28 00:00:00+00:00,,,3.1,A,,,2.7,A,2.9,A,,,,,542.0,A,,,482.0,A,519.0,A,,,,,13.1,A,,,12.7,A,,,12.9,A,,,7.5,A,,,7.4,A,,,7.5,A,01467200
2025-03-01 00:00:00+00:00,,,3.4,A,,,3.0,A,3.2,A,,,,,544.0,A,,,464.0,A,514.0,A,,,,,13.1,A,,,12.6,A,,,12.8,A,,,7.5,A,,,7.4,A,,,7.4,A,01467200
2025-03-02 00:00:00+00:00,,,3.3,A,,,3.0,A,3.2,A,,,,,517.0,A,,,430.0,A,480.0,A,,,,,13.3,A,,,12.7,A,,,13.0,A,,,7.5,A,,,7.4,A,,,7.5,A,01467200
2025-03-03 00:00:00+00:00,,,3.4,A,,,3.0,A,3.2,A,,,,,511.0,A,,,422.0,A,471.0,A,,,,,13.3,A,,,12.7,A,,,12.9,A,,,7.5,A,,,7.4,A,,,7.5,A,01467200
2025-03-04 00:00:00+00:00,,,3.6,A,,,3.2,A,3.4,A,,,,,500.0,A,,,406.0,A,456.0,A,,,,,13.2,A,,,12.6,A,,,12.9,A,,,7.5,A,,,7.4,A,,,7.4,A,01467200
2025-03-05 00:00:00+00:00,,,5.0,A,,,3.5,A,3.9,A,,,,,485.0,A,,,391.0,A,440.0,A,,,,,13.1,A,,,12.4,A,,,12.8,A,,,7.5,A,,,7.4,A,,,7.5,A,01467200
2025-03-06 00:00:00+00:00,,,5.4,A,,,4.5,A,4.8,A,,,,,452.0,A,,,360.0,A,403.0,A,,,,,12.7,A,,,12.3,A,,,12.4,A,,,7.6,A,,,7.4,A,,,7.5,A,01467200
2025-03-07 00:00:00+00:00,,,6.1,A,,,4.8,A,5.6,A,,,,,392.0,A,,,334.0,A,357.0,A,,,,,12.4,A,,,12.2,A,,,12.4,A,,,7.7,A,,,7.5,A,,,7.6,A,01467200
2025-03-08 00:00:00+00:00,,,6.0,A,,,5.7,A,5.8,A,,,,,350.0,A,,,293.0,A,323.0,A,,,,,12.7,A,,,12.2,A,,,12.4,A,,,7.7,A,,,7.6,A,,,7.6,A,01467200
2025-03-09 00:00:00+00:00,,,6.1,A,,,5.6,A,5.8,A,,,,,318.0,A,,,292.0,A,302.0,A,,,,,12.6,A,,,12.2,A,,,12.4,A,,,7.6,A,,,7.5,A,,,7.5,A,01467200
2025-03-10 00:00:00+00:00,,,6.2,A,,,5.8,A,6.0,A,,,,,311.0,A,,,268.0,A,296.0,A,,,,,12.3,A,,,12.0,A,,,12.2,A,,,7.5,A,,,7.4,A,,,7.5,A,01467200
2025-03-11 00:00:00+00:00,,,6.5,A,,,5.7,A,,,,,,,308.0,A,,,241.0,A,,,,,,,12.4,A,,,11.9,A,,,,,,,7.5,A,,,7.4,A,,,,,01467200
2025-03-12 00:00:00+00:00,,,6.6,A,,,5.3,A,6.1,A,,,,,300.0,A,,,212.0,A,259.0,A,,,,,13.0,A,,,11.8,A,,,12.2,A,,,7.4,A,,,7.2,A,,,7.3,A,01467200
2025-03-13 00:00:00+00:00,,,6.8,A,,,5.3,A,6.0,A,,,,,293.0,A,,,200.0,A,246.0,A,,,,,12.6,A,,,11.8,A,,,12.2,A,,,7.3,A,,,7.2,A,,,7.2,A,01467200
2025-03-14 00:00:00+00:00,,,6.6,A,,,5.6,A,6.1,A,,,,,271.0,A,,,195.0,A,232.0,A,,,,,12.4,A,,,11.8,A,,,12.1,A,,,7.3,A,,,7.1,A,,,7.2,A,01467200
2025-03-15 00:00:00+00:00,,,6.6,A,,,6.1,A,6.3,A,,,,,258.0,A,,,193.0,A,222.0,A,,,,,12.2,A,,,11.8,A,,,12.0,A,,,7.2,A,,,7.1,A,,,7.2,A,01467200
2025-03-16 00:00:00+00:00,,,7.3,A,,,6.3,A,6.7,A,,,,,236.0,A,,,193.0,A,214.0,A,,,,,12.1,A,,,11.7,A,,,11.9,A,,,7.2,A,,,7.1,A,,,7.1,A,01467200
2025-03-17 00:00:00+00:00,,,8.4,A,,,7.1,A,7.7,A,,,,,234.0,A,,,199.0,A,211.0,A,,,,,12.0,A,,,11.3,A,,,11.5,A,,,7.2,A,,,7.1,A,,,7.1,A,01467200
2025-03-18 00:00:00+00:00,,,8.8,A,,,7.6,A,8.2,A,,,,,217.0,A,,,200.0,A,206.0,A,,,,,11.5,A,,,11.2,A,,,11.3,A,,,7.2,A,,,7.1,A,,,7.1,A,01467200
2025-03-19 00:00:00+00:00,,,9.5,A,,,8.1,A,8.8,A,,,,,220.0,A,,,205.0,A,211.0,A,,,,,11.3,A,,,11.0,A,,,11.2,A,,,7.3,A,,,7.1,A,,,7.2,A,01467200
2025-03-20 00:00:00+00:00,,,10.0,A,,,8.8,A,9.4,A,,,,,226.0,A,,,212.0,A,218.0,A,,,,,11.3,A,,,10.9,A,,,11.0,A,,,7.3,A,,,7.1,A,,,7.2,A,01467200
2025-03-21 00:00:00+00:00,,,10.7,A,,,9.7,A,10.1,A,,,,,229.0,A,,,221.0,A,224.0,A,,,,,10.9,A,,,10.5,A,,,10.7,A,,,7.3,A,,,7.2,A,,,7.2,A,01467200
2025-03-22 00:00:00+00:00,,,10.6,A,,,9.8,A,10.2,A,,,,,232.0,A,,,221.0,A,224.0,A,,,,,10.6,A,,,10.4,A,,,10.5,A,,,7.3,A,,,7.2,A,,,7.2,A,01467200
2025-03-23 00:00:00+00:00,,,10.4,A,,,10.0,A,10.2,A,,,,,232.0,A,,,204.0,A,220.0,A,,,,,10.7,A,,,10.3,A,,,10.5,A,,,7.3,A,,,7.2,A,,,7.2,A,01467200
2025-03-24 00:00:00+00:00,,,10.2,A,,,10.0,A,10.1,A,,,,,236.0,A,,,203.0,A,219.0,A,,,,,10.6,A,,,10.1,A,,,10.4,A,,,7.2,A,,,7.1,A,,,7.2,A,01467200
2025-03-25 00:00:00+00:00,,,10.3,A,,,9.9,A,10.1,A,,,,,232.0,A,,,203.0,A,214.0,A,,,,,10.4,A,,,10.1,A,,,10.2,A,,,7.2,A,,,7.1,A,,,7.1,A,01467200
2025-03-26 00:00:00+00:00,,,10.2,A,,,9.9,A,10.1,A,,,,,227.0,A,,,203.0,A,213.0,A,,,,,10.4,A,,,10.0,A,,,10.2,A,,,7.1,A,,,7.1,A,,,7.1,A,01467200
2025-03-27 00:00:00+00:00,,,10.1,A,,,9.6,A,9.9,A,,,,,232.0,A,,,208.0,A,215.0,A,,,,,10.4,A,,,9.9,A,,,10.2,A,,,7.1,A,,,7.1,A,,,7.1,A,01467200
2025-03-28 00:00:00+00:00,,,10.1,A,,,9.7,A,9.9,A,,,,,232.0,A,,,215.0,A,222.0,A,,,,,10.4,A,,,9.9,A,,,10.1,A,,,7.1,A,,,7.1,A,,,7.1,A,01467200
2025-03-29 00:00:00+00:00,,,10.4,A,,,9.9,A,10.2,A,,,,,234.0,A,,,217.0,A,224.0,A,,,,,10.3,A,,,9.8,A,,,10.1,A,,,7.1,A,,,7.1,A,,,7.1,A,01467200
2025-03-30 00:00:00+00:00,,,10.7,A,,,10.2,A,10.4,A,,,,,239.0,A,,,217.0,A,226.0,A,,,,,10.3,A,,,9.8,A,,,10.0,A,,,7.1,A,,,7.0,A,,,7.1,A,01467200
2025-03-31 00:00:00+00:00,,,11.5,A,,,10.5,A,10.8,A,,,,,239.0,A,,,219.0,A,229.0,A,,,,,10.2,A,,,9.7,A,,,9.9,A,,,7.1,A,,,7.0,A,,,7.1,A,01467200
2025-04-01 00:00:00+00:00,,,11.6,A,,,11.1,A,11.3,A,,,,,238.0,A,,,221.0,A,228.0,A,,,,,10.0,A,,,9.5,A,,,9.6,A,,,7.1,A,,,7.0,A,,,7.0,A,01467200
2025-04-02 00:00:00+00:00,,,11.5,A,,,11.1,A,11.3,A,,,,,240.0,A,,,220.0,A,230.0,A,,,,,10.1,A,,,9.5,A,,,9.6,A,,,7.1,A,,,7.0,A,,,7.0,A,01467200
2025-04-03 00:00:00+00:00,,,11.6,A,,,11.2,A,11.4,A,,,,,246.0,A,,,227.0,A,236.0,A,,,,,10.0,A,,,9.3,A,,,9.5,A,,,7.1,A,,,7.0,A,,,7.0,A,01467200
2025-04-04 00:00:00+00:00,,,12.1,A,,,11.5,A,11.8,A,,,,,247.0,A,,,235.0,A,240.0,A,,,,,9.8,A,,,9.1,A,,,9.4,A,,,7.1,A,,,7.0,A,,,7.0,A,01467200
2025-04-05 00:00:00+00:00,,,12.2,A,,,12.0,A,12.1,A,,,,,248.0,A,,,238.0,A,243.0,A,,,,,9.6,A,,,9.0,A,,,9.2,A,,,7.1,A,,,7.0,A,,,7.0,A,01467200
2025-04-06 00:00:00+00:00,,,12.4,A,,,12.0,A,12.2,A,,,,,253.0,A,,,240.0,A,247.0,A,,,,,9.4,A,,,8.8,A,,,9.0,A,,,7.1,A,,,7.0,A,,,7.0,A,01467200
2025-04-07 00:00:00+00:00,,,12.5,A,,,12.0,A,12.2,A,,,,,256.0,A,,,243.0,A,250.0,A,,,,,9.0,A,,,8.4,A,,,8.8,A,,,7.1,A,,,7.0,A,,,7.0,A,01467200
2025-04-08 00:00:00+00:00,,,12.3,A,,,11.9,A,12.1,A,,,,,256.0,A,,,248.0,A,253.0,A,,,,,8.8,A,,,8.5,A,,,8.6,A,,,7.1,A,,,7.0,A,,,7.0,A,01467200
2025-04-09 00:00:00+00:00,,,12.1,A,,,11.7,A,11.9,A,,,,,267.0,A,,,251.0,A,260.0,A,,,,,9.0,A,,,8.6,A,,,8.8,A,,,7.1,A,,,6.9,A,,,7.0,A,01467200
2025-04-10 00:00:00+00:00,,,11.9,A,,,11.7,A,11.8,A,,,,,268.0,A,,,260.0,A,265.0,A,,,,,9.1,A,,,8.6,A,,,8.8,A,,,7.1,A,,,6.9,A,,,7.0,A,01467200
2025-04-11 00:00:00+00:00,,,11.7,A,,,11.4,A,11.6,A,,,,,277.0,A,,,264.0,A,270.0,A,,,,,9.2,A,,,8.7,A,,,8.9,A,,,7.2,A,,,7.0,A,,,7.1,A,01467200
2025-04-12 00:00:00+00:00,,,11.5,A,,,10.5,A,11.1,A,,,,,277.0,A,,,256.0,A,267.0,A,,,,,9.4,A,,,8.8,A,,,9.0,A,,,7.1,A,,,7.0,A,,,7.1,A,01467200
2025-04-13 00:00:00+00:00,,,11.0,A,,,10.0,A,10.5,A,,,,,271.0,A,,,252.0,A,260.0,A,,,,,9.8,A,,,8.9,A,,,9.3,A,,,7.2,A,,,7.1,A,,,7.1,A,01467200
2025-04-14 00:00:00+00:00,,,10.6,A,,,9.8,A,10.2,A,,,,,271.0,A,,,253.0,A,259.0,A,,,,,10.0,A,,,9.1,A,,,9.5,A,,,7.2,A,,,7.1,A,,,7.2,A,01467200
2025-04-15 00:00:00+00:00,,,10.5,A,,,9.7,A,10.1,A,,,,,264.0,A,,,246.0,A,256.0,A,,,,,10.2,A,,,9.3,A,,,9.7,A,,,7.2,A,,,7.1,A,,,7.1,A,01467200
2025-04-16 00:00:00+00:00,,,10.2,A,,,9.2,A,9.7,A,,,,,259.0,A,,,236.0,A,247.0,A,,,,,10.5,A,,,9.7,A,,,10.1,A,,,7.2,A,,,7.1,A,,,7.1,A,01467200
2025-04-17 00:00:00+00:00,,,10.0,A,,,9.2,A,9.5,A,,,,,257.0,A,,,234.0,A,243.0,A,,,,,10.5,A,,,10.0,A,,,10.2,A,,,7.2,A,,,7.1,A,,,7.1,A,01467200
2025-04-18 00:00:00+00:00,,,10.2,A,,,9.4,A,9.8,A,,,,,258.0,A,,,237.0,A,245.0,A,,,,,10.5,A,,,10.0,A,,,10.2,A,,,7.2,A,,,7.0,A,,,7.1,A,01467200
2025-04-19 00:00:00+00:00,,,10.7,A,,,9.9,A,10.3,A,,,,,256.0,A,,,238.0,A,245.0,A,,,,,10.5,A,,,9.9,A,,,10.2,A,,,7.2,A,,,7.0,A,,,7.1,A,01467200
2025-04-20 00:00:00+00:00,,,11.4,A,,,10.6,A,10.9,A,,,,,250.0,A,,,238.0,A,245.0,A,,,,,10.3,A,,,9.9,A,,,10.1,A,,,7.2,A,,,7.0,A,,,7.2,A,01467200
2025-04-21 00:00:00+00:00,,,11.6,A,,,11.1,A,11.3,A,,,,,257.0,A,,,236.0,A,247.0,A,,,,,10.2,A,,,9.7,A,,,9.9,A,,,7.2,A,,,7.0,A,,,7.1,A,01467200
2025-04-22 00:00:00+00:00,,,12.5,A,,,11.4,A,11.9,A,,,,,257.0,A,,,238.0,A,248.0,A,,,,,9.9,A,,,9.5,A,,,9.7,A,,,7.2,A,,,7.0,A,,,7.1,A,01467200
2025-04-23 00:00:00+00:00,,,13.1,A,,,12.1,A,12.5,A,,,,,261.0,A,,,234.0,A,249.0,A,,,,,9.8,A,,,9.4,A,,,9.6,A,,,7.2,A,,,7.1,A,,,7.1,A,01467200
2025-04-24 00:00:00+00:00,,,13.8,A,,,12.6,A,13.1,A,,,,,267.0,A,,,238.0,A,252.0,A,,,,,9.8,A,,,9.4,A,,,9.6,A,,,7.2,A,,,7.0,A,,,7.2,A,01467200
2025-04-25 00:00:00+00:00,,,14.5,A,,,13.2,A,13.7,A,,,,,267.0,A,,,238.0,A,253.0,A,,,,,9.7,A,,,9.3,A,,,9.4,A,,,7.2,A,,,7.0,A,,,7.1,A,01467200
2025-04-26 00:00:00+00:00,,,15.0,A,,,13.8,A,14.4,A,,,,,267.0,A,,,241.0,A,255.0,A,,,,,9.5,A,,,9.0,A,,,9.2,A,,,7.2,A,,,7.0,A,,,7.1,A,01467200
2025-04-27 00:00:00+00:00,,,15.4,A,,,14.2,A,14.7,A,,,,,264.0,A,,,241.0,A,252.0,A,,,,,9.1,A,,,8.9,A,,,9.0,A,,,7.2,A,,,7.0,A,,,7.1,A,01467200
2025-04-28 00:00:00+00:00,,,15.8,A,,,14.4,A,15.0,A,,,,,268.0,A,,,243.0,A,255.0,A,,,,,9.1,A,,,8.8,A,,,8.9,A,,,7.3,A,,,7.0,A,,,7.1,A,01467200
2025-04-29 00:00:00+00:00,,,16.3,A,,,14.8,A,15.5,A,,,,,270.0,A,,,248.0,A,257.0,A,,,,,9.0,A,,,8.6,A,,,8.8,A,,,7.3,A,,,7.0,A,,,7.1,A,01467200
2025-04-30 00:00:00+00:00,,,17.1,A,,,15.5,A,16.2,A,,,,,268.0,A,,,249.0,A,257.0,A,,,,,9.0,A,,,8.5,A,,,8.7,A,,,7.3,A,,,7.0,A,,,7.2,A,01467200
2025-05-01 00:00:00+00:00,,,17.6,A,,,16.1,A,16.8,A,,,,,266.0,A,,,249.0,A,258.0,A,,,,,9.1,A,,,8.4,A,,,8.7,A,,,7.4,A,,,7.0,A,,,7.2,A,01467200
2025-05-02 00:00:00+00:00,,,17.9,A,,,16.6,A,17.2,A,,,,,272.0,A,,,252.0,A,262.0,A,,,,,8.9,A,,,8.2,A,,,8.5,A,,,7.3,A,,,7.0,A,,,7.2,A,01467200
2025-05-03 00:00:00+00:00,,,18.6,A,,,17.2,A,17.9,A,,,,,273.0,A,,,257.0,A,265.0,A,,,,,9.0,A,,,8.1,A,,,8.5,A,,,7.4,A,,,7.0,A,,,7.2,A,01467200
2025-05-04 00:00:00+00:00,,,18.8,A,,,17.8,A,18.3,A,,,,,274.0,A,,,262.0,A,268.0,A,,,,,8.6,A,,,7.9,A,,,8.2,A,,,7.3,A,,,7.0,A,,,7.1,A,01467200
2025-05-05 00:00:00+00:00,,,19.0,A,,,18.2,A,18.6,A,,,,,276.0,A,,,264.0,A,270.0,A,,,,,8.2,A,,,7.5,A,,,7.8,A,,,7.3,A,,,6.9,A,,,7.1,A,01467200
2025-05-06 00:00:00+00:00,,,19.3,A,,,18.4,A,18.8,A,,,,,278.0,A,,,268.0,A,274.0,A,,,,,8.2,A,,,7.2,A,,,7.6,A,,,7.3,A,,,6.9,A,,,7.1,A,01467200
2025-05-07 00:00:00+00:00,,,19.8,A,,,18.9,A,19.3,A,,,,,275.0,A,,,236.0,A,259.0,A,,,,,8.3,A,,,7.4,A,,,7.9,A,,,7.4,A,,,6.9,A,,,7.2,A,01467200
2025-05-08 00:00:00+00:00,,,20.2,A,,,19.4,A,19.9,A,,,,,256.0,A,,,208.0,A,233.0,A,,,,,7.9,A,,,7.1,A,,,7.5,A,,,7.3,A,,,7.0,A,,,7.2,A,01467200
2025-05-09 00:00:00+00:00,,,20.0,A,,,17.3,A,18.7,A,,,,,232.0,A,,,146.0,A,188.0,A,,,,,8.0,A,,,7.4,A,,,7.7,A,,,7.3,A,,,6.8,A,,,7.0,A,01467200
2025-05-10 00:00:00+00:00,,,18.4,A,,,16.1,A,16.8,A,,,,,178.0,A,,,116.0,A,134.0,A,,,,,8.5,A,,,7.8,A,,,8.1,A,,,7.1,A,,,6.7,A,,,6.8,A,01467200
2025-05-11 00:00:00+00:00,,,16.6,A,,,15.3,A,15.8,A,,,,,134.0,A,,,117.0,A,126.0,A,,,,,8.8,A,,,8.2,A,,,8.6,A,,,7.1,A,,,6.7,A,,,6.9,A,01467200
2025-05-12 00:00:00+00:00,,,16.3,A,,,14.8,A,15.3,A,,,,,132.0,A,,,120.0,A,126.0,A,,,,,9.1,A,,,8.6,A,,,8.8,A,,,7.1,A,,,6.8,A,,,6.9,A,01467200
2025-05-13 00:00:00+00:00,,,15.5,A,,,15.2,A,15.4,A,,,,,126.0,A,,,115.0,A,121.0,A,,,,,9.2,A,,,8.6,A,,,8.9,A,,,7.0,A,,,6.7,A,,,6.9,A,01467200
2025-05-14 00:00:00+00:00,,,15.8,A,,,15.4,A,15.6,A,,,,,132.0,A,,,120.0,A,125.0,A,,,,,9.0,A,,,8.6,A,,,8.8,A,,,7.0,A,,,6.8,A,,,6.9,A,01467200
2025-05-15 00:00:00+00:00,,,15.9,A,,,15.7,A,15.8,A,,,,,154.0,A,,,122.0,A,134.0,A,,,,,8.9,A,,,8.6,A,,,8.8,A,,,7.1,A,,,6.8,A,,,7.0,A,01467200
2025-05-16 00:00:00+00:00,,,16.5,A,,,15.8,A,16.1,A,,,,,162.0,A,,,142.0,A,152.0,A,,,,,8.7,A,,,8.0,A,,,8.4,A,,,7.1,A,,,6.9,A,,,7.0,A,01467200
2025-05-17 00:00:00+00:00,,,16.9,A,,,16.2,A,16.5,A,,,,,171.0,A,,,155.0,A,162.0,A,,,,,8.4,A,,,8.0,A,,,8.2,A,,,7.1,A,,,6.9,A,,,7.0,A,01467200
2025-05-18 00:00:00+00:00,,,17.4,A,,,16.7,A,17.0,A,,,,,170.0,A,,,162.0,A,166.0,A,,,,,8.4,A,,,8.0,A,,,8.2,A,,,7.1,A,,,6.9,A,,,7.0,A,01467200
2025-05-19 00:00:00+00:00,,,17.9,A,,,17.1,A,17.4,A,,,,,167.0,A,,,159.0,A,163.0,A,,,,,8.3,A,,,8.0,A,,,8.1,A,,,7.1,A,,,6.8,A,,,7.0,A,01467200
2025-05-20 00:00:00+00:00,,,18.3,A,,,17.3,A,17.8,A,,,,,172.0,A,,,163.0,A,167.0,A,,,,,8.2,A,,,7.7,A,,,7.9,A,,,7.1,A,,,6.9,A,,,7.0,A,01467200
2025-05-21 00:00:00+00:00,,,18.1,A,,,17.6,A,17.9,A,,,,,176.0,A,,,165.0,A,171.0,A,,,,,8.0,A,,,7.7,A,,,7.8,A,,,7.2,A,,,6.9,A,,,7.0,A,01467200
2025-05-22 00:00:00+00:00,,,17.8,A,,,17.5,A,17.7,A,,,,,179.0,A,,,170.0,A,174.0,A,,,,,8.0,A,,,7.5,A,,,7.7,A,,,7.1,A,,,6.9,A,,,7.0,A,01467200
2025-05-23 00:00:00+00:00,,,17.5,A,,,17.1,A,17.4,A,,,,,182.0,A,,,173.0,A,176.0,A,,,,,8.2,A,,,7.4,A,,,7.8,A,,,7.2,A,,,6.9,A,,,7.0,A,01467200
2025-05-24 00:00:00+00:00,,,17.3,A,,,16.3,A,16.8,A,,,,,192.0,A,,,175.0,A,186.0,A,,,,,8.5,A,,,7.8,A,,,8.2,A,,,7.2,A,,,6.9,A,,,7.1,A,01467200
2025-05-25 00:00:00+00:00,,,16.9,A,,,15.6,A,16.2,A,,,,,198.0,A,,,185.0,A,192.0,A,,,,,8.7,A,,,8.1,A,,,8.4,A,,,7.2,A,,,7.0,A,,,7.1,A,01467200
2025-05-26 00:00:00+00:00,,,16.9,A,,,15.4,A,16.1,A,,,,,200.0,A,,,193.0,A,197.0,A,,,,,8.8,A,,,8.2,A,,,8.5,A,,,7.2,A,,,7.0,A,,,7.1,A,01467200
2025-05-27 00:00:00+00:00,,,16.6,A,,,15.6,A,16.0,A,,,,,206.0,A,,,196.0,A,200.0,A,,,,,8.7,A,,,8.3,A,,,8.5,A,,,7.2,A,,,6.9,A,,,7.1,A,01467200
2025-05-28 00:00:00+00:00,,,16.4,A,,,15.6,A,15.9,A,,,,,207.0,A,,,196.0,A,202.0,A,,,,,8.8,A,,,8.1,A,,,8.5,A,,,7.2,A,,,7.0,A,,,7.1,A,01467200
2025-05-29 00:00:00+00:00,,,16.1,A,,,15.6,A,15.8,A,,,,,213.0,A,,,198.0,A,204.0,A,,,,,8.6,A,,,8.2,A,,,8.4,A,,,7.2,A,,,7.0,A,,,7.0,A,01467200
2025-05-30 00:00:00+00:00,,,16.4,A,,,15.8,A,16.1,A,,,,,218.0,A,,,197.0,A,204.0,A,,,,,8.6,A,,,7.9,A,,,8.2,A,,,7.2,A,,,6.9,A,,,7.0,A,01467200
2025-05-31 00:00:00+00:00,,,16.8,A,,,16.2,A,16.5,A,,,,,217.0,A,,,197.0,A,205.0,A,,,,,8.6,A,,,7.9,A,,,8.1,A,,,7.1,A,,,6.9,A,,,7.0,A,01467200
2025-06-01 00:00:00+00:00,,,17.0,A,,,16.4,A,16.8,A,,,,,215.0,A,,,203.0,A,207.0,A,,,,,8.4,A,,,8.0,A,,,8.2,A,,,7.2,A,,,7.0,A,,,7.1,A,01467200
2025-06-02 00:00:00+00:00,,,17.6,A,,,16.8,A,17.1,A,,,,,220.0,A,,,211.0,A,216.0,A,,,,,8.4,A,,,8.1,A,,,8.3,A,,,7.3,A,,,7.0,A,,,7.2,A,01467200
2025-06-03 00:00:00+00:00,,,18.5,A,,,17.3,A,17.8,A,,,,,216.0,A,,,199.0,A,207.0,A,,,,,8.2,A,,,7.7,A,,,7.9,A,,,7.2,A,,,7.0,A,,,7.1,A,01467200
2025-06-04 00:00:00+00:00,,,19.0,A,,,18.0,A,18.4,A,,,,,210.0,A,,,186.0,A,201.0,A,,,,,8.2,A,,,7.6,A,,,7.8,A,,,7.2,A,,,7.0,A,,,7.1,A,01467200
2025-06-05 00:00:00+00:00,,,19.2,A,,,18.4,A,18.8,A,,,,,199.0,A,,,172.0,A,188.0,A,,,,,8.2,A,,,7.6,A,,,7.9,A,,,7.2,A,,,7.0,A,,,7.1,A,01467200
2025-06-06 00:00:00+00:00,,,19.6,A,,,18.7,A,19.1,A,,,,,194.0,A,,,166.0,A,179.0,A,,,,,8.2,A,,,7.6,A,,,7.9,A,,,7.1,A,,,6.9,A,,,7.0,A,01467200
2025-06-07 00:00:00+00:00,,,19.7,A,,,19.2,A,19.4,A,,,,,190.0,A,,,166.0,A,175.0,A,,,,,8.0,A,,,7.3,A,,,7.7,A,,,7.1,A,,,6.9,A,,,7.0,A,01467200
2025-06-08 00:00:00+00:00,,,19.7,A,,,19.4,A,19.6,A,,,,,189.0,A,,,166.0,A,174.0,A,,,,,8.0,A,,,7.3,A,,,7.6,A,,,7.1,A,,,6.8,A,,,7.0,A,01467200
2025-06-09 00:00:00+00:00,,,20.0,A,,,19.5,A,19.7,A,,,,,187.0,A,,,170.0,A,176.0,A,,,,,7.9,A,,,7.2,A,,,7.5,A,,,7.1,A,,,6.9,A,,,7.0,A,01467200
2025-06-10 00:00:00+00:00,,,20.8,A,,,19.8,A,20.1,A,,,,,190.0,A,,,176.0,A,182.0,A,,,,,7.8,A,,,7.1,A,,,7.4,A,,,7.1,A,,,6.9,A,,,7.0,A,01467200
2025-06-11 00:00:00+00:00,,,21.5,A,,,20.2,A,20.8,A,,,,,192.0,A,,,182.0,A,188.0,A,,,,,7.5,A,,,7.0,A,,,7.2,A,,,7.2,A,,,6.9,A,,,7.0,A,01467200
2025-06-12 00:00:00+00:00,,,22.0,A,,,20.8,A,21.5,A,,,,,198.0,A,,,189.0,A,194.0,A,,,,,7.6,A,,,6.9,A,,,7.1,A,,,7.2,A,,,6.9,A,,,7.1,A,01467200
2025-06-13 00:00:00+00:00,,,22.3,A,,,21.6,A,22.0,A,,,,,200.0,A,,,191.0,A,197.0,A,,,,,8.1,A,,,6.8,A,,,7.3,A,,,7.3,A,,,6.9,A,,,7.1,A,01467200
2025-06-14 00:00:00+00:00,,,22.1,A,,,21.7,A,21.9,A,,,,,205.0,A,,,194.0,A,200.0,A,,,,,7.7,A,,,6.9,A,,,7.2,A,,,7.2,A,,,6.9,A,,,7.1,A,01467200
2025-06-15 00:00:00+00:00,,,21.8,A,,,21.2,A,21.6,A,,,,,209.0,A,,,187.0,A,201.0,A,,,,,7.7,A,,,6.7,A,,,7.1,A,,,7.2,A,,,6.9,A,,,7.1,A,01467200
2025-06-16 00:00:00+00:00,,,21.4,A,,,20.9,A,21.2,A,,,,,209.0,A,,,186.0,A,197.0,A,,,,,7.6,A,,,6.6,A,,,7.1,A,,,7.2,A,,,6.9,A,,,7.0,A,01467200
2025-06-17 00:00:00+00:00,,,21.3,A,,,20.9,A,21.1,A,,,,,208.0,A,,,187.0,A,196.0,A,,,,,7.5,A,,,6.5,A,,,6.9,A,,,7.2,A,,,6.9,A,,,7.0,A,01467200
2025-06-18 00:00:00+00:00,,,21.7,A,,,21.1,A,21.3,A,,,,,207.0,A,,,190.0,A,198.0,A,,,,,7.2,A,,,6.4,A,,,6.8,A,,,7.2,A,,,6.9,A,,,7.0,A,01467200
2025-06-19 00:00:00+00:00,,,22.3,A,,,21.5,A,21.8,A,,,,,205.0,A,,,193.0,A,198.0,A,,,,,7.0,A,,,6.4,A,,,6.7,A,,,7.1,A,,,6.9,A,,,7.0,A,01467200
2025-06-20 00:00:00+00:00,,,22.3,A,,,21.8,A,22.0,A,,,,,205.0,A,,,198.0,A,201.0,A,,,,,7.3,A,,,6.5,A,,,6.8,A,,,7.1,A,,,6.9,A,,,7.0,A,01467200
2025-06-21 00:00:00+00:00,,,22.7,A,,,21.8,A,22.2,A,,,,,210.0,A,,,198.0,A,205.0,A,,,,,7.7,A,,,6.7,A,,,7.1,A,,,7.2,A,,,6.9,A,,,7.1,A,01467200
2025-06-22 00:00:00+00:00,,,22.8,A,,,22.0,A,22.4,A,,,,,216.0,A,,,204.0,A,211.0,A,,,,,7.7,A,,,6.9,A,,,7.3,A,,,7.2,A,,,7.0,A,,,7.1,A,01467200
2025-06-23 00:00:00+00:00,,,23.3,A,,,22.2,A,22.7,A,,,,,221.0,A,,,211.0,A,216.0,A,,,,,7.8,A,,,6.9,A,,,7.3,A,,,7.2,A,,,7.0,A,,,7.1,A,01467200
2025-06-24 00:00:00+00:00,,,24.0,A,,,23.0,A,23.4,A,,,,,224.0,A,,,210.0,A,219.0,A,,,,,7.7,A,,,6.9,A,,,7.3,A,,,7.3,A,,,7.0,A,,,7.1,A,01467200
2025-06-25 00:00:00+00:00,,,25.0,A,,,23.7,A,24.2,A,,,,,229.0,A,,,201.0,A,215.0,A,,,,,7.5,A,,,6.9,A,,,7.2,A,,,7.2,A,,,7.0,A,,,7.1,A,01467200
2025-06-26 00:00:00+00:00,,,25.6,A,,,24.4,A,25.0,A,,,,,223.0,A,,,197.0,A,211.0,A,,,,,7.5,A,,,6.8,A,,,7.0,A,,,7.2,A,,,7.0,A,,,7.1,A,01467200
2025-06-27 00:00:00+00:00,,,25.3,A,,,24.8,A,25.0,A,,,,,226.0,A,,,198.0,A,211.0,A,,,,,7.0,A,,,6.5,A,,,6.8,A,,,7.2,A,,,6.9,A,,,7.1,A,01467200
2025-06-28 00:00:00+00:00,,,25.6,A,,,24.6,A,25.0,A,,,,,222.0,A,,,199.0,A,210.0,A,,,,,6.7,A,,,5.9,A,,,6.2,A,,,7.1,A,,,6.9,A,,,7.0,A,01467200
2025-06-29 00:00:00+00:00,,,26.1,A,,,25.1,A,25.5,A,,,,,222.0,A,,,197.0,A,209.0,A,,,,,6.5,A,,,5.5,A,,,5.9,A,,,7.1,A,,,6.9,A,,,7.0,A,01467200
2025-06-30 00:00:00+00:00,,,26.4,A,,,25.6,A,26.0,A,,,,,226.0,A,,,192.0,A,209.0,A,,,,,6.3,A,,,5.3,A,,,5.6,A,,,7.1,A,,,6.8,A,,,6.9,A,01467200
2025-07-01 00:00:00+00:00,,,26.6,A,,,25.9,A,26.3,A,,,,,220.0,A,,,185.0,A,205.0,A,,,,,5.8,A,,,4.9,A,,,5.2,A,,,7.1,A,,,6.8,A,,,6.9,A,01467200
2025-07-02 00:00:00+00:00,,,26.7,A,,,26.3,A,26.5,A,,,,,210.0,A,,,180.0,A,195.0,A,,,,,5.2,A,,,4.4,A,,,4.8,A,,,6.9,A,,,6.8,A,,,6.9,A,01467200
2025-07-03 00:00:00+00:00,,,27.0,A,,,26.4,A,26.6,A,,,,,207.0,A,,,184.0,A,195.0,A,,,,,5.0,A,,,4.3,A,,,4.6,A,,,6.9,A,,,6.8,A,,,6.8,A,01467200
2025-07-04 00:00:00+00:00,,,26.8,A,,,26.4,A,26.6,A,,,,,204.0,A,,,189.0,A,196.0,A,,,,,5.5,A,,,4.3,A,,,4.8,A,,,6.9,A,,,6.8,A,,,6.9,A,01467200
2025-07-05 00:00:00+00:00,,,27.0,A,,,26.4,A,26.7,A,,,,,209.0,A,,,195.0,A,200.0,A,,,,,5.7,A,,,4.4,A,,,5.0,A,,,7.0,A,,,6.8,A,,,6.9,A,01467200
2025-07-06 00:00:00+00:00,,,27.0,A,,,26.4,A,26.7,A,,,,,211.0,A,,,201.0,A,205.0,A,,,,,6.0,A,,,4.6,A,,,5.2,A,,,7.0,A,,,6.8,A,,,6.9,A,01467200
2025-07-07 00:00:00+00:00,,,27.1,A,,,26.7,A,26.9,A,,,,,215.0,A,,,206.0,A,210.0,A,,,,,6.0,A,,,4.6,A,,,5.2,A,,,7.0,A,,,6.8,A,,,6.9,A,01467200
2025-07-08 00:00:00+00:00,,,27.4,A,,,26.9,A,27.1,A,,,,,220.0,A,,,203.0,A,215.0,A,,,,,6.2,A,,,4.6,A,,,5.2,A,,,7.1,A,,,6.8,A,,,6.9,A,01467200
2025-07-09 00:00:00+00:00,,,27.6,A,,,27.1,A,27.3,A,,,,,222.0,A,,,215.0,A,218.0,A,,,,,6.0,A,,,4.7,A,,,5.2,A,,,7.1,A,,,6.8,A,,,6.9,A,01467200
2025-07-10 00:00:00+00:00,,,27.6,A,,,27.2,A,27.4,A,,,,,228.0,A,,,215.0,A,221.0,A,,,,,5.7,A,,,4.4,A,,,5.0,A,,,7.0,A,,,6.8,A,,,6.9,A,01467200
2025-07-11 00:00:00+00:00,,,27.8,A,,,27.3,A,27.5,A,,,,,233.0,A,,,221.0,A,227.0,A,,,,,5.7,A,,,4.2,A,,,4.7,A,,,7.0,A,,,6.8,A,,,6.9,A,01467200
2025-07-12 00:00:00+00:00,,,28.0,A,,,27.5,A,27.7,A,,,,,237.0,A,,,225.0,A,231.0,A,,,,,5.6,A,,,4.0,A,,,4.6,A,,,7.0,A,,,6.8,A,,,6.9,A,01467200
2025-07-13 00:00:00+00:00,,,28.2,A,,,27.7,A,27.9,A,,,,,240.0,A,,,228.0,A,235.0,A,,,,,5.6,A,,,3.9,A,,,4.5,A,,,7.1,A,,,6.8,A,,,6.9,A,01467200
2025-07-14 00:00:00+00:00,,,28.2,A,,,27.8,A,28.0,A,,,,,243.0,A,,,233.0,A,239.0,A,,,,,5.6,A,,,3.8,A,,,4.4,A,,,7.1,A,,,6.8,A,,,6.9,A,01467200
2025-07-15 00:00:00+00:00,,,28.5,A,,,27.9,A,28.0,A,,,,,244.0,A,,,236.0,A,241.0,A,,,,,5.4,A,,,3.8,A,,,4.4,A,,,7.1,A,,,6.8,A,,,6.9,A,01467200
2025-07-16 00:00:00+00:00,,,28.6,A,,,28.0,A,28.2,A,,,,,250.0,A,,,237.0,A,242.0,A,,,,,5.8,A,,,3.7,A,,,4.7,A,,,7.1,A,,,6.8,A,,,7.0,A,01467200
2025-07-17 00:00:00+00:00,,,28.8,A,,,28.2,A,28.5,A,,,,,250.0,A,,,240.0,A,245.0,A,,,,,6.4,A,,,4.3,A,,,5.3,A,,,7.2,A,,,6.9,A,,,7.1,A,01467200
2025-07-18 00:00:00+00:00,,,28.7,A,,,28.3,A,28.5,A,,,,,258.0,A,,,248.0,A,252.0,A,,,,,6.5,A,,,4.8,A,,,5.6,A,,,7.3,A,,,6.9,A,,,7.1,A,01467200
2025-07-19 00:00:00+00:00,,,28.5,A,,,28.3,A,28.4,A,,,,,259.0,A,,,252.0,A,256.0,A,,,,,6.2,A,,,4.7,A,,,5.4,A,,,7.2,A,,,6.9,A,,,7.1,A,01467200
2025-07-20 00:00:00+00:00,,,28.5,A,,,28.2,A,28.3,A,,,,,263.0,A,,,255.0,A,259.0,A,,,,,5.8,A,,,4.5,A,,,5.1,A,,,7.2,A,,,6.9,A,,,7.1,A,01467200
2025-07-21 00:00:00+00:00,,,28.4,A,,,28.0,A,28.2,A,,,,,267.0,A,,,252.0,A,260.0,A,,,,,5.7,A,,,4.5,A,,,5.1,A,,,7.2,A,,,6.8,A,,,7.1,A,01467200
2025-07-22 00:00:00+00:00,,,28.3,A,,,27.7,A,27.9,A,,,,,270.0,A,,,242.0,A,259.0,A,,,,,6.0,A,,,4.7,A,,,5.2,A,,,7.2,A,,,6.9,A,,,7.1,A,01467200
2025-07-23 00:00:00+00:00,,,28.1,A,,,27.6,A,27.7,A,,,,,271.0,A,,,235.0,A,258.0,A,,,,,6.0,A,,,4.8,A,,,5.2,A,,,7.2,A,,,7.0,A,,,7.1,A,01467200
2025-07-24 00:00:00+00:00,,,27.8,A,,,27.4,A,27.6,A,,,,,272.0,A,,,233.0,A,256.0,A,,,,,6.0,A,,,4.9,A,,,5.3,A,,,7.2,A,,,6.9,A,,,7.1,A,01467200
2025-07-25 00:00:00+00:00,,,28.0,A,,,27.4,A,27.7,A,,,,,273.0,A,,,226.0,A,252.0,A,,,,,5.9,A,,,5.1,A,,,5.4,A,,,7.1,A,,,7.0,A,,,7.1,A,01467200
2025-07-26 00:00:00+00:00,,,28.0,A,,,27.6,A,27.8,A,,,,,271.0,A,,,220.0,A,249.0,A,,,,,6.2,A,,,5.1,A,,,5.5,A,,,7.2,A,,,7.0,A,,,7.1,A,01467200
2025-07-27 00:00:00+00:00,,,28.0,A,,,27.5,A,27.7,A,,,,,276.0,A,,,221.0,A,252.0,A,,,,,5.6,A,,,5.1,A,,,5.3,A,,,7.1,A,,,7.0,A,,,7.1,A,01467200
2025-07-28 00:00:00+00:00,,,28.2,A,,,27.6,A,27.8,A,,,,,271.0,A,,,220.0,A,245.0,A,,,,,5.7,A,,,4.9,A,,,5.2,A,,,7.1,A,,,6.9,A,,,7.0,A,01467200
2025-07-29 00:00:00+00:00,,,28.5,A,,,27.9,A,28.2,A,,,,,271.0,A,,,218.0,A,245.0,A,,,,,6.0,A,,,4.8,A,,,5.1,A,,,7.1,A,,,6.9,A,,,7.0,A,01467200
2025-07-30 00:00:00+00:00,,,28.8,A,,,28.2,A,28.4,A,,,,,270.0,A,,,221.0,A,246.0,A,,,,,5.5,A,,,4.7,A,,,5.0,A,,,7.1,A,,,6.9,A,,,7.0,A,01467200
2025-07-31 00:00:00+00:00,,,28.8,A,,,28.3,A,28.6,A,,,,,272.0,A,,,221.0,A,246.0,A,,,,,5.6,A,,,4.6,A,,,5.0,A,,,7.1,A,,,6.8,A,,,7.0,A,01467200
2025-08-01 00:00:00+00:00,,,28.4,A,,,27.8,A,28.1,A,,,,,276.0,A,,,220.0,A,244.0,A,,,,,5.3,A,,,4.5,A,,,4.9,A,,,7.1,A,,,6.9,A,,,7.0,A,01467200
2025-08-02 00:00:00+00:00,,,27.8,A,,,27.6,A,27.7,A,,,,,273.0,A,,,222.0,A,244.0,A,,,,,5.6,A,,,4.3,A,,,4.7,A,,,7.1,A,,,6.9,A,,,7.0,A,01467200
2025-08-03 00:00:00+00:00,,,27.7,A,,,27.4,A,27.6,A,,,,,266.0,A,,,225.0,A,241.0,A,,,,,5.9,A,,,4.3,A,,,4.9,A,,,7.1,A,,,6.9,A,,,7.0,A,01467200
2025-08-04 00:00:00+00:00,,,27.8,A,,,27.3,A,27.6,A,,,,,265.0,A,,,228.0,A,242.0,A,,,,,6.6,A,,,4.4,A,,,5.1,A,,,7.2,A,,,6.9,A,,,7.0,A,01467200
2025-08-05 00:00:00+00:00,,,27.6,A,,,27.4,A,27.5,A,,,,,263.0,A,,,233.0,A,244.0,A,,,,,6.4,A,,,4.6,A,,,5.3,A,,,7.2,A,,,6.9,A,,,7.0,A,01467200
2025-08-06 00:00:00+00:00,,,27.5,A,,,27.1,A,27.3,A,,,,,268.0,A,,,239.0,A,249.0,A,,,,,6.3,A,,,4.6,A,,,5.3,A,,,7.2,A,,,6.9,A,,,7.0,A,01467200
2025-08-07 00:00:00+00:00,,,27.2,A,,,26.8,A,27.0,A,,,,,269.0,A,,,243.0,A,253.0,A,,,,,6.3,A,,,4.7,A,,,5.4,A,,,7.2,A,,,6.9,A,,,7.1,A,01467200
2025-08-08 00:00:00+00:00,,,27.1,A,,,26.7,A,26.8,A,,,,,270.0,A,,,248.0,A,257.0,A,,,,,6.1,A,,,4.9,A,,,5.4,A,,,7.2,A,,,6.9,A,,,7.1,A,01467200
2025-08-09 00:00:00+00:00,,,26.9,A,,,26.6,A,26.7,A,,,,,271.0,A,,,250.0,A,261.0,A,,,,,6.2,A,,,4.9,A,,,5.4,A,,,7.2,A,,,7.0,A,,,7.1,A,01467200
2025-08-10 00:00:00+00:00,,,27.0,A,,,26.6,A,26.8,A,,,,,272.0,A,,,256.0,A,264.0,A,,,,,6.0,A,,,4.9,A,,,5.3,A,,,7.2,A,,,6.9,A,,,7.0,A,01467200
2025-08-11 00:00:00+00:00,,,27.0,A,,,26.6,A,26.8,A,,,,,277.0,A,,,260.0,A,268.0,A,,,,,6.0,A,,,4.8,A,,,5.2,A,,,7.2,A,,,6.9,A,,,7.0,A,01467200
2025-08-12 00:00:00+00:00,,,27.3,A,,,26.8,A,27.0,A,,,,,279.0,A,,,263.0,A,272.0,A,,,,,5.8,A,,,4.8,A,,,5.1,A,,,7.2,A,,,6.9,A,,,7.0,A,01467200
2025-08-13 00:00:00+00:00,,,27.4,A,,,27.0,A,27.1,A,,,,,284.0,A,,,266.0,A,276.0,A,,,,,5.8,A,,,4.6,A,,,5.0,A,,,7.1,A,,,7.0,A,,,7.0,A,01467200
2025-08-14 00:00:00+00:00,,,27.5,A,,,27.1,A,27.3,A,,,,,286.0,A,,,263.0,A,276.0,A,,,,,5.6,A,,,4.4,A,,,4.7,A,,,7.1,A,,,6.9,A,,,7.0,A,01467200
2025-08-15 00:00:00+00:00,,,27.8,A,,,27.3,A,27.4,A,,,,,288.0,A,,,263.0,A,276.0,A,,,,,5.5,A,,,4.2,A,,,4.6,A,,,7.1,A,,,6.9,A,,,7.0,A,01467200
2025-08-16 00:00:00+00:00,,,27.9,A,,,27.4,A,27.5,A,,,,,290.0,A,,,265.0,A,278.0,A,,,,,5.2,A,,,4.1,A,,,4.5,A,,,7.1,A,,,6.9,A,,,7.0,A,01467200
2025-08-17 00:00:00+00:00,,,28.0,A,,,27.4,A,27.6,A,,,,,295.0,A,,,266.0,A,280.0,A,,,,,5.3,A,,,4.1,A,,,4.5,A,,,7.1,A,,,6.9,A,,,7.0,A,01467200
2025-08-18 00:00:00+00:00,,,27.7,A,,,27.1,A,27.3,A,,,,,297.0,A,,,255.0,A,274.0,A,,,,,5.7,A,,,4.2,A,,,4.8,A,,,7.1,A,,,7.0,A,,,7.0,A,01467200
2025-08-19 00:00:00+00:00,,,27.2,A,,,26.8,A,26.9,A,,,,,297.0,A,,,255.0,A,275.0,A,,,,,5.6,A,,,4.2,A,,,4.6,A,,,7.1,A,,,6.9,A,,,7.0,A,01467200
2025-08-20 00:00:00+00:00,,,26.8,A,,,26.3,A,26.5,A,,,,,296.0,A,,,258.0,A,276.0,A,,,,,5.3,A,,,4.2,A,,,4.7,A,,,7.1,A,,,6.9,A,,,7.0,A,01467200
2025-08-21 00:00:00+00:00,,,26.3,A,,,25.5,A,25.8,A,,,,,297.0,A,,,259.0,A,279.0,A,,,,,5.4,A,,,4.3,A,,,4.8,A,,,7.2,A,,,7.0,A,,,7.0,A,01467200
2025-08-22 00:00:00+00:00,,,25.7,A,,,25.2,A,25.5,A,,,,,300.0,A,,,266.0,A,284.0,A,,,,,5.3,A,,,4.6,A,,,4.8,A,,,7.1,A,,,7.0,A,,,7.0,A,01467200
2025-08-23 00:00:00+00:00,,,25.5,A,,,25.1,A,25.3,A,,,,,302.0,A,,,266.0,A,283.0,A,,,,,5.8,A,,,4.6,A,,,5.0,A,,,7.2,A,,,7.0,A,,,7.1,A,01467200
2025-08-24 00:00:00+00:00,,,25.4,A,,,25.1,A,25.2,A,,,,,304.0,A,,,268.0,A,284.0,A,,,,,5.9,A,,,4.9,A,,,5.2,A,,,7.2,A,,,7.0,A,,,7.1,A,01467200
2025-08-25 00:00:00+00:00,,,25.5,A,,,25.1,A,25.3,A,,,,,301.0,A,,,269.0,A,284.0,A,,,,,5.9,A,,,4.9,A,,,5.3,A,,,7.1,A,,,7.0,A,,,7.1,A,01467200
2025-08-26 00:00:00+00:00,,,25.3,A,,,24.8,A,25.1,A,,,,,299.0,A,,,269.0,A,283.0,A,,,,,6.0,A,,,5.0,A,,,5.4,A,,,7.2,A,,,7.0,A,,,7.1,A,01467200
2025-08-27 00:00:00+00:00,,,25.0,A,,,24.6,A,24.8,A,,,,,298.0,A,,,271.0,A,285.0,A,,,,,6.2,A,,,5.1,A,,,5.5,A,,,7.2,A,,,7.0,A,,,7.1,A,01467200
2025-08-28 00:00:00+00:00,,,24.7,A,,,24.3,A,24.6,A,,,,,304.0,A,,,274.0,A,289.0,A,,,,,6.1,A,,,5.2,A,,,5.6,A,,,7.2,A,,,7.0,A,,,7.1,A,01467200
2025-08-29 00:00:00+00:00,,,24.5,A,,,24.2,A,24.4,A,,,,,304.0,A,,,277.0,A,,,,,,,6.0,A,,,5.3,A,,,5.6,A,,,7.2,A,,,7.0,A,,,7.1,A,01467200
2025-08-30 00:00:00+00:00,,,24.4,A,,,24.0,A,24.1,A,,,,,,,,,,,,,,,,,6.1,A,,,5.3,A,,,5.7,A,,,7.2,A,,,7.0,A,,,7.1,A,01467200
2025-08-31 00:00:00+00:00,,,24.3,A,,,23.8,A,24.0,A,,,,,312.0,A,,,270.0,A,296.0,A,,,,,6.2,A,,,5.4,A,,,5.7,A,,,7.2,A,,,7.0,A,,,7.1,A,01467200
2025-09-01 00:00:00+00:00,,,24.1,A,,,23.8,A,23.9,A,,,,,320.0,A,,,282.0,A,298.0,A,,,,,6.4,A,,,5.4,A,,,5.8,A,,,7.2,A,,,7.0,A,,,7.1,A,01467200
2025-09-02 00:00:00+00:00,,,24.0,A,,,23.7,A,23.8,A,,,,,320.0,A,,,285.0,A,300.0,A,,,,,6.3,A,,,5.6,A,,,5.8,A,,,7.2,A,,,7.1,A,,,7.2,A,01467200
2025-09-03 00:00:00+00:00,,,24.1,A,,,23.6,A,23.8,A,,,,,330.0,A,,,288.0,A,304.0,A,,,,,6.2,A,,,5.5,A,,,5.8,A,,,7.2,A,,,7.1,A,,,7.1,A,01467200
2025-09-04 00:00:00+00:00,,,24.0,A,,,23.7,A,23.9,A,,,,,334.0,A,,,294.0,A,311.0,A,,,,,6.5,A,,,5.5,A,,,5.9,A,,,7.2,A,,,7.1,A,,,7.2,A,01467200
2025-09-05 00:00:00+00:00,,,24.2,A,,,23.7,A,24.0,A,,,,,337.0,A,,,292.0,A,312.0,A,,,,,6.5,A,,,5.6,A,,,6.0,A,,,7.3,A,,,7.1,A,,,7.2,A,01467200
2025-09-06 00:00:00+00:00,,,24.3,A,,,23.9,A,24.1,A,,,,,333.0,A,,,288.0,A,309.0,A,,,,,6.8,A,,,5.6,A,,,6.0,A,,,7.3,A,,,7.1,A,,,7.2,A,01467200
2025-09-07 00:00:00+00:00,,,24.2,A,,,23.9,A,24.1,A,,,,,329.0,A,,,288.0,A,309.0,A,,,,,6.4,A,,,5.4,A,,,5.9,A,,,7.2,A,,,7.0,A,,,7.2,A,01467200
2025-09-08 00:00:00+00:00,,,24.0,A,,,23.7,A,23.8,A,,,,,332.0,A,,,286.0,A,310.0,A,,,,,6.4,A,,,5.3,A,,,5.8,A,,,7.2,A,,,7.0,A,,,7.1,A,01467200
2025-09-09 00:00:00+00:00,,,23.7,A,,,23.4,A,23.6,A,,,,,338.0,A,,,283.0,A,312.0,A,,,,,6.4,A,,,5.3,A,,,5.8,A,,,7.2,A,,,7.0,A,,,7.1,A,01467200
2025-09-10 00:00:00+00:00,,,23.5,A,,,23.2,A,23.3,A,,,,,346.0,A,,,295.0,A,321.0,A,,,,,6.3,A,,,5.6,A,,,5.8,A,,,7.2,A,,,7.1,A,,,7.2,A,01467200
2025-09-11 00:00:00+00:00,,,23.5,A,,,23.1,A,23.2,A,,,,,351.0,A,,,298.0,A,325.0,A,,,,,6.2,A,,,5.4,A,,,5.6,A,,,7.2,A,,,7.1,A,,,7.1,A,01467200
2025-09-12 00:00:00+00:00,,,23.5,A,,,23.1,A,23.2,A,,,,,353.0,A,,,300.0,A,327.0,A,,,,,6.6,A,,,5.2,A,,,5.6,A,,,7.2,A,,,7.1,A,,,7.1,A,01467200
2025-09-13 00:00:00+00:00,,,23.6,A,,,23.2,A,23.3,A,,,,,359.0,A,,,306.0,A,333.0,A,,,,,6.2,A,,,5.1,A,,,5.4,A,,,7.2,A,,,7.0,A,,,7.1,A,01467200
2025-09-14 00:00:00+00:00,,,23.8,A,,,23.2,A,23.4,A,,,,,363.0,A,,,305.0,A,334.0,A,,,,,6.4,A,,,5.0,A,,,5.5,A,,,7.2,A,,,7.0,A,,,7.1,A,01467200
2025-09-15 00:00:00+00:00,,,23.7,A,,,23.4,A,23.5,A,,,,,371.0,A,,,306.0,A,336.0,A,,,,,6.4,A,,,5.0,A,,,5.5,A,,,7.2,A,,,7.0,A,,,7.1,A,01467200
2025-09-16 00:00:00+00:00,,,23.5,A,,,23.1,A,23.3,A,,,,,391.0,A,,,311.0,A,342.0,A,,,,,6.4,A,,,5.3,A,,,5.7,A,,,7.2,A,,,7.1,A,,,7.1,A,01467200
2025-09-17 00:00:00+00:00,,,23.1,A,,,22.7,A,22.9,A,,,,,386.0,A,,,309.0,A,344.0,A,,,,,6.5,A,,,5.7,A,,,6.0,A,,,7.2,A,,,7.0,A,,,7.1,A,01467200
2025-09-18 00:00:00+00:00,,,23.0,A,,,22.6,A,22.8,A,,,,,378.0,A,,,314.0,A,343.0,A,,,,,6.1,A,,,5.4,A,,,5.7,A,,,7.2,A,,,7.1,A,,,7.1,A,01467200
2025-09-19 00:00:00+00:00,,,23.1,A,,,22.8,A,22.9,A,,,,,382.0,A,,,312.0,A,343.0,A,,,,,6.2,A,,,5.3,A,,,5.6,A,,,7.2,A,,,7.1,A,,,7.1,A,01467200
2025-09-20 00:00:00+00:00,,,23.1,A,,,22.8,A,22.9,A,,,,,390.0,A,,,312.0,A,348.0,A,,,,,6.4,A,,,5.4,A,,,5.8,A,,,7.2,A,,,7.0,A,,,7.1,A,01467200
2025-09-21 00:00:00+00:00,,,23.0,A,,,22.7,A,22.8,A,,,,,397.0,A,,,319.0,A,355.0,A,,,,,6.4,A,,,5.6,A,,,6.0,A,,,7.2,A,,,7.1,A,,,7.1,A,01467200
2025-09-22 00:00:00+00:00,,,22.8,A,,,22.6,A,22.7,A,,,,,395.0,A,,,320.0,A,357.0,A,,,,,6.3,A,,,5.7,A,,,5.9,A,,,7.2,A,,,7.1,A,,,7.1,A,01467200
2025-09-23 00:00:00+00:00,,,22.8,A,,,22.5,A,22.7,A,,,,,393.0,A,,,325.0,A,361.0,A,,,,,6.4,A,,,5.5,A,,,5.8,A,,,7.2,A,,,7.0,A,,,7.1,A,01467200
2025-09-24 00:00:00+00:00,,,22.9,A,,,22.7,A,22.8,A,,,,,400.0,A,,,325.0,A,363.0,A,,,,,6.3,A,,,5.5,A,,,5.7,A,,,7.2,A,,,7.1,A,,,7.1,A,01467200
2025-09-25 00:00:00+00:00,,,23.0,A,,,22.8,A,22.9,A,,,,,417.0,A,,,328.0,A,373.0,A,,,,,6.0,A,,,5.1,A,,,5.5,A,,,7.2,A,,,7.0,A,,,7.1,A,01467200
2025-09-26 00:00:00+00:00,,,23.3,A,,,22.9,A,23.0,A,,,,,404.0,A,,,328.0,A,365.0,A,,,,,6.1,A,,,5.1,A,,,5.4,A,,,7.2,A,,,7.0,A,,,7.1,A,01467200
2025-09-27 00:00:00+00:00,,,23.3,A,,,23.0,A,23.1,A,,,,,409.0,A,,,321.0,A,364.0,A,,,,,6.2,A,,,4.9,A,,,5.4,A,,,7.1,A,,,7.0,A,,,7.1,A,01467200
2025-09-28 00:00:00+00:00,,,23.5,A,,,23.0,A,23.2,A,,,,,404.0,A,,,326.0,A,368.0,A,,,,,5.9,A,,,4.9,A,,,5.3,A,,,7.1,A,,,7.0,A,,,7.1,A,01467200
2025-09-29 00:00:00+00:00,,,23.4,A,,,23.2,A,23.3,A,,,,,400.0,A,,,321.0,A,359.0,A,,,,,6.2,A,,,4.9,A,,,5.4,A,,,7.2,A,,,7.0,A,,,7.1,A,01467200
2025-09-30 00:00:00+00:00,,,23.3,A,,,23.2,A,23.2,A,,,,,402.0,A,,,322.0,A,359.0,A,,,,,6.2,A,,,4.8,A,,,5.4,A,,,7.2,A,,,7.0,A,,,7.1,A,01467200
2025-10-01 00:00:00+00:00,,,23.2,A,,,22.8,A,22.9,A,,,,,441.0,A,,,325.0,A,377.0,A,,,,,6.1,A,,,5.2,A,,,5.5,A,,,7.2,A,,,7.0,A,,,7.1,A,01467200
2025-10-02 00:00:00+00:00,,,22.8,A,,,22.5,A,22.6,A,,,,,445.0,A,,,332.0,A,382.0,A,,,,,6.4,A,,,5.3,A,,,5.7,A,,,7.2,A,,,7.0,A,,,7.1,A,01467200
2025-10-03 00:00:00+00:00,,,22.5,A,,,22.2,A,22.3,A,,,,,435.0,A,,,332.0,A,378.0,A,,,,,6.5,A,,,5.3,A,,,5.7,A,,,7.2,A,,,7.1,A,,,7.1,A,01467200
2025-10-04 00:00:00+00:00,,,22.3,A,,,22.0,A,22.2,A,,,,,427.0,A,,,334.0,A,377.0,A,,,,,6.5,A,,,5.3,A,,,5.8,A,,,7.2,A,,,7.0,A,,,7.1,A,01467200
2025-10-05 00:00:00+00:00,,,22.4,A,,,22.0,A,22.2,A,,,,,430.0,A,,,336.0,A,382.0,A,,,,,6.5,A,,,5.3,A,,,5.8,A,,,7.2,A,,,6.9,A,,,7.1,A,01467200
2025-10-06 00:00:00+00:00,,,22.4,A,,,22.0,A,22.2,A,,,,,441.0,A,,,337.0,A,391.0,A,,,,,6.6,A,,,5.2,A,,,5.7,A,,,7.2,A,,,7.1,A,,,7.1,A,01467200
2025-10-07 00:00:00+00:00,,,22.3,A,,,22.1,A,22.2,A,,,,,453.0,A,,,340.0,A,397.0,A,,,,,6.6,A,,,5.2,A,,,5.8,A,,,7.3,A,,,7.0,A,,,7.1,A,01467200
2025-10-08 00:00:00+00:00,,,22.2,A,,,21.9,A,22.1,A,,,,,455.0,A,,,339.0,A,400.0,A,,,,,6.7,A,,,5.4,A,,,5.9,A,,,7.2,A,,,7.0,A,,,7.1,A,01467200
2025-10-09 00:00:00+00:00,,,21.9,A,,,21.4,A,21.7,A,,,,,468.0,A,,,336.0,A,404.0,A,,,,,6.7,A,,,5.5,A,,,6.0,A,,,7.3,A,,,7.0,A,,,7.1,A,01467200
2025-10-10 00:00:00+00:00,,,21.4,A,,,20.9,A,21.1,A,,,,,497.0,A,,,350.0,A,425.0,A,,,,,6.5,A,,,5.7,A,,,6.0,A,,,7.2,A,,,7.0,A,,,7.1,A,01467200
2025-10-11 00:00:00+00:00,,,20.9,A,,,20.6,A,20.8,A,,,,,508.0,A,,,349.0,A,425.0,A,,,,,6.4,A,,,5.6,A,,,5.9,A,,,7.2,A,,,7.0,A,,,7.1,A,01467200
2025-10-12 00:00:00+00:00,,,20.7,A,,,20.1,A,20.4,A,,,,,568.0,A,,,354.0,A,455.0,A,,,,,6.5,A,,,5.8,A,,,6.1,A,,,7.2,A,,,7.0,A,,,7.2,A,01467200
2025-10-13 00:00:00+00:00,,,20.1,A,,,19.6,A,19.9,A,,,,,555.0,A,,,370.0,A,462.0,A,,,,,7.0,A,,,6.3,A,,,6.6,A,,,7.3,A,,,7.0,A,,,7.2,A,01467200
2025-10-14 00:00:00+00:00,,,19.6,A,,,19.3,A,19.4,A,,,,,540.0,A,,,369.0,A,448.0,A,,,,,7.2,A,,,6.6,A,,,6.8,A,,,7.3,A,,,7.1,A,,,7.2,A,01467200
2025-10-15 00:00:00+00:00,,,19.4,A,,,19.1,A,19.2,A,,,,,525.0,A,,,359.0,A,438.0,A,,,,,7.1,A,,,6.5,A,,,6.7,A,,,7.3,A,,,7.1,A,,,7.2,A,01467200
2025-10-16 00:00:00+00:00,,,19.1,A,,,18.5,A,18.8,A,,,,,509.0,A,,,351.0,A,426.0,A,,,,,7.3,A,,,6.6,A,,,6.9,A,,,7.3,A,,,7.2,A,,,7.2,A,01467200
2025-10-17 00:00:00+00:00,,,18.5,A,,,18.0,A,18.2,A,,,,,547.0,A,,,354.0,A,436.0,A,,,,,7.4,A,,,6.8,A,,,7.0,A,,,7.3,A,,,7.2,A,,,7.2,A,01467200
2025-10-18 00:00:00+00:00,,,18.2,A,,,17.8,A,18.0,A,,,,,563.0,A,,,368.0,A,468.0,A,,,,,7.3,A,,,6.8,A,,,7.0,A,,,7.3,A,,,7.1,A,,,7.2,A,01467200
2025-10-19 00:00:00+00:00,,,18.1,A,,,17.8,A,18.0,A,,,,,585.0,A,,,374.0,A,471.0,A,,,,,7.5,A,,,6.8,A,,,7.0,A,,,7.3,A,,,7.1,A,,,7.2,A,01467200
2025-10-20 00:00:00+00:00,,,18.1,A,,,17.7,A,17.9,A,,,,,633.0,A,,,363.0,A,472.0,A,,,,,7.7,A,,,7.0,A,,,7.2,A,,,7.3,A,,,7.2,A,,,7.3,A,01467200
2025-10-21 00:00:00+00:00,,,17.8,A,,,17.5,A,17.6,A,,,,,590.0,A,,,363.0,A,466.0,A,,,,,7.7,A,,,7.0,A,,,7.3,A,,,7.3,A,,,7.2,A,,,7.3,A,01467200
2025-10-22 00:00:00+00:00,,,17.7,A,,,17.3,A,17.5,A,,,,,615.0,A,,,376.0,A,478.0,A,,,,,7.6,A,,,7.1,A,,,7.2,A,,,7.3,A,,,7.2,A,,,7.2,A,01467200
2025-10-23 00:00:00+00:00,,,17.4,A,,,16.9,A,17.2,A,,,,,623.0,A,,,377.0,A,486.0,A,,,,,7.7,A,,,7.0,A,,,7.3,A,,,7.3,A,,,7.2,A,,,7.2,A,01467200
2025-10-24 00:00:00+00:00,,,17.0,A,,,16.5,A,16.9,A,,,,,614.0,A,,,369.0,A,475.0,A,,,,,7.8,A,,,7.1,A,,,7.3,A,,,7.3,A,,,7.2,A,,,7.2,A,01467200
2025-10-25 00:00:00+00:00,,,16.7,A,,,16.3,A,16.6,A,,,,,632.0,A,,,358.0,A,475.0,A,,,,,8.0,A,,,7.1,A,,,7.4,A,,,7.3,A,,,7.2,A,,,7.2,A,01467200
2025-10-26 00:00:00+00:00,,,16.6,A,,,16.1,A,16.4,A,,,,,642.0,A,,,358.0,A,475.0,A,,,,,8.0,A,,,7.1,A,,,7.4,A,,,7.3,A,,,7.1,A,,,7.2,A,01467200
2025-10-27 00:00:00+00:00,,,16.3,A,,,15.9,A,16.2,A,,,,,644.0,A,,,350.0,A,477.0,A,,,,,8.0,A,,,7.0,A,,,7.4,A,,,7.3,A,,,7.1,A,,,7.2,A,01467200
2025-10-28 00:00:00+00:00,,,16.0,A,,,15.5,A,15.8,A,,,,,682.0,A,,,374.0,A,504.0,A,,,,,8.0,A,,,7.2,A,,,7.5,A,,,7.3,A,,,7.1,A,,,7.2,A,01467200
2025-10-29 00:00:00+00:00,,,15.5,A,,,15.3,A,15.4,A,,,,,700.0,A,,,393.0,A,534.0,A,,,,,7.9,A,,,7.5,A,,,7.7,A,,,7.3,A,,,7.2,A,,,7.2,A,01467200
2025-10-30 00:00:00+00:00,,,15.5,A,,,15.1,A,15.3,A,,,,,705.0,A,,,414.0,A,561.0,A,,,,,8.0,A,,,7.6,A,,,7.8,A,,,7.3,A,,,7.2,A,,,7.2,A,01467200
2025-10-31 00:00:00+00:00,,,15.4,A,,,14.7,A,15.1,A,,,,,595.0,A,,,341.0,A,461.0,A,,,,,8.5,A,,,7.5,A,,,7.8,A,,,7.3,A,,,7.2,A,,,7.2,A,01467200
2025-11-01 00:00:00+00:00,,,14.9,A,,,14.2,A,14.5,A,,,,,476.0,A,,,319.0,A,385.0,A,,,,,8.8,A,,,7.8,A,,,8.3,A,,,7.3,A,,,7.2,A,,,7.3,A,01467200
2025-11-02 00:00:00+00:00,,,14.5,A,,,13.9,A,14.3,A,,,,,481.0,A,,,310.0,A,389.0,A,,,,,8.9,A,,,7.7,A,,,8.2,A,,,7.3,A,,,7.2,A,,,7.3,A,01467200
2025-11-03 00:00:00+00:00,,,14.4,A,,,13.9,A,14.2,A,,,,,510.0,A,,,316.0,A,409.0,A,,,,,8.7,A,,,7.6,A,,,8.0,A,,,7.3,A,,,7.2,A,,,7.2,A,01467200
2025-11-04 00:00:00+00:00,,,14.2,A,,,13.5,A,13.9,A,,,,,513.0,A,,,321.0,A,401.0,A,,,,,8.6,A,,,7.5,A,,,8.0,A,,,7.3,A,,,7.1,A,,,7.2,A,01467200
2025-11-05 00:00:00+00:00,,,13.9,A,,,13.3,A,13.7,A,,,,,500.0,A,,,321.0,A,398.0,A,,,,,8.5,A,,,7.6,A,,,8.0,A,,,7.3,A,,,7.2,A,,,7.2,A,01467200
2025-11-06 00:00:00+00:00,,,13.8,A,,,13.0,A,13.4,A,,,,,469.0,A,,,321.0,A,385.0,A,,,,,8.7,A,,,7.7,A,,,8.2,A,,,7.3,A,,,7.1,A,,,7.2,A,01467200
2025-11-07 00:00:00+00:00,,,13.4,A,,,12.8,A,13.2,A,,,,,553.0,A,,,327.0,A,424.0,A,,,,,8.5,A,,,7.8,A,,,8.1,A,,,7.2,A,,,7.2,A,,,7.2,A,01467200
2025-11-08 00:00:00+00:00,,,13.4,A,,,12.9,A,13.2,A,,,,,536.0,A,,,347.0,A,436.0,A,,,,,8.4,A,,,7.8,A,,,8.0,A,,,7.2,A,,,7.2,A,,,7.2,A,01467200
2025-11-09 00:00:00+00:00,,,13.4,A,,,12.9,A,13.2,A,,,,,586.0,A,,,336.0,A,450.0,A,,,,,8.3,A,,,7.6,A,,,7.8,A,,,7.2,A,,,7.1,A,,,7.2,A,01467200
2025-11-10 00:00:00+00:00,,,13.4,A,,,12.8,A,13.1,A,,,,,577.0,A,,,356.0,A,448.0,A,,,,,8.0,A,,,7.5,A,,,7.6,A,,,7.2,A,,,7.1,A,,,7.1,A,01467200
2025-11-11 00:00:00+00:00,,,12.8,A,,,11.8,A,12.4,A,,,,,489.0,A,,,334.0,A,406.0,A,,,,,8.4,A,,,7.5,A,,,7.9,A,,,7.2,A,,,7.1,A,,,7.2,A,01467200
2025-11-12 00:00:00+00:00,,,11.9,A,,,11.4,A,11.7,A,,,,,491.0,A,,,321.0,A,396.0,A,,,,,8.8,A,,,8.0,A,,,8.4,A,,,7.2,A,,,7.2,A,,,7.2,A,01467200
2025-11-13 00:00:00+00:00,,,11.6,A,,,11.0,A,11.3,A,,,,,470.0,A,,,324.0,A,391.0,A,,,,,8.9,A,,,8.2,A,,,8.5,A,,,7.2,A,,,7.2,A,,,7.2,A,01467200
2025-11-14 00:00:00+00:00,,,11.3,A,,,10.8,A,11.1,A,,,,,504.0,A,,,327.0,A,404.0,A,,,,,9.0,A,,,8.4,A,,,8.6,A,,,7.2,A,,,7.2,A,,,7.2,A,01467200
2025-11-15 00:00:00+00:00,,,11.2,A,,,10.6,A,10.9,A,,,,,518.0,A,,,322.0,A,414.0,A,,,,,9.1,A,,,8.4,A,,,8.7,A,,,7.2,A,,,7.2,A,,,7.2,A,01467200
2025-11-16 00:00:00+00:00,,,11.1,A,,,10.4,A,10.8,A,,,,,522.0,A,,,322.0,A,401.0,A,,,,,9.2,A,,,8.4,A,,,8.7,A,,,7.2,A,,,7.1,A,,,7.2,A,01467200
2025-11-17 00:00:00+00:00,,,10.7,A,,,9.9,A,10.3,A,,,,,450.0,A,,,314.0,A,370.0,A,,,,,9.5,A,,,8.7,A,,,9.1,A,,,7.3,A,,,7.2,A,,,7.2,A,01467200
2025-11-18 00:00:00+00:00,,,10.3,A,,,9.6,A,10.0,A,,,,,450.0,A,,,313.0,A,375.0,A,,,,,9.6,A,,,8.9,A,,,9.2,A,,,7.3,A,,,7.2,A,,,7.2,A,01467200
2025-11-19 00:00:00+00:00,,,10.1,A,,,9.5,A,9.8,A,,,,,499.0,A,,,315.0,A,392.0,A,,,,,9.7,A,,,8.9,A,,,9.3,A,,,7.3,A,,,7.2,A,,,7.2,A,01467200
2025-11-20 00:00:00+00:00,,,9.9,A,,,9.3,A,9.6,A,,,,,473.0,A,,,314.0,A,391.0,A,,,,,9.6,A,,,8.9,A,,,9.2,A,,,7.2,A,,,7.2,A,,,7.2,A,01467200
2025-11-21 00:00:00+00:00,,,9.8,A,,,9.3,A,9.6,A,,,,,485.0,A,,,319.0,A,395.0,A,,,,,9.5,A,,,8.8,A,,,9.1,A,,,7.2,A,,,7.1,A,,,7.2,A,01467200
2025-11-22 00:00:00+00:00,,,9.8,A,,,9.2,A,9.6,A,,,,,474.0,A,,,314.0,A,387.0,A,,,,,9.4,A,,,8.6,A,,,9.0,A,,,7.2,A,,,7.1,A,,,7.2,A,01467200
2025-11-23 00:00:00+00:00,,,9.7,A,,,9.2,A,9.5,A,,,,,479.0,A,,,322.0,A,391.0,A,,,,,9.2,A,,,8.5,A,,,8.8,A,,,7.2,A,,,7.1,A,,,7.1,A,01467200
2025-11-24 00:00:00+00:00,,,9.6,A,,,9.0,A,9.3,A,,,,,433.0,A,,,310.0,A,371.0,A,,,,,9.4,A,,,8.5,A,,,8.9,A,,,7.2,A,,,7.1,A,,,7.1,A,01467200
2025-11-25 00:00:00+00:00,,,9.5,A,,,9.0,A,9.3,A,,,,,474.0,A,,,314.0,A,380.0,A,,,,,9.3,A,,,8.5,A,,,8.8,A,,,7.1,A,,,7.1,A,,,7.1,A,01467200
2025-11-26 00:00:00+00:00,,,9.6,A,,,9.1,A,9.4,A,,,,,436.0,A,,,313.0,A,372.0,A,,,,,9.1,A,,,8.4,A,,,8.7,A,,,7.1,A,,,7.1,A,,,7.1,A,01467200
2025-11-27 00:00:00+00:00,,,9.4,A,,,8.9,A,9.2,A,,,,,411.0,A,,,305.0,A,348.0,A,,,,,9.3,A,,,8.6,A,,,8.9,A,,,7.1,A,,,7.1,A,,,7.1,A,01467200
2025-11-28 00:00:00+00:00,,,8.9,A,,,8.3,A,8.7,A,,,,,388.0,A,,,299.0,A,338.0,A,,,,,9.6,A,,,8.8,A,,,9.2,A,,,7.2,A,,,7.1,A,,,7.1,A,01467200
2025-11-29 00:00:00+00:00,,,8.4,A,,,7.9,A,8.2,A,,,,,388.0,A,,,287.0,A,328.0,A,,,,,10.1,A,,,9.3,A,,,9.7,A,,,7.2,A,,,7.0,A,,,7.2,A,01467200
2025-11-30 00:00:00+00:00,,,8.2,A,,,7.6,A,8.0,A,,,,,402.0,A,,,288.0,A,347.0,A,,,,,10.2,A,,,9.4,A,,,9.7,A,,,7.2,A,,,7.1,A,,,7.2,A,01467200
2025-12-01 00:00:00+00:00,,,8.0,A,,,7.3,A,7.7,A,,,,,394.0,A,,,289.0,A,339.0,A,,,,,10.3,A,,,9.4,A,,,9.8,A,,,7.2,A,,,7.1,A,,,7.1,A,01467200
2025-12-02 00:00:00+00:00,,,7.8,A,,,7.2,A,7.5,A,,,,,410.0,A,,,289.0,A,343.0,A,,,,,10.3,A,,,9.5,A,,,9.8,A,,,7.2,A,,,7.1,A,,,7.1,A,01467200
2025-12-03 00:00:00+00:00,,,7.6,A,,,6.8,A,7.2,A,,,,,391.0,A,,,281.0,A,332.0,A,,,,,10.4,A,,,9.5,A,,,9.9,A,,,7.2,A,,,7.1,A,,,7.1,A,01467200
2025-12-04 00:00:00+00:00,,,7.3,A,,,6.5,A,6.9,A,,,,,400.0,A,,,284.0,A,336.0,A,,,,,10.5,A,,,9.6,A,,,10.0,A,,,7.2,A,,,7.1,A,,,7.1,A,01467200
2025-12-05 00:00:00+00:00,,,6.8,A,,,6.0,A,6.5,"A, [4]",,,,,383.0,A,,,274.0,A,327.0,"A, [4]",,,,,10.9,A,,,10.0,A,,,10.3,"A, [4]",,,7.2,A,,,7.1,A,,,7.2,"A, [4]",01467200
2025-12-08 00:00:00+00:00,,,6.3,A,,,5.4,A,,,,,,,402.0,A,,,284.0,A,,,,,,,10.8,A,,,9.9,A,,,,,,,7.2,A,,,7.1,A,,,,,01467200
2025-12-09 00:00:00+00:00,,,5.7,A,,,5.2,A,5.5,A,,,,,400.0,A,,,288.0,A,345.0,A,,,,,11.0,A,,,10.1,A,,,10.5,A,,,7.2,A,,,7.1,A,,,7.2,A,01467200
2025-12-10 00:00:00+00:00,,,5.5,A,,,4.9,A,5.3,A,,,,,392.0,A,,,290.0,A,344.0,A,,,,,11.2,A,,,10.3,A,,,10.7,A,,,7.2,A,,,7.1,A,,,7.2,A,01467200
2025-12-11 00:00:00+00:00,,,5.3,A,,,4.7,A,5.0,A,,,,,368.0,A,,,290.0,A,329.0,A,,,,,11.3,A,,,10.6,A,,,10.9,A,,,7.2,A,,,7.1,A,,,7.2,A,01467200
2025-12-12 00:00:00+00:00,,,4.9,A,,,4.4,A,4.7,A,,,,,369.0,A,,,291.0,A,329.0,A,,,,,11.5,A,,,10.8,A,,,11.2,A,,,7.2,A,,,7.2,A,,,7.2,A,01467200
2025-12-13 00:00:00+00:00,,,4.7,A,,,4.1,A,4.5,A,,,,,375.0,A,,,292.0,A,332.0,A,,,,,11.6,A,,,11.0,A,,,11.3,A,,,7.2,A,,,7.2,A,,,7.2,A,01467200
2025-12-14 00:00:00+00:00,,,4.6,A,,,3.9,A,4.3,A,,,,,390.0,A,,,298.0,A,336.0,A,,,,,11.7,A,,,11.0,A,,,11.3,A,,,7.2,A,,,7.2,A,,,7.2,A,01467200
2025-12-15 00:00:00+00:00,,,4.2,A,,,3.5,A,3.8,A,,,,,390.0,A,,,306.0,A,345.0,A,,,,,12.0,A,,,11.3,A,,,11.6,A,,,7.2,A,,,7.2,A,,,7.2,A,01467200
2025-12-16 00:00:00+00:00,,,3.9,A,,,3.3,A,3.6,A,,,,,405.0,A,,,318.0,A,359.0,A,,,,,12.1,A,,,11.4,A,,,11.7,A,,,7.2,A,,,7.2,A,,,7.2,A,01467200
2025-12-17 00:00:00+00:00,,,3.7,A,,,3.1,A,3.5,A,,,,,413.0,A,,,318.0,A,361.0,A,,,,,12.2,A,,,11.4,A,,,11.8,A,,,7.2,A,,,7.2,A,,,7.2,A,01467200
2025-12-18 00:00:00+00:00,,,3.7,A,,,3.0,A,3.4,A,,,,,406.0,A,,,316.0,A,358.0,A,,,,,12.2,A,,,11.5,A,,,11.8,A,,,7.2,A,,,7.2,A,,,7.2,A,01467200
2025-12-19 00:00:00+00:00,,,4.4,A,,,3.5,A,4.0,A,,,,,443.0,A,,,328.0,A,380.0,A,,,,,12.2,A,,,11.5,A,,,11.8,A,,,7.3,A,,,7.2,A,,,7.2,A,01467200
2025-12-20 00:00:00+00:00,,,4.0,A,,,2.9,A,3.5,A,,,,,366.0,A,,,321.0,A,341.0,A,,,,,12.9,A,,,11.8,A,,,12.3,A,,,7.4,A,,,7.2,A,,,7.3,A,01467200
2025-12-21 00:00:00+00:00,,,3.7,A,,,2.4,A,3.2,A,,,,,360.0,A,,,333.0,A,345.0,A,,,,,13.2,A,,,11.9,A,,,12.5,A,,,7.4,A,,,7.2,A,,,7.3,A,01467200
2025-12-22 00:00:00+00:00,,,3.1,A,,,2.2,A,2.7,A,,,,,352.0,A,,,333.0,A,342.0,A,,,,,13.4,A,,,12.4,A,,,12.9,A,,,7.4,A,,,7.3,A,,,7.3,A,01467200
2025-12-23 00:00:00+00:00,,,2.9,A,,,2.1,A,2.5,A,,,,,358.0,A,,,338.0,A,348.0,A,,,,,13.5,A,,,12.5,A,,,13.0,A,,,7.4,A,,,7.3,A,,,7.3,A,01467200
2025-12-24 00:00:00+00:00,,,2.8,A,,,2.0,A,2.4,A,,,,,356.0,A,,,343.0,A,350.0,A,,,,,13.7,A,,,12.6,A,,,13.2,A,,,7.4,A,,,7.3,A,,,7.3,A,01467200
2025-12-25 00:00:00+00:00,,,2.8,A,,,2.0,A,2.5,A,,,,,362.0,A,,,347.0,A,355.0,A,,,,,13.7,A,,,12.8,A,,,13.2,A,,,7.4,A,,,7.3,A,,,7.3,A,01467200
2025-12-26 00:00:00+00:00,,,2.6,A,,,2.1,A,2.3,A,,,,,371.0,A,,,347.0,A,356.0,A,,,,,13.5,A,,,12.8,A,,,13.2,A,,,7.4,A,,,7.3,A,,,7.3,A,01467200
2025-12-27 00:00:00+00:00,,,2.5,A,,,2.1,A,2.3,A,,,,,392.0,A,,,349.0,A,369.0,A,,,,,13.4,A,,,12.8,A,,,13.1,A,,,7.4,A,,,7.3,A,,,7.3,A,01467200
2025-12-28 00:00:00+00:00,,,2.5,A,,,2.1,A,2.3,A,,,,,396.0,A,,,368.0,A,386.0,A,,,,,13.2,A,,,12.6,A,,,13.0,A,,,7.4,A,,,7.3,A,,,7.3,A,01467200
2025-12-29 00:00:00+00:00,,,2.5,A,,,2.1,A,2.4,A,,,,,395.0,A,,,355.0,A,379.0,A,,,,,13.2,A,,,12.6,A,,,13.0,A,,,7.4,A,,,7.3,A,,,7.3,A,01467200
2025-12-30 00:00:00+00:00,,,2.3,A,,,1.7,A,2.1,A,,,,,380.0,A,,,312.0,A,354.0,A,,,,,13.6,A,,,12.9,A,,,13.2,A,,,7.4,A,,,7.2,A,,,7.3,A,01467200
2025-12-31 00:00:00+00:00,,,2.1,A,,,1.5,A,1.9,A,,,,,381.0,A,,,298.0,A,347.0,A,,,,,13.8,A,,,13.0,A,,,13.3,A,,,7.4,A,,,7.2,A,,,7.3,A,01467200
2026-01-01 00:00:00+00:00,,,2.0,A,,,1.4,A,1.7,A,,,,,375.0,A,,,298.0,A,343.0,A,,,,,13.8,A,,,13.1,A,,,13.4,A,,,7.3,A,,,7.3,A,,,7.3,A,01467200
2026-01-02 00:00:00+00:00,,,1.8,A,,,1.3,A,1.6,A,,,,,380.0,A,,,298.0,A,341.0,A,,,,,13.7,A,,,13.1,A,,,13.4,A,,,7.4,A,,,7.2,A,,,7.3,A,01467200
2026-01-03 00:00:00+00:00,,,1.6,A,,,1.1,A,1.4,A,,,,,371.0,A,,,295.0,A,335.0,A,,,,,13.7,A,,,13.0,A,,,13.4,A,,,7.3,A,,,7.2,A,,,7.3,A,01467200
2026-01-04 00:00:00+00:00,,,1.5,A,,,1.0,A,1.3,A,,,,,370.0,A,,,295.0,A,336.0,A,,,,,13.7,A,,,13.1,A,,,13.4,A,,,7.3,A,,,7.2,A,,,7.2,A,01467200
2026-01-05 00:00:00+00:00,,,1.5,A,,,1.1,A,1.3,A,,,,,369.0,A,,,300.0,A,336.0,A,,,,,13.7,A,,,13.0,A,,,13.4,A,,,7.3,A,,,7.2,A,,,7.2,A,01467200
2026-01-06 00:00:00+00:00,,,1.6,A,,,1.0,A,1.4,A,,,,,366.0,A,,,297.0,A,333.0,A,,,,,13.7,A,,,12.9,A,,,13.3,A,,,7.3,A,,,7.2,A,,,7.2,A,01467200
2026-01-07 00:00:00+00:00,,,2.0,A,,,1.2,A,1.6,A,,,,,363.0,A,,,302.0,A,337.0,A,,,,,13.6,A,,,12.9,A,,,13.2,A,,,7.2,A,,,7.1,A,,,7.2,A,01467200
2026-01-08 00:00:00+00:00,,,2.2,A,,,1.4,A,1.7,A,,,,,353.0,A,,,303.0,A,329.0,A,,,,,13.6,A,,,12.9,A,,,13.3,A,,,7.2,A,,,7.2,A,,,7.2,A,01467200
2026-01-09 00:00:00+00:00,,,2.3,A,,,1.5,A,1.9,A,,,,,352.0,A,,,306.0,A,330.0,A,,,,,13.6,A,,,12.8,A,,,13.2,A,,,7.2,A,,,7.1,A,,,7.2,A,01467200
2026-01-10 00:00:00+00:00,,,2.3,A,,,1.7,A,2.0,A,,,,,351.0,A,,,308.0,A,329.0,A,,,,,13.5,A,,,12.8,A,,,13.2,A,,,7.2,A,,,7.1,A,,,7.2,A,01467200
2026-01-11 00:00:00+00:00,,,2.6,A,,,2.0,A,2.3,A,,,,,348.0,A,,,315.0,A,331.0,A,,,,,13.4,A,,,12.7,A,,,13.1,A,,,7.2,A,,,7.1,A,,,7.2,A,01467200
2026-01-12 00:00:00+00:00,,,2.5,A,,,1.9,A,2.2,A,,,,,343.0,A,,,317.0,A,329.0,A,,,,,13.6,A,,,12.8,A,,,13.3,A,,,7.2,A,,,7.2,A,,,7.2,A,01467200
2026-01-13 00:00:00+00:00,,,2.6,A,,,2.0,A,2.2,A,,,,,347.0,A,,,322.0,A,332.0,A,,,,,13.7,A,,,12.9,A,,,13.3,A,,,7.3,A,,,7.2,A,,,7.2,A,01467200
2026-01-14 00:00:00+00:00,,,2.6,A,,,2.2,A,2.4,A,,,,,351.0,A,,,322.0,A,336.0,A,,,,,13.7,A,,,12.9,A,,,13.3,A,,,7.2,A,,,7.1,A,,,7.2,A,01467200
2026-01-15 00:00:00+00:00,,,2.6,A,,,2.3,A,2.5,A,,,,,351.0,A,,,319.0,A,336.0,A,,,,,13.6,A,,,13.0,A,,,13.3,A,,,7.3,A,,,7.2,A,,,7.2,A,01467200
2026-01-16 00:00:00+00:00,,,2.4,A,,,2.2,A,2.3,A,,,,,344.0,A,,,313.0,A,329.0,A,,,,,13.7,A,,,13.2,A,,,13.5,A,,,7.3,A,,,7.2,A,,,7.3,A,01467200
2026-01-17 00:00:00+00:00,,,2.6,A,,,2.2,A,2.3,A,,,,,348.0,A,,,311.0,A,330.0,A,,,,,13.6,A,,,13.1,A,,,13.4,A,,,7.3,A,,,7.2,A,,,7.3,A,01467200
2026-01-18 00:00:00+00:00,,,2.6,A,,,2.2,A,2.4,A,,,,,355.0,A,,,317.0,A,337.0,A,,,,,13.5,A,,,13.1,A,,,13.3,A,,,7.3,A,,,7.2,A,,,7.3,A,01467200
2026-01-19 00:00:00+00:00,,,2.5,A,,,2.2,A,2.3,A,,,,,370.0,A,,,334.0,A,353.0,A,,,,,13.4,A,,,13.0,A,,,13.2,A,,,7.4,A,,,7.2,A,,,7.3,A,01467200
2026-01-20 00:00:00+00:00,,,2.3,A,,,1.9,A,2.1,A,,,,,382.0,A,,,342.0,A,363.0,A,,,,,13.4,A,,,13.0,A,,,13.2,A,,,7.5,A,,,7.2,A,,,7.3,A,01467200
2026-01-21 00:00:00+00:00,,,2.0,A,,,1.7,A,1.8,A,,,,,389.0,A,,,339.0,A,366.0,A,,,,,13.5,A,,,13.1,A,,,13.2,A,,,7.5,A,,,7.3,A,,,7.4,A,01467200
2026-01-22 00:00:00+00:00,,,2.0,A,,,1.7,A,1.9,A,,,,,387.0,A,,,335.0,A,364.0,A,,,,,13.5,A,,,13.1,A,,,13.3,A,,,7.4,A,,,7.3,A,,,7.4,A,01467200
2026-01-23 00:00:00+00:00,,,2.0,A,,,1.7,A,1.9,A,,,,,385.0,A,,,333.0,A,362.0,A,,,,,13.5,A,,,13.1,A,,,13.3,A,,,7.4,A,,,7.3,A,,,7.3,A,01467200
2026-01-24 00:00:00+00:00,,,1.7,A,,,1.1,A,1.4,A,,,,,377.0,A,,,311.0,A,346.0,A,,,,,14.0,A,,,13.4,A,,,13.5,A,,,7.4,A,,,7.3,A,,,7.4,A,01467200
2026-01-25 00:00:00+00:00,,,1.3,A,,,0.3,A,0.8,A,,,,,398.0,A,,,321.0,A,361.0,A,,,,,14.0,A,,,13.4,A,,,13.7,A,,,7.4,A,,,7.3,A,,,7.4,A,01467200
2026-01-26 00:00:00+00:00,,,0.6,A,,,0.3,A,0.5,A,,,,,398.0,A,,,338.0,A,368.0,A,,,,,13.9,A,,,13.6,A,,,13.7,A,,,7.4,A,,,7.3,A,,,7.4,A,01467200
2026-01-27 00:00:00+00:00,,,0.4,A,,,0.1,A,0.3,A,,,,,397.0,A,,,337.0,A,368.0,A,,,,,14.0,A,,,13.7,A,,,13.8,A,,,7.4,A,,,7.3,A,,,7.4,A,01467200
2026-01-28 00:00:00+00:00,,,0.2,A,,,-0.1,A,0.1,A,,,,,389.0,A,,,340.0,A,367.0,A,,,,,14.1,A,,,13.8,A,,,13.9,A,,,7.4,A,,,7.3,A,,,7.4,A,01467200
2026-01-29 00:00:00+00:00,,,0.1,A,,,-0.1,A,0.0,A,,,,,394.0,A,,,345.0,A,366.0,"A, [4]",,,,,14.1,A,,,13.8,A,,,14.0,"A, [4]",,,7.4,A,,,7.3,A,,,7.3,"A, [4]",01467200
2026-01-30 00:00:00+00:00,,,0.1,A,,,-0.1,A,-0.0,A,,,,,398.0,A,,,348.0,A,,,,,,,14.2,A,,,13.9,A,,,,,,,7.4,A,,,7.3,A,,,,,01467200
2026-01-31 00:00:00+00:00,,,0.1,A,,,-0.1,A,-0.0,A,,,,,,,,,,,,,,,,,,,,,,,,,,,,,,,,,,,,,,,01467200
2026-02-01 00:00:00+00:00,,,0.0,A,,,-0.1,A,-0.1,A,,,,,397.0,A,,,352.0,A,372.0,"A, [4]",,,,,14.4,A,,,13.9,A,,,14.1,"A, [4]",,,7.3,A,,,7.3,A,,,7.3,"A, [4]",01467200
2026-02-02 00:00:00+00:00,,,0.1,A,,,-0.2,A,-0.0,A,,,,,410.0,A,,,356.0,A,379.0,"A, [4]",,,,,14.3,A,,,13.9,A,,,14.1,"A, [4]",,,7.3,A,,,7.3,A,,,7.3,"A, [4]",01467200
2026-02-03 00:00:00+00:00,,,0.2,A,,,-0.1,A,0.0,A,,,,,415.0,A,,,360.0,A,390.0,"A, [4]",,,,,14.2,A,,,13.8,A,,,13.9,"A, [4]",,,7.3,A,,,7.2,A,,,7.3,"A, [4]",01467200
2026-02-04 00:00:00+00:00,,,0.2,A,,,-0.0,A,0.1,A,,,,,409.0,A,,,361.0,A,386.0,A,,,,,14.2,A,,,13.7,A,,,13.9,A,,,7.3,A,,,7.2,A,,,7.3,A,01467200
2026-02-05 00:00:00+00:00,,,0.2,A,,,0.0,A,0.1,A,,,,,410.0,A,,,361.0,A,385.0,A,,,,,14.2,A,,,13.7,A,,,13.9,A,,,7.3,A,,,7.2,A,,,7.3,A,01467200
2026-02-06 00:00:00+00:00,,,0.2,A,,,0.0,A,0.1,A,,,,,413.0,A,,,363.0,A,390.0,A,,,,,14.2,A,,,13.6,A,,,13.8,A,,,7.3,A,,,7.2,A,,,7.2,A,01467200
2026-02-07 00:00:00+00:00,,,0.2,A,,,-0.1,A,0.1,A,,,,,416.0,A,,,361.0,A,383.0,A,,,,,14.4,A,,,13.6,A,,,13.9,A,,,7.3,A,,,7.2,A,,,7.3,A,01467200
2026-02-08 00:00:00+00:00,,,-0.0,A,,,-0.2,A,-0.1,A,,,,,,,,,,,,,,,,,,,,,,,,,,,,,,,,,,,,,,,01467200
2026-02-09 00:00:00+00:00,,,0.1,A,,,-0.1,A,-0.1,A,,,,,,,,,,,,,,,,,,,,,,,,,,,,,,,,,,,,,,,01467200
2026-02-10 00:00:00+00:00,,,0.1,A,,,-0.1,A,-0.0,A,,,,,427.0,A,,,382.0,A,404.0,"A, [4]",,,,,14.2,A,,,13.7,A,,,13.9,"A, [4]",,,7.3,A,,,7.2,A,,,7.3,"A, [4]",01467200
2026-02-11 00:00:00+00:00,,,0.2,A,,,-0.0,A,0.1,A,,,,,433.0,A,,,381.0,A,408.0,A,,,,,14.2,A,,,13.6,A,,,13.8,A,,,7.3,A,,,7.2,A,,,7.2,A,01467200
2026-02-12 00:00:00+00:00,,,0.3,A,,,0.1,A,0.2,A,,,,,421.0,A,,,377.0,A,399.0,A,,,,,14.3,A,,,13.8,A,,,14.0,A,,,7.3,A,,,7.2,A,,,7.3,A,01467200
2026-02-13 00:00:00+00:00,,,0.4,A,,,0.1,A,0.2,A,,,,,423.0,A,,,383.0,A,403.0,A,,,,,14.2,A,,,13.8,A,,,13.9,A,,,7.3,A,,,7.2,A,,,7.2,A,01467200
2026-02-14 00:00:00+00:00,,,0.4,A,,,0.1,A,0.2,A,,,,,431.0,A,,,384.0,A,407.0,A,,,,,14.2,A,,,13.6,A,,,13.9,A,,,7.3,A,,,7.2,A,,,7.2,A,01467200
2026-02-15 00:00:00+00:00,,,0.3,A,,,0.1,A,0.2,A,,,,,434.0,A,,,384.0,A,410.0,A,,,,,14.1,A,,,13.5,A,,,13.8,A,,,7.3,A,,,7.2,A,,,7.2,A,01467200
2026-02-16 00:00:00+00:00,,,0.4,A,,,0.0,A,0.2,A,,,,,449.0,A,,,388.0,A,420.0,A,,,,,14.1,A,,,13.4,A,,,13.7,A,,,7.3,A,,,7.2,A,,,7.2,A,01467200
2026-02-17 00:00:00+00:00,,,0.5,A,,,0.2,A,0.3,A,,,,,458.0,A,,,395.0,A,429.0,A,,,,,14.0,A,,,13.4,A,,,13.6,A,,,7.3,A,,,7.2,A,,,7.2,A,01467200
2026-03-13 00:00:00+00:00,,,6.8,A,,,6.3,A,6.4,A,,,,,202.0,A,,,175.0,A,188.0,A,,,,,12.1,A,,,12.0,A,,,12.0,A,,,7.2,A,,,7.2,A,,,7.2,A,01467200
2026-03-14 00:00:00+00:00,,,7.7,A,,,6.4,A,7.2,A,,,,,187.0,A,,,176.0,A,182.0,A,,,,,12.0,A,,,11.4,A,,,11.7,A,,,7.3,A,,,7.2,A,,,7.2,A,01467200
2026-03-15 00:00:00+00:00,,,7.6,A,,,7.3,A,7.5,A,,,,,194.0,A,,,174.0,A,181.0,A,,,,,11.6,A,,,11.4,A,,,11.5,A,,,7.3,A,,,7.2,A,,,7.2,A,01467200
2026-03-16 00:00:00+00:00,,,8.1,A,,,7.5,A,7.8,A,,,,,192.0,A,,,180.0,A,185.0,A,,,,,11.5,A,,,11.2,A,,,11.4,A,,,7.3,A,,,7.2,A,,,7.2,A,01467200
2026-03-17 00:00:00+00:00,,,8.1,A,,,7.1,A,7.6,A,,,,,198.0,A,,,178.0,A,187.0,A,,,,,11.8,A,,,11.2,A,,,11.5,A,,,7.2,A,,,7.2,A,,,7.2,A,01467200
2026-03-18 00:00:00+00:00,,,7.3,A,,,6.5,A,6.8,A,,,,,206.0,A,,,178.0,A,190.0,A,,,,,12.1,A,,,11.6,A,,,11.9,A,,,7.3,A,,,7.2,A,,,7.2,A,01467200
2026-03-19 00:00:00+00:00,,,6.9,A,,,6.5,A,6.7,A,,,,,212.0,A,,,190.0,A,204.0,A,,,,,11.9,A,,,11.7,A,,,11.8,A,,,7.3,A,,,7.2,A,,,7.3,A,01467200
2026-03-20 00:00:00+00:00,,,7.1,A,,,6.7,A,6.9,A,,,,,212.0,A,,,196.0,A,207.0,A,,,,,11.8,A,,,11.6,A,,,11.7,A,,,7.3,A,,,7.2,A,,,7.3,A,01467200
2026-03-21 00:00:00+00:00,,,7.4,A,,,6.8,A,7.1,A,,,,,211.0,A,,,177.0,A,198.0,A,,,,,12.0,A,,,11.5,A,,,11.7,A,,,7.2,A,,,7.2,A,,,7.2,A,01467200
2026-03-22 00:00:00+00:00,,,7.5,A,,,6.8,A,7.2,A,,,,,208.0,A,,,177.0,A,190.0,A,,,,,12.0,A,,,11.5,A,,,11.7,A,,,7.2,A,,,7.1,A,,,7.2,A,01467200
2026-03-23 00:00:00+00:00,,,7.6,A,,,7.1,A,7.3,A,,,,,198.0,A,,,176.0,A,185.0,A,,,,,12.0,A,,,11.6,A,,,11.8,A,,,7.2,A,,,7.1,A,,,7.2,A,01467200
2026-03-24 00:00:00+00:00,,,7.9,A,,,7.1,A,7.4,A,,,,,188.0,A,,,181.0,A,185.0,A,,,,,11.9,A,,,11.6,A,,,11.7,A,,,7.2,A,,,7.1,A,,,7.2,A,01467200
2026-03-25 00:00:00+00:00,,,8.5,A,,,7.5,A,8.0,A,,,,,192.0,A,,,185.0,A,189.0,A,,,,,11.6,A,,,11.3,A,,,11.5,A,,,7.3,A,,,7.2,A,,,7.2,A,01467200
2026-03-26 00:00:00+00:00,,,9.1,A,,,8.2,A,8.6,A,,,,,193.0,A,,,184.0,A,189.0,A,,,,,11.3,A,,,11.2,A,,,11.3,A,,,7.3,A,,,7.2,A,,,7.3,A,01467200
2026-03-27 00:00:00+00:00,,,9.0,A,,,8.8,A,8.9,A,,,,,197.0,A,,,185.0,A,191.0,A,,,,,11.4,A,,,11.0,A,,,11.2,A,,,7.3,A,,,7.2,A,,,7.2,A,01467200
2026-03-28 00:00:00+00:00,,,8.9,A,,,8.5,A,8.7,A,,,,,193.0,A,,,183.0,A,188.0,A,,,,,11.5,A,,,11.1,A,,,11.3,A,,,7.3,A,,,7.2,A,,,7.2,A,01467200
2026-03-29 00:00:00+00:00,,,8.8,A,,,8.3,A,8.6,A,,,,,193.0,A,,,184.0,A,189.0,A,,,,,11.5,A,,,11.1,A,,,11.3,A,,,7.3,A,,,7.2,A,,,7.2,A,01467200
2026-03-30 00:00:00+00:00,,,9.5,A,,,8.7,A,9.0,A,,,,,195.0,A,,,186.0,A,191.0,A,,,,,11.3,A,,,11.0,A,,,11.2,A,,,7.3,A,,,7.2,A,,,7.2,A,01467200
2026-03-31 00:00:00+00:00,,,10.4,A,,,9.3,A,9.8,A,,,,,197.0,A,,,189.0,A,193.0,A,,,,,11.1,A,,,10.8,A,,,10.9,A,,,7.3,A,,,7.2,A,,,7.2,A,01467200
2026-04-01 00:00:00+00:00,,,11.1,A,,,10.2,A,10.6,A,,,,,201.0,A,,,193.0,A,196.0,A,,,,,10.8,A,,,10.6,A,,,10.7,A,,,7.3,A,,,7.2,A,,,7.2,A,01467200
2026-04-02 00:00:00+00:00,,,11.2,A,,,10.9,A,11.0,A,,,,,207.0,A,,,196.0,A,201.0,A,,,,,10.7,A,,,10.4,A,,,10.5,A,,,7.3,A,,,7.2,A,,,7.2,A,01467200
2026-04-03 00:00:00+00:00,,,11.3,A,,,10.9,A,11.1,A,,,,,211.0,A,,,199.0,A,203.0,A,,,,,10.5,A,,,10.2,A,,,10.4,A,,,7.3,A,,,7.2,A,,,7.2,A,01467200
2026-04-04 00:00:00+00:00,,,12.2,A,,,11.2,A,11.6,A,,,,,206.0,A,,,193.0,A,201.0,A,,,,,10.4,A,,,10.1,A,,,10.2,A,,,7.3,A,,,7.2,A,,,7.2,A,01467200
2026-04-05 00:00:00+00:00,,,12.5,A,,,11.7,A,12.1,A,,,,,209.0,A,,,196.0,A,203.0,A,,,,,10.2,A,,,9.6,A,,,10.0,A,,,7.3,A,,,7.2,A,,,7.2,A,01467200
2026-04-06 00:00:00+00:00,,,12.7,A,,,12.0,A,12.3,A,,,,,208.0,A,,,197.0,A,202.0,A,,,,,9.8,A,,,9.6,A,,,9.7,A,,,7.3,A,,,7.2,A,,,7.3,A,01467200
2026-04-07 00:00:00+00:00,,,12.6,A,,,11.7,A,12.2,A,,,,,206.0,A,,,184.0,A,197.0,A,,,,,10.0,A,,,9.4,A,,,9.7,A,,,7.3,A,,,7.2,A,,,7.3,A,01467200
2026-04-08 00:00:00+00:00,,,12.1,A,,,11.5,A,11.8,A,,,,,208.0,A,,,177.0,A,191.0,A,,,,,10.1,A,,,9.7,A,,,9.9,A,,,7.3,A,,,7.3,A,,,7.3,A,01467200
2026-04-09 00:00:00+00:00,,,12.0,A,,,11.5,A,11.7,A,,,,,205.0,A,,,181.0,A,190.0,A,,,,,10.0,A,,,9.6,A,,,9.8,A,,,7.3,A,,,7.2,A,,,7.3,A,01467200
2026-04-10 00:00:00+00:00,,,12.1,A,,,11.4,A,11.7,A,,,,,197.0,A,,,182.0,A,189.0,A,,,,,10.0,A,,,9.6,A,,,9.8,A,,,7.3,A,,,7.2,A,,,7.2,A,01467200
2026-04-11 00:00:00+00:00,,,12.3,A,,,11.7,A,11.9,A,,,,,194.0,A,,,186.0,A,191.0,A,,,,,10.0,A,,,9.7,A,,,9.8,A,,,7.3,A,,,7.2,A,,,7.2,A,01467200
2026-04-12 00:00:00+00:00,,,12.6,A,,,11.9,A,12.2,A,,,,,201.0,A,,,187.0,A,193.0,A,,,,,10.1,A,,,9.6,A,,,9.8,A,,,7.3,A,,,7.2,A,,,7.3,A,01467200
2026-04-13 00:00:00+00:00,,,12.8,A,,,12.2,A,12.5,A,,,,,202.0,A,,,191.0,A,196.0,A,,,,,10.0,A,,,9.4,A,,,9.8,A,,,7.3,A,,,7.2,A,,,7.3,A,01467200
2026-04-14 00:00:00+00:00,,,13.4,A,,,12.6,A,13.0,A,,,,,208.0,A,,,194.0,A,199.0,A,,,,,10.0,A,,,9.4,A,,,9.7,A,,,7.3,A,,,7.2,A,,,7.3,A,01467200
2026-04-15 00:00:00+00:00,,,14.0,A,,,13.2,A,13.6,A,,,,,212.0,A,,,197.0,A,203.0,A,,,,,9.9,A,,,9.3,A,,,9.6,A,,,7.3,A,,,7.2,A,,,7.2,A,01467200
2026-04-16 00:00:00+00:00,,,14.6,A,,,13.9,A,14.2,A,,,,,215.0,A,,,200.0,A,208.0,A,,,,,9.7,A,,,9.2,A,,,9.5,A,,,7.3,A,,,7.2,A,,,7.2,A,01467200
2026-04-17 00:00:00+00:00,,,15.2,A,,,14.5,A,14.8,A,,,,,220.0,A,,,203.0,A,211.0,A,,,,,9.5,A,,,9.0,A,,,9.2,A,,,7.3,A,,,7.2,A,,,7.2,A,01467200
2026-04-18 00:00:00+00:00,,,15.8,A,,,15.0,A,15.4,A,,,,,230.0,A,,,205.0,A,217.0,A,,,,,9.3,A,,,8.7,A,,,9.0,A,,,7.3,A,,,7.2,A,,,7.2,A,01467200
2026-04-19 00:00:00+00:00,,,15.9,A,,,15.5,A,15.6,A,,,,,235.0,A,,,210.0,A,220.0,A,,,,,8.9,A,,,8.4,A,,,8.6,A,,,7.3,A,,,7.2,A,,,7.2,A,01467200
2026-04-20 00:00:00+00:00,,,16.0,A,,,15.3,A,15.5,A,,,,,235.0,A,,,216.0,A,223.0,A,,,,,8.5,A,,,8.1,A,,,8.3,A,,,7.3,A,,,7.1,A,,,7.2,A,01467200
2026-04-21 00:00:00+00:00,,,16.0,A,,,15.0,A,15.4,A,,,,,230.0,A,,,217.0,A,225.0,A,,,,,8.3,A,,,7.9,A,,,8.1,A,,,7.3,A,,,7.1,A,,,7.2,A,01467200
2026-04-22 00:00:00+00:00,,,16.0,A,,,15.1,A,15.5,A,,,,,239.0,A,,,222.0,A,231.0,A,,,,,8.2,A,,,7.6,A,,,7.9,A,,,7.3,A,,,7.1,A,,,7.2,A,01467200
2026-04-23 00:00:00+00:00,,,16.6,A,,,15.3,A,15.9,A,,,,,239.0,A,,,228.0,A,234.0,A,,,,,7.9,A,,,7.3,A,,,7.6,A,,,7.2,A,,,7.1,A,,,7.2,A,01467200
2026-04-24 00:00:00+00:00,,,17.2,A,,,15.8,A,16.4,A,,,,,245.0,A,,,232.0,A,238.0,A,,,,,7.8,A,,,7.1,A,,,7.4,A,,,7.2,A,,,7.1,A,,,7.2,A,01467200
2026-04-25 00:00:00+00:00,,,17.0,A,,,15.9,A,16.4,A,,,,,249.0,A,,,236.0,A,243.0,A,,,,,7.5,A,,,7.1,A,,,7.3,A,,,7.2,A,,,7.1,A,,,7.2,A,01467200
2026-04-26 00:00:00+00:00,,,16.7,A,,,15.8,A,16.3,A,,,,,257.0,A,,,239.0,A,246.0,A,,,,,7.3,A,,,6.9,A,,,7.2,A,,,7.3,A,,,7.1,A,,,7.2,A,01467200
2026-04-27 00:00:00+00:00,,,16.7,A,,,15.9,A,16.3,A,,,,,254.0,A,,,239.0,A,246.0,A,,,,,7.6,A,,,6.7,A,,,7.0,A,,,7.3,A,,,7.1,A,,,7.2,A,01467200
2026-04-28 00:00:00+00:00,,,16.4,A,,,16.1,A,16.3,A,,,,,258.0,A,,,240.0,A,248.0,A,,,,,7.7,A,,,6.5,A,,,7.1,A,,,7.3,A,,,7.1,A,,,7.2,A,01467200
2026-04-29 00:00:00+00:00,,,16.3,A,,,15.9,A,,,,,,,259.0,A,,,242.0,A,,,,,,,7.6,A,,,6.4,A,,,,,,,7.3,A,,,7.1,A,,,,,01467200
2026-04-30 00:00:00+00:00,,,16.2,A,,,15.5,A,15.8,"A, [4]",,,,,263.0,A,,,240.0,A,249.0,"A, [4]",,,,,7.7,A,,,6.4,A,,,7.1,"A, [4]",,,7.3,A,,,7.1,A,,,7.2,"A, [4]",01467200
2026-05-01 00:00:00+00:00,,,16.0,A,,,15.1,A,15.6,"A, [4]",,,,,257.0,A,,,240.0,A,247.0,"A, [4]",,,,,7.9,A,,,6.6,A,,,7.4,"A, [4]",,,7.3,A,,,7.2,A,,,7.3,"A, [4]",01467200
2026-05-02 00:00:00+00:00,,,16.0,A,,,15.0,A,15.4,A,,,,,260.0,A,,,243.0,A,249.0,A,,,,,8.3,A,,,6.8,A,,,7.6,A,,,7.4,A,,,7.2,A,,,7.3,A,01467200
2026-05-03 00:00:00+00:00,,,15.6,A,,,14.9,A,15.1,A,,,,,258.0,A,,,237.0,A,246.0,A,,,,,8.4,A,,,7.2,A,,,7.9,A,,,7.4,A,,,7.2,A,,,7.3,A,01467200
2026-05-04 00:00:00+00:00,,,15.3,A,,,14.9,A,15.1,"A, [4]",,,,,259.0,A,,,232.0,A,245.0,"A, [4]",,,,,8.5,A,,,7.5,A,,,8.1,"A, [4]",,,7.4,A,,,7.3,A,,,7.3,"A, [4]",01467200
2026-05-05 00:00:00+00:00,,,15.8,A,,,15.1,A,15.4,"A, [4]",,,,,257.0,A,,,227.0,A,241.0,"A, [4]",,,,,8.6,A,,,7.7,A,,,8.2,"A, [4]",,,7.4,A,,,7.3,A,,,7.3,"A, [4]",01467200
2026-05-06 00:00:00+00:00,,,15.8,A,,,15.6,A,15.7,A,,,,,258.0,A,,,228.0,A,239.0,A,,,,,8.6,A,,,7.9,A,,,8.2,A,,,7.4,A,,,7.3,A,,,7.3,A,01467200
2026-05-07 00:00:00+00:00,,,16.3,A,,,15.7,A,15.9,A,,,,,251.0,A,,,226.0,A,237.0,A,,,,,8.4,A,,,7.7,A,,,8.0,A,,,7.4,A,,,7.3,A,,,7.3,A,01467200
2026-05-08 00:00:00+00:00,,,16.5,A,,,15.9,A,16.1,A,,,,,248.0,A,,,223.0,A,235.0,A,,,,,8.2,A,,,7.6,A,,,7.9,A,,,7.3,A,,,7.2,A,,,7.3,A,01467200
2026-05-09 00:00:00+00:00,,,16.2,A,,,16.1,A,16.1,"A, [4]",,,,,253.0,A,,,216.0,A,231.0,"A, [4]",,,,,8.1,A,,,7.5,A,,,7.8,"A, [4]",,,7.3,A,,,7.2,A,,,7.3,"A, [4]",01467200
2026-05-10 00:00:00+00:00,,,16.6,A,,,16.0,A,16.3,A,,,,,249.0,A,,,211.0,A,227.0,A,,,,,8.1,A,,,7.3,A,,,7.7,A,,,7.3,A,,,7.2,A,,,7.2,A,01467200
2026-05-11 00:00:00+00:00,,,16.7,A,,,16.3,A,16.5,A,,,,,241.0,A,,,210.0,A,224.0,A,,,,,8.0,A,,,7.2,A,,,7.6,A,,,7.3,A,,,7.2,A,,,7.2,A,01467200
2026-05-12 00:00:00+00:00,,,17.1,A,,,16.3,A,16.6,A,,,,,232.0,A,,,210.0,A,220.0,A,,,,,7.8,A,,,7.2,A,,,7.6,A,,,7.3,A,,,7.2,A,,,7.2,A,01467200
2026-05-13 00:00:00+00:00,,,17.2,A,,,16.6,A,16.9,A,,,,,233.0,A,,,209.0,A,220.0,A,,,,,8.1,A,,,7.1,A,,,7.6,A,,,7.3,A,,,7.2,A,,,7.2,A,01467200
2026-05-14 00:00:00+00:00,,,17.3,A,,,16.8,A,17.0,A,,,,,233.0,A,,,213.0,A,222.0,A,,,,,8.0,A,,,7.2,A,,,7.6,A,,,7.3,A,,,7.2,A,,,7.2,A,01467200
2026-05-15 00:00:00+00:00,,,17.2,A,,,16.9,A,17.0,A,,,,,233.0,A,,,213.0,A,222.0,A,,,,,8.0,A,,,7.2,A,,,7.6,A,,,7.3,A,,,7.2,A,,,7.2,A,01467200
2026-05-16 00:00:00+00:00,,,17.5,A,,,16.9,A,17.2,A,,,,,236.0,A,,,214.0,A,223.0,A,,,,,8.1,A,,,7.0,A,,,7.5,A,,,7.3,A,,,7.1,A,,,7.2,A,01467200
2026-05-17 00:00:00+00:00,,,17.9,A,,,17.2,A,17.6,A,,,,,235.0,A,,,214.0,A,222.0,A,,,,,8.2,A,,,7.2,A,,,7.7,A,,,7.3,A,,,7.2,A,,,7.2,A,01467200
2026-05-18 00:00:00+00:00,,,18.5,A,,,17.8,A,18.1,A,,,,,236.0,A,,,211.0,A,223.0,A,,,,,8.3,A,,,7.2,A,,,7.7,A,,,7.3,A,,,7.2,A,,,7.2,A,01467200
2026-05-19 00:00:00+00:00,,,19.1,A,,,18.3,A,18.8,A,,,,,239.0,A,,,211.0,A,224.0,A,,,,,8.3,A,,,7.2,A,,,7.7,A,,,7.3,A,,,7.1,A,,,7.2,A,01467200
2026-05-20 00:00:00+00:00,,,19.9,A,,,19.0,A,19.4,A,,,,,238.0,A,,,211.0,A,223.0,A,,,,,8.3,A,,,7.2,A,,,7.8,A,,,7.3,A,,,7.1,A,,,7.2,A,01467200
2026-05-21 00:00:00+00:00,,,19.8,A,,,19.5,A,19.6,A,,,,,238.0,A,,,209.0,A,223.0,A,,,,,8.0,A,,,7.2,A,,,7.5,A,,,7.2,A,,,7.1,A,,,7.2,A,01467200
2026-05-22 00:00:00+00:00,,,19.6,A,,,19.3,A,19.5,"A, [4]",,,,,243.0,A,,,208.0,A,223.0,"A, [4]",,,,,7.9,A,,,6.8,A,,,7.3,"A, [4]",,,7.2,A,,,7.1,A,,,7.1,"A, [4]",01467200
2026-05-23 00:00:00+00:00,,,19.4,A,,,18.9,A,19.2,A,,,,,246.0,A,,,210.0,A,227.0,A,,,,,7.6,A,,,6.5,A,,,7.1,A,,,7.2,A,,,7.1,A,,,7.1,A,01467200
2026-05-24 00:00:00+00:00,,,18.9,A,,,18.6,A,18.7,A,,,,,243.0,A,,,207.0,A,225.0,A,,,,,7.6,A,,,6.4,A,,,7.0,A,,,7.2,A,,,7.1,A,,,7.1,A,01467200
2026-05-25 00:00:00+00:00,,,19.0,A,,,18.6,A,18.7,A,,,,,237.0,A,,,206.0,A,219.0,A,,,,,7.5,A,,,6.1,A,,,6.8,A,,,7.2,A,,,7.0,A,,,7.1,A,01467200
2026-05-26 00:00:00+00:00,,,19.8,A,,,18.8,A,19.1,A,,,,,231.0,A,,,210.0,A,218.0,A,,,,,7.4,A,,,6.2,A,,,6.8,A,,,7.2,A,,,7.0,A,,,7.1,A,01467200
2026-05-27 00:00:00+00:00,,,20.4,A,,,19.2,A,19.6,"A, [4]",,,,,231.0,A,,,216.0,A,223.0,"A, [4]",,,,,7.0,A,,,6.1,A,,,6.6,"A, [4]",,,7.2,A,,,7.0,A,,,7.1,"A, [4]",01467200
2026-05-28 00:00:00+00:00,,,20.6,A,,,19.6,A,20.1,"A, [4]",,,,,235.0,A,,,224.0,A,228.0,"A, [4]",,,,,6.6,A,,,6.1,A,,,6.4,"A, [4]",,,7.2,A,,,7.0,A,,,7.1,"A, [4]",01467200
2026-05-29 00:00:00+00:00,,,20.6,A,,,19.8,A,20.2,A,,,,,239.0,A,,,228.0,A,233.0,A,,,,,6.8,A,,,6.2,A,,,6.4,A,,,7.2,A,,,7.1,A,,,7.1,A,01467200
2026-05-30 00:00:00+00:00,,,20.3,A,,,20.0,A,20.2,"A, [4]",,,,,243.0,A,,,232.0,A,237.0,"A, [4]",,,,,7.3,A,,,6.2,A,,,6.6,"A, [4]",,,7.2,A,,,7.1,A,,,7.1,"A, [4]",01467200
2026-05-31 00:00:00+00:00,,,20.3,A,,,19.8,A,20.0,"A, [4]",,,,,249.0,A,,,237.0,A,242.0,"A, [4]",,,,,7.3,A,,,6.4,A,,,6.7,"A, [4]",,,7.2,A,,,7.1,A,,,7.1,"A, [4]",01467200
2026-06-02 00:00:00+00:00,,,20.4,A,,,20.0,A,20.2,A,,,,,258.0,A,,,243.0,A,249.0,A,,,,,7.9,A,,,6.7,A,,,7.2,A,,,7.3,A,,,7.1,A,,,7.2,A,01467200
2026-06-03 00:00:00+00:00,,,20.7,A,,,20.2,A,20.4,"A, [4]",,,,,261.0,A,,,243.0,A,252.0,"A, [4]",,,,,8.4,A,,,6.7,A,,,7.4,"A, [4]",,,7.4,A,,,7.1,A,,,7.2,"A, [4]",01467200
2026-06-04 00:00:00+00:00,,,21.0,A,,,20.4,A,20.7,A,,,,,265.0,A,,,244.0,A,254.0,A,,,,,8.4,A,,,7.1,A,,,7.6,A,,,7.4,A,,,7.2,A,,,7.2,A,01467200
2026-06-05 00:00:00+00:00,,,21.5,A,,,20.8,A,21.1,A,,,,,267.0,A,,,243.0,A,255.0,A,,,,,8.7,A,,,7.1,A,,,7.9,A,,,7.4,A,,,7.2,A,,,7.3,A,01467200
2026-06-06 00:00:00+00:00,,,22.0,A,,,21.3,A,21.6,A,,,,,270.0,A,,,242.0,A,257.0,A,,,,,8.7,A,,,7.4,A,,,7.9,A,,,7.4,A,,,7.2,A,,,7.3,A,01467200
2026-06-07 00:00:00+00:00,,,22.5,A,,,21.7,A,21.9,A,,,,,270.0,A,,,244.0,A,257.0,A,,,,,8.6,A,,,7.1,A,,,7.9,A,,,7.4,A,,,7.2,A,,,7.3,A,01467200
2026-06-08 00:00:00+00:00,,,22.8,A,,,21.9,A,22.2,A,,,,,272.0,A,,,240.0,A,258.0,A,,,,,9.0,A,,,7.1,A,,,7.8,A,,,7.6,A,,,7.2,A,,,7.3,A,01467200
2026-06-09 00:00:00+00:00,,,22.8,A,,,22.1,A,22.4,A,,,,,273.0,A,,,243.0,A,260.0,A,,,,,8.3,A,,,6.5,A,,,7.4,A,,,7.4,A,,,7.2,A,,,7.2,A,01467200
2026-06-10 00:00:00+00:00,,,22.9,A,,,22.4,A,22.6,"A, [4]",,,,,273.0,A,,,244.0,A,260.0,"A, [4]",,,,,7.9,A,,,5.9,A,,,6.9,"A, [4]",,,7.3,A,,,7.1,A,,,7.2,"A, [4]",01467200
2026-06-11 00:00:00+00:00,,,23.5,P,,,22.7,P,23.0,P,,,,,278.0,P,,,247.0,P,263.0,P,,,,,7.2,P,,,5.4,P,,,6.2,P,,,7.3,P,,,7.1,P,,,7.2,P,01467200
2026-06-12 00:00:00+00:00,,,24.0,P,,,23.2,P,23.5,"P, [4]",,,,,279.0,P,,,250.0,P,264.0,"P, [4]",,,,,6.6,P,,,4.8,P,,,5.7,"P, [4]",,,7.3,P,,,7.1,P,,,7.2,"P, [4]",01467200
2026-06-13 00:00:00+00:00,,,24.4,P,,,23.7,P,23.9,P,,,,,283.0,P,,,251.0,P,267.0,P,,,,,6.2,P,,,4.7,P,,,5.3,P,,,7.3,P,,,7.1,P,,,7.1,P,01467200
2026-06-14 00:00:00+00:00,,,24.7,P,,,24.0,P,24.3,P,,,,,287.0,P,,,254.0,P,270.0,P,,,,,6.0,P,,,4.5,P,,,5.1,P,,,7.2,P,,,7.1,P,,,7.1,P,01467200
2026-06-15 00:00:00+00:00,,,24.8,P,,,24.3,P,24.5,"P, [4]",,,,,286.0,P,,,251.0,P,264.0,"P, [4]",,,,,5.7,P,,,4.4,P,,,4.9,"P, [4]",,,7.2,P,,,7.1,P,,,7.1,"P, [4]",01467200
2026-06-16 00:00:00+00:00,,,24.8,P,,,24.2,P,24.5,P,,,,,286.0,P,,,253.0,P,269.0,P,,,,,5.5,P,,,4.2,P,,,4.7,P,,,7.2,P,,,7.0,P,,,7.1,P,01467200
2026-06-17 00:00:00+00:00,,,24.8,P,,,24.3,P,24.5,P,,,,,292.0,P,,,258.0,P,275.0,P,,,,,5.4,P,,,4.2,P,,,4.6,P,,,7.2,P,,,7.0,P,,,7.1,P,01467200
2026-06-18 00:00:00+00:00,,,24.9,P,,,24.5,P,24.6,P,,,,,295.0,P,,,264.0,P,280.0,P,,,,,5.6,P,,,4.3,P,,,4.7,P,,,7.2,P,,,7.0,P,,,7.1,P,01467200
2026-06-19 00:00:00+00:00,,,24.9,P,,,24.4,P,24.6,P,,,,,291.0,P,,,264.0,P,279.0,P,,,,,5.8,P,,,4.6,P,,,5.0,P,,,7.3,P,,,7.1,P,,,7.1,P,01467200
2026-06-20 00:00:00+00:00,,,25.0,P,,,24.3,P,24.5,"P, [4]",,,,,294.0,P,,,269.0,P,282.0,"P, [4]",,,,,5.6,P,,,4.6,P,,,5.0,"P, [4]",,,7.2,P,,,7.1,P,,,7.1,"P, [4]",01467200
2026-06-21 00:00:00+00:00,,,24.9,P,,,24.3,P,24.6,P,,,,,302.0,P,,,271.0,P,289.0,P,,,,,5.6,P,,,4.6,P,,,5.0,P,,,7.2,P,,,7.1,P,,,7.1,P,01467200
2026-06-22 00:00:00+00:00,,,24.9,P,,,24.5,P,24.6,P,,,,,306.0,P,,,277.0,P,293.0,P,,,,,5.7,P,,,4.7,P,,,5.1,P,,,7.2,P,,,7.1,P,,,7.1,P,01467200
2026-06-23 00:00:00+00:00,,,24.7,P,,,24.4,P,,,,,,,300.0,P,,,276.0,P,,,,,,,5.1,P,,,4.2,P,,,,,,,7.2,P,,,7.0,P,,,,,01467200
2026-06-24 00:00:00+00:00,,,24.9,P,,,24.3,P,24.5,P,,,,,303.0,P,,,278.0,P,289.0,P,,,,,4.9,P,,,4.0,P,,,4.3,P,,,7.2,P,,,7.0,P,,,7.1,P,01467200
2026-06-25 00:00:00+00:00,,,25.0,P,,,24.5,P,24.7,P,,,,,312.0,P,,,281.0,P,294.0,P,,,,,5.0,P,,,4.0,P,,,4.3,P,,,7.2,P,,,7.0,P,,,7.1,P,01467200
2026-06-26 00:00:00+00:00,,,25.0,P,,,24.7,P,24.8,P,,,,,311.0,P,,,285.0,P,297.0,P,,,,,4.9,P,,,4.0,P,,,4.3,P,,,7.2,P,,,7.0,P,,,7.1,P,01467200
2026-06-27 00:00:00+00:00,,,25.0,P,,,24.7,P,24.8,"P, [4]",,,,,314.0,P,,,288.0,P,298.0,"P, [4]",,,,,4.7,P,,,3.8,P,,,4.2,"P, [4]",,,7.2,P,,,7.0,P,,,7.1,"P, [4]",01467200
2026-06-28 00:00:00+00:00,,,25.2,P,,,24.7,P,24.9,P,,,,,316.0,P,,,289.0,P,302.0,P,,,,,4.9,P,,,3.7,P,,,4.1,P,,,7.2,P,,,7.0,P,,,7.1,P,01467200
2026-06-29 00:00:00+00:00,,,25.5,P,,,24.8,P,25.1,P,,,,,319.0,P,,,286.0,P,301.0,P,,,,,4.8,P,,,3.6,P,,,4.0,P,,,7.2,P,,,7.0,P,,,7.1,P,01467200
2026-06-30 00:00:00+00:00,,,25.7,P,,,25.2,P,25.4,P,,,,,323.0,P,,,290.0,P,305.0,P,,,,,4.8,P,,,3.6,P,,,4.1,P,,,7.2,P,,,7.0,P,,,7.1,P,01467200
2026-07-02 00:00:00+00:00,,,26.6,P,,,25.8,P,26.2,P,,,,,323.0,P,,,295.0,P,308.0,P,,,,,5.5,P,,,4.2,P,,,4.7,P,,,7.2,P,,,7.0,P,,,7.1,P,01467200
2026-07-03 00:00:00+00:00,,,27.1,P,,,26.4,P,26.7,"P, [4]",,,,,327.0,P,,,298.0,P,312.0,"P, [4]",,,,,5.8,P,,,4.4,P,,,4.9,"P, [4]",,,7.3,P,,,7.1,P,,,7.1,"P, [4]",01467200
2026-07-04 00:00:00+00:00,,,27.6,P,,,26.9,P,27.2,P,,,,,331.0,P,,,298.0,P,315.0,P,,,,,5.8,P,,,4.6,P,,,5.1,P,,,7.3,P,,,7.0,P,,,7.2,P,01467200
2026-07-05 00:00:00+00:00,,,28.1,P,,,27.1,P,27.5,P,,,,,340.0,P,,,276.0,P,317.0,P,,,,,6.1,P,,,4.8,P,,,5.2,P,,,7.3,P,,,7.0,P,,,7.2,P,01467200
2026-07-06 00:00:00+00:00,,,27.6,P,,,26.8,P,27.4,"P, [4]",,,,,345.0,P,,,270.0,P,312.0,"P, [4]",,,,,5.8,P,,,4.8,P,,,5.1,"P, [4]",,,7.3,P,,,6.9,P,,,7.2,"P, [4]",01467200
2026-07-07 00:00:00+00:00,,,27.3,P,,,26.9,P,27.1,"P, [4]",,,,,333.0,P,,,286.0,P,306.0,"P, [4]",,,,,5.1,P,,,4.3,P,,,4.6,"P, [4]",,,7.2,P,,,7.1,P,,,7.2,"P, [4]",01467200
2026-07-08 00:00:00+00:00,,,27.4,P,,,26.7,P,27.0,"P, [4]",,,,,316.0,P,,,33.0,P,296.0,"P, [4]",,,,,5.5,P,,,4.2,P,,,4.6,"P, [4]",,,7.3,P,,,7.0,P,,,7.2,"P, [4]",01467200
2026-07-09 00:00:00+00:00,,,27.1,P,,,26.4,P,27.0,P,,,,,308.0,P,,,238.0,P,293.0,P,,,,,5.8,P,,,4.1,P,,,4.8,P,,,7.3,P,,,7.1,P,,,7.2,P,01467200
2026-07-10 00:00:00+00:00,,,27.3,P,,,26.8,P,27.0,"P, [4]",,,,,304.0,P,,,281.0,P,287.0,"P, [4]",,,,,5.1,P,,,4.0,P,,,4.6,"P, [4]",,,7.3,P,,,7.1,P,,,7.2,"P, [4]",01467200
2026-07-11 00:00:00+00:00,,,27.4,P,,,27.0,P,27.1,P,,,,,301.0,P,,,282.0,P,289.0,P,,,,,4.8,P,,,3.9,P,,,4.4,P,,,7.2,P,,,7.1,P,,,7.2,P,01467200
2026-07-12 00:00:00+00:00,,,27.4,P,,,27.0,P,27.1,P,,,,,301.0,P,,,284.0,P,291.0,P,,,,,4.9,P,,,3.9,P,,,4.3,P,,,7.2,P,,,7.0,P,,,7.1,P,01467200
2026-07-13 00:00:00+00:00,,,27.5,P,,,27.0,P,27.2,P,,,,,305.0,P,,,284.0,P,293.0,P,,,,,5.1,P,,,3.8,P,,,4.3,P,,,7.2,P,,,6.9,P,,,7.1,P,01467200
2026-07-14 00:00:00+00:00,,,27.4,P,,,27.0,P,27.2,P,,,,,306.0,P,,,282.0,P,295.0,P,,,,,5.6,P,,,3.9,P,,,4.5,P,,,7.3,P,,,6.9,P,,,7.2,P,01467200
2026-07-15 00:00:00+00:00,,,27.5,P,,,27.1,P,27.3,"P, [4]",,,,,307.0,P,,,282.0,P,295.0,"P, [4]",,,,,5.6,P,,,4.2,P,,,4.7,"P, [4]",,,7.3,P,,,7.0,P,,,7.2,"P, [4]",01467200
2026-07-16 00:00:00+00:00,,,27.7,P,,,27.4,P,27.5,P,,,,,309.0,P,,,280.0,P,298.0,P,,,,,5.6,P,,,4.2,P,,,4.8,P,,,7.3,P,,,7.1,P,,,7.2,P,01467200
2026-07-17 00:00:00+00:00,,,27.7,P,,,27.3,P,27.5,P,,,,,315.0,P,,,278.0,P,298.0,P,,,,,5.6,P,,,4.3,P,,,4.8,P,,,7.3,P,,,7.1,P,,,7.2,P,01467200
2026-07-18 00:00:00+00:00,,,27.6,P,,,27.3,P,27.4,P,,,,,319.0,P,,,278.0,P,302.0,P,,,,,5.4,P,,,4.3,P,,,4.7,P,,,7.2,P,,,7.0,P,,,7.2,P,01467200
2026-07-19 00:00:00+00:00,,,27.5,P,,,27.1,P,27.3,P,,,,,322.0,P,,,269.0,P,297.0,P,,,,,5.6,P,,,4.3,P,,,4.9,P,,,7.2,P,,,7.0,P,,,7.2,P,01467200
2026-07-20 00:00:00+00:00,,,27.5,P,,,27.0,P,27.2,P,,,,,322.0,P,,,264.0,P,297.0,P,,,,,5.8,P,,,4.4,P,,,5.0,P,,,7.3,P,,,7.0,P,,,7.2,P,01467200
2026-07-21 00:00:00+00:00,,,27.3,P,,,27.0,P,,,,,,,325.0,P,,,269.0,P,,,,,,,5.6,P,,,4.7,P,,,,,,,7.2,P,,,7.1,P,,,,,01467200
2026-07-22 00:00:00+00:00,,,27.2,P,,,26.8,P,27.0,P,,,,,317.0,P,,,262.0,P,292.0,P,,,,,5.6,P,,,4.4,P,,,5.0,P,,,7.2,P,,,7.1,P,,,7.2,P,01467200
2026-07-23 00:00:00+00:00,,,27.2,P,,,26.7,P,26.9,"P, [4]",,,,,312.0,P,,,252.0,P,280.0,"P, [4]",,,,,6.2,P,,,4.8,P,,,5.3,"P, [4]",,,7.3,P,,,7.1,P,,,7.2,"P, [4]",01467200
2026-07-24 00:00:00+00:00,,,27.1,P,,,26.7,P,26.9,P,,,,,315.0,P,,,250.0,P,284.0,P,,,,,6.2,P,,,4.9,P,,,5.5,P,,,7.3,P,,,7.0,P,,,7.2,P,01467200
2026-07-25 00:00:00+00:00,,,27.0,P,,,26.7,P,26.9,"P, [4]",,,,,315.0,P,,,252.0,P,280.0,"P, [4]",,,,,6.3,P,,,5.1,P,,,5.6,"P, [4]",,,7.3,P,,,7.1,P,,,7.2,"P, [4]",01467200
2026-07-26 00:00:00+00:00,,,27.1,P,,,26.7,P,26.9,P,,,,,317.0,P,,,255.0,P,287.0,P,,,,,6.3,P,,,5.3,P,,,5.7,P,,,7.3,P,,,7.1,P,,,7.2,P,01467200
2026-07-28 00:00:00+00:00,,,26.9,P,,,26.7,P,26.8,P,,,,,318.0,P,,,257.0,P,286.0,P,,,,,6.1,P,,,4.7,P,,,5.6,P,,,7.3,P,,,7.1,P,,,7.2,P,01467200
2026-07-29 00:00:00+00:00,,,26.8,P,,,26.6,P,26.7,P,,,,,320.0,P,,,257.0,P,283.0,P,,,,,6.0,P,,,4.7,P,,,5.3,P,,,7.2,P,,,7.1,P,,,7.2,P,01467200
2026-07-30 00:00:00+00:00,,,26.6,P,,,26.4,P,26.5,P,,,,,310.0,P,,,254.0,P,275.0,P,,,,,6.1,P,,,4.4,P,,,5.3,P,,,7.3,P,,,7.1,P,,,7.2,P,01467200
2026-07-31 00:00:00+00:00,,,26.7,P,,,26.3,P,26.5,"P, [4]",,,,,295.0,P,,,254.0,P,270.0,"P, [4]",,,,,6.4,P,,,4.2,P,,,5.4,"P, [4]",,,7.3,P,,,7.1,P,,,7.2,"P, [4]",01467200
2026-08-01 00:00:00+00:00,,,26.7,P,,,26.4,P,26.6,P,,,,,281.0,P,,,259.0,P,266.0,P,,,,,6.2,P,,,4.4,P,,,5.6,P,,,7.4,P,,,7.1,P,,,7.2,P,01467200
2026-08-02 00:00:00+00:00,,,26.8,P,,,26.5,P,26.6,P,,,,,285.0,P,,,261.0,P,269.0,P,,,,,6.1,P,,,4.8,P,,,5.6,P,,,7.3,P,,,7.1,P,,,7.2,P,01467200
2026-08-03 00:00:00+00:00,,,26.7,P,,,26.2,P,26.6,P,,,,,287.0,P,,,245.0,P,265.0,P,,,,,6.0,P,,,4.6,P,,,5.4,P,,,7.3,P,,,7.2,P,,,7.2,P,01467200
2026-08-04 00:00:00+00:00,,,26.8,P,,,26.1,P,26.4,"P, [4]",,,,,274.0,P,,,235.0,P,255.0,"P, [4]",,,,,5.8,P,,,4.5,P,,,5.3,"P, [4]",,,7.3,P,,,7.1,P,,,7.2,"P, [4]",01467200
2026-08-05 00:00:00+00:00,,,26.7,P,,,26.0,P,26.3,P,,,,,274.0,P,,,225.0,P,247.0,P,,,,,5.7,P,,,4.2,P,,,5.1,P,,,7.2,P,,,7.1,P,,,7.2,P,01467200
2026-08-06 00:00:00+00:00,,,26.9,P,,,25.9,P,26.3,P,,,,,264.0,P,,,206.0,P,233.0,P,,,,,5.3,P,,,4.0,P,,,4.8,P,,,7.1,P,,,7.0,P,,,7.1,P,01467200
2026-08-07 00:00:00+00:00,,,27.1,P,,,26.2,P,26.6,P,,,,,258.0,P,,,200.0,P,225.0,P,,,,,5.2,P,,,3.7,P,,,4.7,P,,,7.1,P,,,7.0,P,,,7.1,P,01467200
2026-08-08 00:00:00+00:00,,,27.2,P,,,26.5,P,26.8,P,,,,,253.0,P,,,197.0,P,220.0,P,,,,,5.1,P,,,3.7,P,,,4.6,P,,,7.1,P,,,6.9,P,,,7.0,P,01467200
2026-08-09 00:00:00+00:00,,,27.3,P,,,26.6,P,26.9,P,,,,,242.0,P,,,196.0,P,213.0,P,,,,,5.1,P,,,3.7,P,,,4.5,P,,,7.0,P,,,6.9,P,,,7.0,P,01467200
2026-08-10 00:00:00+00:00,,,27.4,P,,,26.8,P,27.1,P,,,,,241.0,P,,,199.0,P,213.0,P,,,,,5.1,P,,,3.6,P,,,4.5,P,,,7.0,P,,,6.9,P,,,7.0,P,01467200
2026-08-11 00:00:00+00:00,,,27.3,P,,,26.9,P,27.1,P,,,,,236.0,P,,,207.0,P,217.0,P,,,,,5.3,P,,,3.3,P,,,4.5,P,,,7.1,P,,,6.9,P,,,7.0,P,01467200
2026-08-12 00:00:00+00:00,,,27.5,P,,,27.0,P,27.2,P,,,,,232.0,P,,,213.0,P,221.0,P,,,,,5.3,P,,,3.4,P,,,4.5,P,,,7.1,P,,,6.9,P,,,7.0,P,01467200
2026-08-13 00:00:00+00:00,,,27.5,P,,,27.1,P,27.2,P,,,,,235.0,P,,,220.0,P,225.0,P,,,,,5.3,P,,,3.5,P,,,4.5,P,,,7.1,P,,,6.9,P,,,7.0,P,01467200
2026-08-14 00:00:00+00:00,,,27.5,P,,,27.1,P,27.3,P,,,,,239.0,P,,,222.0,P,229.0,P,,,,,5.4,P,,,3.3,P,,,4.6,P,,,7.1,P,,,6.9,P,,,7.0,P,01467200
2026-08-15 00:00:00+00:00,,,27.6,P,,,27.2,P,27.4,P,,,,,242.0,P,,,226.0,P,235.0,P,,,,,5.5,P,,,3.5,P,,,4.7,P,,,7.2,P,,,6.9,P,,,7.0,P,01467200
2026-08-16 00:00:00+00:00,,,27.4,P,,,27.0,P,27.3,P,,,,,251.0,P,,,231.0,P,240.0,P,,,,,5.3,P,,,3.3,P,,,4.6,P,,,7.2,P,,,6.9,P,,,7.0,P,01467200
2026-08-17 00:00:00+00:00,,,27.3,P,,,27.0,P,27.1,P,,,,,254.0,P,,,230.0,P,241.0,P,,,,,5.2,P,,,3.1,P,,,4.3,P,,,7.2,P,,,6.9,P,,,7.0,P,01467200
2026-08-18 00:00:00+00:00,,,27.4,P,,,27.1,P,27.2,P,,,,,253.0,P,,,232.0,P,242.0,P,,,,,4.8,P,,,2.4,P,,,4.1,P,,,7.1,P,,,6.9,P,,,7.0,P,01467200
2026-08-19 00:00:00+00:00,,,27.5,P,,,27.2,P,27.3,"P, [4]",,,,,257.0,P,,,236.0,P,245.0,"P, [4]",,,,,4.7,P,,,2.6,P,,,3.9,"P, [4]",,,7.1,P,,,6.9,P,,,7.0,"P, [4]",01467200
2026-08-20 00:00:00+00:00,,,27.3,P,,,27.0,P,27.2,"P, [4]",,,,,266.0,P,,,236.0,P,247.0,"P, [4]",,,,,4.8,P,,,2.9,P,,,4.0,"P, [4]",,,7.1,P,,,6.9,P,,,7.0,"P, [4]",01467200
2026-08-21 00:00:00+00:00,,,27.1,P,,,26.8,P,26.9,P,,,,,266.0,P,,,236.0,P,246.0,P,,,,,5.1,P,,,3.1,P,,,4.2,P,,,7.2,P,,,6.9,P,,,7.0,P,01467200
2026-08-22 00:00:00+00:00,,,27.0,P,,,26.7,P,26.8,P,,,,,268.0,P,,,237.0,P,248.0,P,,,,,5.2,P,,,2.4,P,,,4.2,P,,,7.2,P,,,6.9,P,,,7.0,P,01467200
2026-08-23 00:00:00+00:00,,,26.8,P,,,26.5,P,26.6,P,,,,,263.0,P,,,238.0,P,248.0,P,,,,,5.2,P,,,2.6,P,,,4.4,P,,,7.2,P,,,7.0,P,,,7.0,P,01467200
2026-08-24 00:00:00+00:00,,,26.7,P,,,26.3,P,26.5,P,,,,,262.0,P,,,241.0,P,248.0,P,,,,,5.2,P,,,2.8,P,,,4.4,P,,,7.2,P,,,7.0,P,,,7.0,P,01467200
2026-08-25 00:00:00+00:00,,,26.5,P,,,26.0,P,26.2,P,,,,,262.0,P,,,241.0,P,250.0,P,,,,,5.4,P,,,2.8,P,,,4.5,P,,,7.2,P,,,7.0,P,,,7.1,P,01467200
2026-08-26 00:00:00+00:00,,,26.4,P,,,25.8,P,26.1,P,,,,,263.0,P,,,244.0,P,252.0,P,,,,,5.5,P,,,3.3,P,,,4.7,P,,,7.2,P,,,7.0,P,,,7.1,P,01467200
2026-08-27 00:00:00+00:00,,,26.3,P,,,25.7,P,26.0,P,,,,,267.0,P,,,246.0,P,256.0,P,,,,,5.4,P,,,3.4,P,,,4.7,P,,,7.2,P,,,7.0,P,,,7.1,P,01467200
2026-08-28 00:00:00+00:00,,,26.0,P,,,25.5,P,25.8,P,,,,,266.0,P,,,247.0,P,255.0,P,,,,,5.5,P,,,2.8,P,,,4.7,P,,,7.2,P,,,7.0,P,,,7.1,P,01467200
2026-08-29 00:00:00+00:00,,,25.9,P,,,25.4,P,25.6,P,,,,,264.0,P,,,247.0,P,256.0,P,,,,,5.8,P,,,3.7,P,,,4.8,P,,,7.2,P,,,7.0,P,,,7.1,P,01467200
2026-08-30 00:00:00+00:00,,,25.8,P,,,25.3,P,25.5,P,,,,,271.0,P,,,252.0,P,260.0,P,,,,,5.6,P,,,3.0,P,,,4.7,P,,,7.2,P,,,7.0,P,,,7.1,P,01467200
2026-08-31 00:00:00+00:00,,,25.8,P,,,25.2,P,25.5,P,,,,,270.0,P,,,251.0,P,260.0,P,,,,,5.8,P,,,2.9,P,,,4.9,P,,,7.2,P,,,7.0,P,,,7.1,P,01467200
2026-09-01 00:00:00+00:00,,,25.8,P,,,25.3,P,25.5,P,,,,,271.0,P,,,253.0,P,262.0,P,,,,,5.6,P,,,3.6,P,,,4.8,P,,,7.2,P,,,7.0,P,,,7.1,P,01467200
2026-09-02 00:00:00+00:00,,,25.7,P,,,25.2,P,25.5,P,,,,,276.0,P,,,23.0,P,261.0,P,,,,,,,,,,,,,,,,,7.2,P,,,7.0,P,,,7.1,P,01467200
2026-09-03 00:00:00+00:00,,,25.7,P,,,25.2,P,25.4,"P, [4]",,,,,276.0,P,,,258.0,P,267.0,"P, [4]",,,,,,,,,,,,,,,,,7.2,P,,,7.0,P,,,7.1,"P, [4]",01467200
2026-09-04 00:00:00+00:00,,,25.8,P,,,25.3,P,25.5,"P, [4]",,,,,276.0,P,,,260.0,P,267.0,"P, [4]",,,,,5.3,P,,,3.9,P,,,4.7,"P, [4]",,,7.2,P,,,7.0,P,,,7.1,"P, [4]",01467200
