OrganizationIdentifier,OrganizationFormalName,ActivityIdentifier,ActivityTypeCode,ActivityMediaName,ActivityMediaSubdivisionName,ActivityStartDate,ActivityStartTime/Time,ActivityStartTime/TimeZoneCode,ActivityEndDate,ActivityEndTime/Time,ActivityEndTime/TimeZoneCode,ActivityDepthHeightMeasure/MeasureValue,ActivityDepthHeightMeasure/MeasureUnitCode,ActivityDepthAltitudeReferencePointText,ActivityTopDepthHeightMeasure/MeasureValue,ActivityTopDepthHeightMeasure/MeasureUnitCode,ActivityBottomDepthHeightMeasure/MeasureValue,ActivityBottomDepthHeightMeasure/MeasureUnitCode,ProjectIdentifier,ActivityConductingOrganizationText,MonitoringLocationIdentifier,ActivityCommentText,SampleAquifer,HydrologicCondition,HydrologicEvent,SampleCollectionMethod/MethodIdentifier,SampleCollectionMethod/MethodIdentifierContext,SampleCollectionMethod/MethodName,SampleCollectionEquipmentName,ResultDetectionConditionText,CharacteristicName,ResultSampleFractionText,ResultMeasureValue,ResultMeasure/MeasureUnitCode,MeasureQualifierCode,ResultStatusIdentifier,StatisticalBaseCode,ResultValueTypeName,ResultWeightBasisText,ResultTimeBasisText,ResultTemperatureBasisText,ResultParticleSizeBasisText,PrecisionValue,ResultCommentText,USGSPCode,ResultDepthHeightMeasure/MeasureValue,ResultDepthHeightMeasure/MeasureUnitCode,ResultDepthAltitudeReferencePointText,SubjectTaxonomicName,SampleTissueAnatomyName,ResultAnalyticalMethod/MethodIdentifier,ResultAnalyticalMethod/MethodIdentifierContext,ResultAnalyticalMethod/MethodName,MethodDescriptionText,LaboratoryName,AnalysisStartDate,ResultLaboratoryCommentText,DetectionQuantitationLimitTypeName,DetectionQuantitationLimitMeasure/MeasureValue,DetectionQuantitationLimitMeasure/MeasureUnitCode,PreparationStartDate,ProviderName
31DELRBC_WQX,Delaware River Basin Commission,31DELRBC_WQX-0508021-018-SPM-003-Water,Sample-Routine,Water,Surface Water,2005-08-23,10:19:00,EDT,,,,,,,,,,,DRBC-BOATRUN,Delaware DNREC Environmental Laboratory,31DELRBC_WQX-892071,,,,,Water Bottle,31DELRBC_WQX,Grab Sample Collected With A Water Bottle,Water Bottle,,Escherichia coli,,38,cfu/100mL,,Final,,Actual,,,,,,,,,,,,,1103.1,USEPA,Escherichia coli in Water by Membrane Filtration Using membrane-Thermotolerant E. coli Agar (mTEC),,Delaware DNREC Environmental Laboratory,2005-08-24,,,,,,STORET
31DELRBC_WQX,Delaware River Basin Commission,31DELRBC_WQX-0509026-018-SPM-003-Water,Sample-Routine,Water,Surface Water,2005-09-28,10:33:00,EDT,,,,,,,,,,,DRBC-BOATRUN,Delaware DNREC Environmental Laboratory,31DELRBC_WQX-892071,,,,,Water Bottle,31DELRBC_WQX,Grab Sample Collected With A Water Bottle,Water Bottle,,Escherichia coli,,56,cfu/100mL,,Final,,Actual,,,,,,,,,,,,,1103.1,USEPA,Escherichia coli in Water by Membrane Filtration Using membrane-Thermotolerant E. coli Agar (mTEC),,Delaware DNREC Environmental Laboratory,2005-09-29,,,,,,STORET
31DELRBC_WQX,Delaware River Basin Commission,31DELRBC_WQX-0505013-018-SPM-003-Water,Sample-Routine,Water,Surface Water,2005-05-23,10:22:00,EDT,,,,,,,,,,,DRBC-BOATRUN,Delaware DNREC Environmental Laboratory,31DELRBC_WQX-892071,,,,,Water Bottle,31DELRBC_WQX,Grab Sample Collected With A Water Bottle,Water Bottle,,Escherichia coli,,14,cfu/100mL,,Final,,Actual,,,,,,,,,,,,,1103.1,USEPA,Escherichia coli in Water by Membrane Filtration Using membrane-Thermotolerant E. coli Agar (mTEC),,Delaware DNREC Environmental Laboratory,2005-05-25,,,,,,STORET
31DELRBC_WQX,Delaware River Basin Commission,31DELRBC_WQX-0506009-018-SPM-003-Water,Sample-Routine,Water,Surface Water,2005-06-13,11:23:00,EDT,,,,,,,,,,,DRBC-BOATRUN,Delaware DNREC Environmental Laboratory,31DELRBC_WQX-892071,,,,,Water Bottle,31DELRBC_WQX,Grab Sample Collected With A Water Bottle,Water Bottle,,Escherichia coli,,350,cfu/100mL,,Final,,Actual,,,,,,,,,,,,,1103.1,USEPA,Escherichia coli in Water by Membrane Filtration Using membrane-Thermotolerant E. coli Agar (mTEC),,Delaware DNREC Environmental Laboratory,2005-06-15,,,,,,STORET
31DELRBC_WQX,Delaware River Basin Commission,31DELRBC_WQX-0510016-017-SPM-003-Water,Sample-Routine,Water,Surface Water,2005-10-31,10:04:00,EST,,,,,,,,,,,DRBC-BOATRUN,Delaware DNREC Environmental Laboratory,31DELRBC_WQX-892065,,,,,Water Bottle,31DELRBC_WQX,Grab Sample Collected With A Water Bottle,Water Bottle,,Escherichia coli,,48,cfu/100mL,,Final,,Actual,,,,,,,,,,,,,1103.1,USEPA,Escherichia coli in Water by Membrane Filtration Using membrane-Thermotolerant E. coli Agar (mTEC),,Delaware DNREC Environmental Laboratory,2005-11-01,,,,,,STORET
31DELRBC_WQX,Delaware River Basin Commission,31DELRBC_WQX-0505006-016-SPM-003-Water,Sample-Routine,Water,Surface Water,2005-05-11,10:04:00,EDT,,,,,,,,,,,DRBC-BOATRUN,Delaware DNREC Environmental Laboratory,31DELRBC_WQX-892065,,,,,Water Bottle,31DELRBC_WQX,Grab Sample Collected With A Water Bottle,Water Bottle,,Escherichia coli,,22,cfu/100mL,,Final,,Actual,,,,,,,,,,,,,1103.1,USEPA,Escherichia coli in Water by Membrane Filtration Using membrane-Thermotolerant E. coli Agar (mTEC),,Delaware DNREC Environmental Laboratory,2005-05-12,,,,,,STORET
31DELRBC_WQX,Delaware River Basin Commission,31DELRBC_WQX-0505013-017-SPM-003-Water,Sample-Routine,Water,Surface Water,2005-05-23,10:16:00,EDT,,,,,,,,,,,DRBC-BOATRUN,Delaware DNREC Environmental Laboratory,31DELRBC_WQX-892065,,,,,Water Bottle,31DELRBC_WQX,Grab Sample Collected With A Water Bottle,Water Bottle,,Escherichia coli,,21,cfu/100mL,,Final,,Actual,,,,,,,,,,,,,1103.1,USEPA,Escherichia coli in Water by Membrane Filtration Using membrane-Thermotolerant E. coli Agar (mTEC),,Delaware DNREC Environmental Laboratory,2005-05-25,,,,,,STORET
31DELRBC_WQX,Delaware River Basin Commission,31DELRBC_WQX-0507009-018-SPM-003-Water,Sample-Routine,Water,Surface Water,2005-07-12,10:17:00,EDT,,,,,,,,,,,DRBC-BOATRUN,Delaware DNREC Environmental Laboratory,31DELRBC_WQX-892071,,,,,Water Bottle,31DELRBC_WQX,Grab Sample Collected With A Water Bottle,Water Bottle,,Escherichia coli,,72,cfu/100mL,,Final,,Actual,,,,,,,,,,,,,1103.1,USEPA,Escherichia coli in Water by Membrane Filtration Using membrane-Thermotolerant E. coli Agar (mTEC),,Delaware DNREC Environmental Laboratory,2005-07-13,,,,,,STORET
31DELRBC_WQX,Delaware River Basin Commission,31DELRBC_WQX-0506019-016-SPM-003-Water,Sample-Routine,Water,Surface Water,2005-06-27,10:12:00,EDT,,,,,,,,,,,DRBC-BOATRUN,Delaware DNREC Environmental Laboratory,31DELRBC_WQX-892065,,,,,Water Bottle,31DELRBC_WQX,Grab Sample Collected With A Water Bottle,Water Bottle,,Escherichia coli,,36,cfu/100mL,,Final,,Actual,,,,,,,,,,,,,1103.1,USEPA,Escherichia coli in Water by Membrane Filtration Using membrane-Thermotolerant E. coli Agar (mTEC),,Delaware DNREC Environmental Laboratory,2005-06-28,,,,,,STORET
31DELRBC_WQX,Delaware River Basin Commission,31DELRBC_WQX-0506009-017-SPM-003-Water,Sample-Routine,Water,Surface Water,2005-06-13,11:27:00,EDT,,,,,,,,,,,DRBC-BOATRUN,Delaware DNREC Environmental Laboratory,31DELRBC_WQX-892065,,,,,Water Bottle,31DELRBC_WQX,Grab Sample Collected With A Water Bottle,Water Bottle,,Escherichia coli,,80,cfu/100mL,,Final,,Actual,,,,,,,,,,,,,1103.1,USEPA,Escherichia coli in Water by Membrane Filtration Using membrane-Thermotolerant E. coli Agar (mTEC),,Delaware DNREC Environmental Laboratory,2005-06-15,,,,,,STORET
31DELRBC_WQX,Delaware River Basin Commission,31DELRBC_WQX-0504012-017-SPM-003-Water,Quality Control Sample-Field Replicate,Water,Surface Water,2005-04-19,10:07:00,EDT,,,,,,,,,,,DRBC-BOATRUN,Delaware DNREC Environmental Laboratory,31DELRBC_WQX-892065,,,,,Water Bottle,31DELRBC_WQX,Grab Sample Collected With A Water Bottle,Water Bottle,,Escherichia coli,,18,cfu/100mL,,Final,,Actual,,,,,,,,,,,,,1103.1,USEPA,Escherichia coli in Water by Membrane Filtration Using membrane-Thermotolerant E. coli Agar (mTEC),,Delaware DNREC Environmental Laboratory,2005-04-20,,,,,,STORET
31DELRBC_WQX,Delaware River Basin Commission,31DELRBC_WQX-0503023-017-SPM-003-Water,Sample-Routine,Water,Surface Water,2005-04-05,10:29:00,EDT,,,,,,,,,,,DRBC-BOATRUN,Delaware DNREC Environmental Laboratory,31DELRBC_WQX-892071,,,,,Water Bottle,31DELRBC_WQX,Grab Sample Collected With A Water Bottle,Water Bottle,,Escherichia coli,,130,cfu/100mL,,Final,,Actual,,,,,,,,,,,,,1103.1,USEPA,Escherichia coli in Water by Membrane Filtration Using membrane-Thermotolerant E. coli Agar (mTEC),,Delaware DNREC Environmental Laboratory,2005-04-06,,,,,,STORET
31DELRBC_WQX,Delaware River Basin Commission,31DELRBC_WQX-0504012-018-SPM-003-Water,Sample-Routine,Water,Surface Water,2005-04-19,10:31:00,EDT,,,,,,,,,,,DRBC-BOATRUN,Delaware DNREC Environmental Laboratory,31DELRBC_WQX-892071,,,,,Water Bottle,31DELRBC_WQX,Grab Sample Collected With A Water Bottle,Water Bottle,,Escherichia coli,,40,cfu/100mL,,Final,,Actual,,,,,,,,,,,,,1103.1,USEPA,Escherichia coli in Water by Membrane Filtration Using membrane-Thermotolerant E. coli Agar (mTEC),,Delaware DNREC Environmental Laboratory,2005-04-20,,,,,,STORET
31DELRBC_WQX,Delaware River Basin Commission,31DELRBC_WQX-0507050-018-SPM-003-Water,Sample-Routine,Water,Surface Water,2005-08-01,10:14:00,EDT,,,,,,,,,,,DRBC-BOATRUN,Delaware DNREC Environmental Laboratory,31DELRBC_WQX-892071,,,,,Water Bottle,31DELRBC_WQX,Grab Sample Collected With A Water Bottle,Water Bottle,,Escherichia coli,,48,cfu/100mL,,Final,,Actual,,,,,,,,,,,,,1103.1,USEPA,Escherichia coli in Water by Membrane Filtration Using membrane-Thermotolerant E. coli Agar (mTEC),,Delaware DNREC Environmental Laboratory,2005-08-02,,,,,,STORET
31DELRBC_WQX,Delaware River Basin Commission,31DELRBC_WQX-0509004-018-SPM-003-Water,Sample-Routine,Water,Surface Water,2005-09-12,10:44:00,EDT,,,,,,,,,,,DRBC-BOATRUN,Delaware DNREC Environmental Laboratory,31DELRBC_WQX-892071,,,,,Water Bottle,31DELRBC_WQX,Grab Sample Collected With A Water Bottle,Water Bottle,,Escherichia coli,,18,cfu/100mL,,Final,,Actual,,,,,,,,,,,,,1103.1,USEPA,Escherichia coli in Water by Membrane Filtration Using membrane-Thermotolerant E. coli Agar (mTEC),,Delaware DNREC Environmental Laboratory,2005-09-13,,,,,,STORET
31DELRBC_WQX,Delaware River Basin Commission,31DELRBC_WQX-0504012-016-SPM-003-Water,Sample-Routine,Water,Surface Water,2005-04-19,10:07:00,EDT,,,,,,,,,,,DRBC-BOATRUN,Delaware DNREC Environmental Laboratory,31DELRBC_WQX-892065,,,,,Water Bottle,31DELRBC_WQX,Grab Sample Collected With A Water Bottle,Water Bottle,,Escherichia coli,,19,cfu/100mL,,Final,,Actual,,,,,,,,,,,,,1103.1,USEPA,Escherichia coli in Water by Membrane Filtration Using membrane-Thermotolerant E. coli Agar (mTEC),,Delaware DNREC Environmental Laboratory,2005-04-20,,,,,,STORET
31DELRBC_WQX,Delaware River Basin Commission,31DELRBC_WQX-0506019-017-SPM-003-Water,Sample-Routine,Water,Surface Water,2005-06-27,10:27:00,EDT,,,,,,,,,,,DRBC-BOATRUN,Delaware DNREC Environmental Laboratory,31DELRBC_WQX-892071,,,,,Water Bottle,31DELRBC_WQX,Grab Sample Collected With A Water Bottle,Water Bottle,,Escherichia coli,,48,cfu/100mL,,Final,,Actual,,,,,,,,,,,,,1103.1,USEPA,Escherichia coli in Water by Membrane Filtration Using membrane-Thermotolerant E. coli Agar (mTEC),,Delaware DNREC Environmental Laboratory,2005-06-28,,,,,,STORET
31DELRBC_WQX,Delaware River Basin Commission,31DELRBC_WQX-0508021-017-SPM-003-Water,Sample-Routine,Water,Surface Water,2005-08-23,10:03:00,EDT,,,,,,,,,,,DRBC-BOATRUN,Delaware DNREC Environmental Laboratory,31DELRBC_WQX-892065,,,,,Water Bottle,31DELRBC_WQX,Grab Sample Collected With A Water Bottle,Water Bottle,,Escherichia coli,,113,cfu/100mL,,Final,,Actual,,,,,,,,,,,,,1103.1,USEPA,Escherichia coli in Water by Membrane Filtration Using membrane-Thermotolerant E. coli Agar (mTEC),,Delaware DNREC Environmental Laboratory,2005-08-24,,,,,,STORET
31DELRBC_WQX,Delaware River Basin Commission,31DELRBC_WQX-0509026-017-SPM-003-Water,Sample-Routine,Water,Surface Water,2005-09-28,10:22:00,EDT,,,,,,,,,,,DRBC-BOATRUN,Delaware DNREC Environmental Laboratory,31DELRBC_WQX-892065,,,,,Water Bottle,31DELRBC_WQX,Grab Sample Collected With A Water Bottle,Water Bottle,,Escherichia coli,,15,cfu/100mL,,Final,,Actual,,,,,,,,,,,,,1103.1,USEPA,Escherichia coli in Water by Membrane Filtration Using membrane-Thermotolerant E. coli Agar (mTEC),,Delaware DNREC Environmental Laboratory,2005-09-29,,,,,,STORET
31DELRBC_WQX,Delaware River Basin Commission,31DELRBC_WQX-0505006-017-SPM-003-Water,Sample-Routine,Water,Surface Water,2005-05-11,10:19:00,EDT,,,,,,,,,,,DRBC-BOATRUN,Delaware DNREC Environmental Laboratory,31DELRBC_WQX-892071,,,,,Water Bottle,31DELRBC_WQX,Grab Sample Collected With A Water Bottle,Water Bottle,,Escherichia coli,,120,cfu/100mL,,Final,,Actual,,,,,,,,,,,,,1103.1,USEPA,Escherichia coli in Water by Membrane Filtration Using membrane-Thermotolerant E. coli Agar (mTEC),,Delaware DNREC Environmental Laboratory,2005-05-12,,,,,,STORET
31DELRBC_WQX,Delaware River Basin Commission,31DELRBC_WQX-0507050-017-SPM-003-Water,Sample-Routine,Water,Surface Water,2005-08-01,10:00:00,EDT,,,,,,,,,,,DRBC-BOATRUN,Delaware DNREC Environmental Laboratory,31DELRBC_WQX-892065,,,,,Water Bottle,31DELRBC_WQX,Grab Sample Collected With A Water Bottle,Water Bottle,,Escherichia coli,,37,cfu/100mL,,Final,,Actual,,,,,,,,,,,,,1103.1,USEPA,Escherichia coli in Water by Membrane Filtration Using membrane-Thermotolerant E. coli Agar (mTEC),,Delaware DNREC Environmental Laboratory,2005-08-02,,,,,,STORET
31DELRBC_WQX,Delaware River Basin Commission,31DELRBC_WQX-0503023-016-SPM-003-Water,Sample-Routine,Water,Surface Water,2005-04-05,10:16:00,EDT,,,,,,,,,,,DRBC-BOATRUN,Delaware DNREC Environmental Laboratory,31DELRBC_WQX-892065,,,,,Water Bottle,31DELRBC_WQX,Grab Sample Collected With A Water Bottle,Water Bottle,,Escherichia coli,,750,cfu/100mL,,Final,,Actual,,,,,,,,,,,,,1103.1,USEPA,Escherichia coli in Water by Membrane Filtration Using membrane-Thermotolerant E. coli Agar (mTEC),,Delaware DNREC Environmental Laboratory,2005-04-06,,,,,,STORET
31DELRBC_WQX,Delaware River Basin Commission,31DELRBC_WQX-0509004-017-SPM-003-Water,Sample-Routine,Water,Surface Water,2005-09-12,10:36:00,EDT,,,,,,,,,,,DRBC-BOATRUN,Delaware DNREC Environmental Laboratory,31DELRBC_WQX-892065,,,,,Water Bottle,31DELRBC_WQX,Grab Sample Collected With A Water Bottle,Water Bottle,,Escherichia coli,,36,cfu/100mL,,Final,,Actual,,,,,,,,,,,,,1103.1,USEPA,Escherichia coli in Water by Membrane Filtration Using membrane-Thermotolerant E. coli Agar (mTEC),,Delaware DNREC Environmental Laboratory,2005-09-13,,,,,,STORET
31DELRBC_WQX,Delaware River Basin Commission,31DELRBC_WQX-0507009-017-SPM-003-Water,Sample-Routine,Water,Surface Water,2005-07-12,10:02:00,EDT,,,,,,,,,,,DRBC-BOATRUN,Delaware DNREC Environmental Laboratory,31DELRBC_WQX-892065,,,,,Water Bottle,31DELRBC_WQX,Grab Sample Collected With A Water Bottle,Water Bottle,,Escherichia coli,,36,cfu/100mL,,Final,,Actual,,,,,,,,,,,,,1103.1,USEPA,Escherichia coli in Water by Membrane Filtration Using membrane-Thermotolerant E. coli Agar (mTEC),,Delaware DNREC Environmental Laboratory,2005-07-13,,,,,,STORET
31DELRBC_WQX,Delaware River Basin Commission,31DELRBC_WQX-0510016-018-SPM-003-Water,Sample-Routine,Water,Surface Water,2005-10-31,10:17:00,EST,,,,,,,,,,,DRBC-BOATRUN,Delaware DNREC Environmental Laboratory,31DELRBC_WQX-892071,,,,,Water Bottle,31DELRBC_WQX,Grab Sample Collected With A Water Bottle,Water Bottle,,Escherichia coli,,117,cfu/100mL,,Final,,Actual,,,,,,,,,,,,,1103.1,USEPA,Escherichia coli in Water by Membrane Filtration Using membrane-Thermotolerant E. coli Agar (mTEC),,Delaware DNREC Environmental Laboratory,2005-11-01,,,,,,STORET
31DELRBC_WQX,Delaware River Basin Commission,31DELRBC_WQX-0607008-017-SPM-003-Water,Sample-Routine,Water,Surface Water,2006-07-10,10:27:00,EDT,,,,,,,,,,,DRBC-BOATRUN,Delaware DNREC Environmental Laboratory,31DELRBC_WQX-892071,,,,,Water Bottle,31DELRBC_WQX,Grab Sample Collected With A Water Bottle,Water Bottle,,Escherichia coli,,107,cfu/100mL,,Final,,Actual,,,,,,,,,,,,,1103.1,USEPA,Escherichia coli in Water by Membrane Filtration Using membrane-Thermotolerant E. coli Agar (mTEC),,Delaware DNREC Environmental Laboratory,2006-07-12,,,,,,STORET
31DELRBC_WQX,Delaware River Basin Commission,31DELRBC_WQX-0606016-017-SPM-003-Water,Sample-Routine,Water,Surface Water,2006-06-14,10:31:00,EDT,,,,,,,,,,,DRBC-BOATRUN,Delaware DNREC Environmental Laboratory,31DELRBC_WQX-892065,,,,,Water Bottle,31DELRBC_WQX,Grab Sample Collected With A Water Bottle,Water Bottle,,Escherichia coli,,26,cfu/100mL,,Final,,Actual,,,,,,,,,,,,,1103.1,USEPA,Escherichia coli in Water by Membrane Filtration Using membrane-Thermotolerant E. coli Agar (mTEC),,Delaware DNREC Environmental Laboratory,2006-06-15,,,,,,STORET
31DELRBC_WQX,Delaware River Basin Commission,31DELRBC_WQX-0608038-018-SPM-003-Water,Sample-Routine,Water,Surface Water,2006-08-28,10:49:00,EDT,,,,,,,,,,,DRBC-BOATRUN,Delaware DNREC Environmental Laboratory,31DELRBC_WQX-892071,,,,,Water Bottle,31DELRBC_WQX,Grab Sample Collected With A Water Bottle,Water Bottle,,Escherichia coli,,173,cfu/100mL,,Final,,Actual,,,,,,,,,,,,,1103.1,USEPA,Escherichia coli in Water by Membrane Filtration Using membrane-Thermotolerant E. coli Agar (mTEC),,Delaware DNREC Environmental Laboratory,2006-08-29,,,,,,STORET
31DELRBC_WQX,Delaware River Basin Commission,31DELRBC_WQX-0603022-017-SPM-003-Water,Sample-Routine,Water,Surface Water,2006-03-13,11:31:00,EST,,,,,,,,,,,DRBC-BOATRUN,Delaware DNREC Environmental Laboratory,31DELRBC_WQX-892065,,,,,Water Bottle,31DELRBC_WQX,Grab Sample Collected With A Water Bottle,Water Bottle,,Escherichia coli,,35,cfu/100mL,,Final,,Actual,,,,,,,,,,,,,1103.1,USEPA,Escherichia coli in Water by Membrane Filtration Using membrane-Thermotolerant E. coli Agar (mTEC),,Delaware DNREC Environmental Laboratory,2006-03-14,,,,,,STORET
31DELRBC_WQX,Delaware River Basin Commission,31DELRBC_WQX-0608038-017-SPM-003-Water,Sample-Routine,Water,Surface Water,2006-08-28,10:35:00,EDT,,,,,,,,,,,DRBC-BOATRUN,Delaware DNREC Environmental Laboratory,31DELRBC_WQX-892065,,,,,Water Bottle,31DELRBC_WQX,Grab Sample Collected With A Water Bottle,Water Bottle,Present Above Quantification Limit,Escherichia coli,,,cfu/100mL,,Final,,Actual,,,,,,,,,,,,,1103.1,USEPA,Escherichia coli in Water by Membrane Filtration Using membrane-Thermotolerant E. coli Agar (mTEC),,Delaware DNREC Environmental Laboratory,2006-08-29,,Upper Quantitation Limit,600,cfu/100mL,,STORET
31DELRBC_WQX,Delaware River Basin Commission,31DELRBC_WQX-0605006-016-SPM-003-Water,Sample-Routine,Water,Surface Water,2006-05-10,10:00:00,EDT,,,,,,,,,,,DRBC-BOATRUN,Delaware DNREC Environmental Laboratory,31DELRBC_WQX-892065,,,,,Water Bottle,31DELRBC_WQX,Grab Sample Collected With A Water Bottle,Water Bottle,,Escherichia coli,,16,cfu/100mL,,Final,,Actual,,,,,,,,,,,,,1103.1,USEPA,Escherichia coli in Water by Membrane Filtration Using membrane-Thermotolerant E. coli Agar (mTEC),,Delaware DNREC Environmental Laboratory,2006-05-11,,,,,,STORET
31DELRBC_WQX,Delaware River Basin Commission,31DELRBC_WQX-0603035-018-SPM-003-Water,Sample-Routine,Water,Surface Water,2006-04-03,10:42:00,EDT,,,,,,,,,,,DRBC-BOATRUN,Delaware DNREC Environmental Laboratory,31DELRBC_WQX-892071,,,,,Water Bottle,31DELRBC_WQX,Grab Sample Collected With A Water Bottle,Water Bottle,,Escherichia coli,,100,cfu/100mL,,Final,,Actual,,,,,,,,,,,,,1103.1,USEPA,Escherichia coli in Water by Membrane Filtration Using membrane-Thermotolerant E. coli Agar (mTEC),,Delaware DNREC Environmental Laboratory,2006-04-04,,,,,,STORET
31DELRBC_WQX,Delaware River Basin Commission,31DELRBC_WQX-0608062-017-SPM-003-Water,Sample-Routine,Water,Surface Water,2006-09-05,10:18:00,EDT,,,,,,,,,,,DRBC-BOATRUN,Delaware DNREC Environmental Laboratory,31DELRBC_WQX-892065,,,,,Water Bottle,31DELRBC_WQX,Grab Sample Collected With A Water Bottle,Water Bottle,,Escherichia coli,,260,cfu/100mL,,Final,,Actual,,,,,,,,,,,,,1103.1,USEPA,Escherichia coli in Water by Membrane Filtration Using membrane-Thermotolerant E. coli Agar (mTEC),,Delaware DNREC Environmental Laboratory,2006-09-06,,,,,,STORET
31DELRBC_WQX,Delaware River Basin Commission,31DELRBC_WQX-0608062-018-SPM-003-Water,Sample-Routine,Water,Surface Water,2006-09-05,10:32:00,EDT,,,,,,,,,,,DRBC-BOATRUN,Delaware DNREC Environmental Laboratory,31DELRBC_WQX-892071,,,,,Water Bottle,31DELRBC_WQX,Grab Sample Collected With A Water Bottle,Water Bottle,,Escherichia coli,,570,cfu/100mL,,Final,,Actual,,,,,,,,,,,,,1103.1,USEPA,Escherichia coli in Water by Membrane Filtration Using membrane-Thermotolerant E. coli Agar (mTEC),,Delaware DNREC Environmental Laboratory,2006-09-06,,,,,,STORET
31DELRBC_WQX,Delaware River Basin Commission,31DELRBC_WQX-0604017-018-SPM-003-Water,Sample-Routine,Water,Surface Water,2006-04-24,10:34:00,EDT,,,,,,,,,,,DRBC-BOATRUN,Delaware DNREC Environmental Laboratory,31DELRBC_WQX-892071,,,,,Water Bottle,31DELRBC_WQX,Grab Sample Collected With A Water Bottle,Water Bottle,,Escherichia coli,,440,cfu/100mL,,Final,,Actual,,,,,,,,,,,,,1103.1,USEPA,Escherichia coli in Water by Membrane Filtration Using membrane-Thermotolerant E. coli Agar (mTEC),,Delaware DNREC Environmental Laboratory,2006-04-25,,,,,,STORET
31DELRBC_WQX,Delaware River Basin Commission,31DELRBC_WQX-0604017-017-SPM-003-Water,Sample-Routine,Water,Surface Water,2006-04-24,10:18:00,EDT,,,,,,,,,,,DRBC-BOATRUN,Delaware DNREC Environmental Laboratory,31DELRBC_WQX-892065,,,,,Water Bottle,31DELRBC_WQX,Grab Sample Collected With A Water Bottle,Water Bottle,,Escherichia coli,,320,cfu/100mL,,Final,,Actual,,,,,,,,,,,,,1103.1,USEPA,Escherichia coli in Water by Membrane Filtration Using membrane-Thermotolerant E. coli Agar (mTEC),,Delaware DNREC Environmental Laboratory,2006-04-25,,,,,,STORET
31DELRBC_WQX,Delaware River Basin Commission,31DELRBC_WQX-0605006-017-SPM-003-Water,Sample-Routine,Water,Surface Water,2006-05-10,10:14:00,EDT,,,,,,,,,,,DRBC-BOATRUN,Delaware DNREC Environmental Laboratory,31DELRBC_WQX-892071,,,,,Water Bottle,31DELRBC_WQX,Grab Sample Collected With A Water Bottle,Water Bottle,,Escherichia coli,,22,cfu/100mL,,Final,,Actual,,,,,,,,,,,,,1103.1,USEPA,Escherichia coli in Water by Membrane Filtration Using membrane-Thermotolerant E. coli Agar (mTEC),,Delaware DNREC Environmental Laboratory,2006-05-11,,,,,,STORET
31DELRBC_WQX,Delaware River Basin Commission,31DELRBC_WQX-0605023-018-SPM-003-Water,Sample-Routine,Water,Surface Water,2006-05-30,10:37:00,EDT,,,,,,,,,,,DRBC-BOATRUN,Delaware DNREC Environmental Laboratory,31DELRBC_WQX-892071,,,,,Water Bottle,31DELRBC_WQX,Grab Sample Collected With A Water Bottle,Water Bottle,,Escherichia coli,,35,cfu/100mL,,Final,,Actual,,,,,,,,,,,,,1103.1,USEPA,Escherichia coli in Water by Membrane Filtration Using membrane-Thermotolerant E. coli Agar (mTEC),,Delaware DNREC Environmental Laboratory,2006-05-31,,,,,,STORET
31DELRBC_WQX,Delaware River Basin Commission,31DELRBC_WQX-0607008-016-SPM-003-Water,Sample-Routine,Water,Surface Water,2006-07-10,10:12:00,EDT,,,,,,,,,,,DRBC-BOATRUN,Delaware DNREC Environmental Laboratory,31DELRBC_WQX-892065,,,,,Water Bottle,31DELRBC_WQX,Grab Sample Collected With A Water Bottle,Water Bottle,,Escherichia coli,,200,cfu/100mL,,Final,,Actual,,,,,,,,,,,,,1103.1,USEPA,Escherichia coli in Water by Membrane Filtration Using membrane-Thermotolerant E. coli Agar (mTEC),,Delaware DNREC Environmental Laboratory,2006-07-12,,,,,,STORET
31DELRBC_WQX,Delaware River Basin Commission,31DELRBC_WQX-0606016-018-SPM-003-Water,Sample-Routine,Water,Surface Water,2006-06-14,10:46:00,EDT,,,,,,,,,,,DRBC-BOATRUN,Delaware DNREC Environmental Laboratory,31DELRBC_WQX-892071,,,,,Water Bottle,31DELRBC_WQX,Grab Sample Collected With A Water Bottle,Water Bottle,,Escherichia coli,,87,cfu/100mL,,Final,,Actual,,,,,,,,,,,,,1103.1,USEPA,Escherichia coli in Water by Membrane Filtration Using membrane-Thermotolerant E. coli Agar (mTEC),,Delaware DNREC Environmental Laboratory,2006-06-15,,,,,,STORET
31DELRBC_WQX,Delaware River Basin Commission,31DELRBC_WQX-0603022-018-SPM-003-Water,Sample-Routine,Water,Surface Water,2006-03-13,11:45:00,EST,,,,,,,,,,,DRBC-BOATRUN,Delaware DNREC Environmental Laboratory,31DELRBC_WQX-892071,,,,,Water Bottle,31DELRBC_WQX,Grab Sample Collected With A Water Bottle,Water Bottle,,Escherichia coli,,320,cfu/100mL,,Final,,Actual,,,,,,,,,,,,,1103.1,USEPA,Escherichia coli in Water by Membrane Filtration Using membrane-Thermotolerant E. coli Agar (mTEC),,Delaware DNREC Environmental Laboratory,2006-03-14,,,,,,STORET
31DELRBC_WQX,Delaware River Basin Commission,31DELRBC_WQX-0608007-017-SPM-003-Water,Sample-Routine,Water,Surface Water,2006-08-07,10:19:00,EDT,,,,,,,,,,,DRBC-BOATRUN,Delaware DNREC Environmental Laboratory,31DELRBC_WQX-892071,,,,,Water Bottle,31DELRBC_WQX,Grab Sample Collected With A Water Bottle,Water Bottle,,Escherichia coli,,48,cfu/100mL,,Final,,Actual,,,,,,,,,,,,,1103.1,USEPA,Escherichia coli in Water by Membrane Filtration Using membrane-Thermotolerant E. coli Agar (mTEC),,Delaware DNREC Environmental Laboratory,2006-08-08,,,,,,STORET
31DELRBC_WQX,Delaware River Basin Commission,31DELRBC_WQX-0603035-017-SPM-003-Water,Sample-Routine,Water,Surface Water,2006-04-03,10:27:00,EDT,,,,,,,,,,,DRBC-BOATRUN,Delaware DNREC Environmental Laboratory,31DELRBC_WQX-892065,,,,,Water Bottle,31DELRBC_WQX,Grab Sample Collected With A Water Bottle,Water Bottle,,Escherichia coli,,12,cfu/100mL,,Final,,Actual,,,,,,,,,,,,,1103.1,USEPA,Escherichia coli in Water by Membrane Filtration Using membrane-Thermotolerant E. coli Agar (mTEC),,Delaware DNREC Environmental Laboratory,2006-04-04,,,,,,STORET
31DELRBC_WQX,Delaware River Basin Commission,31DELRBC_WQX-0609032-017-SPM-003-Water,Sample-Routine,Water,Surface Water,2006-09-27,10:30:00,EDT,,,,,,,,,,,DRBC-BOATRUN,Delaware DNREC Environmental Laboratory,31DELRBC_WQX-892065,,,,,Water Bottle,31DELRBC_WQX,Grab Sample Collected With A Water Bottle,Water Bottle,,Escherichia coli,,83,cfu/100mL,,Final,,Actual,,,,,,,,,,,,,1103.1,USEPA,Escherichia coli in Water by Membrane Filtration Using membrane-Thermotolerant E. coli Agar (mTEC),,Delaware DNREC Environmental Laboratory,2006-09-28,,,,,,STORET
31DELRBC_WQX,Delaware River Basin Commission,31DELRBC_WQX-0610013-018-SPM-003-Water,Sample-Routine,Water,Surface Water,2006-10-11,11:01:00,EDT,,,,,,,,,,,DRBC-BOATRUN,Delaware DNREC Environmental Laboratory,31DELRBC_WQX-892071,,,,,Water Bottle,31DELRBC_WQX,Grab Sample Collected With A Water Bottle,Water Bottle,,Escherichia coli,,42,cfu/100mL,,Final,,Actual,,,,,,,,,,,,,1103.1,USEPA,Escherichia coli in Water by Membrane Filtration Using membrane-Thermotolerant E. coli Agar (mTEC),,Delaware DNREC Environmental Laboratory,2006-10-12,,,,,,STORET
31DELRBC_WQX,Delaware River Basin Commission,31DELRBC_WQX-0610013-017-SPM-003-Water,Sample-Routine,Water,Surface Water,2006-10-11,10:45:00,EDT,,,,,,,,,,,DRBC-BOATRUN,Delaware DNREC Environmental Laboratory,31DELRBC_WQX-892065,,,,,Water Bottle,31DELRBC_WQX,Grab Sample Collected With A Water Bottle,Water Bottle,,Escherichia coli,,17,cfu/100mL,,Final,,Actual,,,,,,,,,,,,,1103.1,USEPA,Escherichia coli in Water by Membrane Filtration Using membrane-Thermotolerant E. coli Agar (mTEC),,Delaware DNREC Environmental Laboratory,2006-10-12,,,,,,STORET
31DELRBC_WQX,Delaware River Basin Commission,31DELRBC_WQX-0609032-018-SPM-003-Water,Sample-Routine,Water,Surface Water,2006-09-27,10:47:00,EDT,,,,,,,,,,,DRBC-BOATRUN,Delaware DNREC Environmental Laboratory,31DELRBC_WQX-892071,,,,,Water Bottle,31DELRBC_WQX,Grab Sample Collected With A Water Bottle,Water Bottle,,Escherichia coli,,97,cfu/100mL,,Final,,Actual,,,,,,,,,,,,,1103.1,USEPA,Escherichia coli in Water by Membrane Filtration Using membrane-Thermotolerant E. coli Agar (mTEC),,Delaware DNREC Environmental Laboratory,2006-09-28,,,,,,STORET
31DELRBC_WQX,Delaware River Basin Commission,31DELRBC_WQX-0608007-016-SPM-003-Water,Sample-Routine,Water,Surface Water,2006-08-07,10:06:00,EDT,,,,,,,,,,,DRBC-BOATRUN,Delaware DNREC Environmental Laboratory,31DELRBC_WQX-892065,,,,,Water Bottle,31DELRBC_WQX,Grab Sample Collected With A Water Bottle,Water Bottle,,Escherichia coli,,1,cfu/100mL,,Final,,Actual,,,,,,,,,,,,,1103.1,USEPA,Escherichia coli in Water by Membrane Filtration Using membrane-Thermotolerant E. coli Agar (mTEC),,Delaware DNREC Environmental Laboratory,2006-08-08,,,,,,STORET
31DELRBC_WQX,Delaware River Basin Commission,31DELRBC_WQX-0605023-017-SPM-003-Water,Sample-Routine,Water,Surface Water,2006-05-30,10:21:00,EDT,,,,,,,,,,,DRBC-BOATRUN,Delaware DNREC Environmental Laboratory,31DELRBC_WQX-892065,,,,,Water Bottle,31DELRBC_WQX,Grab Sample Collected With A Water Bottle,Water Bottle,,Escherichia coli,,19,cfu/100mL,,Final,,Actual,,,,,,,,,,,,,1103.1,USEPA,Escherichia coli in Water by Membrane Filtration Using membrane-Thermotolerant E. coli Agar (mTEC),,Delaware DNREC Environmental Laboratory,2006-05-31,,,,,,STORET
31DELRBC_WQX,Delaware River Basin Commission,31DELRBC_WQX-0707062-017-SPM-003-Water,Sample-Routine,Water,Surface Water,2007-08-01,10:22:00,EDT,,,,,,,,,,,DRBC-BOATRUN,Delaware DNREC Environmental Laboratory,31DELRBC_WQX-892065,,,,,Water Bottle,31DELRBC_WQX,Grab Sample Collected With A Water Bottle,Water Bottle,,Escherichia coli,,160,cfu/100mL,,Final,,Actual,,,,,,,,,,,,,1103.1,USEPA,Escherichia coli in Water by Membrane Filtration Using membrane-Thermotolerant E. coli Agar (mTEC),,Delaware DNREC Environmental Laboratory,2007-08-02,,,,,,STORET
31DELRBC_WQX,Delaware River Basin Commission,31DELRBC_WQX-0707012-016-SPM-003-Water,Sample-Routine,Water,Surface Water,2007-07-11,10:09:00,EDT,,,,,,,,,,,DRBC-BOATRUN,Delaware DNREC Environmental Laboratory,31DELRBC_WQX-892065,,,,,Water Bottle,31DELRBC_WQX,Grab Sample Collected With A Water Bottle,Water Bottle,,Escherichia coli,,14,cfu/100mL,,Final,,Actual,,,,,,,,,,,,,1103.1,USEPA,Escherichia coli in Water by Membrane Filtration Using membrane-Thermotolerant E. coli Agar (mTEC),,Delaware DNREC Environmental Laboratory,2007-07-12,,,,,,STORET
31DELRBC_WQX,Delaware River Basin Commission,31DELRBC_WQX-0705010-016-SPM-003-Water,Sample-Routine,Water,Surface Water,2007-05-08,10:23:00,EDT,,,,,,,,,,,DRBC-BOATRUN,Delaware DNREC Environmental Laboratory,31DELRBC_WQX-892065,,,,,Water Bottle,31DELRBC_WQX,Grab Sample Collected With A Water Bottle,Water Bottle,,Escherichia coli,,32,cfu/100mL,,Final,,Actual,,,,,,,,,,,,,1103.1,USEPA,Escherichia coli in Water by Membrane Filtration Using membrane-Thermotolerant E. coli Agar (mTEC),,Delaware DNREC Environmental Laboratory,2007-05-09,,,,,,STORET
31DELRBC_WQX,Delaware River Basin Commission,31DELRBC_WQX-0705034-018-SPM-003-Water,Sample-Routine,Water,Surface Water,2007-05-29,10:32:00,EDT,,,,,,,,,,,DRBC-BOATRUN,Delaware DNREC Environmental Laboratory,31DELRBC_WQX-892071,,,,,Water Bottle,31DELRBC_WQX,Grab Sample Collected With A Water Bottle,Water Bottle,,Escherichia coli,,500,cfu/100mL,,Final,,Actual,,,,,,,,,,,,,1103.1,USEPA,Escherichia coli in Water by Membrane Filtration Using membrane-Thermotolerant E. coli Agar (mTEC),,Delaware DNREC Environmental Laboratory,2007-05-30,,,,,,STORET
31DELRBC_WQX,Delaware River Basin Commission,31DELRBC_WQX-0710008-017-SPM-003-Water,Sample-Routine,Water,Surface Water,2007-10-09,10:36:00,EDT,,,,,,,,,,,DRBC-BOATRUN,Delaware DNREC Environmental Laboratory,31DELRBC_WQX-892071,,,,,Water Bottle,31DELRBC_WQX,Grab Sample Collected With A Water Bottle,Water Bottle,,Escherichia coli,,60,cfu/100mL,,Final,,Actual,,,,,,,,,,,,,1103.1,USEPA,Escherichia coli in Water by Membrane Filtration Using membrane-Thermotolerant E. coli Agar (mTEC),,Delaware DNREC Environmental Laboratory,2007-10-10,,,,,,STORET
31DELRBC_WQX,Delaware River Basin Commission,31DELRBC_WQX-0703046-018-SPM-003-Water,Sample-Routine,Water,Surface Water,2007-04-02,12:05:00,EDT,,,,,,,,,,,DRBC-BOATRUN,Delaware DNREC Environmental Laboratory,31DELRBC_WQX-892071,,,,,Water Bottle,31DELRBC_WQX,Grab Sample Collected With A Water Bottle,Water Bottle,,Escherichia coli,,56,cfu/100mL,,Final,,Actual,,,,,,,,,,,,,1103.1,USEPA,Escherichia coli in Water by Membrane Filtration Using membrane-Thermotolerant E. coli Agar (mTEC),,Delaware DNREC Environmental Laboratory,2007-04-02,,,,,,STORET
31DELRBC_WQX,Delaware River Basin Commission,31DELRBC_WQX-0709029-017-SPM-003-Water,Sample-Routine,Water,Surface Water,2007-09-25,10:04:00,EDT,,,,,,,,,,,DRBC-BOATRUN,Delaware DNREC Environmental Laboratory,31DELRBC_WQX-892065,,,,,Water Bottle,31DELRBC_WQX,Grab Sample Collected With A Water Bottle,Water Bottle,,Escherichia coli,,43,cfu/100mL,,Final,,Actual,,,,,,,,,,,,,1103.1,USEPA,Escherichia coli in Water by Membrane Filtration Using membrane-Thermotolerant E. coli Agar (mTEC),,Delaware DNREC Environmental Laboratory,2007-09-26,,,,,,STORET
31DELRBC_WQX,Delaware River Basin Commission,31DELRBC_WQX-0708029-016-SPM-003-Water,Sample-Routine,Water,Surface Water,2007-08-20,10:20:00,EDT,,,,,,,,,,,DRBC-BOATRUN,Delaware DNREC Environmental Laboratory,31DELRBC_WQX-892065,,,,,Water Bottle,31DELRBC_WQX,Grab Sample Collected With A Water Bottle,Water Bottle,,Escherichia coli,,58,cfu/100mL,,Final,,Actual,,,,,,,,,,,,,1103.1,USEPA,Escherichia coli in Water by Membrane Filtration Using membrane-Thermotolerant E. coli Agar (mTEC),,Delaware DNREC Environmental Laboratory,2007-08-21,,,,,,STORET
31DELRBC_WQX,Delaware River Basin Commission,31DELRBC_WQX-0703028-017-SPM-003-Water,Sample-Routine,Water,Surface Water,2007-03-12,10:48:00,EDT,,,,,,,,,,,DRBC-BOATRUN,Delaware DNREC Environmental Laboratory,31DELRBC_WQX-892065,,,,,Water Bottle,31DELRBC_WQX,Grab Sample Collected With A Water Bottle,Water Bottle,,Escherichia coli,,17,cfu/100mL,,Final,,Actual,,,,,,,,,,,,,1103.1,USEPA,Escherichia coli in Water by Membrane Filtration Using membrane-Thermotolerant E. coli Agar (mTEC),,Delaware DNREC Environmental Laboratory,2007-03-13,,,,,,STORET
31DELRBC_WQX,Delaware River Basin Commission,31DELRBC_WQX-0709015-017-SPM-003-Water,Quality Control Sample-Field Replicate,Water,Surface Water,2007-09-17,10:33:00,EDT,,,,,,,,,,,DRBC-BOATRUN,Delaware DNREC Environmental Laboratory,31DELRBC_WQX-892065,,,,,Water Bottle,31DELRBC_WQX,Grab Sample Collected With A Water Bottle,Water Bottle,,Escherichia coli,,113,cfu/100mL,,Final,,Actual,,,,,,,,,,,,,1103.1,USEPA,Escherichia coli in Water by Membrane Filtration Using membrane-Thermotolerant E. coli Agar (mTEC),,Delaware DNREC Environmental Laboratory,2007-09-18,,,,,,STORET
31DELRBC_WQX,Delaware River Basin Commission,31DELRBC_WQX-0705010-017-SPM-003-Water,Sample-Routine,Water,Surface Water,2007-05-08,10:40:00,EDT,,,,,,,,,,,DRBC-BOATRUN,Delaware DNREC Environmental Laboratory,31DELRBC_WQX-892071,,,,,Water Bottle,31DELRBC_WQX,Grab Sample Collected With A Water Bottle,Water Bottle,,Escherichia coli,,47,cfu/100mL,,Final,,Actual,,,,,,,,,,,,,1103.1,USEPA,Escherichia coli in Water by Membrane Filtration Using membrane-Thermotolerant E. coli Agar (mTEC),,Delaware DNREC Environmental Laboratory,2007-05-09,,,,,,STORET
31DELRBC_WQX,Delaware River Basin Commission,31DELRBC_WQX-0703028-018-SPM-003-Water,Sample-Routine,Water,Surface Water,2007-03-12,11:03:00,EDT,,,,,,,,,,,DRBC-BOATRUN,Delaware DNREC Environmental Laboratory,31DELRBC_WQX-892071,,,,,Water Bottle,31DELRBC_WQX,Grab Sample Collected With A Water Bottle,Water Bottle,,Escherichia coli,,1,cfu/100mL,,Final,,Actual,,,,,,,,,,,,,1103.1,USEPA,Escherichia coli in Water by Membrane Filtration Using membrane-Thermotolerant E. coli Agar (mTEC),,Delaware DNREC Environmental Laboratory,2007-03-13,,,,,,STORET
31DELRBC_WQX,Delaware River Basin Commission,31DELRBC_WQX-0707012-017-SPM-003-Water,Sample-Routine,Water,Surface Water,2007-07-11,10:17:00,EDT,,,,,,,,,,,DRBC-BOATRUN,Delaware DNREC Environmental Laboratory,31DELRBC_WQX-892071,,,,,Water Bottle,31DELRBC_WQX,Grab Sample Collected With A Water Bottle,Water Bottle,,Escherichia coli,,43,cfu/100mL,,Final,,Actual,,,,,,,,,,,,,1103.1,USEPA,Escherichia coli in Water by Membrane Filtration Using membrane-Thermotolerant E. coli Agar (mTEC),,Delaware DNREC Environmental Laboratory,2007-07-12,,,,,,STORET
31DELRBC_WQX,Delaware River Basin Commission,31DELRBC_WQX-0709015-016-SPM-003-Water,Sample-Routine,Water,Surface Water,2007-09-17,10:33:00,EDT,,,,,,,,,,,DRBC-BOATRUN,Delaware DNREC Environmental Laboratory,31DELRBC_WQX-892065,,,,,Water Bottle,31DELRBC_WQX,Grab Sample Collected With A Water Bottle,Water Bottle,,Escherichia coli,,43,cfu/100mL,,Final,,Actual,,,,,,,,,,,,,1103.1,USEPA,Escherichia coli in Water by Membrane Filtration Using membrane-Thermotolerant E. coli Agar (mTEC),,Delaware DNREC Environmental Laboratory,2007-09-18,,,,,,STORET
31DELRBC_WQX,Delaware River Basin Commission,31DELRBC_WQX-0704022-018-SPM-003-Water,Sample-Routine,Water,Surface Water,2007-04-23,10:49:00,EDT,,,,,,,,,,,DRBC-BOATRUN,Delaware DNREC Environmental Laboratory,31DELRBC_WQX-892071,,,,,Water Bottle,31DELRBC_WQX,Grab Sample Collected With A Water Bottle,Water Bottle,,Escherichia coli,,63,cfu/100mL,,Final,,Actual,,,,,,,,,,,,,1103.1,USEPA,Escherichia coli in Water by Membrane Filtration Using membrane-Thermotolerant E. coli Agar (mTEC),,Delaware DNREC Environmental Laboratory,2007-04-24,,,,,,STORET
31DELRBC_WQX,Delaware River Basin Commission,31DELRBC_WQX-0704022-017-SPM-003-Water,Sample-Routine,Water,Surface Water,2007-04-23,10:32:00,EDT,,,,,,,,,,,DRBC-BOATRUN,Delaware DNREC Environmental Laboratory,31DELRBC_WQX-892065,,,,,Water Bottle,31DELRBC_WQX,Grab Sample Collected With A Water Bottle,Water Bottle,,Escherichia coli,,24,cfu/100mL,,Final,,Actual,,,,,,,,,,,,,1103.1,USEPA,Escherichia coli in Water by Membrane Filtration Using membrane-Thermotolerant E. coli Agar (mTEC),,Delaware DNREC Environmental Laboratory,2007-04-24,,,,,,STORET
31DELRBC_WQX,Delaware River Basin Commission,31DELRBC_WQX-0709015-018-SPM-003-Water,Sample-Routine,Water,Surface Water,2007-09-17,10:47:00,EDT,,,,,,,,,,,DRBC-BOATRUN,Delaware DNREC Environmental Laboratory,31DELRBC_WQX-892071,,,,,Water Bottle,31DELRBC_WQX,Grab Sample Collected With A Water Bottle,Water Bottle,,Escherichia coli,,143,cfu/100mL,,Final,,Actual,,,,,,,,,,,,,1103.1,USEPA,Escherichia coli in Water by Membrane Filtration Using membrane-Thermotolerant E. coli Agar (mTEC),,Delaware DNREC Environmental Laboratory,2007-09-18,,,,,,STORET
31DELRBC_WQX,Delaware River Basin Commission,31DELRBC_WQX-0705034-017-SPM-003-Water,Sample-Routine,Water,Surface Water,2007-05-29,10:16:00,EDT,,,,,,,,,,,DRBC-BOATRUN,Delaware DNREC Environmental Laboratory,31DELRBC_WQX-892065,,,,,Water Bottle,31DELRBC_WQX,Grab Sample Collected With A Water Bottle,Water Bottle,,Escherichia coli,,80,cfu/100mL,,Final,,Actual,,,,,,,,,,,,,1103.1,USEPA,Escherichia coli in Water by Membrane Filtration Using membrane-Thermotolerant E. coli Agar (mTEC),,Delaware DNREC Environmental Laboratory,2007-05-30,,,,,,STORET
31DELRBC_WQX,Delaware River Basin Commission,31DELRBC_WQX-0706012-017-SPM-003-Water,Sample-Routine,Water,Surface Water,2007-06-18,10:18:00,EDT,,,,,,,,,,,DRBC-BOATRUN,Delaware DNREC Environmental Laboratory,31DELRBC_WQX-892065,,,,,Water Bottle,31DELRBC_WQX,Grab Sample Collected With A Water Bottle,Water Bottle,,Escherichia coli,,16,cfu/100mL,,Final,,Actual,,,,,,,,,,,,,1103.1,USEPA,Escherichia coli in Water by Membrane Filtration Using membrane-Thermotolerant E. coli Agar (mTEC),,Delaware DNREC Environmental Laboratory,2007-06-19,,,,,,STORET
31DELRBC_WQX,Delaware River Basin Commission,31DELRBC_WQX-0708029-017-SPM-003-Water,Sample-Routine,Water,Surface Water,2007-08-20,10:35:00,EDT,,,,,,,,,,,DRBC-BOATRUN,Delaware DNREC Environmental Laboratory,31DELRBC_WQX-892071,,,,,Water Bottle,31DELRBC_WQX,Grab Sample Collected With A Water Bottle,Water Bottle,,Escherichia coli,,540,cfu/100mL,,Final,,Actual,,,,,,,,,,,,,1103.1,USEPA,Escherichia coli in Water by Membrane Filtration Using membrane-Thermotolerant E. coli Agar (mTEC),,Delaware DNREC Environmental Laboratory,2007-08-21,,,,,,STORET
31DELRBC_WQX,Delaware River Basin Commission,31DELRBC_WQX-0710008-016-SPM-003-Water,Sample-Routine,Water,Surface Water,2007-10-09,10:23:00,EDT,,,,,,,,,,,DRBC-BOATRUN,Delaware DNREC Environmental Laboratory,31DELRBC_WQX-892065,,,,,Water Bottle,31DELRBC_WQX,Grab Sample Collected With A Water Bottle,Water Bottle,,Escherichia coli,,43,cfu/100mL,,Final,,Actual,,,,,,,,,,,,,1103.1,USEPA,Escherichia coli in Water by Membrane Filtration Using membrane-Thermotolerant E. coli Agar (mTEC),,Delaware DNREC Environmental Laboratory,2007-10-10,,,,,,STORET
31DELRBC_WQX,Delaware River Basin Commission,31DELRBC_WQX-0709029-018-SPM-003-Water,Sample-Routine,Water,Surface Water,2007-09-25,10:24:00,EDT,,,,,,,,,,,DRBC-BOATRUN,Delaware DNREC Environmental Laboratory,31DELRBC_WQX-892071,,,,,Water Bottle,31DELRBC_WQX,Grab Sample Collected With A Water Bottle,Water Bottle,,Escherichia coli,,31,cfu/100mL,,Final,,Actual,,,,,,,,,,,,,1103.1,USEPA,Escherichia coli in Water by Membrane Filtration Using membrane-Thermotolerant E. coli Agar (mTEC),,Delaware DNREC Environmental Laboratory,2007-09-26,,,,,,STORET
31DELRBC_WQX,Delaware River Basin Commission,31DELRBC_WQX-0703046-017-SPM-003-Water,Sample-Routine,Water,Surface Water,2007-04-02,11:55:00,EDT,,,,,,,,,,,DRBC-BOATRUN,Delaware DNREC Environmental Laboratory,31DELRBC_WQX-892065,,,,,Water Bottle,31DELRBC_WQX,Grab Sample Collected With A Water Bottle,Water Bottle,Not Detected,Escherichia coli,,,cfu/100mL,,Final,,Actual,,,,,,,,,,,,,1103.1,USEPA,Escherichia coli in Water by Membrane Filtration Using membrane-Thermotolerant E. coli Agar (mTEC),,Delaware DNREC Environmental Laboratory,2007-04-02,,Method Detection Level,1,cfu/100mL,,STORET
31DELRBC_WQX,Delaware River Basin Commission,31DELRBC_WQX-0706012-018-SPM-003-Water,Sample-Routine,Water,Surface Water,2007-06-18,10:26:00,EDT,,,,,,,,,,,DRBC-BOATRUN,Delaware DNREC Environmental Laboratory,31DELRBC_WQX-892071,,,,,Water Bottle,31DELRBC_WQX,Grab Sample Collected With A Water Bottle,Water Bottle,,Escherichia coli,,17,cfu/100mL,,Final,,Actual,,,,,,,,,,,,,1103.1,USEPA,Escherichia coli in Water by Membrane Filtration Using membrane-Thermotolerant E. coli Agar (mTEC),,Delaware DNREC Environmental Laboratory,2007-06-19,,,,,,STORET
31DELRBC_WQX,Delaware River Basin Commission,31DELRBC_WQX-0707062-018-SPM-003-Water,Sample-Routine,Water,Surface Water,2007-08-01,10:34:00,EDT,,,,,,,,,,,DRBC-BOATRUN,Delaware DNREC Environmental Laboratory,31DELRBC_WQX-892071,,,,,Water Bottle,31DELRBC_WQX,Grab Sample Collected With A Water Bottle,Water Bottle,,Escherichia coli,,50,cfu/100mL,,Final,,Actual,,,,,,,,,,,,,1103.1,USEPA,Escherichia coli in Water by Membrane Filtration Using membrane-Thermotolerant E. coli Agar (mTEC),,Delaware DNREC Environmental Laboratory,2007-08-02,,,,,,STORET
31DELRBC_WQX,Delaware River Basin Commission,31DELRBC_WQX-0804007-017-SPM-003-Water,Sample-Routine,Water,Surface Water,2008-04-09,11:09:00,EDT,,,,,,,,,,,DRBC-BOATRUN,Delaware DNREC Environmental Laboratory,31DELRBC_WQX-892071,,,,,Water Bottle,31DELRBC_WQX,Grab Sample Collected With A Water Bottle,Water Bottle,,Escherichia coli,,15,cfu/100mL,,Final,,Actual,,,,,,,,,,,,,1103.1,USEPA,Escherichia coli in Water by Membrane Filtration Using membrane-Thermotolerant E. coli Agar (mTEC),,Delaware DNREC Environmental Laboratory,2008-04-10,,,,,,STORET
31DELRBC_WQX,Delaware River Basin Commission,31DELRBC_WQX-0803037-018-SPM-003-Water,Sample-Routine,Water,Surface Water,2008-03-18,10:49:00,EDT,,,,,,,,,,,DRBC-BOATRUN,Delaware DNREC Environmental Laboratory,31DELRBC_WQX-892071,,,,,Water Bottle,31DELRBC_WQX,Grab Sample Collected With A Water Bottle,Water Bottle,,Escherichia coli,,35,cfu/100mL,,Final,,Actual,,,,,,,,,,,,,1103.1,USEPA,Escherichia coli in Water by Membrane Filtration Using membrane-Thermotolerant E. coli Agar (mTEC),,Delaware DNREC Environmental Laboratory,2008-03-19,,,,,,STORET
31DELRBC_WQX,Delaware River Basin Commission,31DELRBC_WQX-0810008-018-SPM-003-Water,Sample-Routine,Water,Surface Water,2008-10-14,10:17:00,EDT,,,,,,,,,,,DRBC-BOATRUN,Delaware DNREC Environmental Laboratory,31DELRBC_WQX-892071,,,,,Water Bottle,31DELRBC_WQX,Grab Sample Collected With A Water Bottle,Water Bottle,,Escherichia coli,,46,cfu/100mL,,Final,,Actual,,,,,,,,,,,,,1103.1,USEPA,Escherichia coli in Water by Membrane Filtration Using membrane-Thermotolerant E. coli Agar (mTEC),,Delaware DNREC Environmental Laboratory,2008-10-15,,,,,,STORET
31DELRBC_WQX,Delaware River Basin Commission,31DELRBC_WQX-0804033-017-SPM-003-Water,Sample-Routine,Water,Surface Water,2008-04-30,10:52:00,EDT,,,,,,,,,,,DRBC-BOATRUN,Delaware DNREC Environmental Laboratory,31DELRBC_WQX-892065,,,,,Water Bottle,31DELRBC_WQX,Grab Sample Collected With A Water Bottle,Water Bottle,,Escherichia coli,,53,cfu/100mL,,Final,,Actual,,,,,,,,,,,,,1103.1,USEPA,Escherichia coli in Water by Membrane Filtration Using membrane-Thermotolerant E. coli Agar (mTEC),,Delaware DNREC Environmental Laboratory,2008-05-01,,,,,,STORET
31DELRBC_WQX,Delaware River Basin Commission,31DELRBC_WQX-0805029-018-SPM-003-Water,Sample-Routine,Water,Surface Water,2008-05-27,10:45:00,EDT,,,,,,,,,,,DRBC-BOATRUN,Delaware DNREC Environmental Laboratory,31DELRBC_WQX-892071,,,,,Water Bottle,31DELRBC_WQX,Grab Sample Collected With A Water Bottle,Water Bottle,,Escherichia coli,,63,cfu/100mL,,Final,,Actual,,,,,,,,,,,,,1103.1,USEPA,Escherichia coli in Water by Membrane Filtration Using membrane-Thermotolerant E. coli Agar (mTEC),,Delaware DNREC Environmental Laboratory,2008-05-28,,,,,,STORET
31DELRBC_WQX,Delaware River Basin Commission,31DELRBC_WQX-0804007-016-SPM-003-Water,Sample-Routine,Water,Surface Water,2008-04-09,10:58:00,EDT,,,,,,,,,,,DRBC-BOATRUN,Delaware DNREC Environmental Laboratory,31DELRBC_WQX-892065,,,,,Water Bottle,31DELRBC_WQX,Grab Sample Collected With A Water Bottle,Water Bottle,,Escherichia coli,,10,cfu/100mL,,Final,,Actual,,,,,,,,,,,,,1103.1,USEPA,Escherichia coli in Water by Membrane Filtration Using membrane-Thermotolerant E. coli Agar (mTEC),,Delaware DNREC Environmental Laboratory,2008-04-10,,,,,,STORET
31DELRBC_WQX,Delaware River Basin Commission,31DELRBC_WQX-0807059-017-SPM-003-Water,Sample-Routine,Water,Surface Water,2008-08-04,10:16:00,EDT,,,,,,,,,,,DRBC-BOATRUN,Delaware DNREC Environmental Laboratory,31DELRBC_WQX-892065,,,,,Water Bottle,31DELRBC_WQX,Grab Sample Collected With A Water Bottle,Water Bottle,,Escherichia coli,,20,cfu/100mL,,Final,,Actual,,,,,,,,,,,,,1103.1,USEPA,Escherichia coli in Water by Membrane Filtration Using membrane-Thermotolerant E. coli Agar (mTEC),,Delaware DNREC Environmental Laboratory,2008-08-05,,,,,,STORET
31DELRBC_WQX,Delaware River Basin Commission,31DELRBC_WQX-0807013-016-SPM-003-Water,Sample-Routine,Water,Surface Water,2008-07-15,09:34:00,EDT,,,,,,,,,,,DRBC-BOATRUN,Delaware DNREC Environmental Laboratory,31DELRBC_WQX-892065,,,,,Water Bottle,31DELRBC_WQX,Grab Sample Collected With A Water Bottle,Water Bottle,,Escherichia coli,,17,cfu/100mL,,Final,,Actual,,,,,,,,,,,,,1103.1,USEPA,Escherichia coli in Water by Membrane Filtration Using membrane-Thermotolerant E. coli Agar (mTEC),,Delaware DNREC Environmental Laboratory,2008-07-16,,,,,,STORET
31DELRBC_WQX,Delaware River Basin Commission,31DELRBC_WQX-0804033-018-SPM-003-Water,Sample-Routine,Water,Surface Water,2008-04-30,11:09:00,EDT,,,,,,,,,,,DRBC-BOATRUN,Delaware DNREC Environmental Laboratory,31DELRBC_WQX-892071,,,,,Water Bottle,31DELRBC_WQX,Grab Sample Collected With A Water Bottle,Water Bottle,,Escherichia coli,,100,cfu/100mL,,Final,,Actual,,,,,,,,,,,,,1103.1,USEPA,Escherichia coli in Water by Membrane Filtration Using membrane-Thermotolerant E. coli Agar (mTEC),,Delaware DNREC Environmental Laboratory,2008-05-01,,,,,,STORET
31DELRBC_WQX,Delaware River Basin Commission,31DELRBC_WQX-0806024-016-SPM-003-Water,Sample-Routine,Water,Surface Water,2008-06-23,10:15:00,EDT,,,,,,,,,,,DRBC-BOATRUN,Delaware DNREC Environmental Laboratory,31DELRBC_WQX-892065,,,,,Water Bottle,31DELRBC_WQX,Grab Sample Collected With A Water Bottle,Water Bottle,,Escherichia coli,,20,cfu/100mL,,Final,,Actual,,,,,,,,,,,,,1103.1,USEPA,Escherichia coli in Water by Membrane Filtration Using membrane-Thermotolerant E. coli Agar (mTEC),,Delaware DNREC Environmental Laboratory,2008-06-24,,,,,,STORET
31DELRBC_WQX,Delaware River Basin Commission,31DELRBC_WQX-0806024-017-SPM-003-Water,Sample-Routine,Water,Surface Water,2008-06-23,10:34:00,EDT,,,,,,,,,,,DRBC-BOATRUN,Delaware DNREC Environmental Laboratory,31DELRBC_WQX-892071,,,,,Water Bottle,31DELRBC_WQX,Grab Sample Collected With A Water Bottle,Water Bottle,,Escherichia coli,,6,cfu/100mL,,Final,,Actual,,,,,,,,,,,,,1103.1,USEPA,Escherichia coli in Water by Membrane Filtration Using membrane-Thermotolerant E. coli Agar (mTEC),,Delaware DNREC Environmental Laboratory,2008-06-24,,,,,,STORET
31DELRBC_WQX,Delaware River Basin Commission,31DELRBC_WQX-0806024-018-SPM-003-Water,Quality Control Sample-Field Replicate,Water,Surface Water,2008-06-23,10:34:00,EDT,,,,,,,,,,,DRBC-BOATRUN,Delaware DNREC Environmental Laboratory,31DELRBC_WQX-892071,,,,,Water Bottle,31DELRBC_WQX,Grab Sample Collected With A Water Bottle,Water Bottle,,Escherichia coli,,11,cfu/100mL,,Final,,Actual,,,,,,,,,,,,,1103.1,USEPA,Escherichia coli in Water by Membrane Filtration Using membrane-Thermotolerant E. coli Agar (mTEC),,Delaware DNREC Environmental Laboratory,2008-06-24,,,,,,STORET
31DELRBC_WQX,Delaware River Basin Commission,31DELRBC_WQX-0805029-017-SPM-003-Water,Sample-Routine,Water,Surface Water,2008-05-27,10:32:00,EDT,,,,,,,,,,,DRBC-BOATRUN,Delaware DNREC Environmental Laboratory,31DELRBC_WQX-892065,,,,,Water Bottle,31DELRBC_WQX,Grab Sample Collected With A Water Bottle,Water Bottle,,Escherichia coli,,12,cfu/100mL,,Final,,Actual,,,,,,,,,,,,,1103.1,USEPA,Escherichia coli in Water by Membrane Filtration Using membrane-Thermotolerant E. coli Agar (mTEC),,Delaware DNREC Environmental Laboratory,2008-05-28,,,,,,STORET
31DELRBC_WQX,Delaware River Basin Commission,31DELRBC_WQX-0807013-017-SPM-003-Water,Sample-Routine,Water,Surface Water,2008-07-15,09:49:00,EDT,,,,,,,,,,,DRBC-BOATRUN,Delaware DNREC Environmental Laboratory,31DELRBC_WQX-892071,,,,,Water Bottle,31DELRBC_WQX,Grab Sample Collected With A Water Bottle,Water Bottle,,Escherichia coli,,26,cfu/100mL,,Final,,Actual,,,,,,,,,,,,,1103.1,USEPA,Escherichia coli in Water by Membrane Filtration Using membrane-Thermotolerant E. coli Agar (mTEC),,Delaware DNREC Environmental Laboratory,2008-07-16,,,,,,STORET
31DELRBC_WQX,Delaware River Basin Commission,31DELRBC_WQX-0805019-017-SPM-003-Water,Sample-Routine,Water,Surface Water,2008-05-14,10:14:00,EDT,,,,,,,,,,,DRBC-BOATRUN,Delaware DNREC Environmental Laboratory,31DELRBC_WQX-892065,,,,,Water Bottle,31DELRBC_WQX,Grab Sample Collected With A Water Bottle,Water Bottle,,Escherichia coli,,32,cfu/100mL,,Final,,Actual,,,,,,,,,,,,,1103.1,USEPA,Escherichia coli in Water by Membrane Filtration Using membrane-Thermotolerant E. coli Agar (mTEC),,Delaware DNREC Environmental Laboratory,2008-05-15,,,,,,STORET
31DELRBC_WQX,Delaware River Basin Commission,31DELRBC_WQX-0809008-017-SPM-003-Water,Sample-Routine,Water,Surface Water,2008-09-29,10:36:00,EDT,,,,,,,,,,,DRBC-BOATRUN,Delaware DNREC Environmental Laboratory,31DELRBC_WQX-892071,,,,,Water Bottle,31DELRBC_WQX,Grab Sample Collected With A Water Bottle,Water Bottle,,Escherichia coli,,550,cfu/100mL,,Final,,Actual,,,,,,,,,,,,,1103.1,USEPA,Escherichia coli in Water by Membrane Filtration Using membrane-Thermotolerant E. coli Agar (mTEC),,Delaware DNREC Environmental Laboratory,2008-09-30,,,,,,STORET
31DELRBC_WQX,Delaware River Basin Commission,31DELRBC_WQX-0803037-017-SPM-003-Water,Sample-Routine,Water,Surface Water,2008-03-18,10:33:00,EDT,,,,,,,,,,,DRBC-BOATRUN,Delaware DNREC Environmental Laboratory,31DELRBC_WQX-892065,,,,,Water Bottle,31DELRBC_WQX,Grab Sample Collected With A Water Bottle,Water Bottle,,Escherichia coli,,31,cfu/100mL,,Final,,Actual,,,,,,,,,,,,,1103.1,USEPA,Escherichia coli in Water by Membrane Filtration Using membrane-Thermotolerant E. coli Agar (mTEC),,Delaware DNREC Environmental Laboratory,2008-03-19,,,,,,STORET
31DELRBC_WQX,Delaware River Basin Commission,31DELRBC_WQX-0807059-018-SPM-003-Water,Sample-Routine,Water,Surface Water,2008-08-04,10:28:00,EDT,,,,,,,,,,,DRBC-BOATRUN,Delaware DNREC Environmental Laboratory,31DELRBC_WQX-892071,,,,,Water Bottle,31DELRBC_WQX,Grab Sample Collected With A Water Bottle,Water Bottle,,Escherichia coli,,23,cfu/100mL,,Final,,Actual,,,,,,,,,,,,,1103.1,USEPA,Escherichia coli in Water by Membrane Filtration Using membrane-Thermotolerant E. coli Agar (mTEC),,Delaware DNREC Environmental Laboratory,2008-08-05,,,,,,STORET
31DELRBC_WQX,Delaware River Basin Commission,31DELRBC_WQX-0809008-016-SPM-003-Water,Sample-Routine,Water,Surface Water,2008-09-29,10:22:00,EDT,,,,,,,,,,,DRBC-BOATRUN,Delaware DNREC Environmental Laboratory,31DELRBC_WQX-892065,,,,,Water Bottle,31DELRBC_WQX,Grab Sample Collected With A Water Bottle,Water Bottle,,Escherichia coli,,130,cfu/100mL,,Final,,Actual,,,,,,,,,,,,,1103.1,USEPA,Escherichia coli in Water by Membrane Filtration Using membrane-Thermotolerant E. coli Agar (mTEC),,Delaware DNREC Environmental Laboratory,2008-09-30,,,,,,STORET
31DELRBC_WQX,Delaware River Basin Commission,31DELRBC_WQX-0805019-018-SPM-003-Water,Sample-Routine,Water,Surface Water,2008-05-14,10:30:00,EDT,,,,,,,,,,,DRBC-BOATRUN,Delaware DNREC Environmental Laboratory,31DELRBC_WQX-892071,,,,,Water Bottle,31DELRBC_WQX,Grab Sample Collected With A Water Bottle,Water Bottle,,Escherichia coli,,100,cfu/100mL,,Final,,Actual,,,,,,,,,,,,,1103.1,USEPA,Escherichia coli in Water by Membrane Filtration Using membrane-Thermotolerant E. coli Agar (mTEC),,Delaware DNREC Environmental Laboratory,2008-05-15,,,,,,STORET
31DELRBC_WQX,Delaware River Basin Commission,31DELRBC_WQX-0810008-017-SPM-003-Water,Sample-Routine,Water,Surface Water,2008-10-14,10:04:00,EDT,,,,,,,,,,,DRBC-BOATRUN,Delaware DNREC Environmental Laboratory,31DELRBC_WQX-892065,,,,,Water Bottle,31DELRBC_WQX,Grab Sample Collected With A Water Bottle,Water Bottle,,Escherichia coli,,34,cfu/100mL,,Final,,Actual,,,,,,,,,,,,,1103.1,USEPA,Escherichia coli in Water by Membrane Filtration Using membrane-Thermotolerant E. coli Agar (mTEC),,Delaware DNREC Environmental Laboratory,2008-10-15,,,,,,STORET
31DELRBC_WQX,Delaware River Basin Commission,31DELRBC_WQX-0903026-017-SPM-003-Water,Quality Control Sample-Field Replicate,Water,Surface Water,2009-03-31,10:12:00,EDT,,,,,,,,,,,DRBC-BOATRUN,Delaware DNREC Environmental Laboratory,31DELRBC_WQX-892065,,,,,Stainless Bucket,31DELRBC_WQX,Grab Sample Collected With A Stainless Bucket,Bucket,,Escherichia coli,,26,cfu/100mL,,Final,,Actual,,,,,,,,,,,,,1103.1,USEPA,Escherichia coli in Water by Membrane Filtration Using membrane-Thermotolerant E. coli Agar (mTEC),,Delaware DNREC Environmental Laboratory,2009-04-01,,,,,,STORET
31DELRBC_WQX,Delaware River Basin Commission,31DELRBC_WQX-0907018-017-SPM-003-Water,Sample-Routine,Water,Surface Water,2009-07-20,09:55:00,EDT,,,,,,,,,,,DRBC-BOATRUN,Delaware DNREC Environmental Laboratory,31DELRBC_WQX-892065,,,,,Stainless Bucket,31DELRBC_WQX,Grab Sample Collected With A Stainless Bucket,Bucket,,Escherichia coli,,43,cfu/100mL,,Final,,Actual,,,,,,,,,,,,,1103.1,USEPA,Escherichia coli in Water by Membrane Filtration Using membrane-Thermotolerant E. coli Agar (mTEC),,Delaware DNREC Environmental Laboratory,2009-07-21,,,,,,STORET
31DELRBC_WQX,Delaware River Basin Commission,31DELRBC_WQX-0909005-017-SPM-003-Water,Sample-Routine,Water,Surface Water,2009-09-15,09:52:00,EDT,,,,,,,,,,,DRBC-BOATRUN,Delaware DNREC Environmental Laboratory,31DELRBC_WQX-892071,,,,,Stainless Bucket,31DELRBC_WQX,Grab Sample Collected With A Stainless Bucket,Bucket,,Escherichia coli,,210,cfu/100mL,,Final,,Actual,,,,,,,,,,,,,1103.1,USEPA,Escherichia coli in Water by Membrane Filtration Using membrane-Thermotolerant E. coli Agar (mTEC),,Delaware DNREC Environmental Laboratory,2009-09-16,,,,,,STORET
31DELRBC_WQX,Delaware River Basin Commission,31DELRBC_WQX-0908007-018-SPM-003-Water,Sample-Routine,Water,Surface Water,2009-08-10,10:14:00,EDT,,,,,,,,,,,DRBC-BOATRUN,Delaware DNREC Environmental Laboratory,31DELRBC_WQX-892071,,,,,Stainless Bucket,31DELRBC_WQX,Grab Sample Collected With A Stainless Bucket,Bucket,Present Above Quantification Limit,Escherichia coli,,,cfu/100mL,,Final,,Actual,,,,,,,,,,,,,1103.1,USEPA,Escherichia coli in Water by Membrane Filtration Using membrane-Thermotolerant E. coli Agar (mTEC),,Delaware DNREC Environmental Laboratory,2009-08-11,,Upper Quantitation Limit,600,cfu/100mL,,STORET
31DELRBC_WQX,Delaware River Basin Commission,31DELRBC_WQX-0906009-017-SPM-003-Water,Sample-Routine,Water,Surface Water,2009-06-09,09:48:00,EDT,,,,,,,,,,,DRBC-BOATRUN,Delaware DNREC Environmental Laboratory,31DELRBC_WQX-892065,,,,,Stainless Bucket,31DELRBC_WQX,Grab Sample Collected With A Stainless Bucket,Bucket,,Escherichia coli,,230,cfu/100mL,,Final,,Actual,,,,,,,,,,,,,1103.1,USEPA,Escherichia coli in Water by Membrane Filtration Using membrane-Thermotolerant E. coli Agar (mTEC),,Delaware DNREC Environmental Laboratory,2009-06-09,,,,,,STORET
31DELRBC_WQX,Delaware River Basin Commission,31DELRBC_WQX-0903026-016-SPM-003-Water,Sample-Routine,Water,Surface Water,2009-03-31,10:12:00,EDT,,,,,,,,,,,DRBC-BOATRUN,Delaware DNREC Environmental Laboratory,31DELRBC_WQX-892065,,,,,Stainless Bucket,31DELRBC_WQX,Grab Sample Collected With A Stainless Bucket,Bucket,,Escherichia coli,,53,cfu/100mL,,Final,,Actual,,,,,,,,,,,,,1103.1,USEPA,Escherichia coli in Water by Membrane Filtration Using membrane-Thermotolerant E. coli Agar (mTEC),,Delaware DNREC Environmental Laboratory,2009-04-01,,,,,,STORET
31DELRBC_WQX,Delaware River Basin Commission,31DELRBC_WQX-0910005-018-SPM-003-Water,Sample-Routine,Water,Surface Water,2009-10-20,10:25:00,EDT,,,,,,,,,,,DRBC-BOATRUN,Delaware DNREC Environmental Laboratory,31DELRBC_WQX-892071,,,,,Stainless Bucket,31DELRBC_WQX,Grab Sample Collected With A Stainless Bucket,Bucket,,Escherichia coli,,19,cfu/100mL,,Final,,Actual,,,,,,,,,,,,,1103.1,USEPA,Escherichia coli in Water by Membrane Filtration Using membrane-Thermotolerant E. coli Agar (mTEC),,Delaware DNREC Environmental Laboratory,2008-10-21,,,,,,STORET
31DELRBC_WQX,Delaware River Basin Commission,31DELRBC_WQX-0906009-018-SPM-003-Water,Sample-Routine,Water,Surface Water,2009-06-09,09:57:00,EDT,,,,,,,,,,,DRBC-BOATRUN,Delaware DNREC Environmental Laboratory,31DELRBC_WQX-892071,,,,,Stainless Bucket,31DELRBC_WQX,Grab Sample Collected With A Stainless Bucket,Bucket,,Escherichia coli,,110,cfu/100mL,,Final,,Actual,,,,,,,,,,,,,1103.1,USEPA,Escherichia coli in Water by Membrane Filtration Using membrane-Thermotolerant E. coli Agar (mTEC),,Delaware DNREC Environmental Laboratory,2009-06-09,,,,,,STORET
31DELRBC_WQX,Delaware River Basin Commission,31DELRBC_WQX-0907018-018-SPM-003-Water,Sample-Routine,Water,Surface Water,2009-07-20,10:09:00,EDT,,,,,,,,,,,DRBC-BOATRUN,Delaware DNREC Environmental Laboratory,31DELRBC_WQX-892071,,,,,Stainless Bucket,31DELRBC_WQX,Grab Sample Collected With A Stainless Bucket,Bucket,,Escherichia coli,,37,cfu/100mL,,Final,,Actual,,,,,,,,,,,,,1103.1,USEPA,Escherichia coli in Water by Membrane Filtration Using membrane-Thermotolerant E. coli Agar (mTEC),,Delaware DNREC Environmental Laboratory,2009-07-21,,,,,,STORET
31DELRBC_WQX,Delaware River Basin Commission,31DELRBC_WQX-0904011-017-SPM-003-Water,Sample-Routine,Water,Surface Water,2009-04-13,10:42:00,EDT,,,,,,,,,,,DRBC-BOATRUN,Delaware DNREC Environmental Laboratory,31DELRBC_WQX-892071,,,,,Stainless Bucket,31DELRBC_WQX,Grab Sample Collected With A Stainless Bucket,Bucket,,Escherichia coli,,107,cfu/100mL,,Final,,Actual,,,,,,,,,,,,,1103.1,USEPA,Escherichia coli in Water by Membrane Filtration Using membrane-Thermotolerant E. coli Agar (mTEC),,Delaware DNREC Environmental Laboratory,2009-04-13,,,,,,STORET
31DELRBC_WQX,Delaware River Basin Commission,31DELRBC_WQX-0910005-017-SPM-003-Water,Sample-Routine,Water,Surface Water,2009-10-20,10:11:00,EDT,,,,,,,,,,,DRBC-BOATRUN,Delaware DNREC Environmental Laboratory,31DELRBC_WQX-892065,,,,,Stainless Bucket,31DELRBC_WQX,Grab Sample Collected With A Stainless Bucket,Bucket,,Escherichia coli,,20,cfu/100mL,,Final,,Actual,,,,,,,,,,,,,1103.1,USEPA,Escherichia coli in Water by Membrane Filtration Using membrane-Thermotolerant E. coli Agar (mTEC),,Delaware DNREC Environmental Laboratory,2008-10-21,,,,,,STORET
31DELRBC_WQX,Delaware River Basin Commission,31DELRBC_WQX-0904011-016-SPM-003-Water,Sample-Routine,Water,Surface Water,2009-04-13,10:25:00,EDT,,,,,,,,,,,DRBC-BOATRUN,Delaware DNREC Environmental Laboratory,31DELRBC_WQX-892065,,,,,Stainless Bucket,31DELRBC_WQX,Grab Sample Collected With A Stainless Bucket,Bucket,,Escherichia coli,,590,cfu/100mL,,Final,,Actual,,,,,,,,,,,,,1103.1,USEPA,Escherichia coli in Water by Membrane Filtration Using membrane-Thermotolerant E. coli Agar (mTEC),,Delaware DNREC Environmental Laboratory,2009-04-13,,,,,,STORET
31DELRBC_WQX,Delaware River Basin Commission,31DELRBC_WQX-0904050-018-SPM-003-Water,Sample-Routine,Water,Surface Water,2009-05-05,10:19:00,EDT,,,,,,,,,,,DRBC-BOATRUN,Delaware DNREC Environmental Laboratory,31DELRBC_WQX-892071,,,,,Stainless Bucket,31DELRBC_WQX,Grab Sample Collected With A Stainless Bucket,Bucket,,Escherichia coli,,153,cfu/100mL,,Final,,Actual,,,,,,,,,,,,,1103.1,USEPA,Escherichia coli in Water by Membrane Filtration Using membrane-Thermotolerant E. coli Agar (mTEC),,Delaware DNREC Environmental Laboratory,2009-05-05,,,,,,STORET
31DELRBC_WQX,Delaware River Basin Commission,31DELRBC_WQX-0908007-017-SPM-003-Water,Sample-Routine,Water,Surface Water,2009-08-10,10:01:00,EDT,,,,,,,,,,,DRBC-BOATRUN,Delaware DNREC Environmental Laboratory,31DELRBC_WQX-892065,,,,,Stainless Bucket,31DELRBC_WQX,Grab Sample Collected With A Stainless Bucket,Bucket,,Escherichia coli,,540,cfu/100mL,,Final,,Actual,,,,,,,,,,,,,1103.1,USEPA,Escherichia coli in Water by Membrane Filtration Using membrane-Thermotolerant E. coli Agar (mTEC),,Delaware DNREC Environmental Laboratory,2009-08-11,,,,,,STORET
31DELRBC_WQX,Delaware River Basin Commission,31DELRBC_WQX-0909005-016-SPM-003-Water,Sample-Routine,Water,Surface Water,2009-09-15,09:33:00,EDT,,,,,,,,,,,DRBC-BOATRUN,Delaware DNREC Environmental Laboratory,31DELRBC_WQX-892065,,,,,Stainless Bucket,31DELRBC_WQX,Grab Sample Collected With A Stainless Bucket,Bucket,Present Above Quantification Limit,Escherichia coli,,,cfu/100mL,,Final,,Actual,,,,,,,,,,,,,1103.1,USEPA,Escherichia coli in Water by Membrane Filtration Using membrane-Thermotolerant E. coli Agar (mTEC),,Delaware DNREC Environmental Laboratory,2009-09-16,,Upper Quantitation Limit,600,cfu/100mL,,STORET
31DELRBC_WQX,Delaware River Basin Commission,31DELRBC_WQX-0903026-018-SPM-003-Water,Sample-Routine,Water,Surface Water,2009-03-31,10:25:00,EDT,,,,,,,,,,,DRBC-BOATRUN,Delaware DNREC Environmental Laboratory,31DELRBC_WQX-892071,,,,,Stainless Bucket,31DELRBC_WQX,Grab Sample Collected With A Stainless Bucket,Bucket,,Escherichia coli,,51,cfu/100mL,,Final,,Actual,,,,,,,,,,,,,1103.1,USEPA,Escherichia coli in Water by Membrane Filtration Using membrane-Thermotolerant E. coli Agar (mTEC),,Delaware DNREC Environmental Laboratory,2009-04-01,,,,,,STORET
31DELRBC_WQX,Delaware River Basin Commission,31DELRBC_WQX-0904050-017-SPM-003-Water,Sample-Routine,Water,Surface Water,2009-05-05,10:02:00,EDT,,,,,,,,,,,DRBC-BOATRUN,Delaware DNREC Environmental Laboratory,31DELRBC_WQX-892065,,,,,Stainless Bucket,31DELRBC_WQX,Grab Sample Collected With A Stainless Bucket,Bucket,,Escherichia coli,,37,cfu/100mL,,Final,,Actual,,,,,,,,,,,,,1103.1,USEPA,Escherichia coli in Water by Membrane Filtration Using membrane-Thermotolerant E. coli Agar (mTEC),,Delaware DNREC Environmental Laboratory,2009-05-05,,,,,,STORET
31DELRBC_WQX,Delaware River Basin Commission,31DELRBC_WQX-1009009-016-SPM-003-Water,Sample-Routine,Water,Surface Water,2010-09-27,10:28:00,EDT,,,,,,,,,,,DRBC-BOATRUN,Delaware DNREC Environmental Laboratory,31DELRBC_WQX-892065,,,,,Stainless Bucket,31DELRBC_WQX,Grab Sample Collected With A Stainless Bucket,Bucket,,Escherichia coli,,45,cfu/100mL,,Final,,Actual,,,,,,,,,,,,,1103.1,USEPA,Escherichia coli in Water by Membrane Filtration Using membrane-Thermotolerant E. coli Agar (mTEC),,Delaware DNREC Environmental Laboratory,2010-09-28,,,,,,STORET
31DELRBC_WQX,Delaware River Basin Commission,31DELRBC_WQX-1003025-017-SPM-003-Water,Sample-Routine,Water,Surface Water,2010-03-22,10:16:00,EDT,,,,,,,,,,,DRBC-BOATRUN,Delaware DNREC Environmental Laboratory,31DELRBC_WQX-892071,,,,,Stainless Bucket,31DELRBC_WQX,Grab Sample Collected With A Stainless Bucket,Bucket,,Escherichia coli,,22,cfu/100mL,,Final,,Actual,,,,,,,,,,,,,1103.1,USEPA,Escherichia coli in Water by Membrane Filtration Using membrane-Thermotolerant E. coli Agar (mTEC),,Delaware DNREC Environmental Laboratory,2010-03-23,,,,,,STORET
31DELRBC_WQX,Delaware River Basin Commission,31DELRBC_WQX-1004011-017-SPM-003-Water,Sample-Routine,Water,Surface Water,2010-04-20,10:05:00,EDT,,,,,,,,,,,DRBC-BOATRUN,Delaware DNREC Environmental Laboratory,31DELRBC_WQX-892065,,,,,Stainless Bucket,31DELRBC_WQX,Grab Sample Collected With A Stainless Bucket,Bucket,,Escherichia coli,,8,cfu/100mL,,Final,,Actual,,,,,,,,,,,,,1103.1,USEPA,Escherichia coli in Water by Membrane Filtration Using membrane-Thermotolerant E. coli Agar (mTEC),,Delaware DNREC Environmental Laboratory,2010-04-21,,,,,,STORET
31DELRBC_WQX,Delaware River Basin Commission,31DELRBC_WQX-1009009-017-SPM-003-Water,Sample-Routine,Water,Surface Water,2010-09-27,10:40:00,EDT,,,,,,,,,,,DRBC-BOATRUN,Delaware DNREC Environmental Laboratory,31DELRBC_WQX-892071,,,,,Stainless Bucket,31DELRBC_WQX,Grab Sample Collected With A Stainless Bucket,Bucket,,Escherichia coli,,33,cfu/100mL,,Final,,Actual,,,,,,,,,,,,,1103.1,USEPA,Escherichia coli in Water by Membrane Filtration Using membrane-Thermotolerant E. coli Agar (mTEC),,Delaware DNREC Environmental Laboratory,2010-09-28,,,,,,STORET
31DELRBC_WQX,Delaware River Basin Commission,31DELRBC_WQX-1007027-017-SPM-003-Water,Sample-Routine,Water,Surface Water,2010-07-20,12:55:00,EDT,,,,,,,,,,,DRBC-BOATRUN,Delaware DNREC Environmental Laboratory,31DELRBC_WQX-892071,,,,,Stainless Bucket,31DELRBC_WQX,Grab Sample Collected With A Stainless Bucket,Bucket,Present Above Quantification Limit,Escherichia coli,,,cfu/100mL,,Final,,Actual,,,,,,,,,,,,,1103.1,USEPA,Escherichia coli in Water by Membrane Filtration Using membrane-Thermotolerant E. coli Agar (mTEC),,Delaware DNREC Environmental Laboratory,2010-07-21,,Upper Quantitation Limit,200,cfu/100mL,,STORET
31DELRBC_WQX,Delaware River Basin Commission,31DELRBC_WQX-1008006-018-SPM-003-Water,Sample-Routine,Water,Surface Water,2010-08-30,10:42:00,EDT,,,,,,,,,,,DRBC-BOATRUN,Delaware DNREC Environmental Laboratory,31DELRBC_WQX-892071,,,,,Stainless Bucket,31DELRBC_WQX,Grab Sample Collected With A Stainless Bucket,Bucket,,Escherichia coli,,12,cfu/100mL,,Final,,Actual,,,,,,,,,,,,,1103.1,USEPA,Escherichia coli in Water by Membrane Filtration Using membrane-Thermotolerant E. coli Agar (mTEC),,Delaware DNREC Environmental Laboratory,2010-08-31,,,,,,STORET
31DELRBC_WQX,Delaware River Basin Commission,31DELRBC_WQX-1010007-018-SPM-003-Water,Sample-Routine,Water,Surface Water,2010-10-26,09:54:00,EDT,,,,,,,,,,,DRBC-BOATRUN,Delaware DNREC Environmental Laboratory,31DELRBC_WQX-892071,,,,,Stainless Bucket,31DELRBC_WQX,Grab Sample Collected With A Stainless Bucket,Bucket,,Escherichia coli,,57,cfu/100mL,,Final,,Actual,,,,,,,,,,,,,1103.1,USEPA,Escherichia coli in Water by Membrane Filtration Using membrane-Thermotolerant E. coli Agar (mTEC),,Delaware DNREC Environmental Laboratory,2010-10-27,,,,,,STORET
31DELRBC_WQX,Delaware River Basin Commission,31DELRBC_WQX-1004011-018-SPM-003-Water,Sample-Routine,Water,Surface Water,2010-04-20,10:13:00,EDT,,,,,,,,,,,DRBC-BOATRUN,Delaware DNREC Environmental Laboratory,31DELRBC_WQX-892071,,,,,Stainless Bucket,31DELRBC_WQX,Grab Sample Collected With A Stainless Bucket,Bucket,,Escherichia coli,,18,cfu/100mL,,Final,,Actual,,,,,,,,,,,,,1103.1,USEPA,Escherichia coli in Water by Membrane Filtration Using membrane-Thermotolerant E. coli Agar (mTEC),,Delaware DNREC Environmental Laboratory,2010-04-21,,,,,,STORET
31DELRBC_WQX,Delaware River Basin Commission,31DELRBC_WQX-1003025-016-SPM-003-Water,Sample-Routine,Water,Surface Water,2010-03-22,10:07:00,EDT,,,,,,,,,,,DRBC-BOATRUN,Delaware DNREC Environmental Laboratory,31DELRBC_WQX-892065,,,,,Stainless Bucket,31DELRBC_WQX,Grab Sample Collected With A Stainless Bucket,Bucket,,Escherichia coli,,17,cfu/100mL,,Final,,Actual,,,,,,,,,,,,,1103.1,USEPA,Escherichia coli in Water by Membrane Filtration Using membrane-Thermotolerant E. coli Agar (mTEC),,Delaware DNREC Environmental Laboratory,2010-03-23,,,,,,STORET
31DELRBC_WQX,Delaware River Basin Commission,31DELRBC_WQX-1005008-016-SPM-003-Water,Sample-Routine,Water,Surface Water,2010-05-25,10:03:00,EDT,,,,,,,,,,,DRBC-BOATRUN,Delaware DNREC Environmental Laboratory,31DELRBC_WQX-892065,,,,,Stainless Bucket,31DELRBC_WQX,Grab Sample Collected With A Stainless Bucket,Bucket,,Escherichia coli,,19,cfu/100mL,,Final,,Actual,,,,,,,,,,,,,1103.1,USEPA,Escherichia coli in Water by Membrane Filtration Using membrane-Thermotolerant E. coli Agar (mTEC),,Delaware DNREC Environmental Laboratory,2010-05-26,,,,,,STORET
31DELRBC_WQX,Delaware River Basin Commission,31DELRBC_WQX-1006010-018-SPM-003-Water,Sample-Routine,Water,Surface Water,2010-06-22,,,,,,,,,,,,,DRBC-BOATRUN,Delaware DNREC Environmental Laboratory,31DELRBC_WQX-892071,,,,,Stainless Bucket,31DELRBC_WQX,Grab Sample Collected With A Stainless Bucket,Bucket,,Escherichia coli,,21,cfu/100mL,,Final,,Actual,,,,,,,,,,,,,1103.1,USEPA,Escherichia coli in Water by Membrane Filtration Using membrane-Thermotolerant E. coli Agar (mTEC),,Delaware DNREC Environmental Laboratory,2010-06-23,,,,,,STORET
31DELRBC_WQX,Delaware River Basin Commission,31DELRBC_WQX-1006010-017-SPM-003-Water,Sample-Routine,Water,Surface Water,2010-06-22,,,,,,,,,,,,,DRBC-BOATRUN,Delaware DNREC Environmental Laboratory,31DELRBC_WQX-892065,,,,,Stainless Bucket,31DELRBC_WQX,Grab Sample Collected With A Stainless Bucket,Bucket,,Escherichia coli,,6,cfu/100mL,,Final,,Actual,,,,,,,,,,,,,1103.1,USEPA,Escherichia coli in Water by Membrane Filtration Using membrane-Thermotolerant E. coli Agar (mTEC),,Delaware DNREC Environmental Laboratory,2010-06-23,,,,,,STORET
31DELRBC_WQX,Delaware River Basin Commission,31DELRBC_WQX-1008006-017-SPM-003-Water,Sample-Routine,Water,Surface Water,2010-08-30,10:23:00,EDT,,,,,,,,,,,DRBC-BOATRUN,Delaware DNREC Environmental Laboratory,31DELRBC_WQX-892065,,,,,Stainless Bucket,31DELRBC_WQX,Grab Sample Collected With A Stainless Bucket,Bucket,,Escherichia coli,,16,cfu/100mL,,Final,,Actual,,,,,,,,,,,,,1103.1,USEPA,Escherichia coli in Water by Membrane Filtration Using membrane-Thermotolerant E. coli Agar (mTEC),,Delaware DNREC Environmental Laboratory,2010-08-31,,,,,,STORET
31DELRBC_WQX,Delaware River Basin Commission,31DELRBC_WQX-1005008-017-SPM-003-Water,Sample-Routine,Water,Surface Water,2010-05-25,10:12:00,EDT,,,,,,,,,,,DRBC-BOATRUN,Delaware DNREC Environmental Laboratory,31DELRBC_WQX-892071,,,,,Stainless Bucket,31DELRBC_WQX,Grab Sample Collected With A Stainless Bucket,Bucket,,Escherichia coli,,10,cfu/100mL,,Final,,Actual,,,,,,,,,,,,,1103.1,USEPA,Escherichia coli in Water by Membrane Filtration Using membrane-Thermotolerant E. coli Agar (mTEC),,Delaware DNREC Environmental Laboratory,2010-05-26,,,,,,STORET
31DELRBC_WQX,Delaware River Basin Commission,31DELRBC_WQX-1010007-017-SPM-003-Water,Sample-Routine,Water,Surface Water,2010-10-26,09:42:00,EDT,,,,,,,,,,,DRBC-BOATRUN,Delaware DNREC Environmental Laboratory,31DELRBC_WQX-892065,,,,,Stainless Bucket,31DELRBC_WQX,Grab Sample Collected With A Stainless Bucket,Bucket,,Escherichia coli,,39,cfu/100mL,,Final,,Actual,,,,,,,,,,,,,1103.1,USEPA,Escherichia coli in Water by Membrane Filtration Using membrane-Thermotolerant E. coli Agar (mTEC),,Delaware DNREC Environmental Laboratory,2010-10-27,,,,,,STORET
31DELRBC_WQX,Delaware River Basin Commission,31DELRBC_WQX-1007027-016-SPM-003-Water,Sample-Routine,Water,Surface Water,2010-07-20,12:46:00,EDT,,,,,,,,,,,DRBC-BOATRUN,Delaware DNREC Environmental Laboratory,31DELRBC_WQX-892065,,,,,Stainless Bucket,31DELRBC_WQX,Grab Sample Collected With A Stainless Bucket,Bucket,,Escherichia coli,,38,cfu/100mL,,Final,,Actual,,,,,,,,,,,,,1103.1,USEPA,Escherichia coli in Water by Membrane Filtration Using membrane-Thermotolerant E. coli Agar (mTEC),,Delaware DNREC Environmental Laboratory,2010-07-21,,,,,,STORET
31DELRBC_WQX,Delaware River Basin Commission,31DELRBC_WQX-1106004-018-SPM-003-Water,Sample-Routine,Water,Surface Water,2011-06-21,10:16:00,EDT,,,,,,,,,,,DRBC-BOATRUN,Delaware DNREC Environmental Laboratory,31DELRBC_WQX-892071,,,,,Stainless Bucket,31DELRBC_WQX,Grab Sample Collected With A Stainless Bucket,Bucket,,Escherichia coli,,33,cfu/100mL,,Final,,Actual,,,,,,,,,,,,,1103.1,USEPA,Escherichia coli in Water by Membrane Filtration Using membrane-Thermotolerant E. coli Agar (mTEC),,Delaware DNREC Environmental Laboratory,2011-06-22,,,,,,STORET
31DELRBC_WQX,Delaware River Basin Commission,31DELRBC_WQX-1104028-018-SPM-003-Water,Sample-Routine,Water,Surface Water,2011-04-26,09:55:00,EDT,,,,,,,,,,,DRBC-BOATRUN,Delaware DNREC Environmental Laboratory,31DELRBC_WQX-892071,,,,,Stainless Bucket,31DELRBC_WQX,Grab Sample Collected With A Stainless Bucket,Bucket,,Escherichia coli,,31,cfu/100mL,,Final,,Actual,,,,,,,,,,,,,1103.1,USEPA,Escherichia coli in Water by Membrane Filtration Using membrane-Thermotolerant E. coli Agar (mTEC),,Delaware DNREC Environmental Laboratory,2011-04-27,,,,,,STORET
31DELRBC_WQX,Delaware River Basin Commission,31DELRBC_WQX-1110009-016-SPM-003-Water,Sample-Routine,Water,Surface Water,2011-10-17,10:26:00,EDT,,,,,,,,,,,DRBC-BOATRUN,Delaware DNREC Environmental Laboratory,31DELRBC_WQX-892065,,,,,Stainless Bucket,31DELRBC_WQX,Grab Sample Collected With A Stainless Bucket,Bucket,,Escherichia coli,,110,cfu/100mL,,Final,,Actual,,,,,,,,,,,,,1103.1,USEPA,Escherichia coli in Water by Membrane Filtration Using membrane-Thermotolerant E. coli Agar (mTEC),,Delaware DNREC Environmental Laboratory,2011-10-18,,,,,,STORET
31DELRBC_WQX,Delaware River Basin Commission,31DELRBC_WQX-1105034-016-SPM-003-Water,Sample-Routine,Water,Surface Water,2011-05-24,10:26:00,EDT,,,,,,,,,,,DRBC-BOATRUN,Delaware DNREC Environmental Laboratory,31DELRBC_WQX-892065,,,,,Stainless Bucket,31DELRBC_WQX,Grab Sample Collected With A Stainless Bucket,Bucket,,Escherichia coli,,46,cfu/100mL,,Final,,Actual,,,,,,,,,,,,,1103.1,USEPA,Escherichia coli in Water by Membrane Filtration Using membrane-Thermotolerant E. coli Agar (mTEC),,Delaware DNREC Environmental Laboratory,2011-05-25,,,,,,STORET
31DELRBC_WQX,Delaware River Basin Commission,31DELRBC_WQX-1109013-018-SPM-003-Water,Sample-Routine,Water,Surface Water,2011-09-14,10:14:00,EDT,,,,,,,,,,,DRBC-BOATRUN,Delaware DNREC Environmental Laboratory,31DELRBC_WQX-892071,,,,,Stainless Bucket,31DELRBC_WQX,Grab Sample Collected With A Stainless Bucket,Bucket,,Escherichia coli,,120,cfu/100mL,,Final,,Actual,,,,,,,,,,,,,1103.1,USEPA,Escherichia coli in Water by Membrane Filtration Using membrane-Thermotolerant E. coli Agar (mTEC),,Delaware DNREC Environmental Laboratory,2011-09-15,,,,,,STORET
31DELRBC_WQX,Delaware River Basin Commission,31DELRBC_WQX-1109013-017-SPM-003-Water,Sample-Routine,Water,Surface Water,2011-09-14,10:06:00,EDT,,,,,,,,,,,DRBC-BOATRUN,Delaware DNREC Environmental Laboratory,31DELRBC_WQX-892065,,,,,Stainless Bucket,31DELRBC_WQX,Grab Sample Collected With A Stainless Bucket,Bucket,,Escherichia coli,,70,cfu/100mL,,Final,,Actual,,,,,,,,,,,,,1103.1,USEPA,Escherichia coli in Water by Membrane Filtration Using membrane-Thermotolerant E. coli Agar (mTEC),,Delaware DNREC Environmental Laboratory,2011-09-15,,,,,,STORET
31DELRBC_WQX,Delaware River Basin Commission,31DELRBC_WQX-1107010-016-SPM-003-Water,Sample-Routine,Water,Surface Water,2011-07-19,10:27:00,EDT,,,,,,,,,,,DRBC-BOATRUN,Delaware DNREC Environmental Laboratory,31DELRBC_WQX-892065,,,,,Stainless Bucket,31DELRBC_WQX,Grab Sample Collected With A Stainless Bucket,Bucket,,Escherichia coli,,70,cfu/100mL,,Final,,Actual,,,,,,,,,,,,,1103.1,USEPA,Escherichia coli in Water by Membrane Filtration Using membrane-Thermotolerant E. coli Agar (mTEC),,Delaware DNREC Environmental Laboratory,2011-07-20,,,,,,STORET
31DELRBC_WQX,Delaware River Basin Commission,31DELRBC_WQX-1105034-018-SPM-003-Water,Sample-Routine,Water,Surface Water,2011-05-24,10:47:00,EDT,,,,,,,,,,,DRBC-BOATRUN,Delaware DNREC Environmental Laboratory,31DELRBC_WQX-892071,,,,,Stainless Bucket,31DELRBC_WQX,Grab Sample Collected With A Stainless Bucket,Bucket,,Escherichia coli,,103,cfu/100mL,,Final,,Actual,,,,,,,,,,,,,1103.1,USEPA,Escherichia coli in Water by Membrane Filtration Using membrane-Thermotolerant E. coli Agar (mTEC),,Delaware DNREC Environmental Laboratory,2011-05-25,,,,,,STORET
31DELRBC_WQX,Delaware River Basin Commission,31DELRBC_WQX-1107010-017-SPM-003-Water,Sample-Routine,Water,Surface Water,2011-07-19,10:35:00,EDT,,,,,,,,,,,DRBC-BOATRUN,Delaware DNREC Environmental Laboratory,31DELRBC_WQX-892071,,,,,Stainless Bucket,31DELRBC_WQX,Grab Sample Collected With A Stainless Bucket,Bucket,,Escherichia coli,,76,cfu/100mL,,Final,,Actual,,,,,,,,,,,,,1103.1,USEPA,Escherichia coli in Water by Membrane Filtration Using membrane-Thermotolerant E. coli Agar (mTEC),,Delaware DNREC Environmental Laboratory,2011-07-20,,,,,,STORET
31DELRBC_WQX,Delaware River Basin Commission,31DELRBC_WQX-1108011-017-SPM-003-Water,Sample-Routine,Water,Surface Water,2011-08-22,11:02:00,EDT,,,,,,,,,,,DRBC-BOATRUN,Delaware DNREC Environmental Laboratory,31DELRBC_WQX-892071,,,,,Stainless Bucket,31DELRBC_WQX,Grab Sample Collected With A Stainless Bucket,Bucket,Present Above Quantification Limit,Escherichia coli,,,cfu/100mL,,Final,,Actual,,,,,,,,,,,,,1103.1,USEPA,Escherichia coli in Water by Membrane Filtration Using membrane-Thermotolerant E. coli Agar (mTEC),,Delaware DNREC Environmental Laboratory,2011-08-23,,Upper Quantitation Limit,600,cfu/100mL,,STORET
31DELRBC_WQX,Delaware River Basin Commission,31DELRBC_WQX-1106004-016-SPM-003-Water,Sample-Routine,Water,Surface Water,2011-06-21,10:08:00,EDT,,,,,,,,,,,DRBC-BOATRUN,Delaware DNREC Environmental Laboratory,31DELRBC_WQX-892065,,,,,Stainless Bucket,31DELRBC_WQX,Grab Sample Collected With A Stainless Bucket,Bucket,,Escherichia coli,,7,cfu/100mL,,Final,,Actual,,,,,,,,,,,,,1103.1,USEPA,Escherichia coli in Water by Membrane Filtration Using membrane-Thermotolerant E. coli Agar (mTEC),,Delaware DNREC Environmental Laboratory,2011-06-22,,,,,,STORET
31DELRBC_WQX,Delaware River Basin Commission,31DELRBC_WQX-1108011-016-SPM-003-Water,Sample-Routine,Water,Surface Water,2011-08-22,10:36:00,EDT,,,,,,,,,,,DRBC-BOATRUN,Delaware DNREC Environmental Laboratory,31DELRBC_WQX-892065,,,,,Stainless Bucket,31DELRBC_WQX,Grab Sample Collected With A Stainless Bucket,Bucket,,Escherichia coli,,140,cfu/100mL,,Final,,Actual,,,,,,,,,,,,,1103.1,USEPA,Escherichia coli in Water by Membrane Filtration Using membrane-Thermotolerant E. coli Agar (mTEC),,Delaware DNREC Environmental Laboratory,2011-08-23,,,,,,STORET
31DELRBC_WQX,Delaware River Basin Commission,31DELRBC_WQX-1110009-017-SPM-003-Water,Sample-Routine,Water,Surface Water,2011-10-17,10:46:00,EDT,,,,,,,,,,,DRBC-BOATRUN,Delaware DNREC Environmental Laboratory,31DELRBC_WQX-892071,,,,,Stainless Bucket,31DELRBC_WQX,Grab Sample Collected With A Stainless Bucket,Bucket,,Escherichia coli,,50,cfu/100mL,,Final,,Actual,,,,,,,,,,,,,1103.1,USEPA,Escherichia coli in Water by Membrane Filtration Using membrane-Thermotolerant E. coli Agar (mTEC),,Delaware DNREC Environmental Laboratory,2011-10-18,,,,,,STORET
31DELRBC_WQX,Delaware River Basin Commission,31DELRBC_WQX-1106004-017-SPM-003-Water,Quality Control Sample-Field Replicate,Water,Surface Water,2011-06-21,10:08:00,EDT,,,,,,,,,,,DRBC-BOATRUN,Delaware DNREC Environmental Laboratory,31DELRBC_WQX-892065,,,,,Stainless Bucket,31DELRBC_WQX,Grab Sample Collected With A Stainless Bucket,Bucket,,Escherichia coli,,20,cfu/100mL,,Final,,Actual,,,,,,,,,,,,,1103.1,USEPA,Escherichia coli in Water by Membrane Filtration Using membrane-Thermotolerant E. coli Agar (mTEC),,Delaware DNREC Environmental Laboratory,2011-06-22,,,,,,STORET
31DELRBC_WQX,Delaware River Basin Commission,31DELRBC_WQX-1104028-017-SPM-003-Water,Sample-Routine,Water,Surface Water,2011-04-26,09:46:00,EDT,,,,,,,,,,,DRBC-BOATRUN,Delaware DNREC Environmental Laboratory,31DELRBC_WQX-892065,,,,,Stainless Bucket,31DELRBC_WQX,Grab Sample Collected With A Stainless Bucket,Bucket,,Escherichia coli,,73,cfu/100mL,,Final,,Actual,,,,,,,,,,,,,1103.1,USEPA,Escherichia coli in Water by Membrane Filtration Using membrane-Thermotolerant E. coli Agar (mTEC),,Delaware DNREC Environmental Laboratory,2011-04-27,,,,,,STORET
31DELRBC_WQX,Delaware River Basin Commission,31DELRBC_WQX-1205010-017-SPM-003-Water,Sample-Routine,Water,Surface Water,2012-05-22,10:13:00,EDT,,,,,,,,,,,DRBC-BOATRUN,Delaware DNREC Environmental Laboratory,31DELRBC_WQX-892071,,,,,Stainless Bucket,31DELRBC_WQX,Grab Sample Collected With A Stainless Bucket,Bucket,,Escherichia coli,,22,cfu/100mL,,Final,,Actual,,,,,,,,,,,,,1103.1,USEPA,Escherichia coli in Water by Membrane Filtration Using membrane-Thermotolerant E. coli Agar (mTEC),,Delaware DNREC Environmental Laboratory,2012-05-23,,,,,,STORET
31DELRBC_WQX,Delaware River Basin Commission,31DELRBC_WQX-1205010-016-SPM-003-Water,Sample-Routine,Water,Surface Water,2012-05-22,10:03:00,EDT,,,,,,,,,,,DRBC-BOATRUN,Delaware DNREC Environmental Laboratory,31DELRBC_WQX-892065,,,,,Stainless Bucket,31DELRBC_WQX,Grab Sample Collected With A Stainless Bucket,Bucket,,Escherichia coli,,23,cfu/100mL,,Final,,Actual,,,,,,,,,,,,,1103.1,USEPA,Escherichia coli in Water by Membrane Filtration Using membrane-Thermotolerant E. coli Agar (mTEC),,Delaware DNREC Environmental Laboratory,2012-05-23,,,,,,STORET
31DELRBC_WQX,Delaware River Basin Commission,31DELRBC_WQX-1204021-016-SPM-003-Water,Sample-Routine,Water,Surface Water,2012-04-23,10:24:00,EDT,,,,,,,,,,,DRBC-BOATRUN,Delaware DNREC Environmental Laboratory,31DELRBC_WQX-892065,,,,,Stainless Bucket,31DELRBC_WQX,Grab Sample Collected With A Stainless Bucket,Bucket,,Escherichia coli,,130,cfu/100mL,,Final,,Actual,,,,,,,,,,,,,1103.1,USEPA,Escherichia coli in Water by Membrane Filtration Using membrane-Thermotolerant E. coli Agar (mTEC),,Delaware DNREC Environmental Laboratory,2012-04-24,,,,,,STORET
31DELRBC_WQX,Delaware River Basin Commission,31DELRBC_WQX-1210009-018-SPM-003-Water,Sample-Routine,Water,Surface Water,2012-10-22,10:09:00,EDT,,,,,,,,,,,DRBC-BOATRUN,Delaware DNREC Environmental Laboratory,31DELRBC_WQX-892071,,,,,Stainless Bucket,31DELRBC_WQX,Grab Sample Collected With A Stainless Bucket,Bucket,,Escherichia coli,,39,cfu/100mL,,Final,,Actual,,,,,,,,,,,,,1103.1,USEPA,Escherichia coli in Water by Membrane Filtration Using membrane-Thermotolerant E. coli Agar (mTEC),,Delaware DNREC Environmental Laboratory,2012-10-23,,,,,,STORET
31DELRBC_WQX,Delaware River Basin Commission,31DELRBC_WQX-1206034-018-SPM-003-Water,Sample-Routine,Water,Surface Water,2012-06-25,11:04:00,EDT,,,,,,,,,,,DRBC-BOATRUN,Delaware DNREC Environmental Laboratory,31DELRBC_WQX-892071,,,,,Stainless Bucket,31DELRBC_WQX,Grab Sample Collected With A Stainless Bucket,Bucket,,Escherichia coli,,41,cfu/100mL,,Final,,Actual,,,,,,,,,,,,,1103.1,USEPA,Escherichia coli in Water by Membrane Filtration Using membrane-Thermotolerant E. coli Agar (mTEC),,Delaware DNREC Environmental Laboratory,2012-06-26,,,,,,STORET
31DELRBC_WQX,Delaware River Basin Commission,31DELRBC_WQX-1204021-017-SPM-003-Water,Sample-Routine,Water,Surface Water,2012-04-23,10:39:00,EDT,,,,,,,,,,,DRBC-BOATRUN,Delaware DNREC Environmental Laboratory,31DELRBC_WQX-892071,,,,,Stainless Bucket,31DELRBC_WQX,Grab Sample Collected With A Stainless Bucket,Bucket,,Escherichia coli,,490,cfu/100mL,,Final,,Actual,,,,,,,,,,,,,1103.1,USEPA,Escherichia coli in Water by Membrane Filtration Using membrane-Thermotolerant E. coli Agar (mTEC),,Delaware DNREC Environmental Laboratory,2012-04-24,,,,,,STORET
31DELRBC_WQX,Delaware River Basin Commission,31DELRBC_WQX-1208013-018-SPM-003-Water,Sample-Routine,Water,Surface Water,2012-08-21,10:10:00,EDT,,,,,,,,,,,DRBC-BOATRUN,Delaware DNREC Environmental Laboratory,31DELRBC_WQX-892071,,,,,Stainless Bucket,31DELRBC_WQX,Grab Sample Collected With A Stainless Bucket,Bucket,,Escherichia coli,,200,cfu/100mL,,Final,,Actual,,,,,,,,,,,,,1103.1,USEPA,Escherichia coli in Water by Membrane Filtration Using membrane-Thermotolerant E. coli Agar (mTEC),,Delaware DNREC Environmental Laboratory,2012-08-22,,,,,,STORET
31DELRBC_WQX,Delaware River Basin Commission,31DELRBC_WQX-1208013-017-SPM-003-Water,Sample-Routine,Water,Surface Water,2012-08-21,09:56:00,EDT,,,,,,,,,,,DRBC-BOATRUN,Delaware DNREC Environmental Laboratory,31DELRBC_WQX-892065,,,,,Stainless Bucket,31DELRBC_WQX,Grab Sample Collected With A Stainless Bucket,Bucket,,Escherichia coli,,90,cfu/100mL,,Final,,Actual,,,,,,,,,,,,,1103.1,USEPA,Escherichia coli in Water by Membrane Filtration Using membrane-Thermotolerant E. coli Agar (mTEC),,Delaware DNREC Environmental Laboratory,2012-08-22,,,,,,STORET
31DELRBC_WQX,Delaware River Basin Commission,31DELRBC_WQX-1209025-016-SPM-003-Water,Sample-Routine,Water,Surface Water,2012-09-24,10:14:00,EDT,,,,,,,,,,,DRBC-BOATRUN,Delaware DNREC Environmental Laboratory,31DELRBC_WQX-892065,,,,,Stainless Bucket,31DELRBC_WQX,Grab Sample Collected With A Stainless Bucket,Bucket,,Escherichia coli,,56,cfu/100mL,,Final,,Actual,,,,,,,,,,,,,1103.1,USEPA,Escherichia coli in Water by Membrane Filtration Using membrane-Thermotolerant E. coli Agar (mTEC),,Delaware DNREC Environmental Laboratory,2012-09-25,,,,,,STORET
31DELRBC_WQX,Delaware River Basin Commission,31DELRBC_WQX-1207032-016-SPM-003-Water,Sample-Routine,Water,Surface Water,2012-07-23,10:33:00,EDT,,,,,,,,,,,DRBC-BOATRUN,Delaware DNREC Environmental Laboratory,31DELRBC_WQX-892065,,,,,Stainless Bucket,31DELRBC_WQX,Grab Sample Collected With A Stainless Bucket,Bucket,,Escherichia coli,,47,cfu/100mL,,Final,,Actual,,,,,,,,,,,,,1103.1,USEPA,Escherichia coli in Water by Membrane Filtration Using membrane-Thermotolerant E. coli Agar (mTEC),,Delaware DNREC Environmental Laboratory,2012-07-24,,,,,,STORET
31DELRBC_WQX,Delaware River Basin Commission,31DELRBC_WQX-1207032-017-SPM-003-Water,Sample-Routine,Water,Surface Water,2012-07-23,10:47:00,EDT,,,,,,,,,,,DRBC-BOATRUN,Delaware DNREC Environmental Laboratory,31DELRBC_WQX-892071,,,,,Stainless Bucket,31DELRBC_WQX,Grab Sample Collected With A Stainless Bucket,Bucket,,Escherichia coli,,153,cfu/100mL,,Final,,Actual,,,,,,,,,,,,,1103.1,USEPA,Escherichia coli in Water by Membrane Filtration Using membrane-Thermotolerant E. coli Agar (mTEC),,Delaware DNREC Environmental Laboratory,2012-07-24,,,,,,STORET
31DELRBC_WQX,Delaware River Basin Commission,31DELRBC_WQX-1206034-017-SPM-003-Water,Sample-Routine,Water,Surface Water,2012-06-25,10:49:00,EDT,,,,,,,,,,,DRBC-BOATRUN,Delaware DNREC Environmental Laboratory,31DELRBC_WQX-892065,,,,,Stainless Bucket,31DELRBC_WQX,Grab Sample Collected With A Stainless Bucket,Bucket,,Escherichia coli,,30,cfu/100mL,,Final,,Actual,,,,,,,,,,,,,1103.1,USEPA,Escherichia coli in Water by Membrane Filtration Using membrane-Thermotolerant E. coli Agar (mTEC),,Delaware DNREC Environmental Laboratory,2012-06-26,,,,,,STORET
31DELRBC_WQX,Delaware River Basin Commission,31DELRBC_WQX-1209025-017-SPM-003-Water,Sample-Routine,Water,Surface Water,2012-09-24,10:36:00,EDT,,,,,,,,,,,DRBC-BOATRUN,Delaware DNREC Environmental Laboratory,31DELRBC_WQX-892071,,,,,Stainless Bucket,31DELRBC_WQX,Grab Sample Collected With A Stainless Bucket,Bucket,,Escherichia coli,,410,cfu/100mL,,Final,,Actual,,,,,,,,,,,,,1103.1,USEPA,Escherichia coli in Water by Membrane Filtration Using membrane-Thermotolerant E. coli Agar (mTEC),,Delaware DNREC Environmental Laboratory,2012-09-25,,,,,,STORET
31DELRBC_WQX,Delaware River Basin Commission,31DELRBC_WQX-1210009-017-SPM-003-Water,Sample-Routine,Water,Surface Water,2012-10-22,10:00:00,EDT,,,,,,,,,,,DRBC-BOATRUN,Delaware DNREC Environmental Laboratory,31DELRBC_WQX-892065,,,,,Stainless Bucket,31DELRBC_WQX,Grab Sample Collected With A Stainless Bucket,Bucket,,Escherichia coli,,67,cfu/100mL,,Final,,Actual,,,,,,,,,,,,,1103.1,USEPA,Escherichia coli in Water by Membrane Filtration Using membrane-Thermotolerant E. coli Agar (mTEC),,Delaware DNREC Environmental Laboratory,2012-10-23,,,,,,STORET
31DELRBC_WQX,Delaware River Basin Commission,31DELRBC_WQX-1207032-018-SPM-003-Water,Quality Control Sample-Field Replicate,Water,Surface Water,2012-07-23,10:47:00,EDT,,,,,,,,,,,DRBC-BOATRUN,Delaware DNREC Environmental Laboratory,31DELRBC_WQX-892071,,,,,Stainless Bucket,31DELRBC_WQX,Grab Sample Collected With A Stainless Bucket,Bucket,,Escherichia coli,,113,cfu/100mL,,Final,,Actual,,,,,,,,,,,,,1103.1,USEPA,Escherichia coli in Water by Membrane Filtration Using membrane-Thermotolerant E. coli Agar (mTEC),,Delaware DNREC Environmental Laboratory,2012-07-24,,,,,,STORET
31DELRBC_WQX,Delaware River Basin Commission,31DELRBC_WQX-1306044-018-SPM-003-Water,Sample-Routine,Water,Surface Water,2013-06-25,10:08:00,EDT,,,,,,,,,,,DRBC-BOATRUN,Delaware DNREC Environmental Laboratory,31DELRBC_WQX-892071,,,,,Stainless Bucket,31DELRBC_WQX,Grab Sample Collected With A Stainless Bucket,Bucket,,Escherichia coli,,240,cfu/100mL,,Final,,Actual,,,,,,,,,,,,,1103.1,USEPA,Escherichia coli in Water by Membrane Filtration Using membrane-Thermotolerant E. coli Agar (mTEC),,Delaware DNREC Environmental Laboratory,2013-06-26,,,,,,STORET
31DELRBC_WQX,Delaware River Basin Commission,31DELRBC_WQX-1310025-016-SPM-003-Water,Sample-Routine,Water,Surface Water,2013-10-14,09:43:00,EDT,,,,,,,,,,,DRBC-BOATRUN,Delaware DNREC Environmental Laboratory,31DELRBC_WQX-892065,,,,,Stainless Bucket,31DELRBC_WQX,Grab Sample Collected With A Stainless Bucket,Bucket,,Escherichia coli,,137,cfu/100mL,,Final,,Actual,,,,,,,,,,,,,1103.1,USEPA,Escherichia coli in Water by Membrane Filtration Using membrane-Thermotolerant E. coli Agar (mTEC),,Delaware DNREC Environmental Laboratory,2013-10-15,,,,,,STORET
31DELRBC_WQX,Delaware River Basin Commission,31DELRBC_WQX-1309024-017-SPM-003-Water,Sample-Routine,Water,Surface Water,2013-09-23,10:13:00,EDT,,,,,,,,,,,DRBC-BOATRUN,Delaware DNREC Environmental Laboratory,31DELRBC_WQX-892071,,,,,Stainless Bucket,31DELRBC_WQX,Grab Sample Collected With A Stainless Bucket,Bucket,,Escherichia coli,,680,cfu/100mL,,Final,,Actual,,,,,,,,,,,,,1103.1,USEPA,Escherichia coli in Water by Membrane Filtration Using membrane-Thermotolerant E. coli Agar (mTEC),,Delaware DNREC Environmental Laboratory,2013-09-24,,,,,,STORET
31DELRBC_WQX,Delaware River Basin Commission,31DELRBC_WQX-1305030-017-SPM-003-Water,Sample-Routine,Water,Surface Water,2013-05-21,09:37:00,EDT,,,,,,,,,,,DRBC-BOATRUN,Delaware DNREC Environmental Laboratory,31DELRBC_WQX-892065,,,,,Stainless Bucket,31DELRBC_WQX,Grab Sample Collected With A Stainless Bucket,Bucket,,Escherichia coli,,25,cfu/100mL,,Final,,Actual,,,,,,,,,,,,,1103.1,USEPA,Escherichia coli in Water by Membrane Filtration Using membrane-Thermotolerant E. coli Agar (mTEC),,Delaware DNREC Environmental Laboratory,2013-05-22,,,,,,STORET
31DELRBC_WQX,Delaware River Basin Commission,31DELRBC_WQX-1310025-017-SPM-003-Water,Sample-Routine,Water,Surface Water,2013-10-14,09:51:00,EDT,,,,,,,,,,,DRBC-BOATRUN,Delaware DNREC Environmental Laboratory,31DELRBC_WQX-892071,,,,,Stainless Bucket,31DELRBC_WQX,Grab Sample Collected With A Stainless Bucket,Bucket,,Escherichia coli,,207,cfu/100mL,,Final,,Actual,,,,,,,,,,,,,1103.1,USEPA,Escherichia coli in Water by Membrane Filtration Using membrane-Thermotolerant E. coli Agar (mTEC),,Delaware DNREC Environmental Laboratory,2013-10-15,,,,,,STORET
31DELRBC_WQX,Delaware River Basin Commission,31DELRBC_WQX-1309024-016-SPM-003-Water,Sample-Routine,Water,Surface Water,2013-09-23,09:54:00,EDT,,,,,,,,,,,DRBC-BOATRUN,Delaware DNREC Environmental Laboratory,31DELRBC_WQX-892065,,,,,Stainless Bucket,31DELRBC_WQX,Grab Sample Collected With A Stainless Bucket,Bucket,,Escherichia coli,,220,cfu/100mL,,Final,,Actual,,,,,,,,,,,,,1103.1,USEPA,Escherichia coli in Water by Membrane Filtration Using membrane-Thermotolerant E. coli Agar (mTEC),,Delaware DNREC Environmental Laboratory,2013-09-24,,,,,,STORET
31DELRBC_WQX,Delaware River Basin Commission,31DELRBC_WQX-1308034-017-SPM-003-Water,Sample-Routine,Water,Surface Water,2013-08-26,10:30:00,EDT,,,,,,,,,,,DRBC-BOATRUN,Delaware DNREC Environmental Laboratory,31DELRBC_WQX-892071,,,,,Stainless Bucket,31DELRBC_WQX,Grab Sample Collected With A Stainless Bucket,Bucket,,Escherichia coli,,61,cfu/100mL,,Final,,Actual,,,,,,,,,,,,,1103.1,USEPA,Escherichia coli in Water by Membrane Filtration Using membrane-Thermotolerant E. coli Agar (mTEC),,Delaware DNREC Environmental Laboratory,2013-08-27,,,,,,STORET
31DELRBC_WQX,Delaware River Basin Commission,31DELRBC_WQX-1304023-018-SPM-003-Water,Sample-Routine,Water,Surface Water,2013-04-23,10:58:00,EDT,,,,,,,,,,,DRBC-BOATRUN,Delaware DNREC Environmental Laboratory,31DELRBC_WQX-892071,,,,,Stainless Bucket,31DELRBC_WQX,Grab Sample Collected With A Stainless Bucket,Bucket,,Escherichia coli,,16,cfu/100mL,,Final,,Actual,,,,,,,,,,,,,1103.1,USEPA,Escherichia coli in Water by Membrane Filtration Using membrane-Thermotolerant E. coli Agar (mTEC),,Delaware DNREC Environmental Laboratory,2013-04-24,,,,,,STORET
31DELRBC_WQX,Delaware River Basin Commission,31DELRBC_WQX-1306044-016-SPM-003-Water,Sample-Routine,Water,Surface Water,2013-06-25,09:52:00,EDT,,,,,,,,,,,DRBC-BOATRUN,Delaware DNREC Environmental Laboratory,31DELRBC_WQX-892065,,,,,Stainless Bucket,31DELRBC_WQX,Grab Sample Collected With A Stainless Bucket,Bucket,,Escherichia coli,,137,cfu/100mL,,Final,,Actual,,,,,,,,,,,,,1103.1,USEPA,Escherichia coli in Water by Membrane Filtration Using membrane-Thermotolerant E. coli Agar (mTEC),,Delaware DNREC Environmental Laboratory,2013-06-26,,,,,,STORET
31DELRBC_WQX,Delaware River Basin Commission,31DELRBC_WQX-1304023-017-SPM-003-Water,Sample-Routine,Water,Surface Water,2013-04-23,10:46:00,EDT,,,,,,,,,,,DRBC-BOATRUN,Delaware DNREC Environmental Laboratory,31DELRBC_WQX-892065,,,,,Stainless Bucket,31DELRBC_WQX,Grab Sample Collected With A Stainless Bucket,Bucket,,Escherichia coli,,16,cfu/100mL,,Final,,Actual,,,,,,,,,,,,,1103.1,USEPA,Escherichia coli in Water by Membrane Filtration Using membrane-Thermotolerant E. coli Agar (mTEC),,Delaware DNREC Environmental Laboratory,2013-04-24,,,,,,STORET
31DELRBC_WQX,Delaware River Basin Commission,31DELRBC_WQX-1305030-018-SPM-003-Water,Sample-Routine,Water,Surface Water,2013-05-21,09:51:00,EDT,,,,,,,,,,,DRBC-BOATRUN,Delaware DNREC Environmental Laboratory,31DELRBC_WQX-892071,,,,,Stainless Bucket,31DELRBC_WQX,Grab Sample Collected With A Stainless Bucket,Bucket,,Escherichia coli,,32,cfu/100mL,,Final,,Actual,,,,,,,,,,,,,1103.1,USEPA,Escherichia coli in Water by Membrane Filtration Using membrane-Thermotolerant E. coli Agar (mTEC),,Delaware DNREC Environmental Laboratory,2013-05-22,,,,,,STORET
31DELRBC_WQX,Delaware River Basin Commission,31DELRBC_WQX-1306044-017-SPM-003-Water,Sample-Routine,Water,Surface Water,2013-06-25,09:52:00,EDT,,,,,,,,,,,DRBC-BOATRUN,Delaware DNREC Environmental Laboratory,31DELRBC_WQX-892065,,,,,Stainless Bucket,31DELRBC_WQX,Grab Sample Collected With A Stainless Bucket,Bucket,,Escherichia coli,,203,cfu/100mL,,Final,,Actual,,,,,,,,,,,,,1103.1,USEPA,Escherichia coli in Water by Membrane Filtration Using membrane-Thermotolerant E. coli Agar (mTEC),,Delaware DNREC Environmental Laboratory,2013-06-26,,,,,,STORET
31DELRBC_WQX,Delaware River Basin Commission,31DELRBC_WQX-1307029-016-SPM-003-Water,Sample-Routine,Water,Surface Water,2013-07-22,10:16:00,EDT,,,,,,,,,,,DRBC-BOATRUN,Delaware DNREC Environmental Laboratory,31DELRBC_WQX-892065,,,,,Stainless Bucket,31DELRBC_WQX,Grab Sample Collected With A Stainless Bucket,Bucket,,Escherichia coli,,97,cfu/100mL,,Final,,Actual,,,,,,,,,,,,,1103.1,USEPA,Escherichia coli in Water by Membrane Filtration Using membrane-Thermotolerant E. coli Agar (mTEC),,Delaware DNREC Environmental Laboratory,2013-07-23,,,,,,STORET
31DELRBC_WQX,Delaware River Basin Commission,31DELRBC_WQX-1308034-016-SPM-003-Water,Sample-Routine,Water,Surface Water,2013-08-26,10:17:00,EDT,,,,,,,,,,,DRBC-BOATRUN,Delaware DNREC Environmental Laboratory,31DELRBC_WQX-892065,,,,,Stainless Bucket,31DELRBC_WQX,Grab Sample Collected With A Stainless Bucket,Bucket,,Escherichia coli,,28,cfu/100mL,,Final,,Actual,,,,,,,,,,,,,1103.1,USEPA,Escherichia coli in Water by Membrane Filtration Using membrane-Thermotolerant E. coli Agar (mTEC),,Delaware DNREC Environmental Laboratory,2013-08-27,,,,,,STORET
31DELRBC_WQX,Delaware River Basin Commission,31DELRBC_WQX-1307029-017-SPM-003-Water,Sample-Routine,Water,Surface Water,2013-07-22,10:27:00,EDT,,,,,,,,,,,DRBC-BOATRUN,Delaware DNREC Environmental Laboratory,31DELRBC_WQX-892071,,,,,Stainless Bucket,31DELRBC_WQX,Grab Sample Collected With A Stainless Bucket,Bucket,,Escherichia coli,,157,cfu/100mL,,Final,,Actual,,,,,,,,,,,,,1103.1,USEPA,Escherichia coli in Water by Membrane Filtration Using membrane-Thermotolerant E. coli Agar (mTEC),,Delaware DNREC Environmental Laboratory,2013-07-23,,,,,,STORET
31DELRBC_WQX,Delaware River Basin Commission,31DELRBC_WQX-1410023-018-SPM-003-Water,Quality Control Sample-Field Replicate,Water,Surface Water,2014-10-20,09:56:00,EDT,,,,,,,,,,,DRBC-BOATRUN,Delaware DNREC Environmental Laboratory,31DELRBC_WQX-892071,,,,,Stainless Bucket,31DELRBC_WQX,Grab Sample Collected With A Stainless Bucket,Bucket,,Escherichia coli,,150,cfu/100mL,,Final,,Actual,,,,,,,,,,,,,1103.1,USEPA,Escherichia coli in Water by Membrane Filtration Using membrane-Thermotolerant E. coli Agar (mTEC),,Delaware DNREC Environmental Laboratory,2014-10-21,,,,,,STORET
31DELRBC_WQX,Delaware River Basin Commission,31DELRBC_WQX-1407021-017-SPM-003-Water,Sample-Routine,Water,Surface Water,2014-07-14,10:26:00,EDT,,,,,,,,,,,DRBC-BOATRUN,Delaware DNREC Environmental Laboratory,31DELRBC_WQX-892071,,,,,Stainless Bucket,31DELRBC_WQX,Grab Sample Collected With A Stainless Bucket,Bucket,,Escherichia coli,,187,cfu/100mL,,Final,,Actual,,,,,,,,,,,,,1103.1,USEPA,Escherichia coli in Water by Membrane Filtration Using membrane-Thermotolerant E. coli Agar (mTEC),,Delaware DNREC Environmental Laboratory,2014-07-15,,,,,,STORET
31DELRBC_WQX,Delaware River Basin Commission,31DELRBC_WQX-1409015-016-SPM-003-Water,Sample-Routine,Water,Surface Water,2014-09-15,09:57:00,EDT,,,,,,,,,,,DRBC-BOATRUN,Delaware DNREC Environmental Laboratory,31DELRBC_WQX-892065,,,,,Stainless Bucket,31DELRBC_WQX,Grab Sample Collected With A Stainless Bucket,Bucket,,Escherichia coli,,65,cfu/100mL,,Final,,Actual,,,,,,,,,,,,,1103.1,USEPA,Escherichia coli in Water by Membrane Filtration Using membrane-Thermotolerant E. coli Agar (mTEC),,Delaware DNREC Environmental Laboratory,2014-09-16,,,,,,STORET
31DELRBC_WQX,Delaware River Basin Commission,31DELRBC_WQX-1406028-017-SPM-003-Water,Sample-Routine,Water,Surface Water,2014-06-16,09:59:00,EDT,,,,,,,,,,,DRBC-BOATRUN,Delaware DNREC Environmental Laboratory,31DELRBC_WQX-892065,,,,,Stainless Bucket,31DELRBC_WQX,Grab Sample Collected With A Stainless Bucket,Bucket,,Escherichia coli,,80,cfu/100mL,,Final,,Actual,,,,,,,,,,,,,1103.1,USEPA,Escherichia coli in Water by Membrane Filtration Using membrane-Thermotolerant E. coli Agar (mTEC),,Delaware DNREC Environmental Laboratory,2014-06-17,,,,,,STORET
31DELRBC_WQX,Delaware River Basin Commission,31DELRBC_WQX-1406028-018-SPM-003-Water,Sample-Routine,Water,Surface Water,2014-06-16,10:19:00,EDT,,,,,,,,,,,DRBC-BOATRUN,Delaware DNREC Environmental Laboratory,31DELRBC_WQX-892071,,,,,Stainless Bucket,31DELRBC_WQX,Grab Sample Collected With A Stainless Bucket,Bucket,,Escherichia coli,,72,cfu/100mL,,Final,,Actual,,,,,,,,,,,,,1103.1,USEPA,Escherichia coli in Water by Membrane Filtration Using membrane-Thermotolerant E. coli Agar (mTEC),,Delaware DNREC Environmental Laboratory,2014-06-17,,,,,,STORET
31DELRBC_WQX,Delaware River Basin Commission,31DELRBC_WQX-1408016-017-SPM-003-Water,Sample-Routine,Water,Surface Water,2014-08-11,09:46:00,EDT,,,,,,,,,,,DRBC-BOATRUN,Delaware DNREC Environmental Laboratory,31DELRBC_WQX-892071,,,,,Stainless Bucket,31DELRBC_WQX,Grab Sample Collected With A Stainless Bucket,Bucket,,Escherichia coli,,93,cfu/100mL,,Final,,Actual,,,,,,,,,,,,,1103.1,USEPA,Escherichia coli in Water by Membrane Filtration Using membrane-Thermotolerant E. coli Agar (mTEC),,Delaware DNREC Environmental Laboratory,2014-08-12,,,,,,STORET
31DELRBC_WQX,Delaware River Basin Commission,31DELRBC_WQX-1410023-017-SPM-003-Water,Sample-Routine,Water,Surface Water,2014-10-20,09:56:00,EDT,,,,,,,,,,,DRBC-BOATRUN,Delaware DNREC Environmental Laboratory,31DELRBC_WQX-892071,,,,,Stainless Bucket,31DELRBC_WQX,Grab Sample Collected With A Stainless Bucket,Bucket,,Escherichia coli,,47,cfu/100mL,,Final,,Actual,,,,,,,,,,,,,1103.1,USEPA,Escherichia coli in Water by Membrane Filtration Using membrane-Thermotolerant E. coli Agar (mTEC),,Delaware DNREC Environmental Laboratory,2014-10-21,,,,,,STORET
31DELRBC_WQX,Delaware River Basin Commission,31DELRBC_WQX-1409015-017-SPM-003-Water,Sample-Routine,Water,Surface Water,2014-09-15,10:09:00,EDT,,,,,,,,,,,DRBC-BOATRUN,Delaware DNREC Environmental Laboratory,31DELRBC_WQX-892071,,,,,Stainless Bucket,31DELRBC_WQX,Grab Sample Collected With A Stainless Bucket,Bucket,,Escherichia coli,,183,cfu/100mL,,Final,,Actual,,,,,,,,,,,,,1103.1,USEPA,Escherichia coli in Water by Membrane Filtration Using membrane-Thermotolerant E. coli Agar (mTEC),,Delaware DNREC Environmental Laboratory,2014-09-16,,,,,,STORET
31DELRBC_WQX,Delaware River Basin Commission,31DELRBC_WQX-1405007-018-SPM-003-Water,Sample-Routine,Water,Surface Water,2014-05-12,09:58:00,EDT,,,,,,,,,,,DRBC-BOATRUN,Delaware DNREC Environmental Laboratory,31DELRBC_WQX-892071,,,,,Stainless Bucket,31DELRBC_WQX,Grab Sample Collected With A Stainless Bucket,Bucket,,Escherichia coli,,173,cfu/100mL,,Final,,Actual,,,,,,,,,,,,,1103.1,USEPA,Escherichia coli in Water by Membrane Filtration Using membrane-Thermotolerant E. coli Agar (mTEC),,Delaware DNREC Environmental Laboratory,2014-05-13,,,,,,STORET
31DELRBC_WQX,Delaware River Basin Commission,31DELRBC_WQX-1407021-016-SPM-003-Water,Sample-Routine,Water,Surface Water,2014-07-14,10:05:00,EDT,,,,,,,,,,,DRBC-BOATRUN,Delaware DNREC Environmental Laboratory,31DELRBC_WQX-892065,,,,,Stainless Bucket,31DELRBC_WQX,Grab Sample Collected With A Stainless Bucket,Bucket,,Escherichia coli,,480,cfu/100mL,,Final,,Actual,,,,,,,,,,,,,1103.1,USEPA,Escherichia coli in Water by Membrane Filtration Using membrane-Thermotolerant E. coli Agar (mTEC),,Delaware DNREC Environmental Laboratory,2014-07-15,,,,,,STORET
31DELRBC_WQX,Delaware River Basin Commission,31DELRBC_WQX-1408016-018-SPM-003-Water,Quality Control Sample-Field Replicate,Water,Surface Water,2014-08-11,10:07:00,EDT,,,,,,,,,,,DRBC-BOATRUN,Delaware DNREC Environmental Laboratory,31DELRBC_WQX-892071,,,,,Stainless Bucket,31DELRBC_WQX,Grab Sample Collected With A Stainless Bucket,Bucket,,Escherichia coli,,36,cfu/100mL,,Final,,Actual,,,,,,,,,,,,,1103.1,USEPA,Escherichia coli in Water by Membrane Filtration Using membrane-Thermotolerant E. coli Agar (mTEC),,Delaware DNREC Environmental Laboratory,2014-08-12,,,,,,STORET
31DELRBC_WQX,Delaware River Basin Commission,31DELRBC_WQX-1409015-018-SPM-003-Water,Quality Control Sample-Field Replicate,Water,Surface Water,2014-09-15,10:09:00,EDT,,,,,,,,,,,DRBC-BOATRUN,Delaware DNREC Environmental Laboratory,31DELRBC_WQX-892071,,,,,Stainless Bucket,31DELRBC_WQX,Grab Sample Collected With A Stainless Bucket,Bucket,,Escherichia coli,,167,cfu/100mL,,Final,,Actual,,,,,,,,,,,,,1103.1,USEPA,Escherichia coli in Water by Membrane Filtration Using membrane-Thermotolerant E. coli Agar (mTEC),,Delaware DNREC Environmental Laboratory,2014-09-16,,,,,,STORET
31DELRBC_WQX,Delaware River Basin Commission,31DELRBC_WQX-1407021-018-SPM-003-Water,Quality Control Sample-Field Replicate,Water,Surface Water,2014-07-14,10:26:00,EDT,,,,,,,,,,,DRBC-BOATRUN,Delaware DNREC Environmental Laboratory,31DELRBC_WQX-892071,,,,,Stainless Bucket,31DELRBC_WQX,Grab Sample Collected With A Stainless Bucket,Bucket,,Escherichia coli,,240,cfu/100mL,,Final,,Actual,,,,,,,,,,,,,1103.1,USEPA,Escherichia coli in Water by Membrane Filtration Using membrane-Thermotolerant E. coli Agar (mTEC),,Delaware DNREC Environmental Laboratory,2014-07-15,,,,,,STORET
31DELRBC_WQX,Delaware River Basin Commission,31DELRBC_WQX-1404025-017-SPM-003-Water,Sample-Routine,Water,Surface Water,2014-04-21,10:04:00,EDT,,,,,,,,,,,DRBC-BOATRUN,Delaware DNREC Environmental Laboratory,31DELRBC_WQX-892065,,,,,Stainless Bucket,31DELRBC_WQX,Grab Sample Collected With A Stainless Bucket,Bucket,,Escherichia coli,,12,cfu/100mL,,Final,,Actual,,,,,,,,,,,,,1103.1,USEPA,Escherichia coli in Water by Membrane Filtration Using membrane-Thermotolerant E. coli Agar (mTEC),,Delaware DNREC Environmental Laboratory,2014-04-22,,,,,,STORET
31DELRBC_WQX,Delaware River Basin Commission,31DELRBC_WQX-1410023-016-SPM-003-Water,Sample-Routine,Water,Surface Water,2014-10-20,09:52:00,EDT,,,,,,,,,,,DRBC-BOATRUN,Delaware DNREC Environmental Laboratory,31DELRBC_WQX-892065,,,,,Stainless Bucket,31DELRBC_WQX,Grab Sample Collected With A Stainless Bucket,Bucket,,Escherichia coli,,163,cfu/100mL,,Final,,Actual,,,,,,,,,,,,,1103.1,USEPA,Escherichia coli in Water by Membrane Filtration Using membrane-Thermotolerant E. coli Agar (mTEC),,Delaware DNREC Environmental Laboratory,2014-10-21,,,,,,STORET
31DELRBC_WQX,Delaware River Basin Commission,31DELRBC_WQX-1405007-017-SPM-003-Water,Sample-Routine,Water,Surface Water,2014-05-12,09:49:00,EDT,,,,,,,,,,,DRBC-BOATRUN,Delaware DNREC Environmental Laboratory,31DELRBC_WQX-892065,,,,,Stainless Bucket,31DELRBC_WQX,Grab Sample Collected With A Stainless Bucket,Bucket,,Escherichia coli,,110,cfu/100mL,,Final,,Actual,,,,,,,,,,,,,1103.1,USEPA,Escherichia coli in Water by Membrane Filtration Using membrane-Thermotolerant E. coli Agar (mTEC),,Delaware DNREC Environmental Laboratory,2014-05-13,,,,,,STORET
31DELRBC_WQX,Delaware River Basin Commission,31DELRBC_WQX-1404025-018-SPM-003-Water,Sample-Routine,Water,Surface Water,2014-04-21,10:17:00,EDT,,,,,,,,,,,DRBC-BOATRUN,Delaware DNREC Environmental Laboratory,31DELRBC_WQX-892071,,,,,Stainless Bucket,31DELRBC_WQX,Grab Sample Collected With A Stainless Bucket,Bucket,,Escherichia coli,,29,cfu/100mL,,Final,,Actual,,,,,,,,,,,,,1103.1,USEPA,Escherichia coli in Water by Membrane Filtration Using membrane-Thermotolerant E. coli Agar (mTEC),,Delaware DNREC Environmental Laboratory,2014-04-22,,,,,,STORET
31DELRBC_WQX,Delaware River Basin Commission,31DELRBC_WQX-1408016-016-SPM-003-Water,Sample-Routine,Water,Surface Water,2014-08-11,09:33:00,EDT,,,,,,,,,,,DRBC-BOATRUN,Delaware DNREC Environmental Laboratory,31DELRBC_WQX-892065,,,,,Stainless Bucket,31DELRBC_WQX,Grab Sample Collected With A Stainless Bucket,Bucket,,Escherichia coli,,27,cfu/100mL,,Final,,Actual,,,,,,,,,,,,,1103.1,USEPA,Escherichia coli in Water by Membrane Filtration Using membrane-Thermotolerant E. coli Agar (mTEC),,Delaware DNREC Environmental Laboratory,2014-08-12,,,,,,STORET
31DELRBC_WQX,Delaware River Basin Commission,31DELRBC_WQX-1505011-017-SPM-003-Water,Sample-Routine,Water,Surface Water,2015-05-19,10:07:00,EDT,,,,,,,,,,,DRBC-BOATRUN,Delaware DNREC Environmental Laboratory,31DELRBC_WQX-892071,,,,,Stainless Bucket,31DELRBC_WQX,Grab Sample Collected With A Stainless Bucket,Bucket,,Escherichia coli,,61,cfu/100mL,,Final,,Actual,,,,,,,,,,,,,1103.1,USEPA,Escherichia coli in Water by Membrane Filtration Using membrane-Thermotolerant E. coli Agar (mTEC),,Delaware DNREC Environmental Laboratory,2015-05-20,,,,,,STORET
31DELRBC_WQX,Delaware River Basin Commission,31DELRBC_WQX-1507001-016-SPM-003-Water,Sample-Routine,Water,Surface Water,2015-07-14,09:25:00,EDT,,,,,,,,,,,DRBC-BOATRUN,Delaware DNREC Environmental Laboratory,31DELRBC_WQX-892065,,,,,Stainless Bucket,31DELRBC_WQX,Grab Sample Collected With A Stainless Bucket,Bucket,,Escherichia coli,,72,cfu/100mL,,Final,,Actual,,,,,,,,,,,,,1103.1,USEPA,Escherichia coli in Water by Membrane Filtration Using membrane-Thermotolerant E. coli Agar (mTEC),,Delaware DNREC Environmental Laboratory,2015-07-15,,,,,,STORET
31DELRBC_WQX,Delaware River Basin Commission,31DELRBC_WQX-1506027-016-SPM-003-Water,Sample-Routine,Water,Surface Water,2015-06-16,09:24:00,EDT,,,,,,,,,,,DRBC-BOATRUN,Delaware DNREC Environmental Laboratory,31DELRBC_WQX-892065,,,,,Stainless Bucket,31DELRBC_WQX,Grab Sample Collected With A Stainless Bucket,Bucket,,Escherichia coli,,127,cfu/100mL,,Final,,Actual,,,,,,,,,,,,,1103.1,USEPA,Escherichia coli in Water by Membrane Filtration Using membrane-Thermotolerant E. coli Agar (mTEC),,Delaware DNREC Environmental Laboratory,2015-06-17,,,,,,STORET
31DELRBC_WQX,Delaware River Basin Commission,31DELRBC_WQX-1510010-017-SPM-003-Water,Sample-Routine,Water,Surface Water,2015-10-14,10:10:00,EDT,,,,,,,,,,,DRBC-BOATRUN,Delaware DNREC Environmental Laboratory,31DELRBC_WQX-892071,,,,,Stainless Bucket,31DELRBC_WQX,Grab Sample Collected With A Stainless Bucket,Bucket,,Escherichia coli,,50,cfu/100mL,,Final,,Actual,,,,,,,,,,,,,1103.1,USEPA,Escherichia coli in Water by Membrane Filtration Using membrane-Thermotolerant E. coli Agar (mTEC),,Delaware DNREC Environmental Laboratory,2015-10-15,,,,,,STORET
31DELRBC_WQX,Delaware River Basin Commission,31DELRBC_WQX-1505011-016-SPM-003-Water,Sample-Routine,Water,Surface Water,2015-05-19,09:55:00,EDT,,,,,,,,,,,DRBC-BOATRUN,Delaware DNREC Environmental Laboratory,31DELRBC_WQX-892065,,,,,Stainless Bucket,31DELRBC_WQX,Grab Sample Collected With A Stainless Bucket,Bucket,,Escherichia coli,,54,cfu/100mL,,Final,,Actual,,,,,,,,,,,,,1103.1,USEPA,Escherichia coli in Water by Membrane Filtration Using membrane-Thermotolerant E. coli Agar (mTEC),,Delaware DNREC Environmental Laboratory,2015-05-20,,,,,,STORET
31DELRBC_WQX,Delaware River Basin Commission,31DELRBC_WQX-1507001-017-SPM-003-Water,Sample-Routine,Water,Surface Water,2015-07-14,09:40:00,EDT,,,,,,,,,,,DRBC-BOATRUN,Delaware DNREC Environmental Laboratory,31DELRBC_WQX-892071,,,,,Stainless Bucket,31DELRBC_WQX,Grab Sample Collected With A Stainless Bucket,Bucket,,Escherichia coli,,123,cfu/100mL,,Final,,Actual,,,,,,,,,,,,,1103.1,USEPA,Escherichia coli in Water by Membrane Filtration Using membrane-Thermotolerant E. coli Agar (mTEC),,Delaware DNREC Environmental Laboratory,2015-07-15,,,,,,STORET
31DELRBC_WQX,Delaware River Basin Commission,31DELRBC_WQX-1508021-016-SPM-003-Water,Sample-Routine,Water,Surface Water,2015-08-18,09:30:00,EDT,,,,,,,,,,,DRBC-BOATRUN,Delaware DNREC Environmental Laboratory,31DELRBC_WQX-892065,,,,,Stainless Bucket,31DELRBC_WQX,Grab Sample Collected With A Stainless Bucket,Bucket,,Escherichia coli,,113,cfu/100mL,,Final,,Actual,,,,,,,,,,,,,1103.1,USEPA,Escherichia coli in Water by Membrane Filtration Using membrane-Thermotolerant E. coli Agar (mTEC),,Delaware DNREC Environmental Laboratory,2015-08-19,,,,,,STORET
31DELRBC_WQX,Delaware River Basin Commission,31DELRBC_WQX-1506027-017-SPM-003-Water,Sample-Routine,Water,Surface Water,2015-06-16,09:35:00,EDT,,,,,,,,,,,DRBC-BOATRUN,Delaware DNREC Environmental Laboratory,31DELRBC_WQX-892071,,,,,Stainless Bucket,31DELRBC_WQX,Grab Sample Collected With A Stainless Bucket,Bucket,,Escherichia coli,,90,cfu/100mL,,Final,,Actual,,,,,,,,,,,,,1103.1,USEPA,Escherichia coli in Water by Membrane Filtration Using membrane-Thermotolerant E. coli Agar (mTEC),,Delaware DNREC Environmental Laboratory,2015-06-17,,,,,,STORET
31DELRBC_WQX,Delaware River Basin Commission,31DELRBC_WQX-1504019-016-SPM-003-Water,Sample-Routine,Water,Surface Water,2015-04-21,10:19:00,EDT,,,,,,,,,,,DRBC-BOATRUN,Delaware DNREC Environmental Laboratory,31DELRBC_WQX-892065,,,,,Stainless Bucket,31DELRBC_WQX,Grab Sample Collected With A Stainless Bucket,Bucket,,Escherichia coli,,360,cfu/100mL,,Final,,Actual,,,,,,,,,,,,,1103.1,USEPA,Escherichia coli in Water by Membrane Filtration Using membrane-Thermotolerant E. coli Agar (mTEC),,Delaware DNREC Environmental Laboratory,2015-04-22,,,,,,STORET
31DELRBC_WQX,Delaware River Basin Commission,31DELRBC_WQX-1509008-016-SPM-003-Water,Sample-Routine,Water,Surface Water,2015-09-15,09:45:00,EDT,,,,,,,,,,,DRBC-BOATRUN,Delaware DNREC Environmental Laboratory,31DELRBC_WQX-892065,,,,,Stainless Bucket,31DELRBC_WQX,Grab Sample Collected With A Stainless Bucket,Bucket,,Escherichia coli,,207,cfu/100mL,,Final,,Actual,,,,,,,,,,,,,1103.1,USEPA,Escherichia coli in Water by Membrane Filtration Using membrane-Thermotolerant E. coli Agar (mTEC),,Delaware DNREC Environmental Laboratory,2015-09-16,,,,,,STORET
31DELRBC_WQX,Delaware River Basin Commission,31DELRBC_WQX-1509008-017-SPM-003-Water,Sample-Routine,Water,Surface Water,2015-09-15,10:04:00,EDT,,,,,,,,,,,DRBC-BOATRUN,Delaware DNREC Environmental Laboratory,31DELRBC_WQX-892071,,,,,Stainless Bucket,31DELRBC_WQX,Grab Sample Collected With A Stainless Bucket,Bucket,,Escherichia coli,,270,cfu/100mL,,Final,,Actual,,,,,,,,,,,,,1103.1,USEPA,Escherichia coli in Water by Membrane Filtration Using membrane-Thermotolerant E. coli Agar (mTEC),,Delaware DNREC Environmental Laboratory,2015-09-16,,,,,,STORET
31DELRBC_WQX,Delaware River Basin Commission,31DELRBC_WQX-1504019-017-SPM-003-Water,Sample-Routine,Water,Surface Water,2015-04-21,10:32:00,EDT,,,,,,,,,,,DRBC-BOATRUN,Delaware DNREC Environmental Laboratory,31DELRBC_WQX-892071,,,,,Stainless Bucket,31DELRBC_WQX,Grab Sample Collected With A Stainless Bucket,Bucket,Present Above Quantification Limit,Escherichia coli,,,cfu/100mL,,Final,,Actual,,,,,,,,,,,,,1103.1,USEPA,Escherichia coli in Water by Membrane Filtration Using membrane-Thermotolerant E. coli Agar (mTEC),,Delaware DNREC Environmental Laboratory,2015-04-22,,Upper Quantitation Limit,800,cfu/100mL,,STORET
31DELRBC_WQX,Delaware River Basin Commission,31DELRBC_WQX-1508021-017-SPM-003-Water,Sample-Routine,Water,Surface Water,2015-08-18,09:44:00,EDT,,,,,,,,,,,DRBC-BOATRUN,Delaware DNREC Environmental Laboratory,31DELRBC_WQX-892071,,,,,Stainless Bucket,31DELRBC_WQX,Grab Sample Collected With A Stainless Bucket,Bucket,,Escherichia coli,,207,cfu/100mL,,Final,,Actual,,,,,,,,,,,,,1103.1,USEPA,Escherichia coli in Water by Membrane Filtration Using membrane-Thermotolerant E. coli Agar (mTEC),,Delaware DNREC Environmental Laboratory,2015-08-19,,,,,,STORET
31DELRBC_WQX,Delaware River Basin Commission,31DELRBC_WQX-1510010-016-SPM-003-Water,Sample-Routine,Water,Surface Water,2015-10-14,09:58:00,EDT,,,,,,,,,,,DRBC-BOATRUN,Delaware DNREC Environmental Laboratory,31DELRBC_WQX-892065,,,,,Stainless Bucket,31DELRBC_WQX,Grab Sample Collected With A Stainless Bucket,Bucket,,Escherichia coli,,72,cfu/100mL,,Final,,Actual,,,,,,,,,,,,,1103.1,USEPA,Escherichia coli in Water by Membrane Filtration Using membrane-Thermotolerant E. coli Agar (mTEC),,Delaware DNREC Environmental Laboratory,2015-10-15,,,,,,STORET
31DELRBC_WQX,Delaware River Basin Commission,31DELRBC_WQX-1610009-016-SPM-003-Water,Sample-Routine,Water,Surface Water,2016-10-17,10:32:00,EDT,,,,,,,,,,,DRBC-BOATRUN,Delaware DNREC Environmental Laboratory,31DELRBC_WQX-892065,,,,,Stainless Bucket,31DELRBC_WQX,Grab Sample Collected With A Stainless Bucket,Bucket,,Escherichia coli,,17,cfu/100mL,,Final,,Actual,,,,,,,,,,,,,1103.1,USEPA,Escherichia coli in Water by Membrane Filtration Using membrane-Thermotolerant E. coli Agar (mTEC),,Delaware DNREC Environmental Laboratory,2016-10-18,,,,,,STORET
31DELRBC_WQX,Delaware River Basin Commission,31DELRBC_WQX-1607014-017-SPM-003-Water,Sample-Routine,Water,Surface Water,2016-07-19,09:33:00,EDT,,,,,,,,,,,DRBC-BOATRUN,Delaware DNREC Environmental Laboratory,31DELRBC_WQX-892071,,,,,Stainless Bucket,31DELRBC_WQX,Grab Sample Collected With A Stainless Bucket,Bucket,,Escherichia coli,,500,cfu/100mL,,Final,,Actual,,,,,,,,,,,,,1103.1,USEPA,Escherichia coli in Water by Membrane Filtration Using membrane-Thermotolerant E. coli Agar (mTEC),,Delaware DNREC Environmental Laboratory,2016-07-20,,,,,,STORET
31DELRBC_WQX,Delaware River Basin Commission,31DELRBC_WQX-1606006-018-SPM-003-Water,Quality Control Sample-Field Replicate,Water,Surface Water,2016-06-14,10:03:00,EDT,,,,,,,,,,,DRBC-BOATRUN,Delaware DNREC Environmental Laboratory,31DELRBC_WQX-892071,,,,,Stainless Bucket,31DELRBC_WQX,Grab Sample Collected With A Stainless Bucket,Bucket,,Escherichia coli,,38,cfu/100mL,,Final,,Actual,,,,,,,,,,,,,1103.1,USEPA,Escherichia coli in Water by Membrane Filtration Using membrane-Thermotolerant E. coli Agar (mTEC),,Delaware DNREC Environmental Laboratory,2016-06-15,,,,,,STORET
31DELRBC_WQX,Delaware River Basin Commission,31DELRBC_WQX-1604011-017-SPM-003-Water,Sample-Routine,Water,Surface Water,2016-04-20,10:22:00,EDT,,,,,,,,,,,DRBC-BOATRUN,Delaware DNREC Environmental Laboratory,31DELRBC_WQX-892071,,,,,Stainless Bucket,31DELRBC_WQX,Grab Sample Collected With A Stainless Bucket,Bucket,,Escherichia coli,,19,cfu/100mL,,Final,,Actual,,,,,,,,,,,,,1103.1,USEPA,Escherichia coli in Water by Membrane Filtration Using membrane-Thermotolerant E. coli Agar (mTEC),,Delaware DNREC Environmental Laboratory,2016-04-21,,,,,,STORET
31DELRBC_WQX,Delaware River Basin Commission,31DELRBC_WQX-1606006-017-SPM-003-Water,Sample-Routine,Water,Surface Water,2016-06-14,10:03:00,EDT,,,,,,,,,,,DRBC-BOATRUN,Delaware DNREC Environmental Laboratory,31DELRBC_WQX-892071,,,,,Stainless Bucket,31DELRBC_WQX,Grab Sample Collected With A Stainless Bucket,Bucket,,Escherichia coli,,32,cfu/100mL,,Final,,Actual,,,,,,,,,,,,,1103.1,USEPA,Escherichia coli in Water by Membrane Filtration Using membrane-Thermotolerant E. coli Agar (mTEC),,Delaware DNREC Environmental Laboratory,2016-06-15,,,,,,STORET
31DELRBC_WQX,Delaware River Basin Commission,31DELRBC_WQX-1610009-017-SPM-003-Water,Sample-Routine,Water,Surface Water,2016-10-17,10:48:00,EDT,,,,,,,,,,,DRBC-BOATRUN,Delaware DNREC Environmental Laboratory,31DELRBC_WQX-892071,,,,,Stainless Bucket,31DELRBC_WQX,Grab Sample Collected With A Stainless Bucket,Bucket,,Escherichia coli,,36,cfu/100mL,,Final,,Actual,,,,,,,,,,,,,1103.1,USEPA,Escherichia coli in Water by Membrane Filtration Using membrane-Thermotolerant E. coli Agar (mTEC),,Delaware DNREC Environmental Laboratory,2016-10-18,,,,,,STORET
31DELRBC_WQX,Delaware River Basin Commission,31DELRBC_WQX-1604011-016-SPM-003-Water,Sample-Routine,Water,Surface Water,2016-04-20,10:05:00,EDT,,,,,,,,,,,DRBC-BOATRUN,Delaware DNREC Environmental Laboratory,31DELRBC_WQX-892065,,,,,Stainless Bucket,31DELRBC_WQX,Grab Sample Collected With A Stainless Bucket,Bucket,,Escherichia coli,,33,cfu/100mL,,Final,,Actual,,,,,,,,,,,,,1103.1,USEPA,Escherichia coli in Water by Membrane Filtration Using membrane-Thermotolerant E. coli Agar (mTEC),,Delaware DNREC Environmental Laboratory,2016-04-21,,,,,,STORET
31DELRBC_WQX,Delaware River Basin Commission,31DELRBC_WQX-1607014-018-SPM-003-Water,Quality Control Sample-Field Replicate,Water,Surface Water,2016-07-19,09:33:00,EDT,,,,,,,,,,,DRBC-BOATRUN,Delaware DNREC Environmental Laboratory,31DELRBC_WQX-892071,,,,,Stainless Bucket,31DELRBC_WQX,Grab Sample Collected With A Stainless Bucket,Bucket,,Escherichia coli,,240,cfu/100mL,,Final,,Actual,,,,,,,,,,,,,1103.1,USEPA,Escherichia coli in Water by Membrane Filtration Using membrane-Thermotolerant E. coli Agar (mTEC),,Delaware DNREC Environmental Laboratory,2016-07-20,,,,,,STORET
31DELRBC_WQX,Delaware River Basin Commission,31DELRBC_WQX-1606006-016-SPM-003-Water,Sample-Routine,Water,Surface Water,2016-06-14,09:49:00,EDT,,,,,,,,,,,DRBC-BOATRUN,Delaware DNREC Environmental Laboratory,31DELRBC_WQX-892065,,,,,Stainless Bucket,31DELRBC_WQX,Grab Sample Collected With A Stainless Bucket,Bucket,,Escherichia coli,,20,cfu/100mL,,Final,,Actual,,,,,,,,,,,,,1103.1,USEPA,Escherichia coli in Water by Membrane Filtration Using membrane-Thermotolerant E. coli Agar (mTEC),,Delaware DNREC Environmental Laboratory,2016-06-15,,,,,,STORET
31DELRBC_WQX,Delaware River Basin Commission,31DELRBC_WQX-1609005-017-SPM-003-Water,Sample-Routine,Water,Surface Water,2016-09-13,09:58:00,EDT,,,,,,,,,,,DRBC-BOATRUN,Delaware DNREC Environmental Laboratory,31DELRBC_WQX-892071,,,,,Stainless Bucket,31DELRBC_WQX,Grab Sample Collected With A Stainless Bucket,Bucket,,Escherichia coli,,38,cfu/100mL,,Final,,Actual,,,,,,,,,,,,,1103.1,USEPA,Escherichia coli in Water by Membrane Filtration Using membrane-Thermotolerant E. coli Agar (mTEC),,Delaware DNREC Environmental Laboratory,2016-09-14,,,,,,STORET
31DELRBC_WQX,Delaware River Basin Commission,31DELRBC_WQX-1608015-017-SPM-003-Water,Sample-Routine,Water,Surface Water,2016-08-16,09:57:00,EDT,,,,,,,,,,,DRBC-BOATRUN,Delaware DNREC Environmental Laboratory,31DELRBC_WQX-892071,,,,,Stainless Bucket,31DELRBC_WQX,Grab Sample Collected With A Stainless Bucket,Bucket,,Escherichia coli,,12,cfu/100mL,,Final,,Actual,,,,,,,,,,,,,1103.1,USEPA,Escherichia coli in Water by Membrane Filtration Using membrane-Thermotolerant E. coli Agar (mTEC),,Delaware DNREC Environmental Laboratory,2016-08-17,,,,,,STORET
31DELRBC_WQX,Delaware River Basin Commission,31DELRBC_WQX-1605024-018-SPM-003-Water,Quality Control Sample-Field Replicate,Water,Surface Water,2016-05-17,10:16:00,EDT,,,,,,,,,,,DRBC-BOATRUN,Delaware DNREC Environmental Laboratory,31DELRBC_WQX-892071,,,,,Stainless Bucket,31DELRBC_WQX,Grab Sample Collected With A Stainless Bucket,Bucket,,Escherichia coli,,137,cfu/100mL,,Final,,Actual,,,,,,,,,,,,,1103.1,USEPA,Escherichia coli in Water by Membrane Filtration Using membrane-Thermotolerant E. coli Agar (mTEC),,Delaware DNREC Environmental Laboratory,2016-05-18,,,,,,STORET
31DELRBC_WQX,Delaware River Basin Commission,31DELRBC_WQX-1609005-016-SPM-003-Water,Sample-Routine,Water,Surface Water,2016-09-13,09:43:00,EDT,,,,,,,,,,,DRBC-BOATRUN,Delaware DNREC Environmental Laboratory,31DELRBC_WQX-892065,,,,,Stainless Bucket,31DELRBC_WQX,Grab Sample Collected With A Stainless Bucket,Bucket,,Escherichia coli,,43,cfu/100mL,,Final,,Actual,,,,,,,,,,,,,1103.1,USEPA,Escherichia coli in Water by Membrane Filtration Using membrane-Thermotolerant E. coli Agar (mTEC),,Delaware DNREC Environmental Laboratory,2016-09-14,,,,,,STORET
31DELRBC_WQX,Delaware River Basin Commission,31DELRBC_WQX-1605024-016-SPM-003-Water,Sample-Routine,Water,Surface Water,2016-05-17,09:52:00,EDT,,,,,,,,,,,DRBC-BOATRUN,Delaware DNREC Environmental Laboratory,31DELRBC_WQX-892065,,,,,Stainless Bucket,31DELRBC_WQX,Grab Sample Collected With A Stainless Bucket,Bucket,,Escherichia coli,,170,cfu/100mL,,Final,,Actual,,,,,,,,,,,,,1103.1,USEPA,Escherichia coli in Water by Membrane Filtration Using membrane-Thermotolerant E. coli Agar (mTEC),,Delaware DNREC Environmental Laboratory,2016-05-18,,,,,,STORET
31DELRBC_WQX,Delaware River Basin Commission,31DELRBC_WQX-1607014-016-SPM-003-Water,Sample-Routine,Water,Surface Water,2016-07-19,09:18:00,EDT,,,,,,,,,,,DRBC-BOATRUN,Delaware DNREC Environmental Laboratory,31DELRBC_WQX-892065,,,,,Stainless Bucket,31DELRBC_WQX,Grab Sample Collected With A Stainless Bucket,Bucket,,Escherichia coli,,93,cfu/100mL,,Final,,Actual,,,,,,,,,,,,,1103.1,USEPA,Escherichia coli in Water by Membrane Filtration Using membrane-Thermotolerant E. coli Agar (mTEC),,Delaware DNREC Environmental Laboratory,2016-07-20,,,,,,STORET
31DELRBC_WQX,Delaware River Basin Commission,31DELRBC_WQX-1610009-018-SPM-003-Water,Quality Control Sample-Field Replicate,Water,Surface Water,2016-10-17,10:50:00,EDT,,,,,,,,,,,DRBC-BOATRUN,Delaware DNREC Environmental Laboratory,31DELRBC_WQX-892071,,,,,Stainless Bucket,31DELRBC_WQX,Grab Sample Collected With A Stainless Bucket,Bucket,,Escherichia coli,,34,cfu/100mL,,Final,,Actual,,,,,,,,,,,,,1103.1,USEPA,Escherichia coli in Water by Membrane Filtration Using membrane-Thermotolerant E. coli Agar (mTEC),,Delaware DNREC Environmental Laboratory,2016-10-18,,,,,,STORET
31DELRBC_WQX,Delaware River Basin Commission,31DELRBC_WQX-1608015-016-SPM-003-Water,Sample-Routine,Water,Surface Water,2016-08-16,09:38:00,EDT,,,,,,,,,,,DRBC-BOATRUN,Delaware DNREC Environmental Laboratory,31DELRBC_WQX-892065,,,,,Stainless Bucket,31DELRBC_WQX,Grab Sample Collected With A Stainless Bucket,Bucket,,Escherichia coli,,22,cfu/100mL,,Final,,Actual,,,,,,,,,,,,,1103.1,USEPA,Escherichia coli in Water by Membrane Filtration Using membrane-Thermotolerant E. coli Agar (mTEC),,Delaware DNREC Environmental Laboratory,2016-08-17,,,,,,STORET
31DELRBC_WQX,Delaware River Basin Commission,31DELRBC_WQX-1605024-017-SPM-003-Water,Sample-Routine,Water,Surface Water,2016-05-17,10:16:00,EDT,,,,,,,,,,,DRBC-BOATRUN,Delaware DNREC Environmental Laboratory,31DELRBC_WQX-892071,,,,,Stainless Bucket,31DELRBC_WQX,Grab Sample Collected With A Stainless Bucket,Bucket,,Escherichia coli,,130,cfu/100mL,,Final,,Actual,,,,,,,,,,,,,1103.1,USEPA,Escherichia coli in Water by Membrane Filtration Using membrane-Thermotolerant E. coli Agar (mTEC),,Delaware DNREC Environmental Laboratory,2016-05-18,,,,,,STORET
31DELRBC_WQX,Delaware River Basin Commission,31DELRBC_WQX-1704006-016-SPM-003-Water,Sample-Routine,Water,Surface Water,2017-04-10,09:45:00,EDT,,,,,,,,,,,DRBC-BOATRUN,Delaware DNREC Environmental Laboratory,31DELRBC_WQX-892065,,,,,Stainless Bucket,31DELRBC_WQX,Grab Sample Collected With A Stainless Bucket,Bucket,,Escherichia coli,,173,cfu/100mL,,Final,,Actual,,,,,,,,,,,,,1103.1,USEPA,Escherichia coli in Water by Membrane Filtration Using membrane-Thermotolerant E. coli Agar (mTEC),,Delaware DNREC Environmental Laboratory,2017-04-11,,,,,,STORET
31DELRBC_WQX,Delaware River Basin Commission,31DELRBC_WQX-1706012-017-SPM-003-Water,Sample-Routine,Water,Surface Water,2017-06-12,09:50:00,EDT,,,,,,,,,,,DRBC-BOATRUN,Delaware DNREC Environmental Laboratory,31DELRBC_WQX-892071,,,,,Stainless Bucket,31DELRBC_WQX,Grab Sample Collected With A Stainless Bucket,Bucket,,Escherichia coli,,77,cfu/100mL,,Final,,Actual,,,,,,,,,,,,,1103.1,USEPA,Escherichia coli in Water by Membrane Filtration Using membrane-Thermotolerant E. coli Agar (mTEC),,Delaware DNREC Environmental Laboratory,2017-06-13,,,,,,STORET
31DELRBC_WQX,Delaware River Basin Commission,31DELRBC_WQX-1706012-016-SPM-003-Water,Sample-Routine,Water,Surface Water,2017-06-12,09:39:00,EDT,,,,,,,,,,,DRBC-BOATRUN,Delaware DNREC Environmental Laboratory,31DELRBC_WQX-892065,,,,,Stainless Bucket,31DELRBC_WQX,Grab Sample Collected With A Stainless Bucket,Bucket,,Escherichia coli,,52,cfu/100mL,,Final,,Actual,,,,,,,,,,,,,1103.1,USEPA,Escherichia coli in Water by Membrane Filtration Using membrane-Thermotolerant E. coli Agar (mTEC),,Delaware DNREC Environmental Laboratory,2017-06-13,,,,,,STORET
31DELRBC_WQX,Delaware River Basin Commission,31DELRBC_WQX-1708004-017-SPM-003-Water,Sample-Routine,Water,Surface Water,2017-08-07,10:03:00,EDT,,,,,,,,,,,DRBC-BOATRUN,Delaware DNREC Environmental Laboratory,31DELRBC_WQX-892071,,,,,Stainless Bucket,31DELRBC_WQX,Grab Sample Collected With A Stainless Bucket,Bucket,,Escherichia coli,,207,cfu/100mL,,Final,,Actual,,,,,,,,,,,,,1103.1,USEPA,Escherichia coli in Water by Membrane Filtration Using membrane-Thermotolerant E. coli Agar (mTEC),,Delaware DNREC Environmental Laboratory,2017-08-08,,,,,,STORET
31DELRBC_WQX,Delaware River Basin Commission,31DELRBC_WQX-1708004-016-SPM-003-Water,Sample-Routine,Water,Surface Water,2017-08-07,09:42:00,EDT,,,,,,,,,,,DRBC-BOATRUN,Delaware DNREC Environmental Laboratory,31DELRBC_WQX-892065,,,,,Stainless Bucket,31DELRBC_WQX,Grab Sample Collected With A Stainless Bucket,Bucket,,Escherichia coli,,203,cfu/100mL,,Final,,Actual,,,,,,,,,,,,,1103.1,USEPA,Escherichia coli in Water by Membrane Filtration Using membrane-Thermotolerant E. coli Agar (mTEC),,Delaware DNREC Environmental Laboratory,2017-08-08,,,,,,STORET
31DELRBC_WQX,Delaware River Basin Commission,31DELRBC_WQX-1709018-016-SPM-003-Water,Sample-Routine,Water,Surface Water,2017-09-18,09:46:00,EDT,,,,,,,,,,,DRBC-BOATRUN,Delaware DNREC Environmental Laboratory,31DELRBC_WQX-892065,,,,,Stainless Bucket,31DELRBC_WQX,Grab Sample Collected With A Stainless Bucket,Bucket,,Escherichia coli,,65,cfu/100mL,,Final,,Actual,,,,,,,,,,,,,1103.1,USEPA,Escherichia coli in Water by Membrane Filtration Using membrane-Thermotolerant E. coli Agar (mTEC),,Delaware DNREC Environmental Laboratory,2017-09-19,,,,,,STORET
31DELRBC_WQX,Delaware River Basin Commission,31DELRBC_WQX-1710005-018-SPM-003-Water,Sample-Routine,Water,Surface Water,2017-10-09,10:49:00,EDT,,,,,,,,,,,DRBC-BOATRUN,Delaware DNREC Environmental Laboratory,31DELRBC_WQX-892071,,,,,Stainless Bucket,31DELRBC_WQX,Grab Sample Collected With A Stainless Bucket,Bucket,,Escherichia coli,,74,cfu/100mL,,Final,,Actual,,,,,,,,,,,,,1103.1,USEPA,Escherichia coli in Water by Membrane Filtration Using membrane-Thermotolerant E. coli Agar (mTEC),,Delaware DNREC Environmental Laboratory,2017-10-10,,,,,,STORET
31DELRBC_WQX,Delaware River Basin Commission,31DELRBC_WQX-1707002-016-SPM-003-Water,Sample-Routine,Water,Surface Water,2017-07-10,10:05:00,EDT,,,,,,,,,,,DRBC-BOATRUN,Delaware DNREC Environmental Laboratory,31DELRBC_WQX-892065,,,,,Stainless Bucket,31DELRBC_WQX,Grab Sample Collected With A Stainless Bucket,Bucket,,Escherichia coli,,140,cfu/100mL,,Final,,Actual,,,,,,,,,,,,,1103.1,USEPA,Escherichia coli in Water by Membrane Filtration Using membrane-Thermotolerant E. coli Agar (mTEC),,Delaware DNREC Environmental Laboratory,2017-07-11,,,,,,STORET
31DELRBC_WQX,Delaware River Basin Commission,31DELRBC_WQX-1705032-016-SPM-003-Water,Sample-Routine,Water,Surface Water,2017-05-22,09:20:00,EDT,,,,,,,,,,,DRBC-BOATRUN,Delaware DNREC Environmental Laboratory,31DELRBC_WQX-892065,,,,,Stainless Bucket,31DELRBC_WQX,Grab Sample Collected With A Stainless Bucket,Bucket,,Escherichia coli,,19,cfu/100mL,,Final,,Actual,,,,,,,,,,,,,1103.1,USEPA,Escherichia coli in Water by Membrane Filtration Using membrane-Thermotolerant E. coli Agar (mTEC),,Delaware DNREC Environmental Laboratory,2017-05-23,,,,,,STORET
31DELRBC_WQX,Delaware River Basin Commission,31DELRBC_WQX-1707002-017-SPM-003-Water,Sample-Routine,Water,Surface Water,2017-07-10,10:15:00,EDT,,,,,,,,,,,DRBC-BOATRUN,Delaware DNREC Environmental Laboratory,31DELRBC_WQX-892071,,,,,Stainless Bucket,31DELRBC_WQX,Grab Sample Collected With A Stainless Bucket,Bucket,,Escherichia coli,,90,cfu/100mL,,Final,,Actual,,,,,,,,,,,,,1103.1,USEPA,Escherichia coli in Water by Membrane Filtration Using membrane-Thermotolerant E. coli Agar (mTEC),,Delaware DNREC Environmental Laboratory,2017-07-11,,,,,,STORET
31DELRBC_WQX,Delaware River Basin Commission,31DELRBC_WQX-1705032-017-SPM-003-Water,Sample-Routine,Water,Surface Water,2017-05-22,09:34:00,EDT,,,,,,,,,,,DRBC-BOATRUN,Delaware DNREC Environmental Laboratory,31DELRBC_WQX-892071,,,,,Stainless Bucket,31DELRBC_WQX,Grab Sample Collected With A Stainless Bucket,Bucket,,Escherichia coli,,54,cfu/100mL,,Final,,Actual,,,,,,,,,,,,,1103.1,USEPA,Escherichia coli in Water by Membrane Filtration Using membrane-Thermotolerant E. coli Agar (mTEC),,Delaware DNREC Environmental Laboratory,2017-05-23,,,,,,STORET
31DELRBC_WQX,Delaware River Basin Commission,31DELRBC_WQX-1710005-016-SPM-003-Water,Sample-Routine,Water,Surface Water,2017-10-09,10:22:00,EDT,,,,,,,,,,,DRBC-BOATRUN,Delaware DNREC Environmental Laboratory,31DELRBC_WQX-892065,,,,,Stainless Bucket,31DELRBC_WQX,Grab Sample Collected With A Stainless Bucket,Bucket,,Escherichia coli,,56,cfu/100mL,,Final,,Actual,,,,,,,,,,,,,1103.1,USEPA,Escherichia coli in Water by Membrane Filtration Using membrane-Thermotolerant E. coli Agar (mTEC),,Delaware DNREC Environmental Laboratory,2017-10-10,,,,,,STORET
31DELRBC_WQX,Delaware River Basin Commission,31DELRBC_WQX-1710005-017-SPM-003-Water,Quality Control Sample-Field Replicate,Water,Surface Water,2017-10-09,10:22:00,EDT,,,,,,,,,,,DRBC-BOATRUN,Delaware DNREC Environmental Laboratory,31DELRBC_WQX-892065,,,,,Stainless Bucket,31DELRBC_WQX,Grab Sample Collected With A Stainless Bucket,Bucket,,Escherichia coli,,70,cfu/100mL,,Final,,Actual,,,,,,,,,,,,,1103.1,USEPA,Escherichia coli in Water by Membrane Filtration Using membrane-Thermotolerant E. coli Agar (mTEC),,Delaware DNREC Environmental Laboratory,2017-10-10,,,,,,STORET
31DELRBC_WQX,Delaware River Basin Commission,31DELRBC_WQX-1704006-017-SPM-003-Water,Quality Control Sample-Field Replicate,Water,Surface Water,2017-04-10,09:45:00,EDT,,,,,,,,,,,DRBC-BOATRUN,Delaware DNREC Environmental Laboratory,31DELRBC_WQX-892065,,,,,Stainless Bucket,31DELRBC_WQX,Grab Sample Collected With A Stainless Bucket,Bucket,,Escherichia coli,,190,cfu/100mL,,Final,,Actual,,,,,,,,,,,,,1103.1,USEPA,Escherichia coli in Water by Membrane Filtration Using membrane-Thermotolerant E. coli Agar (mTEC),,Delaware DNREC Environmental Laboratory,2017-04-11,,,,,,STORET
31DELRBC_WQX,Delaware River Basin Commission,31DELRBC_WQX-1704006-018-SPM-003-Water,Sample-Routine,Water,Surface Water,2017-04-10,10:20:00,EDT,,,,,,,,,,,DRBC-BOATRUN,Delaware DNREC Environmental Laboratory,31DELRBC_WQX-892071,,,,,Stainless Bucket,31DELRBC_WQX,Grab Sample Collected With A Stainless Bucket,Bucket,,Escherichia coli,,200,cfu/100mL,,Final,,Actual,,,,,,,,,,,,,1103.1,USEPA,Escherichia coli in Water by Membrane Filtration Using membrane-Thermotolerant E. coli Agar (mTEC),,Delaware DNREC Environmental Laboratory,2017-04-11,,,,,,STORET
31DELRBC_WQX,Delaware River Basin Commission,31DELRBC_WQX-1709018-017-SPM-003-Water,Sample-Routine,Water,Surface Water,2017-09-18,10:05:00,EDT,,,,,,,,,,,DRBC-BOATRUN,Delaware DNREC Environmental Laboratory,31DELRBC_WQX-892071,,,,,Stainless Bucket,31DELRBC_WQX,Grab Sample Collected With A Stainless Bucket,Bucket,,Escherichia coli,,75,cfu/100mL,,Final,,Actual,,,,,,,,,,,,,1103.1,USEPA,Escherichia coli in Water by Membrane Filtration Using membrane-Thermotolerant E. coli Agar (mTEC),,Delaware DNREC Environmental Laboratory,2017-09-19,,,,,,STORET
31DELRBC_WQX,Delaware River Basin Commission,31DELRBC_WQX-1805014-018-SPM-003-Water,Quality Control Sample-Field Replicate,Water,Surface Water,2018-05-07,10:18:00,EDT,,,,,,,,,,,DRBC-BOATRUN,Delaware DNREC Environmental Laboratory,31DELRBC_WQX-892071,,,,,Stainless Bucket,31DELRBC_WQX,Grab Sample Collected With A Stainless Bucket,Bucket,,Escherichia coli,,41,cfu/100mL,,Final,,Actual,,,,,,,,,,,,,1103.1,USEPA,Escherichia coli in Water by Membrane Filtration Using membrane-Thermotolerant E. coli Agar (mTEC),,Delaware DNREC Environmental Laboratory,2018-05-08,,,,,,STORET
31DELRBC_WQX,Delaware River Basin Commission,31DELRBC_WQX-1807001-017-SPM-003-Water,Sample-Routine,Water,Surface Water,2018-07-09,09:44:00,EDT,,,,,,,,,,,DRBC-BOATRUN,Delaware DNREC Environmental Laboratory,31DELRBC_WQX-892071,,,,,Stainless Bucket,31DELRBC_WQX,Grab Sample Collected With A Stainless Bucket,Bucket,,Escherichia coli,,257,cfu/100mL,,Final,,Actual,,,,,,,,,,,,,1103.1,USEPA,Escherichia coli in Water by Membrane Filtration Using membrane-Thermotolerant E. coli Agar (mTEC),,Delaware DNREC Environmental Laboratory,2018-07-10,,,,,,STORET
31DELRBC_WQX,Delaware River Basin Commission,31DELRBC_WQX-1809011-018-SPM-003-Water,Sample-Routine,Water,Surface Water,2018-09-17,10:03:00,EDT,,,,,,,,,,,DRBC-BOATRUN,Delaware DNREC Environmental Laboratory,31DELRBC_WQX-892071,,,,,Stainless Bucket,31DELRBC_WQX,Grab Sample Collected With A Stainless Bucket,Bucket,,Escherichia coli,,190,cfu/100mL,,Final,,Actual,,,,,,,,,,,,,1103.1,USEPA,Escherichia coli in Water by Membrane Filtration Using membrane-Thermotolerant E. coli Agar (mTEC),,Delaware DNREC Environmental Laboratory,2018-09-18,,,,,,STORET
31DELRBC_WQX,Delaware River Basin Commission,31DELRBC_WQX-1806006-017-SPM-003-Water,Sample-Routine,Water,Surface Water,2018-06-11,10:21:00,EDT,,,,,,,,,,,DRBC-BOATRUN,Delaware DNREC Environmental Laboratory,31DELRBC_WQX-892071,,,,,Stainless Bucket,31DELRBC_WQX,Grab Sample Collected With A Stainless Bucket,Bucket,Present Above Quantification Limit,Escherichia coli,,,cfu/100mL,,Final,,Actual,,,,,,,,,,,,,1103.1,USEPA,Escherichia coli in Water by Membrane Filtration Using membrane-Thermotolerant E. coli Agar (mTEC),,Delaware DNREC Environmental Laboratory,2018-06-12,,Upper Quantitation Limit,800,cfu/100mL,,STORET
31DELRBC_WQX,Delaware River Basin Commission,31DELRBC_WQX-1805014-016-SPM-003-Water,Sample-Routine,Water,Surface Water,2018-05-07,10:02:00,EDT,,,,,,,,,,,DRBC-BOATRUN,Delaware DNREC Environmental Laboratory,31DELRBC_WQX-892065,,,,,Stainless Bucket,31DELRBC_WQX,Grab Sample Collected With A Stainless Bucket,Bucket,,Escherichia coli,,3,cfu/100mL,,Final,,Actual,,,,,,,,,,,,,1103.1,USEPA,Escherichia coli in Water by Membrane Filtration Using membrane-Thermotolerant E. coli Agar (mTEC),,Delaware DNREC Environmental Laboratory,2018-05-08,,,,,,STORET
31DELRBC_WQX,Delaware River Basin Commission,31DELRBC_WQX-1804022-016-SPM-003-Water,Sample-Routine,Water,Surface Water,2018-04-23,09:19:00,EDT,,,,,,,,,,,DRBC-BOATRUN,Delaware DNREC Environmental Laboratory,31DELRBC_WQX-892065,,,,,Stainless Bucket,31DELRBC_WQX,Grab Sample Collected With A Stainless Bucket,Bucket,,Escherichia coli,,19,cfu/100mL,,Final,,Actual,,,,,,,,,,,,,1103.1,USEPA,Escherichia coli in Water by Membrane Filtration Using membrane-Thermotolerant E. coli Agar (mTEC),,Delaware DNREC Environmental Laboratory,2018-04-24,,,,,,STORET
31DELRBC_WQX,Delaware River Basin Commission,31DELRBC_WQX-1808015-017-SPM-003-Water,Sample-Routine,Water,Surface Water,2018-08-13,11:23:00,EDT,,,,,,,,,,,DRBC-BOATRUN,Delaware DNREC Environmental Laboratory,31DELRBC_WQX-892065,,,,,Stainless Bucket,31DELRBC_WQX,Grab Sample Collected With A Stainless Bucket,Bucket,,Escherichia coli,,650,cfu/100mL,,Final,,Actual,,,,,,,,,,,,,1103.1,USEPA,Escherichia coli in Water by Membrane Filtration Using membrane-Thermotolerant E. coli Agar (mTEC),,Delaware DNREC Environmental Laboratory,2018-08-14,,,,,,STORET
31DELRBC_WQX,Delaware River Basin Commission,31DELRBC_WQX-1806006-016-SPM-003-Water,Sample-Routine,Water,Surface Water,2018-06-11,10:11:00,EDT,,,,,,,,,,,DRBC-BOATRUN,Delaware DNREC Environmental Laboratory,31DELRBC_WQX-892065,,,,,Stainless Bucket,31DELRBC_WQX,Grab Sample Collected With A Stainless Bucket,Bucket,,Escherichia coli,,250,cfu/100mL,,Final,,Actual,,,,,,,,,,,,,1103.1,USEPA,Escherichia coli in Water by Membrane Filtration Using membrane-Thermotolerant E. coli Agar (mTEC),,Delaware DNREC Environmental Laboratory,2018-06-12,,,,,,STORET
31DELRBC_WQX,Delaware River Basin Commission,31DELRBC_WQX-1805014-017-SPM-003-Water,Sample-Routine,Water,Surface Water,2018-05-07,10:18:00,EDT,,,,,,,,,,,DRBC-BOATRUN,Delaware DNREC Environmental Laboratory,31DELRBC_WQX-892071,,,,,Stainless Bucket,31DELRBC_WQX,Grab Sample Collected With A Stainless Bucket,Bucket,,Escherichia coli,,38,cfu/100mL,,Final,,Actual,,,,,,,,,,,,,1103.1,USEPA,Escherichia coli in Water by Membrane Filtration Using membrane-Thermotolerant E. coli Agar (mTEC),,Delaware DNREC Environmental Laboratory,2018-05-08,,,,,,STORET
31DELRBC_WQX,Delaware River Basin Commission,31DELRBC_WQX-1804022-017-SPM-003-Water,Sample-Routine,Water,Surface Water,2018-04-23,09:42:00,EDT,,,,,,,,,,,DRBC-BOATRUN,Delaware DNREC Environmental Laboratory,31DELRBC_WQX-892071,,,,,Stainless Bucket,31DELRBC_WQX,Grab Sample Collected With A Stainless Bucket,Bucket,,Escherichia coli,,31,cfu/100mL,,Final,,Actual,,,,,,,,,,,,,1103.1,USEPA,Escherichia coli in Water by Membrane Filtration Using membrane-Thermotolerant E. coli Agar (mTEC),,Delaware DNREC Environmental Laboratory,2018-04-24,,,,,,STORET
31DELRBC_WQX,Delaware River Basin Commission,31DELRBC_WQX-1809011-017-SPM-003-Water,Sample-Routine,Water,Surface Water,2018-09-17,09:42:00,EDT,,,,,,,,,,,DRBC-BOATRUN,Delaware DNREC Environmental Laboratory,31DELRBC_WQX-892065,,,,,Stainless Bucket,31DELRBC_WQX,Grab Sample Collected With A Stainless Bucket,Bucket,,Escherichia coli,,67,cfu/100mL,,Final,,Actual,,,,,,,,,,,,,1103.1,USEPA,Escherichia coli in Water by Membrane Filtration Using membrane-Thermotolerant E. coli Agar (mTEC),,Delaware DNREC Environmental Laboratory,2018-09-18,,,,,,STORET
31DELRBC_WQX,Delaware River Basin Commission,31DELRBC_WQX-1810003-016-SPM-003-Water,Sample-Routine,Water,Surface Water,2018-10-08,09:46:00,EDT,,,,,,,,,,,DRBC-BOATRUN,Delaware DNREC Environmental Laboratory,31DELRBC_WQX-892065,,,,,Stainless Bucket,31DELRBC_WQX,Grab Sample Collected With A Stainless Bucket,Bucket,,Escherichia coli,,197,cfu/100mL,,Final,,Actual,,,,,,,,,,,,,1103.1,USEPA,Escherichia coli in Water by Membrane Filtration Using membrane-Thermotolerant E. coli Agar (mTEC),,Delaware DNREC Environmental Laboratory,2018-10-09,,,,,,STORET
31DELRBC_WQX,Delaware River Basin Commission,31DELRBC_WQX-1807001-016-SPM-003-Water,Sample-Routine,Water,Surface Water,2018-07-09,09:34:00,EDT,,,,,,,,,,,DRBC-BOATRUN,Delaware DNREC Environmental Laboratory,31DELRBC_WQX-892065,,,,,Stainless Bucket,31DELRBC_WQX,Grab Sample Collected With A Stainless Bucket,Bucket,,Escherichia coli,,160,cfu/100mL,,Final,,Actual,,,,,,,,,,,,,1103.1,USEPA,Escherichia coli in Water by Membrane Filtration Using membrane-Thermotolerant E. coli Agar (mTEC),,Delaware DNREC Environmental Laboratory,2018-07-10,,,,,,STORET
31DELRBC_WQX,Delaware River Basin Commission,31DELRBC_WQX-1810003-018-SPM-003-Water,Quality Control Sample-Field Replicate,Water,Surface Water,2018-10-08,10:00:00,EDT,,,,,,,,,,,DRBC-BOATRUN,Delaware DNREC Environmental Laboratory,31DELRBC_WQX-892071,,,,,Stainless Bucket,31DELRBC_WQX,Grab Sample Collected With A Stainless Bucket,Bucket,,Escherichia coli,,170,cfu/100mL,,Final,,Actual,,,,,,,,,,,,,1103.1,USEPA,Escherichia coli in Water by Membrane Filtration Using membrane-Thermotolerant E. coli Agar (mTEC),,Delaware DNREC Environmental Laboratory,2018-10-09,,,,,,STORET
31DELRBC_WQX,Delaware River Basin Commission,31DELRBC_WQX-1808015-018-SPM-003-Water,Sample-Routine,Water,Surface Water,2018-08-13,11:47:00,EDT,,,,,,,,,,,DRBC-BOATRUN,Delaware DNREC Environmental Laboratory,31DELRBC_WQX-892071,,,,,Stainless Bucket,31DELRBC_WQX,Grab Sample Collected With A Stainless Bucket,Bucket,,Escherichia coli,,490,cfu/100mL,,Final,,Actual,,,,,,,,,,,,,1103.1,USEPA,Escherichia coli in Water by Membrane Filtration Using membrane-Thermotolerant E. coli Agar (mTEC),,Delaware DNREC Environmental Laboratory,2018-08-14,,,,,,STORET
31DELRBC_WQX,Delaware River Basin Commission,31DELRBC_WQX-1810003-017-SPM-003-Water,Sample-Routine,Water,Surface Water,2018-10-08,10:00:00,EDT,,,,,,,,,,,DRBC-BOATRUN,Delaware DNREC Environmental Laboratory,31DELRBC_WQX-892071,,,,,Stainless Bucket,31DELRBC_WQX,Grab Sample Collected With A Stainless Bucket,Bucket,,Escherichia coli,,340,cfu/100mL,,Final,,Actual,,,,,,,,,,,,,1103.1,USEPA,Escherichia coli in Water by Membrane Filtration Using membrane-Thermotolerant E. coli Agar (mTEC),,Delaware DNREC Environmental Laboratory,2018-10-09,,,,,,STORET
31DELRBC_WQX,Delaware River Basin Commission,31DELRBC_WQX-1908028-017-SPM-003-Water,Sample-Routine,Water,Surface Water,2019-08-27,09:33:00,EDT,,,,,,,,,,,DRBC-BOATRUN,Delaware DNREC Environmental Laboratory,31DELRBC_WQX-892071,,,,,Stainless Bucket,31DELRBC_WQX,Grab Sample Collected With A Stainless Bucket,Bucket,,Escherichia coli,,450,cfu/100mL,,Final,,Actual,,,,,,,,,,,,,1103.1,USEPA,Escherichia coli in Water by Membrane Filtration Using membrane-Thermotolerant E. coli Agar (mTEC),,Delaware DNREC Environmental Laboratory,2019-08-28,,,,,,STORET
31DELRBC_WQX,Delaware River Basin Commission,31DELRBC_WQX-1904021-017-SPM-003-Water,Sample-Routine,Water,Surface Water,2019-04-22,10:43:00,EDT,,,,,,,,,,,DRBC-BOATRUN,Delaware DNREC Environmental Laboratory,31DELRBC_WQX-892071,,,,,Stainless Bucket,31DELRBC_WQX,Grab Sample Collected With A Stainless Bucket,Bucket,,Escherichia coli,,60,cfu/100mL,,Final,,Actual,,,,,,,,,,,,,1103.1,USEPA,Escherichia coli in Water by Membrane Filtration Using membrane-Thermotolerant E. coli Agar (mTEC),,Delaware DNREC Environmental Laboratory,2019-04-23,,,,,,STORET
31DELRBC_WQX,Delaware River Basin Commission,31DELRBC_WQX-1908028-016-SPM-003-Water,Sample-Routine,Water,Surface Water,2019-08-27,09:21:00,EDT,,,,,,,,,,,DRBC-BOATRUN,Delaware DNREC Environmental Laboratory,31DELRBC_WQX-892065,,,,,Stainless Bucket,31DELRBC_WQX,Grab Sample Collected With A Stainless Bucket,Bucket,,Escherichia coli,,240,cfu/100mL,,Final,,Actual,,,,,,,,,,,,,1103.1,USEPA,Escherichia coli in Water by Membrane Filtration Using membrane-Thermotolerant E. coli Agar (mTEC),,Delaware DNREC Environmental Laboratory,2019-08-28,,,,,,STORET
31DELRBC_WQX,Delaware River Basin Commission,31DELRBC_WQX-1910001-016-SPM-003-Water,Sample-Routine,Water,Surface Water,2019-10-07,10:12:00,EDT,,,,,,,,,,,DRBC-BOATRUN,Delaware DNREC Environmental Laboratory,31DELRBC_WQX-892065,,,,,Stainless Bucket,31DELRBC_WQX,Grab Sample Collected With A Stainless Bucket,Bucket,,Escherichia coli,,53,cfu/100mL,,Final,,Actual,,,,,,,,,,,,,1103.1,USEPA,Escherichia coli in Water by Membrane Filtration Using membrane-Thermotolerant E. coli Agar (mTEC),,Delaware DNREC Environmental Laboratory,2019-10-08,,,,,,STORET
31DELRBC_WQX,Delaware River Basin Commission,31DELRBC_WQX-1905014-016-SPM-003-Water,Sample-Routine,Water,Surface Water,2019-05-20,09:48:00,EDT,,,,,,,,,,,DRBC-BOATRUN,Delaware DNREC Environmental Laboratory,31DELRBC_WQX-892065,,,,,Stainless Bucket,31DELRBC_WQX,Grab Sample Collected With A Stainless Bucket,Bucket,,Escherichia coli,,44,cfu/100mL,,Final,,Actual,,,,,,,,,,,,,1103.1,USEPA,Escherichia coli in Water by Membrane Filtration Using membrane-Thermotolerant E. coli Agar (mTEC),,Delaware DNREC Environmental Laboratory,2019-05-21,,,,,,STORET
31DELRBC_WQX,Delaware River Basin Commission,31DELRBC_WQX-1906025-017-SPM-003-Water,Sample-Routine,Water,Surface Water,2019-06-17,10:07:00,EDT,,,,,,,,,,,DRBC-BOATRUN,Delaware DNREC Environmental Laboratory,31DELRBC_WQX-892071,,,,,Stainless Bucket,31DELRBC_WQX,Grab Sample Collected With A Stainless Bucket,Bucket,Present Above Quantification Limit,Escherichia coli,,,cfu/100mL,,Final,,Actual,,,,,,,,,,,,,1103.1,USEPA,Escherichia coli in Water by Membrane Filtration Using membrane-Thermotolerant E. coli Agar (mTEC),,Delaware DNREC Environmental Laboratory,2019-06-18,,Upper Quantitation Limit,800,cfu/100mL,,STORET
31DELRBC_WQX,Delaware River Basin Commission,31DELRBC_WQX-1907009-017-SPM-003-Water,Sample-Routine,Water,Surface Water,2019-07-15,09:49:00,EDT,,,,,,,,,,,DRBC-BOATRUN,Delaware DNREC Environmental Laboratory,31DELRBC_WQX-892071,,,,,Stainless Bucket,31DELRBC_WQX,Grab Sample Collected With A Stainless Bucket,Bucket,,Escherichia coli,,140,cfu/100mL,,Final,,Actual,,,,,,,,,,,,,1103.1,USEPA,Escherichia coli in Water by Membrane Filtration Using membrane-Thermotolerant E. coli Agar (mTEC),,Delaware DNREC Environmental Laboratory,2019-07-16,,,,,,STORET
31DELRBC_WQX,Delaware River Basin Commission,31DELRBC_WQX-1909004-017-SPM-003-Water,Sample-Routine,Water,Surface Water,2019-09-09,09:35:00,EDT,,,,,,,,,,,DRBC-BOATRUN,Delaware DNREC Environmental Laboratory,31DELRBC_WQX-892071,,,,,Stainless Bucket,31DELRBC_WQX,Grab Sample Collected With A Stainless Bucket,Bucket,,Escherichia coli,,237,cfu/100mL,,Final,,Actual,,,,,,,,,,,,,1103.1,USEPA,Escherichia coli in Water by Membrane Filtration Using membrane-Thermotolerant E. coli Agar (mTEC),,Delaware DNREC Environmental Laboratory,2019-09-10,,,,,,STORET
31DELRBC_WQX,Delaware River Basin Commission,31DELRBC_WQX-1909004-016-SPM-003-Water,Sample-Routine,Water,Surface Water,2019-09-09,09:26:00,EDT,,,,,,,,,,,DRBC-BOATRUN,Delaware DNREC Environmental Laboratory,31DELRBC_WQX-892065,,,,,Stainless Bucket,31DELRBC_WQX,Grab Sample Collected With A Stainless Bucket,Bucket,,Escherichia coli,,160,cfu/100mL,,Final,,Actual,,,,,,,,,,,,,1103.1,USEPA,Escherichia coli in Water by Membrane Filtration Using membrane-Thermotolerant E. coli Agar (mTEC),,Delaware DNREC Environmental Laboratory,2019-09-10,,,,,,STORET
31DELRBC_WQX,Delaware River Basin Commission,31DELRBC_WQX-1905014-017-SPM-003-Water,Sample-Routine,Water,Surface Water,2019-05-20,09:57:00,EDT,,,,,,,,,,,DRBC-BOATRUN,Delaware DNREC Environmental Laboratory,31DELRBC_WQX-892071,,,,,Stainless Bucket,31DELRBC_WQX,Grab Sample Collected With A Stainless Bucket,Bucket,,Escherichia coli,,35,cfu/100mL,,Final,,Actual,,,,,,,,,,,,,1103.1,USEPA,Escherichia coli in Water by Membrane Filtration Using membrane-Thermotolerant E. coli Agar (mTEC),,Delaware DNREC Environmental Laboratory,2019-05-21,,,,,,STORET
31DELRBC_WQX,Delaware River Basin Commission,31DELRBC_WQX-1904021-016-SPM-003-Water,Sample-Routine,Water,Surface Water,2019-04-22,10:06:00,EDT,,,,,,,,,,,DRBC-BOATRUN,Delaware DNREC Environmental Laboratory,31DELRBC_WQX-892065,,,,,Stainless Bucket,31DELRBC_WQX,Grab Sample Collected With A Stainless Bucket,Bucket,,Escherichia coli,,39,cfu/100mL,,Final,,Actual,,,,,,,,,,,,,1103.1,USEPA,Escherichia coli in Water by Membrane Filtration Using membrane-Thermotolerant E. coli Agar (mTEC),,Delaware DNREC Environmental Laboratory,2019-04-23,,,,,,STORET
31DELRBC_WQX,Delaware River Basin Commission,31DELRBC_WQX-1910001-017-SPM-003-Water,Sample-Routine,Water,Surface Water,2019-10-07,10:25:00,EDT,,,,,,,,,,,DRBC-BOATRUN,Delaware DNREC Environmental Laboratory,31DELRBC_WQX-892071,,,,,Stainless Bucket,31DELRBC_WQX,Grab Sample Collected With A Stainless Bucket,Bucket,,Escherichia coli,,100,cfu/100mL,,Final,,Actual,,,,,,,,,,,,,1103.1,USEPA,Escherichia coli in Water by Membrane Filtration Using membrane-Thermotolerant E. coli Agar (mTEC),,Delaware DNREC Environmental Laboratory,2019-10-08,,,,,,STORET
31DELRBC_WQX,Delaware River Basin Commission,31DELRBC_WQX-1907009-016-SPM-003-Water,Sample-Routine,Water,Surface Water,2019-07-15,09:39:00,EDT,,,,,,,,,,,DRBC-BOATRUN,Delaware DNREC Environmental Laboratory,31DELRBC_WQX-892065,,,,,Stainless Bucket,31DELRBC_WQX,Grab Sample Collected With A Stainless Bucket,Bucket,,Escherichia coli,,183,cfu/100mL,,Final,,Actual,,,,,,,,,,,,,1103.1,USEPA,Escherichia coli in Water by Membrane Filtration Using membrane-Thermotolerant E. coli Agar (mTEC),,Delaware DNREC Environmental Laboratory,2019-07-16,,,,,,STORET
31DELRBC_WQX,Delaware River Basin Commission,31DELRBC_WQX-1906025-016-SPM-003-Water,Sample-Routine,Water,Surface Water,2019-06-17,09:32:00,EDT,,,,,,,,,,,DRBC-BOATRUN,Delaware DNREC Environmental Laboratory,31DELRBC_WQX-892065,,,,,Stainless Bucket,31DELRBC_WQX,Grab Sample Collected With A Stainless Bucket,Bucket,,Escherichia coli,,620,cfu/100mL,,Final,,Actual,,,,,,,,,,,,,1103.1,USEPA,Escherichia coli in Water by Membrane Filtration Using membrane-Thermotolerant E. coli Agar (mTEC),,Delaware DNREC Environmental Laboratory,2019-06-18,,,,,,STORET
31DELRBC_WQX,Delaware River Basin Commission,31DELRBC_WQX-2105007-017-SPM-003-Water,Sample-Routine,Water,Surface Water,2021-05-25,10:04:00,EDT,,,,,,,,,,,DRBC-BOATRUN,Delaware DNREC Environmental Laboratory,31DELRBC_WQX-892071,,,,,Stainless Bucket,31DELRBC_WQX,Grab Sample Collected With A Stainless Bucket,Bucket,,Escherichia coli,,27,cfu/100mL,,Final,,Actual,,,,,,,,,,,,,1103.1,USEPA,Escherichia coli in Water by Membrane Filtration Using membrane-Thermotolerant E. coli Agar (mTEC),,Delaware DNREC Environmental Laboratory,2021-05-26,,Lower Quantitation Limit,1,cfu/100mL,,STORET
31DELRBC_WQX,Delaware River Basin Commission,31DELRBC_WQX-2104016-016-SPM-003-Water,Sample-Routine,Water,Surface Water,2021-04-19,09:42:00,EDT,,,,,,,,,,,DRBC-BOATRUN,Delaware DNREC Environmental Laboratory,31DELRBC_WQX-892065,,,,,Stainless Bucket,31DELRBC_WQX,Grab Sample Collected With A Stainless Bucket,Bucket,,Escherichia coli,,15,cfu/100mL,,Final,,Actual,,,,,,,,,,,,,1103.1,USEPA,Escherichia coli in Water by Membrane Filtration Using membrane-Thermotolerant E. coli Agar (mTEC),,Delaware DNREC Environmental Laboratory,2021-04-20,,Lower Quantitation Limit,1,cfu/100mL,,STORET
31DELRBC_WQX,Delaware River Basin Commission,31DELRBC_WQX-2107028-017-SPM-003-Water,Sample-Routine,Water,Surface Water,2021-07-19,09:48:00,EDT,,,,,,,,,,,DRBC-BOATRUN,Delaware DNREC Environmental Laboratory,31DELRBC_WQX-892071,,,,,Stainless Bucket,31DELRBC_WQX,Grab Sample Collected With A Stainless Bucket,Bucket,,Escherichia coli,,350,cfu/100mL,,Final,,Actual,,,,,,,,,,,,,1103.1,USEPA,Escherichia coli in Water by Membrane Filtration Using membrane-Thermotolerant E. coli Agar (mTEC),,Delaware DNREC Environmental Laboratory,2021-07-20,,Lower Quantitation Limit,10,cfu/100mL,,STORET
31DELRBC_WQX,Delaware River Basin Commission,31DELRBC_WQX-2108011-016-SPM-003-Water,Sample-Routine,Water,Surface Water,2021-08-09,09:25:00,EDT,,,,,,,,,,,DRBC-BOATRUN,Delaware DNREC Environmental Laboratory,31DELRBC_WQX-892065,,,,,Stainless Bucket,31DELRBC_WQX,Grab Sample Collected With A Stainless Bucket,Bucket,,Escherichia coli,,257,cfu/100mL,,Final,,Actual,,,,,,,,,,,,,1103.1,USEPA,Escherichia coli in Water by Membrane Filtration Using membrane-Thermotolerant E. coli Agar (mTEC),,Delaware DNREC Environmental Laboratory,2021-08-10,,Lower Quantitation Limit,3,cfu/100mL,,STORET
31DELRBC_WQX,Delaware River Basin Commission,31DELRBC_WQX-2107028-016-SPM-003-Water,Sample-Routine,Water,Surface Water,2021-07-19,09:38:00,EDT,,,,,,,,,,,DRBC-BOATRUN,Delaware DNREC Environmental Laboratory,31DELRBC_WQX-892065,,,,,Stainless Bucket,31DELRBC_WQX,Grab Sample Collected With A Stainless Bucket,Bucket,,Escherichia coli,,210,cfu/100mL,,Final,,Actual,,,,,,,,,,,,,1103.1,USEPA,Escherichia coli in Water by Membrane Filtration Using membrane-Thermotolerant E. coli Agar (mTEC),,Delaware DNREC Environmental Laboratory,2021-07-20,,Lower Quantitation Limit,3,cfu/100mL,,STORET
31DELRBC_WQX,Delaware River Basin Commission,31DELRBC_WQX-2108011-017-SPM-003-Water,Sample-Routine,Water,Surface Water,2021-08-09,09:34:00,EDT,,,,,,,,,,,DRBC-BOATRUN,Delaware DNREC Environmental Laboratory,31DELRBC_WQX-892071,,,,,Stainless Bucket,31DELRBC_WQX,Grab Sample Collected With A Stainless Bucket,Bucket,,Escherichia coli,,253,cfu/100mL,,Final,,Actual,,,,,,,,,,,,,1103.1,USEPA,Escherichia coli in Water by Membrane Filtration Using membrane-Thermotolerant E. coli Agar (mTEC),,Delaware DNREC Environmental Laboratory,2021-08-10,,Lower Quantitation Limit,3,cfu/100mL,,STORET
31DELRBC_WQX,Delaware River Basin Commission,31DELRBC_WQX-2109039-016-SPM-003-Water,Sample-Routine,Water,Surface Water,2021-10-04,09:40:00,EDT,,,,,,,,,,,DRBC-BOATRUN,Delaware DNREC Environmental Laboratory,31DELRBC_WQX-892065,,,,,Stainless Bucket,31DELRBC_WQX,Grab Sample Collected With A Stainless Bucket,Bucket,,Escherichia coli,,21,cfu/100mL,,Final,,Actual,,,,,,,,,,,,,1103.1,USEPA,Escherichia coli in Water by Membrane Filtration Using membrane-Thermotolerant E. coli Agar (mTEC),,Delaware DNREC Environmental Laboratory,2021-10-05,,Lower Quantitation Limit,1,cfu/100mL,,STORET
31DELRBC_WQX,Delaware River Basin Commission,31DELRBC_WQX-2109023-017-SPM-003-Water,Sample-Routine,Water,Surface Water,2021-09-20,10:03:00,EDT,,,,,,,,,,,DRBC-BOATRUN,Delaware DNREC Environmental Laboratory,31DELRBC_WQX-892071,,,,,Stainless Bucket,31DELRBC_WQX,Grab Sample Collected With A Stainless Bucket,Bucket,,Escherichia coli,,45,cfu/100mL,,Final,,Actual,,,,,,,,,,,,,1103.1,USEPA,Escherichia coli in Water by Membrane Filtration Using membrane-Thermotolerant E. coli Agar (mTEC),,Delaware DNREC Environmental Laboratory,2021-09-21,,Lower Quantitation Limit,1,cfu/100mL,,STORET
31DELRBC_WQX,Delaware River Basin Commission,31DELRBC_WQX-2106004-017-SPM-003-Water,Sample-Routine,Water,Surface Water,2021-06-14,10:36:00,EDT,,,,,,,,,,,DRBC-BOATRUN,Delaware DNREC Environmental Laboratory,31DELRBC_WQX-892071,,,,,Stainless Bucket,31DELRBC_WQX,Grab Sample Collected With A Stainless Bucket,Bucket,,Escherichia coli,,58,cfu/100mL,,Final,,Actual,,,,,,,,,,,,,1103.1,USEPA,Escherichia coli in Water by Membrane Filtration Using membrane-Thermotolerant E. coli Agar (mTEC),,Delaware DNREC Environmental Laboratory,2021-06-15,,Lower Quantitation Limit,1,cfu/100mL,,STORET
31DELRBC_WQX,Delaware River Basin Commission,31DELRBC_WQX-2103013-017-SPM-003-Water,Sample-Routine,Water,Surface Water,2021-03-16,10:39:00,EDT,,,,,,,,,,,DRBC-BOATRUN,Delaware DNREC Environmental Laboratory,31DELRBC_WQX-892071,,,,,Stainless Bucket,31DELRBC_WQX,Grab Sample Collected With A Stainless Bucket,Bucket,,Escherichia coli,,34,cfu/100mL,,Final,,Actual,,,,,,,,,,,,,1103.1,USEPA,Escherichia coli in Water by Membrane Filtration Using membrane-Thermotolerant E. coli Agar (mTEC),,Delaware DNREC Environmental Laboratory,2021-03-17,,Lower Quantitation Limit,1,cfu/100mL,,STORET
31DELRBC_WQX,Delaware River Basin Commission,31DELRBC_WQX-2109023-016-SPM-003-Water,Sample-Routine,Water,Surface Water,2021-09-20,09:55:00,EDT,,,,,,,,,,,DRBC-BOATRUN,Delaware DNREC Environmental Laboratory,31DELRBC_WQX-892065,,,,,Stainless Bucket,31DELRBC_WQX,Grab Sample Collected With A Stainless Bucket,Bucket,,Escherichia coli,,52,cfu/100mL,,Final,,Actual,,,,,,,,,,,,,1103.1,USEPA,Escherichia coli in Water by Membrane Filtration Using membrane-Thermotolerant E. coli Agar (mTEC),,Delaware DNREC Environmental Laboratory,2021-09-21,,Lower Quantitation Limit,1,cfu/100mL,,STORET
31DELRBC_WQX,Delaware River Basin Commission,31DELRBC_WQX-2106004-016-SPM-003-Water,Sample-Routine,Water,Surface Water,2021-06-14,10:24:00,EDT,,,,,,,,,,,DRBC-BOATRUN,Delaware DNREC Environmental Laboratory,31DELRBC_WQX-892065,,,,,Stainless Bucket,31DELRBC_WQX,Grab Sample Collected With A Stainless Bucket,Bucket,,Escherichia coli,,62,cfu/100mL,,Final,,Actual,,,,,,,,,,,,,1103.1,USEPA,Escherichia coli in Water by Membrane Filtration Using membrane-Thermotolerant E. coli Agar (mTEC),,Delaware DNREC Environmental Laboratory,2021-06-15,,Lower Quantitation Limit,1,cfu/100mL,,STORET
31DELRBC_WQX,Delaware River Basin Commission,31DELRBC_WQX-2109039-017-SPM-003-Water,Sample-Routine,Water,Surface Water,2021-10-04,09:51:00,EDT,,,,,,,,,,,DRBC-BOATRUN,Delaware DNREC Environmental Laboratory,31DELRBC_WQX-892071,,,,,Stainless Bucket,31DELRBC_WQX,Grab Sample Collected With A Stainless Bucket,Bucket,,Escherichia coli,,60,cfu/100mL,,Final,,Actual,,,,,,,,,,,,,1103.1,USEPA,Escherichia coli in Water by Membrane Filtration Using membrane-Thermotolerant E. coli Agar (mTEC),,Delaware DNREC Environmental Laboratory,2021-10-05,,Lower Quantitation Limit,1,cfu/100mL,,STORET
31DELRBC_WQX,Delaware River Basin Commission,31DELRBC_WQX-2104016-017-SPM-003-Water,Sample-Routine,Water,Surface Water,2021-04-19,09:53:00,EDT,,,,,,,,,,,DRBC-BOATRUN,Delaware DNREC Environmental Laboratory,31DELRBC_WQX-892071,,,,,Stainless Bucket,31DELRBC_WQX,Grab Sample Collected With A Stainless Bucket,Bucket,,Escherichia coli,,27,cfu/100mL,,Final,,Actual,,,,,,,,,,,,,1103.1,USEPA,Escherichia coli in Water by Membrane Filtration Using membrane-Thermotolerant E. coli Agar (mTEC),,Delaware DNREC Environmental Laboratory,2021-04-20,,Lower Quantitation Limit,1,cfu/100mL,,STORET
31DELRBC_WQX,Delaware River Basin Commission,31DELRBC_WQX-2105007-016-SPM-003-Water,Sample-Routine,Water,Surface Water,2021-05-25,09:54:00,EDT,,,,,,,,,,,DRBC-BOATRUN,Delaware DNREC Environmental Laboratory,31DELRBC_WQX-892065,,,,,Stainless Bucket,31DELRBC_WQX,Grab Sample Collected With A Stainless Bucket,Bucket,,Escherichia coli,,44,cfu/100mL,,Final,,Actual,,,,,,,,,,,,,1103.1,USEPA,Escherichia coli in Water by Membrane Filtration Using membrane-Thermotolerant E. coli Agar (mTEC),,Delaware DNREC Environmental Laboratory,2021-05-26,,Lower Quantitation Limit,1,cfu/100mL,,STORET
31DELRBC_WQX,Delaware River Basin Commission,31DELRBC_WQX-2103013-016-SPM-003-Water,Sample-Routine,Water,Surface Water,2021-03-16,10:28:00,EDT,,,,,,,,,,,DRBC-BOATRUN,Delaware DNREC Environmental Laboratory,31DELRBC_WQX-892065,,,,,Stainless Bucket,31DELRBC_WQX,Grab Sample Collected With A Stainless Bucket,Bucket,,Escherichia coli,,28,cfu/100mL,,Final,,Actual,,,,,,,,,,,,,1103.1,USEPA,Escherichia coli in Water by Membrane Filtration Using membrane-Thermotolerant E. coli Agar (mTEC),,Delaware DNREC Environmental Laboratory,2021-03-17,,Lower Quantitation Limit,1,cfu/100mL,,STORET
31DELRBC_WQX,Delaware River Basin Commission,31DELRBC_WQX-2208010-016-SPM-003-Water,Sample-Routine,Water,Surface Water,2022-08-08,09:30:00,EDT,,,,,,,,,,,DRBC-BOATRUN,Delaware DNREC Environmental Laboratory,31DELRBC_WQX-892065,,,,,Stainless Bucket,31DELRBC_WQX,Grab Sample Collected With A Stainless Bucket,Bucket,,Escherichia coli,,35,cfu/100mL,,Final,,Actual,,,,,,,,,,,,,1103.1,USEPA,Escherichia coli in Water by Membrane Filtration Using membrane-Thermotolerant E. coli Agar (mTEC),,Delaware DNREC Environmental Laboratory,2022-08-09,,Lower Quantitation Limit,1,cfu/100mL,,STORET
31DELRBC_WQX,Delaware River Basin Commission,31DELRBC_WQX-2207007-016-SPM-003-Water,Sample-Routine,Water,Surface Water,2022-07-11,09:47:00,EDT,,,,,,,,,,,DRBC-BOATRUN,Delaware DNREC Environmental Laboratory,31DELRBC_WQX-892065,,,,,Stainless Bucket,31DELRBC_WQX,Grab Sample Collected With A Stainless Bucket,Bucket,,Escherichia coli,,120,cfu/100mL,,Final,,Actual,,,,,,,,,,,,,1103.1,USEPA,Escherichia coli in Water by Membrane Filtration Using membrane-Thermotolerant E. coli Agar (mTEC),,Delaware DNREC Environmental Laboratory,2022-07-12,,Lower Quantitation Limit,3,cfu/100mL,,STORET
31DELRBC_WQX,Delaware River Basin Commission,31DELRBC_WQX-2210006-016-SPM-003-Water,Sample-Routine,Water,Surface Water,2022-10-10,09:59:00,EDT,,,,,,,,,,,DRBC-BOATRUN,Delaware DNREC Environmental Laboratory,31DELRBC_WQX-892065,,,,,Stainless Bucket,31DELRBC_WQX,Grab Sample Collected With A Stainless Bucket,Bucket,,Escherichia coli,,150,cfu/100mL,,Final,,Actual,,,,,,,,,,,,,1103.1,USEPA,Escherichia coli in Water by Membrane Filtration Using membrane-Thermotolerant E. coli Agar (mTEC),,Delaware DNREC Environmental Laboratory,2022-10-11,,Lower Quantitation Limit,3,cfu/100mL,,STORET
31DELRBC_WQX,Delaware River Basin Commission,31DELRBC_WQX-2204012-017-SPM-003-Water,Sample-Routine,Water,Surface Water,2022-04-11,10:06:00,EDT,,,,,,,,,,,DRBC-BOATRUN,Delaware DNREC Environmental Laboratory,31DELRBC_WQX-892071,,,,,Stainless Bucket,31DELRBC_WQX,Grab Sample Collected With A Stainless Bucket,Bucket,,Escherichia coli,,240,cfu/100mL,,Final,,Actual,,,,,,,,,,,,,1103.1,USEPA,Escherichia coli in Water by Membrane Filtration Using membrane-Thermotolerant E. coli Agar (mTEC),,Delaware DNREC Environmental Laboratory,2022-04-12,,Lower Quantitation Limit,10,cfu/100mL,,STORET
31DELRBC_WQX,Delaware River Basin Commission,31DELRBC_WQX-2206005-016-SPM-003-Water,Sample-Routine,Water,Surface Water,2022-06-13,09:28:00,EDT,,,,,,,,,,,DRBC-BOATRUN,Delaware DNREC Environmental Laboratory,31DELRBC_WQX-892065,,,,,Stainless Bucket,31DELRBC_WQX,Grab Sample Collected With A Stainless Bucket,Bucket,Present Above Quantification Limit,Escherichia coli,,,,,Final,,Actual,,,,,,,,,,,,,1103.1,USEPA,Escherichia coli in Water by Membrane Filtration Using membrane-Thermotolerant E. coli Agar (mTEC),,Delaware DNREC Environmental Laboratory,2022-06-14,,Upper Quantitation Limit,800,cfu/100mL,,STORET
31DELRBC_WQX,Delaware River Basin Commission,31DELRBC_WQX-2203024-017-SPM-003-Water,Sample-Routine,Water,Surface Water,2022-03-22,10:12:00,EDT,,,,,,,,,,,DRBC-BOATRUN,Delaware DNREC Environmental Laboratory,31DELRBC_WQX-892071,,,,,Stainless Bucket,31DELRBC_WQX,Grab Sample Collected With A Stainless Bucket,Bucket,,Escherichia coli,,110,cfu/100mL,,Final,,Actual,,,,,,,,,,,,,1103.1,USEPA,Escherichia coli in Water by Membrane Filtration Using membrane-Thermotolerant E. coli Agar (mTEC),,Delaware DNREC Environmental Laboratory,2022-03-23,,Lower Quantitation Limit,3,cfu/100mL,,STORET
31DELRBC_WQX,Delaware River Basin Commission,31DELRBC_WQX-2205011-017-SPM-003-Water,Sample-Routine,Water,Surface Water,2022-05-16,09:49:00,EDT,,,,,,,,,,,DRBC-BOATRUN,Delaware DNREC Environmental Laboratory,31DELRBC_WQX-892071,,,,,Stainless Bucket,31DELRBC_WQX,Grab Sample Collected With A Stainless Bucket,Bucket,,Escherichia coli,,70,cfu/100mL,,Final,,Actual,,,,,,,,,,,,,1103.1,USEPA,Escherichia coli in Water by Membrane Filtration Using membrane-Thermotolerant E. coli Agar (mTEC),,Delaware DNREC Environmental Laboratory,2022-05-17,,Lower Quantitation Limit,1,cfu/100mL,,STORET
31DELRBC_WQX,Delaware River Basin Commission,31DELRBC_WQX-2209023-017-SPM-003-Water,Sample-Routine,Water,Surface Water,2022-09-19,09:51:00,EDT,,,,,,,,,,,DRBC-BOATRUN,Delaware DNREC Environmental Laboratory,31DELRBC_WQX-892071,,,,,Stainless Bucket,31DELRBC_WQX,Grab Sample Collected With A Stainless Bucket,Bucket,,Escherichia coli,,47,cfu/100mL,,Final,,Actual,,,,,,,,,,,,,1103.1,USEPA,Escherichia coli in Water by Membrane Filtration Using membrane-Thermotolerant E. coli Agar (mTEC),,Delaware DNREC Environmental Laboratory,2022-09-20,,Lower Quantitation Limit,1,cfu/100mL,,STORET
31DELRBC_WQX,Delaware River Basin Commission,31DELRBC_WQX-2206005-017-SPM-003-Water,Sample-Routine,Water,Surface Water,2022-06-13,09:38:00,EDT,,,,,,,,,,,DRBC-BOATRUN,Delaware DNREC Environmental Laboratory,31DELRBC_WQX-892071,,,,,Stainless Bucket,31DELRBC_WQX,Grab Sample Collected With A Stainless Bucket,Bucket,Present Above Quantification Limit,Escherichia coli,,,,,Final,,Actual,,,,,,,,,,,,,1103.1,USEPA,Escherichia coli in Water by Membrane Filtration Using membrane-Thermotolerant E. coli Agar (mTEC),,Delaware DNREC Environmental Laboratory,2022-06-14,,Upper Quantitation Limit,800,cfu/100mL,,STORET
31DELRBC_WQX,Delaware River Basin Commission,31DELRBC_WQX-2209023-016-SPM-003-Water,Sample-Routine,Water,Surface Water,2022-09-19,09:41:00,EDT,,,,,,,,,,,DRBC-BOATRUN,Delaware DNREC Environmental Laboratory,31DELRBC_WQX-892065,,,,,Stainless Bucket,31DELRBC_WQX,Grab Sample Collected With A Stainless Bucket,Bucket,,Escherichia coli,,60,cfu/100mL,,Final,,Actual,,,,,,,,,,,,,1103.1,USEPA,Escherichia coli in Water by Membrane Filtration Using membrane-Thermotolerant E. coli Agar (mTEC),,Delaware DNREC Environmental Laboratory,2022-09-20,,Lower Quantitation Limit,1,cfu/100mL,,STORET
31DELRBC_WQX,Delaware River Basin Commission,31DELRBC_WQX-2207007-017-SPM-003-Water,Sample-Routine,Water,Surface Water,2022-07-11,09:56:00,EDT,,,,,,,,,,,DRBC-BOATRUN,Delaware DNREC Environmental Laboratory,31DELRBC_WQX-892071,,,,,Stainless Bucket,31DELRBC_WQX,Grab Sample Collected With A Stainless Bucket,Bucket,,Escherichia coli,,650,cfu/100mL,,Final,,Actual,,,,,,,,,,,,,1103.1,USEPA,Escherichia coli in Water by Membrane Filtration Using membrane-Thermotolerant E. coli Agar (mTEC),,Delaware DNREC Environmental Laboratory,2022-07-12,,Lower Quantitation Limit,10,cfu/100mL,,STORET
31DELRBC_WQX,Delaware River Basin Commission,31DELRBC_WQX-2205011-016-SPM-003-Water,Sample-Routine,Water,Surface Water,2022-05-16,09:39:00,EDT,,,,,,,,,,,DRBC-BOATRUN,Delaware DNREC Environmental Laboratory,31DELRBC_WQX-892065,,,,,Stainless Bucket,31DELRBC_WQX,Grab Sample Collected With A Stainless Bucket,Bucket,Present Above Quantification Limit,Escherichia coli,,,,,Final,,Actual,,,,,,,,,,,,,1103.1,USEPA,Escherichia coli in Water by Membrane Filtration Using membrane-Thermotolerant E. coli Agar (mTEC),,Delaware DNREC Environmental Laboratory,2022-05-17,,Upper Quantitation Limit,80,cfu/100mL,,STORET
31DELRBC_WQX,Delaware River Basin Commission,31DELRBC_WQX-2210006-017-SPM-003-Water,Sample-Routine,Water,Surface Water,2022-10-10,10:09:00,EDT,,,,,,,,,,,DRBC-BOATRUN,Delaware DNREC Environmental Laboratory,31DELRBC_WQX-892071,,,,,Stainless Bucket,31DELRBC_WQX,Grab Sample Collected With A Stainless Bucket,Bucket,,Escherichia coli,,61,cfu/100mL,,Final,,Actual,,,,,,,,,,,,,1103.1,USEPA,Escherichia coli in Water by Membrane Filtration Using membrane-Thermotolerant E. coli Agar (mTEC),,Delaware DNREC Environmental Laboratory,2022-10-11,,Lower Quantitation Limit,1,cfu/100mL,,STORET
31DELRBC_WQX,Delaware River Basin Commission,31DELRBC_WQX-2203024-016-SPM-003-Water,Sample-Routine,Water,Surface Water,2022-03-22,10:00:00,EDT,,,,,,,,,,,DRBC-BOATRUN,Delaware DNREC Environmental Laboratory,31DELRBC_WQX-892065,,,,,Stainless Bucket,31DELRBC_WQX,Grab Sample Collected With A Stainless Bucket,Bucket,,Escherichia coli,,68,cfu/100mL,,Final,,Actual,,,,,,,,,,,,,1103.1,USEPA,Escherichia coli in Water by Membrane Filtration Using membrane-Thermotolerant E. coli Agar (mTEC),,Delaware DNREC Environmental Laboratory,2022-03-23,,Lower Quantitation Limit,1,cfu/100mL,,STORET
31DELRBC_WQX,Delaware River Basin Commission,31DELRBC_WQX-2208010-017-SPM-003-Water,Sample-Routine,Water,Surface Water,2022-08-08,09:46:00,EDT,,,,,,,,,,,DRBC-BOATRUN,Delaware DNREC Environmental Laboratory,31DELRBC_WQX-892071,,,,,Stainless Bucket,31DELRBC_WQX,Grab Sample Collected With A Stainless Bucket,Bucket,,Escherichia coli,,78,cfu/100mL,,Final,,Actual,,,,,,,,,,,,,1103.1,USEPA,Escherichia coli in Water by Membrane Filtration Using membrane-Thermotolerant E. coli Agar (mTEC),,Delaware DNREC Environmental Laboratory,2022-08-09,,Lower Quantitation Limit,1,cfu/100mL,,STORET
31DELRBC_WQX,Delaware River Basin Commission,31DELRBC_WQX-2204012-016-SPM-003-Water,Sample-Routine,Water,Surface Water,2022-04-11,09:54:00,EDT,,,,,,,,,,,DRBC-BOATRUN,Delaware DNREC Environmental Laboratory,31DELRBC_WQX-892065,,,,,Stainless Bucket,31DELRBC_WQX,Grab Sample Collected With A Stainless Bucket,Bucket,,Escherichia coli,,370,cfu/100mL,,Final,,Actual,,,,,,,,,,,,,1103.1,USEPA,Escherichia coli in Water by Membrane Filtration Using membrane-Thermotolerant E. coli Agar (mTEC),,Delaware DNREC Environmental Laboratory,2022-04-12,,Lower Quantitation Limit,10,cfu/100mL,,STORET
31DELRBC_WQX,Delaware River Basin Commission,31DELRBC_WQX-2303020-016-SPM-003-Water,Sample-Routine,Water,Surface Water,2023-03-21,09:21:00,EDT,,,,,,,,,,,DRBC-BOATRUN,Delaware DNREC Environmental Laboratory,31DELRBC_WQX-892065,,,,,Stainless Bucket,31DELRBC_WQX,Grab Sample Collected With A Stainless Bucket,Bucket,,Escherichia coli,,42,cfu/100mL,,Final,,Actual,,,,,,,,,,,,,1103.1,USEPA,Escherichia coli in Water by Membrane Filtration Using membrane-Thermotolerant E. coli Agar (mTEC),,Delaware DNREC Environmental Laboratory,2023-03-22,,Lower Quantitation Limit,1,cfu/100mL,,STORET
31DELRBC_WQX,Delaware River Basin Commission,31DELRBC_WQX-2309011-017-SPM-003-Water,Sample-Routine,Water,Surface Water,2023-09-18,10:02:00,EDT,,,,,,,,,,,DRBC-BOATRUN,Delaware DNREC Environmental Laboratory,31DELRBC_WQX-892071,,,,,Stainless Bucket,31DELRBC_WQX,Grab Sample Collected With A Stainless Bucket,Bucket,,Escherichia coli,,730,cfu/100mL,,Final,,Actual,,,,,,,,,,,,,1103.1,USEPA,Escherichia coli in Water by Membrane Filtration Using membrane-Thermotolerant E. coli Agar (mTEC),,Delaware DNREC Environmental Laboratory,2023-09-19,,Lower Quantitation Limit,10,cfu/100mL,,STORET
31DELRBC_WQX,Delaware River Basin Commission,31DELRBC_WQX-2306013-017-SPM-003-Water,Sample-Routine,Water,Surface Water,2023-06-12,09:43:00,EDT,,,,,,,,,,,DRBC-BOATRUN,Delaware DNREC Environmental Laboratory,31DELRBC_WQX-892071,,,,,Stainless Bucket,31DELRBC_WQX,Grab Sample Collected With A Stainless Bucket,Bucket,,Escherichia coli,,12,cfu/100mL,,Final,,Actual,,,,,,,,,,,,,1103.1,USEPA,Escherichia coli in Water by Membrane Filtration Using membrane-Thermotolerant E. coli Agar (mTEC),,Delaware DNREC Environmental Laboratory,2023-06-13,,Lower Quantitation Limit,1,cfu/100mL,,STORET
31DELRBC_WQX,Delaware River Basin Commission,31DELRBC_WQX-2310003-017-SPM-003-Water,Sample-Routine,Water,Surface Water,2023-10-09,09:58:00,EDT,,,,,,,,,,,DRBC-BOATRUN,Delaware DNREC Environmental Laboratory,31DELRBC_WQX-892071,,,,,Stainless Bucket,31DELRBC_WQX,Grab Sample Collected With A Stainless Bucket,Bucket,,Escherichia coli,,133,cfu/100mL,,Final,,Actual,,,,,,,,,,,,,1103.1,USEPA,Escherichia coli in Water by Membrane Filtration Using membrane-Thermotolerant E. coli Agar (mTEC),,Delaware DNREC Environmental Laboratory,2023-10-10,,Lower Quantitation Limit,3,cfu/100mL,,STORET
31DELRBC_WQX,Delaware River Basin Commission,31DELRBC_WQX-2304013-017-SPM-003-Water,Sample-Routine,Water,Surface Water,2023-04-17,09:44:00,EDT,,,,,,,,,,,DRBC-BOATRUN,Delaware DNREC Environmental Laboratory,31DELRBC_WQX-892071,,,,,Stainless Bucket,31DELRBC_WQX,Grab Sample Collected With A Stainless Bucket,Bucket,,Escherichia coli,,113,cfu/100mL,,Final,,Actual,,,,,,,,,,,,,1103.1,USEPA,Escherichia coli in Water by Membrane Filtration Using membrane-Thermotolerant E. coli Agar (mTEC),,Delaware DNREC Environmental Laboratory,2023-04-18,,Lower Quantitation Limit,3,cfu/100mL,,STORET
31DELRBC_WQX,Delaware River Basin Commission,31DELRBC_WQX-2303020-017-SPM-003-Water,Sample-Routine,Water,Surface Water,2023-03-21,09:34:00,EDT,,,,,,,,,,,DRBC-BOATRUN,Delaware DNREC Environmental Laboratory,31DELRBC_WQX-892071,,,,,Stainless Bucket,31DELRBC_WQX,Grab Sample Collected With A Stainless Bucket,Bucket,,Escherichia coli,,26,cfu/100mL,,Final,,Actual,,,,,,,,,,,,,1103.1,USEPA,Escherichia coli in Water by Membrane Filtration Using membrane-Thermotolerant E. coli Agar (mTEC),,Delaware DNREC Environmental Laboratory,2023-03-22,,Lower Quantitation Limit,1,cfu/100mL,,STORET
31DELRBC_WQX,Delaware River Basin Commission,31DELRBC_WQX-2307005-016-SPM-003-Water,Sample-Routine,Water,Surface Water,2023-07-17,09:38:00,EDT,,,,,,,,,,,DRBC-BOATRUN,Delaware DNREC Environmental Laboratory,31DELRBC_WQX-892065,,,,,Stainless Bucket,31DELRBC_WQX,Grab Sample Collected With A Stainless Bucket,Bucket,Present Above Quantification Limit,Escherichia coli,,,,,Final,,Actual,,,,,,,,,,,,,1103.1,USEPA,Escherichia coli in Water by Membrane Filtration Using membrane-Thermotolerant E. coli Agar (mTEC),,Delaware DNREC Environmental Laboratory,2023-07-18,,Upper Quantitation Limit,800,cfu/100mL,,STORET
31DELRBC_WQX,Delaware River Basin Commission,31DELRBC_WQX-2309011-016-SPM-003-Water,Sample-Routine,Water,Surface Water,2023-09-18,09:48:00,EDT,,,,,,,,,,,DRBC-BOATRUN,Delaware DNREC Environmental Laboratory,31DELRBC_WQX-892065,,,,,Stainless Bucket,31DELRBC_WQX,Grab Sample Collected With A Stainless Bucket,Bucket,,Escherichia coli,,310,cfu/100mL,,Final,,Actual,,,,,,,,,,,,,1103.1,USEPA,Escherichia coli in Water by Membrane Filtration Using membrane-Thermotolerant E. coli Agar (mTEC),,Delaware DNREC Environmental Laboratory,2023-09-19,,Lower Quantitation Limit,10,cfu/100mL,,STORET
31DELRBC_WQX,Delaware River Basin Commission,31DELRBC_WQX-2308030-017-SPM-003-Water,Sample-Routine,Water,Surface Water,2023-08-21,10:40:00,EDT,,,,,,,,,,,DRBC-BOATRUN,Delaware DNREC Environmental Laboratory,31DELRBC_WQX-892071,,,,,Stainless Bucket,31DELRBC_WQX,Grab Sample Collected With A Stainless Bucket,Bucket,,Escherichia coli,,24,cfu/100mL,,Final,,Actual,,,,,,,,,,,,,1103.1,USEPA,Escherichia coli in Water by Membrane Filtration Using membrane-Thermotolerant E. coli Agar (mTEC),,Delaware DNREC Environmental Laboratory,2023-08-22,,Lower Quantitation Limit,1,cfu/100mL,,STORET
31DELRBC_WQX,Delaware River Basin Commission,31DELRBC_WQX-2308030-016-SPM-003-Water,Sample-Routine,Water,Surface Water,2023-08-21,10:24:00,EDT,,,,,,,,,,,DRBC-BOATRUN,Delaware DNREC Environmental Laboratory,31DELRBC_WQX-892065,,,,,Stainless Bucket,31DELRBC_WQX,Grab Sample Collected With A Stainless Bucket,Bucket,,Escherichia coli,,77,cfu/100mL,,Final,,Actual,,,,,,,,,,,,,1103.1,USEPA,Escherichia coli in Water by Membrane Filtration Using membrane-Thermotolerant E. coli Agar (mTEC),,Delaware DNREC Environmental Laboratory,2023-08-22,,Lower Quantitation Limit,3,cfu/100mL,,STORET
31DELRBC_WQX,Delaware River Basin Commission,31DELRBC_WQX-2304013-016-SPM-003-Water,Sample-Routine,Water,Surface Water,2023-04-17,09:34:00,EDT,,,,,,,,,,,DRBC-BOATRUN,Delaware DNREC Environmental Laboratory,31DELRBC_WQX-892065,,,,,Stainless Bucket,31DELRBC_WQX,Grab Sample Collected With A Stainless Bucket,Bucket,,Escherichia coli,,37,cfu/100mL,,Final,,Actual,,,,,,,,,,,,,1103.1,USEPA,Escherichia coli in Water by Membrane Filtration Using membrane-Thermotolerant E. coli Agar (mTEC),,Delaware DNREC Environmental Laboratory,2023-04-18,,Lower Quantitation Limit,1,cfu/100mL,,STORET
31DELRBC_WQX,Delaware River Basin Commission,31DELRBC_WQX-2307005-017-SPM-003-Water,Sample-Routine,Water,Surface Water,2023-07-17,09:51:00,EDT,,,,,,,,,,,DRBC-BOATRUN,Delaware DNREC Environmental Laboratory,31DELRBC_WQX-892071,,,,,Stainless Bucket,31DELRBC_WQX,Grab Sample Collected With A Stainless Bucket,Bucket,,Escherichia coli,,400,cfu/100mL,,Final,,Actual,,,,,,,,,,,,,1103.1,USEPA,Escherichia coli in Water by Membrane Filtration Using membrane-Thermotolerant E. coli Agar (mTEC),,Delaware DNREC Environmental Laboratory,2023-07-18,,Lower Quantitation Limit,10,cfu/100mL,,STORET
31DELRBC_WQX,Delaware River Basin Commission,31DELRBC_WQX-2306013-016-SPM-003-Water,Sample-Routine,Water,Surface Water,2023-06-12,09:32:00,EDT,,,,,,,,,,,DRBC-BOATRUN,Delaware DNREC Environmental Laboratory,31DELRBC_WQX-892065,,,,,Stainless Bucket,31DELRBC_WQX,Grab Sample Collected With A Stainless Bucket,Bucket,,Escherichia coli,,6,cfu/100mL,,Final,,Actual,,,,,,,,,,,,,1103.1,USEPA,Escherichia coli in Water by Membrane Filtration Using membrane-Thermotolerant E. coli Agar (mTEC),,Delaware DNREC Environmental Laboratory,2023-06-13,,Lower Quantitation Limit,1,cfu/100mL,,STORET
31DELRBC_WQX,Delaware River Basin Commission,31DELRBC_WQX-2305008-016-SPM-003-Water,Sample-Routine,Water,Surface Water,2023-05-15,09:49:00,EDT,,,,,,,,,,,DRBC-BOATRUN,Delaware DNREC Environmental Laboratory,31DELRBC_WQX-892065,,,,,Stainless Bucket,31DELRBC_WQX,Grab Sample Collected With A Stainless Bucket,Bucket,,Escherichia coli,,21,cfu/100mL,,Final,,Actual,,,,,,,,,,,,,1103.1,USEPA,Escherichia coli in Water by Membrane Filtration Using membrane-Thermotolerant E. coli Agar (mTEC),,Delaware DNREC Environmental Laboratory,2023-05-16,,Lower Quantitation Limit,1,cfu/100mL,,STORET
31DELRBC_WQX,Delaware River Basin Commission,31DELRBC_WQX-2305008-017-SPM-003-Water,Sample-Routine,Water,Surface Water,2023-05-15,10:00:00,EDT,,,,,,,,,,,DRBC-BOATRUN,Delaware DNREC Environmental Laboratory,31DELRBC_WQX-892071,,,,,Stainless Bucket,31DELRBC_WQX,Grab Sample Collected With A Stainless Bucket,Bucket,,Escherichia coli,,43,cfu/100mL,,Final,,Actual,,,,,,,,,,,,,1103.1,USEPA,Escherichia coli in Water by Membrane Filtration Using membrane-Thermotolerant E. coli Agar (mTEC),,Delaware DNREC Environmental Laboratory,2023-05-16,,Lower Quantitation Limit,1,cfu/100mL,,STORET
31DELRBC_WQX,Delaware River Basin Commission,31DELRBC_WQX-2310003-016-SPM-003-Water,Sample-Routine,Water,Surface Water,2023-10-09,09:48:00,EDT,,,,,,,,,,,DRBC-BOATRUN,Delaware DNREC Environmental Laboratory,31DELRBC_WQX-892065,,,,,Stainless Bucket,31DELRBC_WQX,Grab Sample Collected With A Stainless Bucket,Bucket,,Escherichia coli,,123,cfu/100mL,,Final,,Actual,,,,,,,,,,,,,1103.1,USEPA,Escherichia coli in Water by Membrane Filtration Using membrane-Thermotolerant E. coli Agar (mTEC),,Delaware DNREC Environmental Laboratory,2023-10-10,,Lower Quantitation Limit,3,cfu/100mL,,STORET
31DELRBC_WQX,Delaware River Basin Commission,31DELRBC_WQX-2404020-016-SPM-003-Water,Sample-Routine,Water,Surface Water,2024-04-15,09:41:00,EDT,,,,,,,,,,,DRBC-BOATRUN,Delaware DNREC Environmental Laboratory,31DELRBC_WQX-892065,,,,,Stainless Bucket,31DELRBC_WQX,Grab Sample Collected With A Stainless Bucket,Bucket,,Escherichia coli,,53,cfu/100mL,,Final,,Actual,,,,,,,,,,,,,1103.1,USEPA,Escherichia coli in Water by Membrane Filtration Using membrane-Thermotolerant E. coli Agar (mTEC),,Delaware DNREC Environmental Laboratory,2024-04-16,,Lower Quantitation Limit,3,cfu/100mL,,STORET
31DELRBC_WQX,Delaware River Basin Commission,31DELRBC_WQX-2403015-017-SPM-003-Water,Sample-Routine,Water,Surface Water,2024-03-18,09:32:00,EDT,,,,,,,,,,,DRBC-BOATRUN,Delaware DNREC Environmental Laboratory,31DELRBC_WQX-892071,,,,,Stainless Bucket,31DELRBC_WQX,Grab Sample Collected With A Stainless Bucket,Bucket,,Escherichia coli,,43,cfu/100mL,,Final,,Actual,,,,,,,,,,,,,1103.1,USEPA,Escherichia coli in Water by Membrane Filtration Using membrane-Thermotolerant E. coli Agar (mTEC),,Delaware DNREC Environmental Laboratory,2024-03-19,,Lower Quantitation Limit,1,cfu/100mL,,STORET
31DELRBC_WQX,Delaware River Basin Commission,31DELRBC_WQX-2407020-016-SPM-003-Water,Sample-Routine,Water,Surface Water,2024-07-15,09:02:00,EDT,,,,,,,,,,,DRBC-BOATRUN,Delaware DNREC Environmental Laboratory,31DELRBC_WQX-892065,,,,,Stainless Bucket,31DELRBC_WQX,Grab Sample Collected With A Stainless Bucket,Bucket,,Escherichia coli,,74,cfu/100mL,,Final,,Actual,,,,,,,,,,,,,1103.1,USEPA,Escherichia coli in Water by Membrane Filtration Using membrane-Thermotolerant E. coli Agar (mTEC),,Delaware DNREC Environmental Laboratory,2024-07-16,,Lower Quantitation Limit,1,cfu/100mL,,STORET
31DELRBC_WQX,Delaware River Basin Commission,31DELRBC_WQX-2408001-016-SPM-003-Water,Sample-Routine,Water,Surface Water,2024-08-05,09:34:00,EDT,,,,,,,,,,,DRBC-BOATRUN,Delaware DNREC Environmental Laboratory,31DELRBC_WQX-892065,,,,,Stainless Bucket,31DELRBC_WQX,Grab Sample Collected With A Stainless Bucket,Bucket,,Escherichia coli,,470,cfu/100mL,,Final,,Actual,,,,,,,,,,,,,1103.1,USEPA,Escherichia coli in Water by Membrane Filtration Using membrane-Thermotolerant E. coli Agar (mTEC),,Delaware DNREC Environmental Laboratory,2024-08-06,,Lower Quantitation Limit,10,cfu/100mL,,STORET
31DELRBC_WQX,Delaware River Basin Commission,31DELRBC_WQX-2407020-017-SPM-003-Water,Sample-Routine,Water,Surface Water,2024-07-15,09:15:00,EDT,,,,,,,,,,,DRBC-BOATRUN,Delaware DNREC Environmental Laboratory,31DELRBC_WQX-892071,,,,,Stainless Bucket,31DELRBC_WQX,Grab Sample Collected With A Stainless Bucket,Bucket,,Escherichia coli,,280,cfu/100mL,,Final,,Actual,,,,,,,,,,,,,1103.1,USEPA,Escherichia coli in Water by Membrane Filtration Using membrane-Thermotolerant E. coli Agar (mTEC),,Delaware DNREC Environmental Laboratory,2024-07-16,,Lower Quantitation Limit,10,cfu/100mL,,STORET
31DELRBC_WQX,Delaware River Basin Commission,31DELRBC_WQX-2409016-016-SPM-003-Water,Sample-Routine,Water,Surface Water,2024-09-23,09:00:00,EDT,,,,,,,,,,,DRBC-BOATRUN,Delaware DNREC Environmental Laboratory,31DELRBC_WQX-892065,,,,,Stainless Bucket,31DELRBC_WQX,Grab Sample Collected With A Stainless Bucket,Bucket,,Escherichia coli,,37,cfu/100mL,,Final,,Actual,,,,,,,,,,,,,1103.1,USEPA,Escherichia coli in Water by Membrane Filtration Using membrane-Thermotolerant E. coli Agar (mTEC),,Delaware DNREC Environmental Laboratory,2024-09-24,,Lower Quantitation Limit,1,cfu/100mL,,STORET
31DELRBC_WQX,Delaware River Basin Commission,31DELRBC_WQX-2406003-016-SPM-003-Water,Sample-Routine,Water,Surface Water,2024-06-10,09:08:00,EDT,,,,,,,,,,,DRBC-BOATRUN,Delaware DNREC Environmental Laboratory,31DELRBC_WQX-892065,,,,,Stainless Bucket,31DELRBC_WQX,Grab Sample Collected With A Stainless Bucket,Bucket,,Escherichia coli,,97,cfu/100mL,,Final,,Actual,,,,,,,,,,,,,1103.1,USEPA,Escherichia coli in Water by Membrane Filtration Using membrane-Thermotolerant E. coli Agar (mTEC),,Delaware DNREC Environmental Laboratory,2024-06-11,,Lower Quantitation Limit,3,cfu/100mL,,STORET
31DELRBC_WQX,Delaware River Basin Commission,31DELRBC_WQX-2409016-017-SPM-003-Water,Sample-Routine,Water,Surface Water,2024-09-23,09:10:00,EDT,,,,,,,,,,,DRBC-BOATRUN,Delaware DNREC Environmental Laboratory,31DELRBC_WQX-892071,,,,,Stainless Bucket,31DELRBC_WQX,Grab Sample Collected With A Stainless Bucket,Bucket,,Escherichia coli,,230,cfu/100mL,,Final,,Actual,,,,,,,,,,,,,1103.1,USEPA,Escherichia coli in Water by Membrane Filtration Using membrane-Thermotolerant E. coli Agar (mTEC),,Delaware DNREC Environmental Laboratory,2024-09-24,,Lower Quantitation Limit,10,cfu/100mL,,STORET
31DELRBC_WQX,Delaware River Basin Commission,31DELRBC_WQX-2410006-016-SPM-003-Water,Sample-Routine,Water,Surface Water,2024-10-07,09:12:00,EDT,,,,,,,,,,,DRBC-BOATRUN,Delaware DNREC Environmental Laboratory,31DELRBC_WQX-892065,,,,,Stainless Bucket,31DELRBC_WQX,Grab Sample Collected With A Stainless Bucket,Bucket,,Escherichia coli,,157,cfu/100mL,,Final,,Actual,,,,,,,,,,,,,1103.1,USEPA,Escherichia coli in Water by Membrane Filtration Using membrane-Thermotolerant E. coli Agar (mTEC),,Delaware DNREC Environmental Laboratory,2024-10-08,,Lower Quantitation Limit,3,cfu/100mL,,STORET
31DELRBC_WQX,Delaware River Basin Commission,31DELRBC_WQX-2405010-016-SPM-003-Water,Sample-Routine,Water,Surface Water,2024-05-13,09:33:00,EDT,,,,,,,,,,,DRBC-BOATRUN,Delaware DNREC Environmental Laboratory,31DELRBC_WQX-892065,,,,,Stainless Bucket,31DELRBC_WQX,Grab Sample Collected With A Stainless Bucket,Bucket,,Escherichia coli,,50,cfu/100mL,,Final,,Actual,,,,,,,,,,,,,1103.1,USEPA,Escherichia coli in Water by Membrane Filtration Using membrane-Thermotolerant E. coli Agar (mTEC),,Delaware DNREC Environmental Laboratory,2024-05-15,,Lower Quantitation Limit,1,cfu/100mL,,STORET
31DELRBC_WQX,Delaware River Basin Commission,31DELRBC_WQX-2405010-017-SPM-003-Water,Sample-Routine,Water,Surface Water,2024-05-13,09:45:00,EDT,,,,,,,,,,,DRBC-BOATRUN,Delaware DNREC Environmental Laboratory,31DELRBC_WQX-892071,,,,,Stainless Bucket,31DELRBC_WQX,Grab Sample Collected With A Stainless Bucket,Bucket,,Escherichia coli,,350,cfu/100mL,,Final,,Actual,,,,,,,,,,,,,1103.1,USEPA,Escherichia coli in Water by Membrane Filtration Using membrane-Thermotolerant E. coli Agar (mTEC),,Delaware DNREC Environmental Laboratory,2024-05-15,,Lower Quantitation Limit,10,cfu/100mL,,STORET
31DELRBC_WQX,Delaware River Basin Commission,31DELRBC_WQX-2408001-017-SPM-003-Water,Sample-Routine,Water,Surface Water,2024-08-05,09:50:00,EDT,,,,,,,,,,,DRBC-BOATRUN,Delaware DNREC Environmental Laboratory,31DELRBC_WQX-892071,,,,,Stainless Bucket,31DELRBC_WQX,Grab Sample Collected With A Stainless Bucket,Bucket,,Escherichia coli,,540,cfu/100mL,,Final,,Actual,,,,,,,,,,,,,1103.1,USEPA,Escherichia coli in Water by Membrane Filtration Using membrane-Thermotolerant E. coli Agar (mTEC),,Delaware DNREC Environmental Laboratory,2024-08-06,,Lower Quantitation Limit,10,cfu/100mL,,STORET
31DELRBC_WQX,Delaware River Basin Commission,31DELRBC_WQX-2404020-017-SPM-003-Water,Sample-Routine,Water,Surface Water,2024-04-15,09:52:00,EDT,,,,,,,,,,,DRBC-BOATRUN,Delaware DNREC Environmental Laboratory,31DELRBC_WQX-892071,,,,,Stainless Bucket,31DELRBC_WQX,Grab Sample Collected With A Stainless Bucket,Bucket,,Escherichia coli,,130,cfu/100mL,,Final,,Actual,,,,,,,,,,,,,1103.1,USEPA,Escherichia coli in Water by Membrane Filtration Using membrane-Thermotolerant E. coli Agar (mTEC),,Delaware DNREC Environmental Laboratory,2024-04-16,,Lower Quantitation Limit,3,cfu/100mL,,STORET
31DELRBC_WQX,Delaware River Basin Commission,31DELRBC_WQX-2406003-017-SPM-003-Water,Sample-Routine,Water,Surface Water,2024-06-10,09:19:00,EDT,,,,,,,,,,,DRBC-BOATRUN,Delaware DNREC Environmental Laboratory,31DELRBC_WQX-892071,,,,,Stainless Bucket,31DELRBC_WQX,Grab Sample Collected With A Stainless Bucket,Bucket,,Escherichia coli,,440,cfu/100mL,,Final,,Actual,,,,,,,,,,,,,1103.1,USEPA,Escherichia coli in Water by Membrane Filtration Using membrane-Thermotolerant E. coli Agar (mTEC),,Delaware DNREC Environmental Laboratory,2024-06-11,,Lower Quantitation Limit,10,cfu/100mL,,STORET
31DELRBC_WQX,Delaware River Basin Commission,31DELRBC_WQX-2410006-017-SPM-003-Water,Sample-Routine,Water,Surface Water,2024-10-07,09:25:00,EDT,,,,,,,,,,,DRBC-BOATRUN,Delaware DNREC Environmental Laboratory,31DELRBC_WQX-892071,,,,,Stainless Bucket,31DELRBC_WQX,Grab Sample Collected With A Stainless Bucket,Bucket,Present Above Quantification Limit,Escherichia coli,,,,,Final,,Actual,,,,,,,,,,,,,1103.1,USEPA,Escherichia coli in Water by Membrane Filtration Using membrane-Thermotolerant E. coli Agar (mTEC),,Delaware DNREC Environmental Laboratory,2024-10-08,,Upper Quantitation Limit,800,cfu/100mL,,STORET
31DELRBC_WQX,Delaware River Basin Commission,31DELRBC_WQX-2403015-016-SPM-003-Water,Sample-Routine,Water,Surface Water,2024-03-18,09:21:00,EDT,,,,,,,,,,,DRBC-BOATRUN,Delaware DNREC Environmental Laboratory,31DELRBC_WQX-892065,,,,,Stainless Bucket,31DELRBC_WQX,Grab Sample Collected With A Stainless Bucket,Bucket,,Escherichia coli,,60,cfu/100mL,,Final,,Actual,,,,,,,,,,,,,1103.1,USEPA,Escherichia coli in Water by Membrane Filtration Using membrane-Thermotolerant E. coli Agar (mTEC),,Delaware DNREC Environmental Laboratory,2024-03-19,,Lower Quantitation Limit,1,cfu/100mL,,STORET
31DELRBC_WQX,Delaware River Basin Commission,31DELRBC_WQX-2503027-016-SPM-003-Water,Sample-Routine,Water,Surface Water,2025-03-25,09:10:00,EDT,,,,,,,,,,,DRBC-BOATRUN,Delaware DNREC Environmental Laboratory,31DELRBC_WQX-892065,,,,,Stainless Bucket,31DELRBC_WQX,Grab Sample Collected With A Stainless Bucket,Bucket,,Escherichia coli,,38,cfu/100mL,,Final,,Actual,,,,,,,,,,,,,1103.1,USEPA,Escherichia coli in Water by Membrane Filtration Using membrane-Thermotolerant E. coli Agar (mTEC),,Delaware DNREC Environmental Laboratory,2025-03-26,,Lower Quantitation Limit,1,cfu/100mL,,STORET
31DELRBC_WQX,Delaware River Basin Commission,31DELRBC_WQX-2503027-017-SPM-003-Water,Sample-Routine,Water,Surface Water,2025-03-25,09:20:00,EDT,,,,,,,,,,,DRBC-BOATRUN,Delaware DNREC Environmental Laboratory,31DELRBC_WQX-892071,,,,,Stainless Bucket,31DELRBC_WQX,Grab Sample Collected With A Stainless Bucket,Bucket,,Escherichia coli,,197,cfu/100mL,,Final,,Actual,,,,,,,,,,,,,1103.1,USEPA,Escherichia coli in Water by Membrane Filtration Using membrane-Thermotolerant E. coli Agar (mTEC),,Delaware DNREC Environmental Laboratory,2025-03-26,,Lower Quantitation Limit,3,cfu/100mL,,STORET
31DELRBC_WQX,Delaware River Basin Commission,31DELRBC_WQX-2504020-016-SPM-003-Water,Sample-Routine,Water,Surface Water,2025-04-14,08:54:00,EDT,,,,,,,,,,,DRBC-BOATRUN,Delaware DNREC Environmental Laboratory,31DELRBC_WQX-892065,,,,,Stainless Bucket,31DELRBC_WQX,Grab Sample Collected With A Stainless Bucket,Bucket,,Escherichia coli,,270,cfu/100mL,,Final,,Actual,,,,,,,,,,,,,1103.1,USEPA,Escherichia coli in Water by Membrane Filtration Using membrane-Thermotolerant E. coli Agar (mTEC),,Delaware DNREC Environmental Laboratory,2025-04-15,,Lower Quantitation Limit,10,cfu/100mL,,STORET
31DELRBC_WQX,Delaware River Basin Commission,31DELRBC_WQX-2505011-016-SPM-003-Water,Sample-Routine,Water,Surface Water,2025-05-12,08:53:00,EDT,,,,,,,,,,,DRBC-BOATRUN,Delaware DNREC Environmental Laboratory,31DELRBC_WQX-892065,,,,,Stainless Bucket,31DELRBC_WQX,Grab Sample Collected With A Stainless Bucket,Bucket,,Escherichia coli,,62,cfu/100mL,,Final,,Actual,,,,,,,,,,,,,1103.1,USEPA,Escherichia coli in Water by Membrane Filtration Using membrane-Thermotolerant E. coli Agar (mTEC),,Delaware DNREC Environmental Laboratory,2025-05-13,,Lower Quantitation Limit,1,cfu/100mL,,STORET
31DELRBC_WQX,Delaware River Basin Commission,31DELRBC_WQX-2506003-017-SPM-003-Water,Sample-Routine,Water,Surface Water,2025-06-09,08:43:00,EDT,,,,,,,,,,,DRBC-BOATRUN,Delaware DNREC Environmental Laboratory,31DELRBC_WQX-892071,,,,,Stainless Bucket,31DELRBC_WQX,Grab Sample Collected With A Stainless Bucket,Bucket,,Escherichia coli,,550,cfu/100mL,,Final,,Actual,,,,,,,,,,,,,1103.1,USEPA,Escherichia coli in Water by Membrane Filtration Using membrane-Thermotolerant E. coli Agar (mTEC),,Delaware DNREC Environmental Laboratory,2025-06-10,,Lower Quantitation Limit,10,cfu/100mL,,STORET
31DELRBC_WQX,Delaware River Basin Commission,31DELRBC_WQX-2504020-017-SPM-003-Water,Sample-Routine,Water,Surface Water,2025-04-14,09:02:00,EDT,,,,,,,,,,,DRBC-BOATRUN,Delaware DNREC Environmental Laboratory,31DELRBC_WQX-892071,,,,,Stainless Bucket,31DELRBC_WQX,Grab Sample Collected With A Stainless Bucket,Bucket,,Escherichia coli,,170,cfu/100mL,,Final,,Actual,,,,,,,,,,,,,1103.1,USEPA,Escherichia coli in Water by Membrane Filtration Using membrane-Thermotolerant E. coli Agar (mTEC),,Delaware DNREC Environmental Laboratory,2025-04-15,,Lower Quantitation Limit,10,cfu/100mL,,STORET
31DELRBC_WQX,Delaware River Basin Commission,31DELRBC_WQX-2506003-016-SPM-003-Water,Sample-Routine,Water,Surface Water,2025-06-09,08:35:00,EDT,,,,,,,,,,,DRBC-BOATRUN,Delaware DNREC Environmental Laboratory,31DELRBC_WQX-892065,,,,,Stainless Bucket,31DELRBC_WQX,Grab Sample Collected With A Stainless Bucket,Bucket,,Escherichia coli,,600,cfu/100mL,,Final,,Actual,,,,,,,,,,,,,1103.1,USEPA,Escherichia coli in Water by Membrane Filtration Using membrane-Thermotolerant E. coli Agar (mTEC),,Delaware DNREC Environmental Laboratory,2025-06-10,,Lower Quantitation Limit,10,cfu/100mL,,STORET
31DELRBC_WQX,Delaware River Basin Commission,31DELRBC_WQX-2505011-017-SPM-003-Water,Sample-Routine,Water,Surface Water,2025-05-12,09:02:00,EDT,,,,,,,,,,,DRBC-BOATRUN,Delaware DNREC Environmental Laboratory,31DELRBC_WQX-892071,,,,,Stainless Bucket,31DELRBC_WQX,Grab Sample Collected With A Stainless Bucket,Bucket,,Escherichia coli,,147,cfu/100mL,,Final,,Actual,,,,,,,,,,,,,1103.1,USEPA,Escherichia coli in Water by Membrane Filtration Using membrane-Thermotolerant E. coli Agar (mTEC),,Delaware DNREC Environmental Laboratory,2025-05-13,,Lower Quantitation Limit,3,cfu/100mL,,STORET
31DELRBC_WQX,Delaware River Basin Commission,31DELRBC_WQX-2509010-016-SPM-003-Water,Sample-Routine,Water,Surface Water,2025-09-22,08:36:00,EDT,,,,,,,,,,,DRBC-BOATRUN,Delaware DNREC Environmental Laboratory,31DELRBC_WQX-892065,,,,,Stainless Bucket,31DELRBC_WQX,Grab Sample Collected With A Stainless Bucket,Bucket,,Escherichia coli,,167,cfu/100mL,,Final,,Actual,,,,,,,,,,,,,1103.1,USEPA,Escherichia coli in Water by Membrane Filtration Using membrane-Thermotolerant E. coli Agar (mTEC),,Delaware DNREC Environmental Laboratory,2025-09-23,,Lower Quantitation Limit,3,cfu/100mL,,STORET
31DELRBC_WQX,Delaware River Basin Commission,31DELRBC_WQX-2507056-016-SPM-003-Water,Sample-Routine,Water,Surface Water,2025-08-04,08:26:00,EDT,,,,,,,,,,,DRBC-BOATRUN,Delaware DNREC Environmental Laboratory,31DELRBC_WQX-892065,,,,,Stainless Bucket,31DELRBC_WQX,Grab Sample Collected With A Stainless Bucket,Bucket,,Escherichia coli,,87,cfu/100mL,,Final,,Actual,,,,,,,,,,,,,1103.1,USEPA,Escherichia coli in Water by Membrane Filtration Using membrane-Thermotolerant E. coli Agar (mTEC),,Delaware DNREC Environmental Laboratory,2025-08-05,,Lower Quantitation Limit,3,cfu/100mL,,STORET
31DELRBC_WQX,Delaware River Basin Commission,31DELRBC_WQX-2507056-017-SPM-003-Water,Sample-Routine,Water,Surface Water,2025-08-04,08:34:00,EDT,,,,,,,,,,,DRBC-BOATRUN,Delaware DNREC Environmental Laboratory,31DELRBC_WQX-892071,,,,,Stainless Bucket,31DELRBC_WQX,Grab Sample Collected With A Stainless Bucket,Bucket,,Escherichia coli,,380,cfu/100mL,,Final,,Actual,,,,,,,,,,,,,1103.1,USEPA,Escherichia coli in Water by Membrane Filtration Using membrane-Thermotolerant E. coli Agar (mTEC),,Delaware DNREC Environmental Laboratory,2025-08-05,,Lower Quantitation Limit,10,cfu/100mL,,STORET
31DELRBC_WQX,Delaware River Basin Commission,31DELRBC_WQX-2507031-017-SPM-003-Water,Sample-Routine,Water,Surface Water,2025-07-14,09:00:00,EDT,,,,,,,,,,,DRBC-BOATRUN,Delaware DNREC Environmental Laboratory,31DELRBC_WQX-892071,,,,,Stainless Bucket,31DELRBC_WQX,Grab Sample Collected With A Stainless Bucket,Bucket,,Escherichia coli,,177,cfu/100mL,,Final,,Actual,,,,,,,,,,,,,1103.1,USEPA,Escherichia coli in Water by Membrane Filtration Using membrane-Thermotolerant E. coli Agar (mTEC),,Delaware DNREC Environmental Laboratory,2025-07-15,,Lower Quantitation Limit,3,cfu/100mL,,STORET
31DELRBC_WQX,Delaware River Basin Commission,31DELRBC_WQX-2509010-017-SPM-003-Water,Sample-Routine,Water,Surface Water,2025-09-22,08:44:00,EDT,,,,,,,,,,,DRBC-BOATRUN,Delaware DNREC Environmental Laboratory,31DELRBC_WQX-892071,,,,,Stainless Bucket,31DELRBC_WQX,Grab Sample Collected With A Stainless Bucket,Bucket,,Escherichia coli,,530,cfu/100mL,,Final,,Actual,,,,,,,,,,,,,1103.1,USEPA,Escherichia coli in Water by Membrane Filtration Using membrane-Thermotolerant E. coli Agar (mTEC),,Delaware DNREC Environmental Laboratory,2025-09-23,,Lower Quantitation Limit,10,cfu/100mL,,STORET
31DELRBC_WQX,Delaware River Basin Commission,31DELRBC_WQX-2507031-016-SPM-003-Water,Sample-Routine,Water,Surface Water,2025-07-14,08:52:00,EDT,,,,,,,,,,,DRBC-BOATRUN,Delaware DNREC Environmental Laboratory,31DELRBC_WQX-892065,,,,,Stainless Bucket,31DELRBC_WQX,Grab Sample Collected With A Stainless Bucket,Bucket,,Escherichia coli,,90,cfu/100mL,,Final,,Actual,,,,,,,,,,,,,1103.1,USEPA,Escherichia coli in Water by Membrane Filtration Using membrane-Thermotolerant E. coli Agar (mTEC),,Delaware DNREC Environmental Laboratory,2025-07-15,,Lower Quantitation Limit,3,cfu/100mL,,STORET
31DELRBC_WQX,Delaware River Basin Commission,31DELRBC_WQX-2510001-016-SPM-003-Water,Sample-Routine,Water,Surface Water,2025-10-06,08:58:00,EDT,,,,,,,,,,,DRBC-BOATRUN,Delaware DNREC Environmental Laboratory,31DELRBC_WQX-892065,,,,,Stainless Bucket,31DELRBC_WQX,Grab Sample Collected With A Stainless Bucket,Bucket,,Escherichia coli,,100,cfu/100mL,,Final,,Actual,,,,,,,,,,,,,1103.1,USEPA,Escherichia coli in Water by Membrane Filtration Using membrane-Thermotolerant E. coli Agar (mTEC),,Delaware DNREC Environmental Laboratory,2025-10-07,,Lower Quantitation Limit,3,cfu/100mL,,STORET
31DELRBC_WQX,Delaware River Basin Commission,31DELRBC_WQX-2510001-017-SPM-003-Water,Sample-Routine,Water,Surface Water,2025-10-06,09:06:00,EDT,,,,,,,,,,,DRBC-BOATRUN,Delaware DNREC Environmental Laboratory,31DELRBC_WQX-892071,,,,,Stainless Bucket,31DELRBC_WQX,Grab Sample Collected With A Stainless Bucket,Bucket,Present Above Quantification Limit,Escherichia coli,,,,,Final,,Actual,,,,,,,,,,,,,1103.1,USEPA,Escherichia coli in Water by Membrane Filtration Using membrane-Thermotolerant E. coli Agar (mTEC),,Delaware DNREC Environmental Laboratory,2025-10-07,,Upper Quantitation Limit,800,cfu/100mL,,STORET